{"type":"FeatureCollection","features":[{"type":"Feature","geometry":{"type":"LineString","coordinates":[[-6.1055,53.4952],[-6.1244,53.4686],[-6.1334,53.4611],[-6.1409,53.4711],[-6.1584,53.4728],[-6.1786,53.4687],[-6.1948,53.4611],[-6.1306,53.4426],[-6.1222,53.4199],[-6.1129,53.4127],[-6.1265,53.399],[-6.1103,53.394],[-6.0691,53.3925],[-6.0509,53.3854],[-6.062,53.3674],[-6.0746,53.3669],[-6.1024,53.3785],[-6.1228,53.3928],[-6.1323,53.3916],[-6.157,53.3854],[-6.2153,53.3581],[-6.2182,53.3472],[-6.2113,53.3387],[-6.1552,53.2994],[-6.1271,53.2954],[-6.097,53.2855],[-6.097,53.2776],[-6.1055,53.2652],[-6.1049,53.2294],[-6.0992,53.2147],[-6.077,53.1952],[-6.071,53.1843],[-6.0781,53.1662],[-6.0647,53.1544],[-6.0304,53.111],[-6.0371,53.1048],[-6.0325,53.0884],[-6.0338,53.0642],[-6.0394,53.0404],[-6.0516,53.0093],[-6.0385,52.9938],[-5.9966,52.9649],[-5.9935,52.9574],[-6.0118,52.9497],[-6.0218,52.9309],[-6.038,52.9197],[-6.0719,52.872],[-6.0644,52.8646],[-6.1073,52.8398],[-6.119,52.8305],[-6.1301,52.816],[-6.1539,52.7684],[-6.1479,52.7462],[-6.1684,52.7168],[-6.2153,52.666],[-6.2206,52.6473],[-6.2195,52.6323],[-6.2065,52.5885],[-6.2091,52.5458],[-6.2222,52.5284],[-6.2829,52.4671],[-6.301,52.4537],[-6.3177,52.4479],[-6.3562,52.409],[-6.3655,52.3935],[-6.3661,52.3444],[-6.373,52.352],[-6.39,52.3588],[-6.4481,52.3559],[-6.4689,52.36],[-6.463,52.378],[-6.4807,52.373],[-6.4965,52.3643],[-6.4965,52.3581],[-6.4814,52.3546],[-6.4675,52.3469],[-6.4561,52.3358],[-6.4486,52.3227],[-6.455,52.3122],[-6.4237,52.3079],[-6.4145,52.2998],[-6.4092,52.2893],[-6.373,52.3227],[-6.373,52.3165],[-6.3898,52.2956],[-6.3698,52.2726],[-6.3183,52.2408],[-6.347,52.1973],[-6.3699,52.18],[-6.3866,52.1793],[-6.3995,52.1855],[-6.381,52.2076],[-6.3823,52.212],[-6.4001,52.2109],[-6.4256,52.1938],[-6.4691,52.1936],[-6.4691,52.1998],[-6.4486,52.1998],[-6.4623,52.2072],[-6.4726,52.207],[-6.4897,52.1998],[-6.5375,52.1936],[-6.5797,52.1782],[-6.5972,52.1796],[-6.6231,52.1967],[-6.6414,52.2028],[-6.7156,52.2166],[-6.7863,52.21],[-6.8056,52.2128],[-6.8056,52.2204],[-6.7904,52.2244],[-6.776,52.2332],[-6.7659,52.2458],[-6.764,52.2613],[-6.793,52.2404],[-6.8127,52.2353],[-6.8323,52.2408],[-6.8391,52.2346],[-6.8364,52.2202],[-6.8391,52.2128],[-6.8248,52.2204],[-6.8186,52.2204],[-6.8218,52.2057],[-6.8323,52.1936],[-6.8186,52.1936],[-6.8186,52.1862],[-6.8323,52.1862],[-6.8248,52.1793],[-6.8971,52.152],[-6.9321,52.1247],[-6.949,52.1309],[-6.9398,52.1432],[-6.9039,52.1623],[-6.9037,52.1722],[-6.921,52.2128],[-6.9483,52.2373],[-6.9701,52.2474],[-6.9847,52.2786],[-6.9974,52.2892],[-6.9899,52.2517],[-6.9729,52.2302],[-6.9695,52.2204],[-6.9823,52.1956],[-6.98,52.1859],[-6.9551,52.1862],[-6.9551,52.1793],[-6.971,52.1713],[-6.9999,52.1467],[-7.0172,52.1384],[-7.106,52.1309],[-7.1001,52.1422],[-7.0718,52.1657],[-7.1064,52.173],[-7.1202,52.1719],[-7.1202,52.1657],[-7.106,52.152],[-7.1373,52.1589],[-7.1496,52.1563],[-7.1675,52.1384],[-7.1874,52.1328],[-7.2438,52.1384],[-7.4355,52.1257],[-7.5043,52.1027],[-7.5414,52.0974],[-7.5553,52.0849],[-7.5653,52.0837],[-7.5723,52.0876],[-7.5826,52.1042],[-7.6,52.101],[-7.619,52.0922],[-7.6311,52.079],[-7.6273,52.0627],[-7.6176,52.0702],[-7.6022,52.0717],[-7.5468,52.0593],[-7.5452,52.055],[-7.551,52.0428],[-7.5826,52.0285],[-7.5864,51.9981],[-7.5899,51.9912],[-7.6083,51.9879],[-7.6354,51.9768],[-7.6885,51.9804],[-7.7093,51.9739],[-7.7176,51.9599],[-7.7174,51.9496],[-7.7233,51.9446],[-7.8293,51.9534],[-7.8385,51.9759],[-7.8498,51.9801],[-7.853,51.9752],[-7.8567,51.9429],[-7.8699,51.9295],[-7.8843,51.9191],[-7.9012,51.9127],[-7.9222,51.9118],[-7.8926,51.8948],[-7.8806,51.892],[-7.8915,51.8819],[-7.9557,51.8702],[-8.0082,51.8558],[-8.0231,51.8436],[-8.0041,51.8299],[-8.0206,51.8239],[-8.0961,51.8141],[-8.1342,51.8048],[-8.1972,51.8009],[-8.2462,51.8027],[-8.2506,51.8063],[-8.248,51.8134],[-8.2412,51.8185],[-8.2233,51.8237],[-8.2301,51.8367],[-8.2017,51.842],[-8.1754,51.8572],[-8.1931,51.8637],[-8.2028,51.864],[-8.1953,51.877],[-8.1822,51.8845],[-8.1871,51.8931],[-8.1938,51.8954],[-8.2102,51.8845],[-8.2233,51.8901],[-8.2436,51.8929],[-8.2847,51.892],[-8.2847,51.8981],[-8.2932,51.9033],[-8.3474,51.892],[-8.4088,51.8918],[-8.4294,51.8845],[-8.3961,51.8768],[-8.3542,51.873],[-8.3293,51.8613],[-8.3474,51.8299],[-8.3099,51.8321],[-8.2983,51.8299],[-8.2983,51.8237],[-8.3052,51.8237],[-8.3052,51.8162],[-8.2921,51.81],[-8.3195,51.8026],[-8.2847,51.8026],[-8.3052,51.7821],[-8.2974,51.766],[-8.3017,51.7582],[-8.3457,51.7247],[-8.3725,51.7155],[-8.41,51.7098],[-8.4224,51.704],[-8.4355,51.6927],[-8.4418,51.7039],[-8.4558,51.7123],[-8.4719,51.7163],[-8.484,51.7138],[-8.4692,51.7066],[-8.4642,51.695],[-8.469,51.6841],[-8.484,51.6784],[-8.4911,51.6987],[-8.5124,51.706],[-8.5584,51.7064],[-8.5584,51.7001],[-8.5483,51.6964],[-8.5175,51.6927],[-8.5021,51.7003],[-8.4975,51.6927],[-8.4996,51.687],[-8.5065,51.6824],[-8.5211,51.6784],[-8.5392,51.6484],[-8.5317,51.6108],[-8.5444,51.6179],[-8.5587,51.638],[-8.5727,51.645],[-8.5891,51.6459],[-8.6382,51.6374],[-8.7576,51.645],[-8.7433,51.6352],[-8.7266,51.6313],[-8.69,51.6313],[-8.69,51.6238],[-8.703,51.617],[-8.6825,51.6108],[-8.6935,51.6047],[-8.6998,51.5972],[-8.7008,51.5881],[-8.6962,51.5766],[-8.734,51.5798],[-8.7428,51.5756],[-8.7651,51.5903],[-8.802,51.5903],[-8.8267,51.5952],[-8.8334,51.5903],[-8.8539,51.5959],[-8.868,51.5845],[-8.888,51.5556],[-8.9289,51.546],[-8.9332,51.5353],[-8.942,51.5377],[-8.9532,51.5494],[-8.9911,51.563],[-9.0729,51.5494],[-9.1208,51.563],[-9.1208,51.5556],[-9.1077,51.5494],[-9.1157,51.5379],[-9.1282,51.5293],[-9.1433,51.5239],[-9.1586,51.522],[-9.1846,51.5262],[-9.1925,51.5246],[-9.1896,51.5084],[-9.204,51.508],[-9.2238,51.4873],[-9.2347,51.4865],[-9.253,51.4912],[-9.2648,51.4873],[-9.2721,51.5084],[-9.2995,51.4975],[-9.3017,51.4887],[-9.3153,51.4876],[-9.3353,51.477],[-9.3492,51.474],[-9.3814,51.4736],[-9.3607,51.4838],[-9.3467,51.5009],[-9.3729,51.4913],[-9.3769,51.4946],[-9.3678,51.5084],[-9.3571,51.5172],[-9.3199,51.5351],[-9.3275,51.5425],[-9.3678,51.5251],[-9.3811,51.5124],[-9.4018,51.5009],[-9.4139,51.5111],[-9.4018,51.546],[-9.4088,51.5522],[-9.425,51.5576],[-9.4433,51.5595],[-9.4565,51.5556],[-9.448,51.5436],[-9.4766,51.5351],[-9.5475,51.5253],[-9.5563,51.5081],[-9.5807,51.5084],[-9.6,51.4969],[-9.6113,51.4938],[-9.6284,51.4941],[-9.6296,51.5041],[-9.6418,51.5152],[-9.6559,51.5202],[-9.6627,51.5115],[-9.7172,51.4804],[-9.7035,51.4736],[-9.7718,51.4531],[-9.769,51.4643],[-9.7779,51.4622],[-9.8066,51.4457],[-9.8134,51.4531],[-9.8202,51.4457],[-9.8134,51.4736],[-9.8263,51.4777],[-9.8339,51.4873],[-9.812,51.4915],[-9.7938,51.4997],[-9.7582,51.522],[-9.7401,51.5298],[-9.6831,51.5425],[-9.6654,51.5516],[-9.6217,51.5828],[-9.6028,51.592],[-9.5459,51.6108],[-9.592,51.6137],[-9.785,51.5525],[-9.8475,51.5494],[-9.7864,51.5735],[-9.7703,51.5922],[-9.7312,51.6009],[-9.608,51.6424],[-9.5946,51.6555],[-9.5619,51.6581],[-9.5247,51.6703],[-9.4879,51.6757],[-9.4586,51.684],[-9.4565,51.7001],[-9.4429,51.7138],[-9.4429,51.72],[-9.4573,51.7246],[-9.4898,51.7145],[-9.5128,51.7259],[-9.5255,51.7269],[-9.5255,51.7473],[-9.5403,51.7559],[-9.5602,51.7616],[-9.5559,51.7487],[-9.5566,51.7309],[-9.5459,51.72],[-9.5661,51.7167],[-9.6073,51.6927],[-9.6268,51.685],[-9.6481,51.6808],[-9.7135,51.6765],[-9.748,51.6674],[-9.8741,51.6562],[-9.9154,51.6446],[-9.9301,51.6374],[-9.9329,51.6273],[-9.9419,51.6213],[-10.0047,51.6085],[-10.0288,51.5965],[-10.0701,51.6039],[-10.1161,51.6003],[-10.1387,51.5939],[-10.1561,51.5828],[-10.1628,51.5903],[-10.1553,51.5938],[-10.1527,51.6054],[-10.1433,51.6136],[-10.0751,51.6254],[-10.0598,51.6313],[-10.0598,51.6357],[-10.0666,51.6374],[-10.0627,51.6498],[-10.0707,51.657],[-10.1008,51.6592],[-10.0881,51.6716],[-10.0664,51.6744],[-10.0257,51.6723],[-10.0038,51.678],[-9.9569,51.7064],[-9.9569,51.7138],[-9.9978,51.7138],[-9.9807,51.7319],[-9.9494,51.747],[-9.9149,51.7576],[-9.8885,51.7616],[-9.9023,51.7412],[-9.8679,51.7486],[-9.8565,51.7586],[-9.8544,51.7753],[-9.8413,51.7697],[-9.8238,51.7678],[-9.7855,51.7685],[-9.7855,51.7753],[-9.8134,51.7821],[-9.8134,51.7883],[-9.7999,51.7938],[-9.7743,51.8122],[-9.7545,51.8191],[-9.7377,51.8367],[-9.7035,51.8367],[-9.6711,51.843],[-9.6125,51.8635],[-9.5807,51.8702],[-9.5807,51.8777],[-9.6531,51.8718],[-9.758,51.847],[-9.7772,51.8397],[-9.7917,51.8268],[-9.8247,51.8269],[-9.8401,51.8237],[-9.8339,51.8162],[-9.8638,51.8043],[-9.8749,51.8026],[-9.868,51.8237],[-9.8822,51.8237],[-9.9023,51.81],[-9.9499,51.8026],[-9.9936,51.781],[-10.0168,51.7746],[-10.0394,51.7821],[-10.0845,51.7559],[-10.1112,51.746],[-10.1356,51.7412],[-10.1297,51.7543],[-10.2244,51.7821],[-10.1861,51.7896],[-10.1771,51.8137],[-10.1942,51.8391],[-10.2346,51.851],[-10.2461,51.8456],[-10.2712,51.8217],[-10.3411,51.7883],[-10.3466,51.8011],[-10.3347,51.8303],[-10.3411,51.8436],[-10.3889,51.8462],[-10.3819,51.8572],[-10.3825,51.862],[-10.3888,51.864],[-10.3819,51.8777],[-10.3956,51.8777],[-10.3956,51.8845],[-10.3627,51.8872],[-10.2541,51.9087],[-10.2509,51.9155],[-10.255,51.9255],[-10.2692,51.9308],[-10.288,51.9519],[-10.3069,51.9534],[-10.3069,51.9596],[-10.2585,51.9739],[-10.2662,51.9885],[-10.2454,51.9951],[-10.2174,51.9989],[-10.1918,52.0098],[-10.1282,52.0285],[-10.0333,52.0411],[-9.9927,52.0559],[-9.9711,52.0899],[-9.9636,52.0899],[-9.9637,52.072],[-9.9543,52.0642],[-9.9264,52.0627],[-9.9296,52.0719],[-9.9084,52.1309],[-9.8775,52.1195],[-9.8462,52.1186],[-9.7718,52.1247],[-9.793,52.1384],[-9.7582,52.152],[-9.9569,52.1452],[-9.9438,52.1247],[-9.9547,52.1088],[-9.9606,52.1249],[-9.9703,52.1317],[-9.9978,52.1384],[-10.0281,52.1396],[-10.1624,52.1187],[-10.1863,52.1094],[-10.2175,52.1309],[-10.2421,52.1198],[-10.2677,52.1358],[-10.2789,52.1364],[-10.3069,52.1309],[-10.3069,52.1247],[-10.2886,52.1232],[-10.2721,52.1179],[-10.2721,52.1117],[-10.3449,52.1247],[-10.3683,52.1247],[-10.3644,52.1149],[-10.3541,52.1117],[-10.3757,52.1113],[-10.4153,52.0997],[-10.4366,52.0974],[-10.4608,52.103],[-10.4675,52.1151],[-10.4693,52.132],[-10.4782,52.152],[-10.4509,52.1657],[-10.4509,52.1719],[-10.4613,52.18],[-10.4497,52.1889],[-10.4093,52.1998],[-10.4167,52.1862],[-10.3946,52.1748],[-10.3821,52.1719],[-10.3721,52.1756],[-10.3693,52.1837],[-10.3732,52.1978],[-10.3615,52.2067],[-10.3758,52.2128],[-10.3666,52.2282],[-10.3547,52.2322],[-10.3205,52.2346],[-10.309,52.2419],[-10.287,52.2636],[-10.2758,52.2681],[-10.1719,52.2868],[-10.1561,52.2786],[-10.1682,52.2407],[-10.1662,52.2346],[-10.1008,52.2408],[-10.0714,52.2513],[-10.0449,52.2693],[-10.036,52.2904],[-10.0598,52.3096],[-10.0248,52.3101],[-10.0135,52.3063],[-10.0183,52.296],[-10.0088,52.2534],[-9.9475,52.2376],[-9.9137,52.2331],[-9.8722,52.2327],[-9.8581,52.2377],[-9.8372,52.2543],[-9.8256,52.2582],[-9.8134,52.2551],[-9.8265,52.2482],[-9.81,52.2421],[-9.7377,52.2482],[-9.7534,52.2583],[-9.7676,52.261],[-9.7992,52.2613],[-9.8468,52.275],[-9.8619,52.2681],[-9.8694,52.2731],[-9.8788,52.2868],[-9.8811,52.296],[-9.8596,52.2847],[-9.8492,52.2847],[-9.8339,52.2892],[-9.8619,52.296],[-9.8619,52.3035],[-9.8265,52.3096],[-9.8376,52.3264],[-9.8345,52.3752],[-9.851,52.3854],[-9.9037,52.3915],[-9.9318,52.3998],[-9.9499,52.4121],[-9.935,52.4215],[-9.9159,52.4256],[-9.8484,52.4284],[-9.7489,52.4567],[-9.7356,52.4636],[-9.7206,52.4772],[-9.7035,52.4835],[-9.6774,52.4831],[-9.6346,52.4736],[-9.6388,52.4871],[-9.6505,52.4938],[-9.6831,52.4946],[-9.6752,52.5048],[-9.6831,52.5151],[-9.6831,52.522],[-9.6749,52.528],[-9.6732,52.5339],[-9.6756,52.5458],[-9.6719,52.5529],[-9.6483,52.5704],[-9.6428,52.5673],[-9.6179,52.5772],[-9.577,52.5704],[-9.4975,52.5704],[-9.4703,52.5618],[-9.453,52.5732],[-9.4384,52.5771],[-9.3504,52.5738],[-9.3358,52.578],[-9.2721,52.5772],[-9.2203,52.5856],[-9.1924,52.6005],[-9.0706,52.6242],[-9.0524,52.6318],[-9.0442,52.6208],[-9.0259,52.6184],[-9.0056,52.6208],[-8.9911,52.625],[-8.971,52.6485],[-8.9599,52.6523],[-8.785,52.666],[-8.7512,52.673],[-8.7694,52.6732],[-8.8345,52.6892],[-8.8675,52.6933],[-8.9327,52.6871],[-8.9497,52.6889],[-8.9608,52.6937],[-8.9621,52.7],[-8.9494,52.7069],[-8.9535,52.7224],[-8.9521,52.7343],[-8.9545,52.7447],[-8.9699,52.7485],[-8.9426,52.7752],[-8.9689,52.7708],[-9.0002,52.7604],[-9.0236,52.7471],[-9.0258,52.7343],[-9.0582,52.6968],[-9.1468,52.6238],[-9.1658,52.6176],[-9.2548,52.6114],[-9.2858,52.5908],[-9.3107,52.5906],[-9.3331,52.5977],[-9.2787,52.6257],[-9.279,52.6393],[-9.3106,52.6273],[-9.3837,52.6131],[-9.4345,52.612],[-9.4755,52.6196],[-9.4907,52.6341],[-9.5249,52.637],[-9.5384,52.6455],[-9.5333,52.661],[-9.5442,52.6667],[-9.5807,52.666],[-9.5807,52.6591],[-9.5634,52.6531],[-9.5528,52.6393],[-9.6284,52.6176],[-9.6727,52.6116],[-9.6944,52.6056],[-9.7035,52.5943],[-9.7069,52.5802],[-9.7145,52.5786],[-9.7308,52.5841],[-9.7575,52.572],[-9.9363,52.5567],[-9.9363,52.5629],[-9.8756,52.5868],[-9.8241,52.5952],[-9.6217,52.7138],[-9.6284,52.7274],[-9.5937,52.741],[-9.5807,52.7434],[-9.5382,52.7423],[-9.4986,52.7525],[-9.4913,52.7733],[-9.4838,52.7827],[-9.4893,52.7873],[-9.4838,52.7957],[-9.4913,52.8032],[-9.4698,52.8132],[-9.4503,52.8305],[-9.4375,52.8535],[-9.4292,52.8577],[-9.4275,52.8778],[-9.3653,52.9141],[-9.3541,52.9335],[-9.3729,52.9372],[-9.4514,52.9346],[-9.4777,52.9403],[-9.4495,52.9575],[-9.4079,52.997],[-9.3876,53.0086],[-9.3951,53.0154],[-9.3416,53.077],[-9.3199,53.0911],[-9.3033,53.1079],[-9.2897,53.1292],[-9.2722,53.1467],[-9.2511,53.1519],[-9.2274,53.1435],[-9.1805,53.1168],[-9.1586,53.111],[-9.119,53.1234],[-9.0967,53.127],[-9.0729,53.1185],[-9.0701,53.1345],[-9.0843,53.1435],[-9.1282,53.1519],[-9.1282,53.1594],[-9.0696,53.1662],[-9.0539,53.1624],[-9.0234,53.1472],[-9.0041,53.1457],[-9.0041,53.1519],[-9.0456,53.1662],[-9.0456,53.1737],[-9.0096,53.1661],[-8.9981,53.1739],[-8.9867,53.177],[-8.9789,53.1758],[-8.9842,53.1662],[-8.9742,53.1579],[-8.9635,53.1518],[-8.9364,53.1457],[-8.9452,53.1662],[-8.9569,53.1799],[-8.944,53.195],[-8.9282,53.2059],[-8.8948,53.2209],[-8.9327,53.2147],[-9.0315,53.2166],[-9.0456,53.2209],[-9.0281,53.2275],[-8.9631,53.2352],[-8.9631,53.2419],[-8.9911,53.2419],[-8.9911,53.2482],[-8.9818,53.2532],[-8.9426,53.2618],[-8.9426,53.2686],[-9.0221,53.2755],[-9.0771,53.264],[-9.4014,53.248],[-9.4479,53.2319],[-9.4701,53.2283],[-9.5117,53.2283],[-9.5329,53.2344],[-9.5664,53.2618],[-9.5473,53.2791],[-9.5546,53.2907],[-9.5714,53.2905],[-9.5807,53.272],[-9.5852,53.2504],[-9.5968,53.2377],[-9.6123,53.2362],[-9.6284,53.2482],[-9.6284,53.2556],[-9.6091,53.2763],[-9.6173,53.3215],[-9.5974,53.3301],[-9.577,53.3239],[-9.5608,53.3412],[-9.6011,53.3649],[-9.5902,53.3724],[-9.5528,53.3854],[-9.6066,53.3847],[-9.6217,53.3785],[-9.6085,53.3666],[-9.6066,53.3494],[-9.6155,53.3347],[-9.6346,53.3301],[-9.6525,53.3413],[-9.6479,53.3599],[-9.6378,53.3775],[-9.6384,53.3854],[-9.6527,53.3928],[-9.6725,53.3785],[-9.6847,53.3752],[-9.7275,53.3261],[-9.7431,53.3144],[-9.7904,53.3016],[-9.8067,53.3016],[-9.8429,53.3233],[-9.8866,53.3172],[-9.9023,53.3239],[-9.8979,53.3279],[-9.8872,53.3592],[-9.8803,53.3631],[-9.8413,53.3679],[-9.7855,53.3928],[-9.7855,53.399],[-9.8202,53.399],[-9.8202,53.4064],[-9.7992,53.4127],[-9.7992,53.4195],[-9.8252,53.4167],[-9.8475,53.4064],[-9.8469,53.3994],[-9.8602,53.3942],[-9.8754,53.3952],[-9.8811,53.4064],[-9.8757,53.4154],[-9.8561,53.4238],[-9.8475,53.4337],[-9.8603,53.4325],[-9.8749,53.4221],[-9.8848,53.4195],[-9.9114,53.426],[-9.9227,53.4195],[-9.9256,53.4097],[-9.9224,53.3892],[-9.9614,53.3796],[-10.0142,53.3813],[-10.0257,53.3854],[-10.036,53.3937],[-10.0493,53.4098],[-10.0632,53.4127],[-10.1035,53.4084],[-10.1276,53.4099],[-10.1418,53.4195],[-10.158,53.4128],[-10.1765,53.4127],[-10.1676,53.4288],[-10.157,53.4396],[-10.1422,53.4457],[-10.1213,53.4474],[-10.0832,53.4426],[-10.068,53.4438],[-10.053,53.4536],[-10.053,53.4611],[-10.0742,53.4658],[-10.0871,53.4815],[-10.0206,53.4704],[-10.0121,53.4815],[-10.0319,53.4803],[-10.0694,53.4848],[-10.1073,53.4945],[-10.1282,53.5089],[-10.1348,53.5271],[-10.1431,53.5385],[-10.1527,53.5436],[-10.1935,53.538],[-10.2032,53.5436],[-10.1803,53.5555],[-10.1077,53.5498],[-10.1151,53.5703],[-10.0707,53.57],[-10.0257,53.5629],[-10.0052,53.5436],[-9.9957,53.5462],[-9.9817,53.5588],[-9.9711,53.5629],[-10.0319,53.5871],[-10.0468,53.5993],[-10.0087,53.6044],[-9.9307,53.5998],[-9.9023,53.6044],[-9.8679,53.6174],[-9.8544,53.6181],[-9.8229,53.6064],[-9.6968,53.5982],[-9.6968,53.6044],[-9.7141,53.6098],[-9.7838,53.6063],[-9.8273,53.6162],[-9.9084,53.6461],[-9.9227,53.6907],[-9.9167,53.7121],[-9.8995,53.7438],[-9.9084,53.7621],[-9.8989,53.7661],[-9.8102,53.7781],[-9.7892,53.7866],[-9.7834,53.7871],[-9.752,53.7764],[-9.5664,53.7963],[-9.5664,53.8037],[-9.5815,53.8053],[-9.6217,53.8173],[-9.6011,53.8242],[-9.6055,53.8392],[-9.5948,53.8482],[-9.5602,53.8651],[-9.5869,53.872],[-9.5728,53.8822],[-9.5664,53.8993],[-9.5869,53.8925],[-9.6155,53.8988],[-9.7582,53.8993],[-9.8566,53.8663],[-9.9108,53.8587],[-9.9438,53.8794],[-9.9314,53.8852],[-9.9252,53.913],[-9.9084,53.9204],[-9.9116,53.934],[-9.9084,53.9471],[-9.9159,53.9471],[-9.9159,53.9538],[-9.868,53.9614],[-9.8116,53.9417],[-9.8076,53.9183],[-9.7961,53.9129],[-9.7875,53.9161],[-9.7895,53.9352],[-9.7855,53.9471],[-9.8127,53.9663],[-9.8265,53.9676],[-9.8265,53.9614],[-9.8202,53.9538],[-9.8317,53.9563],[-9.8385,53.9636],[-9.8502,53.9885],[-9.8496,53.9975],[-9.8544,54.0023],[-9.8777,54.0019],[-9.8989,54.0253],[-9.9023,54.0402],[-9.8977,54.0551],[-9.8734,54.0622],[-9.8619,54.0712],[-9.8759,54.0749],[-9.8761,54.0806],[-9.8544,54.0911],[-9.8619,54.0979],[-9.8339,54.1121],[-9.8435,54.117],[-9.8551,54.1174],[-9.8811,54.1121],[-9.8797,54.1002],[-9.8954,54.0979],[-9.8954,54.0911],[-9.8885,54.0911],[-9.9174,54.0697],[-9.9455,54.0662],[-9.9707,54.0786],[-9.991,54.1047],[-9.9715,54.1042],[-9.9264,54.1121],[-9.9084,54.1184],[-9.9389,54.1317],[-9.9511,54.1413],[-9.9569,54.1531],[-9.9301,54.1457],[-9.9427,54.1575],[-9.9773,54.1805],[-9.9638,54.175],[-9.952,54.1746],[-9.9425,54.1789],[-9.9363,54.1873],[-9.9882,54.2131],[-10.0109,54.2183],[-10.0257,54.2077],[-10.0115,54.1971],[-10.017,54.1887],[-10.0338,54.1847],[-10.053,54.1873],[-10.0394,54.1737],[-10.0394,54.1668],[-10.0658,54.1664],[-10.0871,54.1593],[-10.0871,54.1531],[-10.0741,54.1502],[-10.0692,54.1443],[-10.0666,54.1252],[-10.0946,54.1184],[-10.0691,54.1037],[-10.0669,54.0949],[-10.084,54.0911],[-10.1174,54.0959],[-10.1266,54.106],[-10.1282,54.1252],[-10.0996,54.1655],[-10.0912,54.195],[-10.0598,54.2221],[-10.0911,54.2225],[-10.1038,54.2262],[-10.1151,54.2351],[-10.0961,54.2352],[-10.087,54.2443],[-10.0735,54.2692],[-10.0183,54.2903],[-10.0076,54.3035],[-9.9978,54.3039],[-9.9919,54.3007],[-9.9847,54.2835],[-9.9718,54.2772],[-9.9368,54.2707],[-9.9227,54.2766],[-9.9072,54.2645],[-9.8983,54.2645],[-9.8885,54.2692],[-9.887,54.2645],[-9.8811,54.263],[-9.9033,54.2379],[-9.9272,54.2268],[-9.952,54.2285],[-9.9773,54.2425],[-9.9836,54.223],[-9.9681,54.217],[-9.9444,54.2161],[-9.9099,54.2044],[-9.8829,54.2229],[-9.868,54.2282],[-9.8817,54.2404],[-9.8752,54.2565],[-9.859,54.2706],[-9.8439,54.2766],[-9.8221,54.2729],[-9.7871,54.2578],[-9.765,54.2556],[-9.7787,54.2696],[-9.7992,54.2766],[-9.7992,54.2835],[-9.78,54.2863],[-9.7582,54.2835],[-9.7768,54.29],[-9.8292,54.2969],[-9.8401,54.3071],[-9.846,54.3214],[-9.844,54.3288],[-9.7855,54.3381],[-9.7643,54.3349],[-9.7263,54.3208],[-9.7069,54.3176],[-9.5354,54.3102],[-9.4944,54.3176],[-9.4857,54.3159],[-9.464,54.3039],[-9.3845,54.2972],[-9.3626,54.3027],[-9.3342,54.3183],[-9.2684,54.3039],[-9.261,54.2997],[-9.2528,54.281],[-9.2477,54.2766],[-9.2196,54.2806],[-9.2176,54.2835],[-9.211,54.2756],[-9.2095,54.2676],[-9.2176,54.2556],[-9.2176,54.2487],[-9.1959,54.2425],[-9.1959,54.2351],[-9.2151,54.2271],[-9.2104,54.2178],[-9.162,54.192],[-9.1493,54.1806],[-9.1412,54.1654],[-9.1412,54.1457],[-9.135,54.1457],[-9.1289,54.1931],[-9.135,54.2077],[-9.1125,54.2133],[-9.0902,54.2266],[-9.073,54.2468],[-9.0661,54.2729],[-9.0513,54.2895],[-9.0175,54.2919],[-8.9569,54.2835],[-8.939,54.29],[-8.8718,54.2651],[-8.8566,54.263],[-8.8074,54.263],[-8.7856,54.2668],[-8.7651,54.2766],[-8.7375,54.2641],[-8.6764,54.2713],[-8.6483,54.263],[-8.6333,54.2324],[-8.6051,54.2257],[-8.5727,54.2003],[-8.5593,54.2066],[-8.5439,54.2086],[-8.5112,54.2077],[-8.5112,54.2145],[-8.5592,54.2277],[-8.5721,54.2465],[-8.5873,54.2523],[-8.621,54.2556],[-8.621,54.263],[-8.6027,54.2797],[-8.5937,54.2835],[-8.5582,54.2752],[-8.5408,54.2844],[-8.4703,54.2766],[-8.486,54.2886],[-8.5041,54.2972],[-8.5233,54.3022],[-8.5627,54.303],[-8.5698,54.3057],[-8.5727,54.3139],[-8.5672,54.3242],[-8.5548,54.3215],[-8.5317,54.3102],[-8.5117,54.3174],[-8.5192,54.3267],[-8.5405,54.3347],[-8.5621,54.3381],[-8.6614,54.338],[-8.6668,54.3412],[-8.6683,54.3518],[-8.6639,54.3593],[-8.6418,54.3704],[-8.6129,54.3755],[-8.4966,54.4235],[-8.4741,54.43],[-8.4667,54.475],[-8.4592,54.4719],[-8.4491,54.4548],[-8.4438,54.4534],[-8.443,54.4473],[-8.3842,54.4682],[-8.2873,54.4794],[-8.2421,54.4977],[-8.2102,54.5019],[-8.2102,54.5094],[-8.2433,54.5102],[-8.258,54.5142],[-8.271,54.5237],[-8.2164,54.5504],[-8.2189,54.5698],[-8.1725,54.5945],[-8.1754,54.6193],[-8.1501,54.6071],[-8.1376,54.6056],[-8.1208,54.6466],[-8.1277,54.6528],[-8.1468,54.6421],[-8.1667,54.6361],[-8.2349,54.6294],[-8.2713,54.612],[-8.2921,54.6056],[-8.2921,54.6118],[-8.2817,54.6206],[-8.2803,54.6296],[-8.2873,54.6368],[-8.3017,54.6398],[-8.3168,54.6354],[-8.3424,54.6162],[-8.3678,54.6086],[-8.428,54.5717],[-8.4566,54.5646],[-8.4566,54.5708],[-8.4323,54.5878],[-8.4171,54.5952],[-8.3982,54.5981],[-8.3848,54.6057],[-8.3877,54.6199],[-8.4001,54.6286],[-8.415,54.6193],[-8.4219,54.6193],[-8.4187,54.6413],[-8.4316,54.6413],[-8.4483,54.6276],[-8.4615,54.6029],[-8.4818,54.616],[-8.4862,54.623],[-8.4862,54.6313],[-8.4941,54.633],[-8.5175,54.6261],[-8.5535,54.6226],[-8.564,54.6088],[-8.5969,54.6193],[-8.6726,54.6195],[-8.69,54.6261],[-8.682,54.6358],[-8.6914,54.6413],[-8.7742,54.6599],[-8.7918,54.6596],[-8.7781,54.6739],[-8.7781,54.6801],[-8.7911,54.6849],[-8.7978,54.692],[-8.7955,54.6984],[-8.7552,54.7058],[-8.7474,54.7131],[-8.7446,54.7251],[-8.7333,54.7326],[-8.6621,54.7626],[-8.6366,54.7685],[-8.5362,54.7669],[-8.4837,54.7568],[-8.4566,54.7564],[-8.4566,54.7626],[-8.5266,54.7728],[-8.5454,54.7838],[-8.5299,54.7881],[-8.4849,54.7894],[-8.4734,54.7868],[-8.4447,54.7631],[-8.4267,54.7572],[-8.4082,54.7626],[-8.4613,54.7935],[-8.4989,54.8012],[-8.535,54.8165],[-8.5584,54.8179],[-8.5544,54.8275],[-8.5249,54.8315],[-8.4907,54.852],[-8.471,54.8405],[-8.4491,54.8394],[-8.402,54.8445],[-8.3463,54.8317],[-8.3257,54.8315],[-8.3257,54.8383],[-8.3654,54.8454],[-8.3813,54.8559],[-8.3808,54.8725],[-8.3667,54.8811],[-8.3274,54.877],[-8.3127,54.8793],[-8.3258,54.8858],[-8.337,54.9036],[-8.3505,54.9073],[-8.374,54.9073],[-8.3782,54.9028],[-8.3808,54.8862],[-8.4093,54.887],[-8.4326,54.9016],[-8.4508,54.9221],[-8.4634,54.9408],[-8.4504,54.9463],[-8.4184,54.9346],[-8.3913,54.9387],[-8.3666,54.9482],[-8.3961,54.9553],[-8.4186,54.9681],[-8.4566,54.9954],[-8.4566,55.0029],[-8.4377,55.0098],[-8.4264,55.0086],[-8.415,55.0029],[-8.402,55.0165],[-8.4082,55.0165],[-8.4032,55.0307],[-8.374,55.0364],[-8.3545,55.0605],[-8.3474,55.0643],[-8.3379,55.0584],[-8.3351,55.0351],[-8.3257,55.0302],[-8.32,55.0343],[-8.3136,55.0527],[-8.3052,55.0581],[-8.3204,55.1049],[-8.316,55.1127],[-8.3044,55.1192],[-8.2884,55.1501],[-8.2785,55.1605],[-8.263,55.1611],[-8.2065,55.1469],[-8.1413,55.1605],[-8.1596,55.1387],[-8.1617,55.1295],[-8.1565,55.1245],[-8.1447,55.1302],[-8.1149,55.1547],[-8.0543,55.1769],[-8.0348,55.181],[-8.021,55.1888],[-7.9996,55.2196],[-7.9768,55.2219],[-7.9502,55.2103],[-7.9586,55.1992],[-8.0041,55.181],[-8.0041,55.1741],[-7.962,55.1872],[-7.949,55.1798],[-7.934,55.1806],[-7.9086,55.1884],[-7.8949,55.1741],[-7.8988,55.1564],[-7.8601,55.1679],[-7.8651,55.1581],[-7.8729,55.1516],[-7.8949,55.1469],[-7.8949,55.1401],[-7.8564,55.139],[-7.8465,55.1469],[-7.8347,55.165],[-7.8376,55.1758],[-7.8601,55.1946],[-7.8661,55.2149],[-7.8502,55.2272],[-7.824,55.2386],[-7.7987,55.2561],[-7.7912,55.2487],[-7.8157,55.1946],[-7.7987,55.181],[-7.7898,55.1809],[-7.7799,55.1874],[-7.7707,55.1884],[-7.7366,55.1767],[-7.7176,55.1666],[-7.6956,55.1332],[-7.7025,55.0991],[-7.6682,55.1472],[-7.6888,55.1847],[-7.6951,55.2075],[-7.7036,55.2185],[-7.7161,55.2219],[-7.7239,55.2146],[-7.722,55.2003],[-7.7093,55.1741],[-7.7231,55.1757],[-7.7502,55.1946],[-7.7797,55.1997],[-7.7917,55.206],[-7.7882,55.2186],[-7.7609,55.2504],[-7.7609,55.2561],[-7.7251,55.2527],[-7.7093,55.2561],[-7.6735,55.2739],[-7.6609,55.2766],[-7.644,55.2728],[-7.6114,55.2414],[-7.6199,55.2049],[-7.6145,55.196],[-7.5727,55.181],[-7.5723,55.1692],[-7.5641,55.1557],[-7.5525,55.1447],[-7.5278,55.1326],[-7.5258,55.1162],[-7.5316,55.0997],[-7.5414,55.0922],[-7.5564,55.0897],[-7.5864,55.0711],[-7.641,55.0507],[-7.641,55.0438],[-7.5812,55.0504],[-7.5618,55.0445],[-7.5727,55.0234],[-7.6342,54.9954],[-7.6676,54.9682],[-7.6814,54.9612],[-7.6814,54.9544],[-7.6615,54.958],[-7.6434,54.9653],[-7.5485,55.0185],[-7.538,55.0199],[-7.5294,55.0307],[-7.4691,55.0438],[-7.4562,55.0561],[-7.45,55.0723],[-7.4544,55.0862],[-7.4775,55.0964],[-7.4629,55.1195],[-7.4629,55.1435],[-7.47,55.1452],[-7.5101,55.181],[-7.5414,55.1981],[-7.5495,55.2154],[-7.5494,55.2252],[-7.5271,55.2368],[-7.5162,55.2541],[-7.5136,55.2744],[-7.5243,55.2903],[-7.4786,55.2839],[-7.4629,55.2903],[-7.4691,55.3039],[-7.428,55.2866],[-7.4059,55.2869],[-7.3678,55.3106],[-7.3475,55.3143],[-7.3275,55.3085],[-7.3121,55.2903],[-7.34,55.2903],[-7.3209,55.2822],[-7.2988,55.2763],[-7.2766,55.2758],[-7.2567,55.284],[-7.3207,55.3133],[-7.3507,55.3352],[-7.353,55.3585],[-7.3795,55.3677],[-7.4002,55.3803],[-7.3844,55.3864],[-7.3663,55.384],[-7.3325,55.3728],[-7.2473,55.3572],[-7.2089,55.3451],[-7.1954,55.3386],[-7.1442,55.2936],[-7.1291,55.2858],[-7.0793,55.2726],[-7.0419,55.2689],[-6.9965,55.2577],[-6.9757,55.2487],[-6.9535,55.2543],[-6.9396,55.2391],[-6.9428,55.2186],[-6.9726,55.2083],[-7.0006,55.2051],[-7.0341,55.1968],[-7.0657,55.185],[-7.0998,55.1655],[-7.1595,55.1508],[-7.1728,55.1435],[-7.2166,55.1083],[-7.2323,55.0919],[-7.2567,55.0507],[-7.241,55.0503],[-7.1954,55.0581],[-7.1775,55.057],[-7.1339,55.0438],[-7.0995,55.041],[-7.0651,55.0438],[-7.0537,55.0487],[-7.0319,55.0649],[-7.0172,55.0711],[-7.0178,55.084],[-7.0099,55.1022],[-6.998,55.1186],[-6.9749,55.1354],[-6.9687,55.1806],[-6.9626,55.1946],[-6.9467,55.1954],[-6.8838,55.1741],[-6.7545,55.1778],[-6.6405,55.2083],[-6.5713,55.2112],[-6.5198,55.2407],[-6.4981,55.2471],[-6.4759,55.2487],[-6.44,55.236],[-6.4159,55.2319],[-6.3782,55.2462],[-6.3529,55.2426],[-6.2558,55.2109],[-6.2398,55.2083],[-6.16,55.2219],[-6.1208,55.2178],[-6.101,55.2124],[-6.0472,55.1785],[-6.0371,55.1679],[-6.0406,55.112],[-6.0474,55.0956],[-6.0621,55.0741],[-6.0544,55.0651],[-6.0035,55.0632],[-5.9757,55.053],[-5.9683,55.0438],[-5.9702,55.0258],[-5.9883,54.9887],[-5.9862,54.9818],[-5.9571,54.9789],[-5.9303,54.9709],[-5.9066,54.958],[-5.8863,54.9408],[-5.8693,54.9104],[-5.8392,54.893],[-5.821,54.8751],[-5.814,54.8628],[-5.8005,54.8207],[-5.7456,54.8046],[-5.7218,54.7838],[-5.7156,54.7838],[-5.7338,54.8052],[-5.7976,54.8445],[-5.7817,54.8617],[-5.7516,54.8569],[-5.7206,54.841],[-5.702,54.8247],[-5.6898,54.7931],[-5.6926,54.7652],[-5.7069,54.743],[-5.7293,54.7285],[-5.8454,54.7012],[-5.8715,54.6873],[-5.8907,54.6723],[-5.9272,54.633],[-5.9152,54.6282],[-5.9074,54.6056],[-5.8949,54.6048],[-5.839,54.6497],[-5.748,54.6804],[-5.7166,54.6699],[-5.6947,54.6687],[-5.5747,54.6801],[-5.5567,54.6628],[-5.5366,54.6575],[-5.5301,54.633],[-5.5144,54.5979],[-5.5026,54.5835],[-5.4857,54.5777],[-5.4789,54.5695],[-5.4686,54.5163],[-5.4308,54.4852],[-5.4376,54.4757],[-5.4338,54.461],[-5.4581,54.4374],[-5.4643,54.4252],[-5.4574,54.4087],[-5.4612,54.3921],[-5.484,54.3776],[-5.4891,54.3696],[-5.4748,54.3586],[-5.4896,54.3537],[-5.502,54.3397],[-5.5158,54.3381],[-5.5277,54.3453],[-5.5471,54.3791],[-5.559,54.3826],[-5.5695,54.3915],[-5.5766,54.4028],[-5.5784,54.4138],[-5.5717,54.4256],[-5.5487,54.4428],[-5.5437,54.4578],[-5.5474,54.4891],[-5.558,54.5119],[-5.5753,54.529],[-5.6449,54.5678],[-5.6719,54.5768],[-5.702,54.5777],[-5.702,54.5708],[-5.6947,54.5611],[-5.6974,54.5512],[-5.7156,54.5367],[-5.7015,54.5363],[-5.6741,54.5237],[-5.637,54.522],[-5.6256,54.5163],[-5.6639,54.5102],[-5.6703,54.5057],[-5.64,54.4958],[-5.6448,54.4837],[-5.6446,54.4721],[-5.6385,54.4636],[-5.6256,54.461],[-5.6331,54.4473],[-5.6256,54.4411],[-5.6536,54.389],[-5.6614,54.3796],[-5.6979,54.3623],[-5.7089,54.3518],[-5.6683,54.3607],[-5.6221,54.3767],[-5.5797,54.3837],[-5.5505,54.3654],[-5.5407,54.3273],[-5.553,54.2985],[-5.5795,54.2757],[-5.6126,54.2556],[-5.6331,54.2556],[-5.64,54.2351],[-5.6558,54.2297],[-5.6634,54.2309],[-5.6667,54.2388],[-5.6788,54.2462],[-5.7369,54.2491],[-5.7794,54.2465],[-5.862,54.2305],[-5.868,54.2185],[-5.8658,54.1805],[-5.8685,54.1613],[-5.8832,54.1208],[-5.8938,54.1047],[-5.912,54.0913],[-5.9538,54.0787],[-5.9847,54.0593],[-6.0405,54.0364],[-6.0954,54.0364],[-6.1129,54.0439],[-6.1129,54.0501],[-6.085,54.057],[-6.1743,54.0743],[-6.1859,54.0927],[-6.2637,54.1047],[-6.2699,54.0979],[-6.207,54.0617],[-6.1843,54.0538],[-6.1638,54.0364],[-6.1425,54.0352],[-6.1265,54.0302],[-6.1073,54.0136],[-6.111,54.0013],[-6.1435,53.9784],[-6.1608,53.9744],[-6.1855,53.9797],[-6.2228,53.9954],[-6.237,53.9938],[-6.307,54.0119],[-6.3599,54.016],[-6.3599,54.0085],[-6.3478,54.0036],[-6.3663,53.981],[-6.373,53.9644],[-6.379,53.9169],[-6.373,53.8993],[-6.3508,53.8814],[-6.3173,53.8711],[-6.2432,53.8651],[-6.2432,53.8577],[-6.254,53.8399],[-6.255,53.8222],[-6.245,53.8069],[-6.2228,53.7963],[-6.2433,53.7825],[-6.2484,53.7558],[-6.2413,53.6856],[-6.2364,53.6708],[-6.2228,53.6461],[-6.1871,53.6301],[-6.1698,53.6057],[-6.0924,53.5771],[-6.0845,53.568],[-6.0773,53.5546],[-6.0749,53.5397],[-6.0815,53.5259],[-6.1031,53.5032],[-6.1055,53.4952]]},"properties":{"name":"coast"}},{"type":"Feature","geometry":{"type":"LineString","coordinates":[[-3.3235,56.3659],[-3.3115,56.3565],[-3.294,56.3528],[-3.2515,56.3529],[-3.2306,56.356],[-3.1884,56.3702],[-3.1496,56.3756],[-2.9503,56.4319],[-2.9307,56.4481],[-2.9091,56.4557],[-2.885,56.458],[-2.8501,56.442],[-2.8148,56.4404],[-2.8028,56.428],[-2.8009,56.4089],[-2.8083,56.3911],[-2.8216,56.3762],[-2.8376,56.3659],[-2.813,56.3659],[-2.8092,56.3629],[-2.8028,56.3454],[-2.7753,56.3394],[-2.7686,56.3323],[-2.6772,56.3284],[-2.6553,56.3222],[-2.5768,56.2839],[-2.5768,56.2778],[-2.6301,56.2485],[-2.6483,56.2287],[-2.672,56.2224],[-2.7202,56.2163],[-2.7836,56.192],[-2.8061,56.1884],[-2.8307,56.1907],[-2.8921,56.2089],[-2.9401,56.2094],[-2.9643,56.2056],[-2.9824,56.1891],[-3.0356,56.1679],[-3.0911,56.1323],[-3.1276,56.1229],[-3.1383,56.1122],[-3.1523,56.0785],[-3.1636,56.0639],[-3.1784,56.0581],[-3.2484,56.056],[-3.3427,56.0272],[-3.3818,56.0234],[-3.421,56.0249],[-3.5826,56.0517],[-3.6715,56.0508],[-3.71,56.0581],[-3.7454,56.0722],[-3.8031,56.1071],[-3.817,56.1123],[-3.8375,56.1126],[-3.8375,56.1064],[-3.7777,56.0828],[-3.7692,56.0751],[-3.7609,56.0725],[-3.7214,56.0307],[-3.6866,56.0307],[-3.6683,56.0128],[-3.6562,56.0102],[-3.5997,56.0172],[-3.5774,56.017],[-3.4054,55.9897],[-3.3583,55.9897],[-3.331,55.9941],[-3.3035,55.9776],[-3.1218,55.9693],[-3.0907,55.9482],[-3.0782,55.9468],[-3.0157,55.9505],[-2.9399,55.9693],[-2.9167,55.9806],[-2.8829,56.0085],[-2.858,56.0102],[-2.871,56.0307],[-2.8232,56.0598],[-2.8028,56.0648],[-2.6351,56.0581],[-2.616,56.0532],[-2.5876,56.031],[-2.5694,56.0245],[-2.5836,56.0028],[-2.5696,55.9999],[-2.5441,56.0027],[-2.529,55.9966],[-2.5079,56.0102],[-2.4525,55.9853],[-2.4144,55.9783],[-2.3509,55.9482],[-2.3078,55.935],[-2.138,55.9146],[-2.1326,55.9064],[-2.1288,55.8898],[-2.0995,55.8818],[-2.0802,55.8694],[-2.0097,55.7908],[-1.8778,55.6949],[-1.8531,55.6593],[-1.8315,55.6507],[-1.8165,55.6329],[-1.8071,55.6345],[-1.7926,55.6466],[-1.7814,55.6457],[-1.7686,55.6419],[-1.7565,55.6336],[-1.7477,55.6192],[-1.768,55.6192],[-1.768,55.613],[-1.756,55.6089],[-1.7209,55.6146],[-1.6991,55.613],[-1.6308,55.5851],[-1.6308,55.5783],[-1.6363,55.5717],[-1.6347,55.5644],[-1.6172,55.5503],[-1.6308,55.5441],[-1.6308,55.5373],[-1.6029,55.5236],[-1.6029,55.5168],[-1.6113,55.508],[-1.5893,55.4957],[-1.585,55.4837],[-1.5814,55.4167],[-1.5893,55.3765],[-1.5833,55.3547],[-1.5586,55.3289],[-1.5558,55.3113],[-1.5701,55.2862],[-1.5682,55.2796],[-1.5565,55.255],[-1.521,55.2294],[-1.5292,55.2163],[-1.5143,55.2048],[-1.508,55.1946],[-1.5108,55.1848],[-1.5221,55.1675],[-1.5179,55.1571],[-1.496,55.1346],[-1.4925,55.113],[-1.4801,55.0854],[-1.4596,55.0786],[-1.4383,55.0423],[-1.4292,55.0333],[-1.4129,55.0003],[-1.3702,54.9755],[-1.3627,54.9648],[-1.3629,54.9259],[-1.3603,54.9171],[-1.3531,54.9135],[-1.3558,54.9043],[-1.2968,54.7799],[-1.2755,54.7484],[-1.2405,54.7217],[-1.1722,54.7012],[-1.1722,54.6938],[-1.1926,54.6938],[-1.1925,54.6893],[-1.1788,54.6647],[-1.1647,54.6528],[-1.1825,54.6392],[-1.2063,54.633],[-1.2037,54.6257],[-1.1988,54.6216],[-1.1821,54.6193],[-1.177,54.6268],[-1.1722,54.6261],[-1.1654,54.6187],[-1.1647,54.6118],[-1.1527,54.6132],[-1.1467,54.6185],[-1.1381,54.6466],[-1.1206,54.633],[-1.1036,54.6247],[-1.0421,54.6171],[-0.9935,54.5981],[-0.7879,54.5608],[-0.563,54.4774],[-0.5347,54.461],[-0.5229,54.4471],[-0.5236,54.4302],[-0.5204,54.4201],[-0.51,54.4116],[-0.4628,54.389],[-0.4477,54.3732],[-0.4306,54.3493],[-0.4184,54.324],[-0.418,54.3039],[-0.4145,54.2973],[-0.4012,54.2856],[-0.3907,54.2835],[-0.3976,54.2692],[-0.3705,54.2477],[-0.3628,54.2425],[-0.322,54.2361],[-0.3001,54.2247],[-0.2771,54.2178],[-0.2696,54.2077],[-0.2604,54.177],[-0.2339,54.1605],[-0.1114,54.1316],[-0.0755,54.1121],[-0.1639,54.0834],[-0.1947,54.0623],[-0.2195,54.0228],[-0.1974,53.9948],[-0.1687,53.9293],[-0.1511,53.8993],[0.1335,53.6426],[0.1493,53.6096],[0.1369,53.5771],[0.1312,53.5734],[0.1096,53.5629],[0.1314,53.5937],[0.136,53.6107],[0.1202,53.6181],[0.0995,53.6223],[0.0562,53.6413],[0.0345,53.6461],[0.0148,53.6433],[-0.0239,53.6289],[-0.045,53.6256],[-0.0923,53.631],[-0.13,53.6461],[-0.2253,53.7199],[-0.2604,53.7354],[-0.3052,53.7397],[-0.4311,53.7143],[-0.5105,53.7143],[-0.5444,53.7095],[-0.5792,53.728],[-0.637,53.732],[-0.6584,53.728],[-0.7265,53.7006],[-0.7086,53.6957],[-0.6925,53.687],[-0.6775,53.7028],[-0.6498,53.7106],[-0.6195,53.7119],[-0.5962,53.7081],[-0.5299,53.6777],[-0.514,53.6813],[-0.4863,53.6945],[-0.3072,53.7143],[-0.2794,53.7071],[-0.1886,53.6204],[-0.144,53.6066],[-0.1132,53.5846],[-0.0959,53.5771],[-0.0466,53.5704],[0.0001,53.5353],[0.096,53.4883],[0.1519,53.4758],[0.1678,53.4645],[0.1758,53.4377],[0.2195,53.4195],[0.2119,53.4127],[0.2293,53.4048],[0.2449,53.3909],[0.2561,53.3751],[0.2604,53.3615],[0.3421,53.2263],[0.3562,53.1885],[0.3566,53.1457],[0.3358,53.0935],[0.3298,53.0865],[0.2988,53.0812],[0.2825,53.0749],[0.193,53.0201],[0.1608,53.009],[0.0821,52.9387],[0.0612,52.925],[0.0221,52.9126],[0.0086,52.8986],[0.0103,52.8865],[0.0407,52.8851],[0.0925,52.8925],[0.1056,52.8894],[0.1335,52.8752],[0.1709,52.8621],[0.2224,52.8137],[0.2468,52.7957],[0.2645,52.8037],[0.2857,52.8056],[0.3255,52.8032],[0.3418,52.7974],[0.3699,52.773],[0.3845,52.7684],[0.3792,52.7908],[0.4386,52.8407],[0.444,52.8651],[0.4723,52.9164],[0.4857,52.9335],[0.5203,52.9553],[0.5696,52.9693],[0.6234,52.9757],[0.6719,52.9744],[0.6644,52.9819],[0.6847,52.9864],[0.7505,52.9744],[0.8357,52.9744],[0.8755,52.9682],[0.9211,52.9547],[0.9684,52.9475],[1.0139,52.9601],[0.9915,52.9675],[0.9661,52.9676],[0.9661,52.9744],[1.2747,52.9292],[1.396,52.8914],[1.6442,52.7758],[1.6733,52.7557],[1.697,52.731],[1.7158,52.6837],[1.7341,52.6546],[1.7472,52.6252],[1.7407,52.6039],[1.7468,52.5885],[1.7476,52.5328],[1.7712,52.4859],[1.7671,52.477],[1.7544,52.4674],[1.7293,52.4156],[1.7279,52.3963],[1.6836,52.3245],[1.6519,52.2891],[1.6305,52.2705],[1.6283,52.2448],[1.6309,52.1998],[1.6255,52.1804],[1.6074,52.1459],[1.6035,52.1278],[1.5892,52.1008],[1.5876,52.087],[1.5823,52.0815],[1.5037,52.061],[1.4868,52.049],[1.472,52.0562],[1.4639,52.0351],[1.4248,52.0019],[1.3548,51.954],[1.3435,51.9429],[1.3323,51.9401],[1.2644,51.9944],[1.2349,52.0003],[1.1852,52.0251],[1.1579,52.0285],[1.1579,52.0217],[1.2144,51.9914],[1.2708,51.9815],[1.2752,51.977],[1.2744,51.9609],[1.271,51.9564],[1.2507,51.9596],[1.2057,51.9534],[1.1653,51.967],[1.1431,51.9661],[1.0691,51.9534],[1.0955,51.9457],[1.2621,51.9392],[1.282,51.9466],[1.2785,51.9279],[1.1996,51.8777],[1.2279,51.8674],[1.2644,51.864],[1.2866,51.8817],[1.2883,51.8606],[1.2764,51.8448],[1.2192,51.8118],[1.1678,51.7902],[1.1354,51.7817],[1.0654,51.7753],[1.0466,51.777],[1.0373,51.7822],[1.0213,51.8026],[0.9888,51.8303],[0.9798,51.8436],[0.9771,51.8246],[0.9621,51.8138],[0.9251,51.8026],[0.887,51.7821],[0.8835,51.7647],[0.8737,51.7473],[0.862,51.7456],[0.8357,51.7337],[0.7918,51.7412],[0.7671,51.7394],[0.6986,51.72],[0.7493,51.7085],[0.7608,51.6927],[0.7891,51.7101],[0.853,51.7189],[0.8836,51.7269],[0.9124,51.7415],[0.93,51.7436],[0.9456,51.7337],[0.9474,51.7252],[0.9382,51.7064],[0.9518,51.6784],[0.9417,51.673],[0.938,51.6645],[0.9382,51.6413],[0.9347,51.6359],[0.9115,51.6238],[0.9385,51.625],[0.9518,51.617],[0.9245,51.5883],[0.8733,51.5595],[0.8163,51.5372],[0.7713,51.5283],[0.6921,51.5363],[0.6506,51.5358],[0.6441,51.5351],[0.6234,51.522],[0.5823,51.5165],[0.5689,51.5084],[0.5527,51.518],[0.5254,51.5169],[0.4561,51.5056],[0.4417,51.477],[0.4285,51.4671],[0.3845,51.4531],[0.4484,51.4599],[0.4568,51.4631],[0.4696,51.4804],[0.5348,51.4917],[0.6948,51.477],[0.7095,51.4705],[0.7219,51.4563],[0.7232,51.4467],[0.7131,51.4412],[0.6924,51.4395],[0.641,51.4442],[0.6094,51.4251],[0.5728,51.4196],[0.5545,51.4122],[0.5765,51.3936],[0.5859,51.3911],[0.6719,51.3911],[0.7129,51.3842],[0.7049,51.396],[0.7004,51.4098],[0.7053,51.4195],[0.7264,51.419],[0.7284,51.4062],[0.7393,51.3879],[0.7534,51.3715],[0.7644,51.3644],[0.9772,51.3492],[1.1009,51.3732],[1.4238,51.3921],[1.4483,51.3829],[1.4356,51.3437],[1.4186,51.3297],[1.383,51.3298],[1.3776,51.3262],[1.3806,51.3048],[1.4043,51.2614],[1.4131,51.2217],[1.4048,51.1835],[1.3845,51.1517],[1.3572,51.131],[1.2904,51.1165],[1.263,51.1033],[1.23,51.1037],[1.2181,51.101],[1.1921,51.0826],[1.1722,51.0774],[1.1067,51.0764],[1.0872,51.073],[1.0669,51.0644],[1.0276,51.0417],[0.9665,50.9827],[0.9691,50.9569],[0.9798,50.9182],[0.9452,50.9094],[0.8023,50.9392],[0.7625,50.9309],[0.6644,50.8703],[0.6242,50.8587],[0.4075,50.8293],[0.3652,50.819],[0.3423,50.7952],[0.3081,50.781],[0.271,50.7474],[0.2339,50.747],[0.1683,50.7598],[0.1221,50.7608],[0.0956,50.7751],[0.077,50.779],[0.0345,50.781],[-0.1732,50.829],[-0.2061,50.831],[-0.2331,50.8219],[-0.2697,50.8313],[-0.3976,50.8021],[-0.569,50.8021],[-0.7327,50.7673],[-0.7582,50.7771],[-0.7676,50.7747],[-0.7731,50.766],[-0.7663,50.7471],[-0.771,50.7369],[-0.7899,50.73],[-0.8128,50.7348],[-0.9041,50.7719],[-0.9115,50.7778],[-0.9059,50.788],[-0.8925,50.7946],[-0.8636,50.8021],[-0.8636,50.8083],[-0.9047,50.8293],[-0.9217,50.8216],[-0.9289,50.8228],[-0.919,50.8362],[-0.9392,50.8432],[-0.9708,50.847],[-1.0019,50.8471],[-1.0207,50.8437],[-1.0336,50.8259],[-1.0426,50.8019],[-1.0562,50.783],[-1.0828,50.781],[-1.103,50.7955],[-1.0936,50.8129],[-1.0753,50.83],[-1.0692,50.8437],[-1.0873,50.8498],[-1.1647,50.8437],[-1.1297,50.8251],[-1.1238,50.8188],[-1.1212,50.7994],[-1.1249,50.7887],[-1.1381,50.781],[-1.1511,50.7814],[-1.1856,50.7924],[-1.1993,50.8079],[-1.2315,50.8189],[-1.2552,50.8319],[-1.3014,50.8437],[-1.3389,50.8727],[-1.4664,50.9182],[-1.4664,50.9119],[-1.438,50.9013],[-1.4256,50.9001],[-1.3231,50.8258],[-1.3143,50.8122],[-1.3173,50.8002],[-1.3398,50.7952],[-1.4187,50.7884],[-1.4049,50.781],[-1.4049,50.7747],[-1.4505,50.7694],[-1.4762,50.7634],[-1.4875,50.7577],[-1.5247,50.7611],[-1.5612,50.719],[-1.5807,50.7226],[-1.6021,50.7318],[-1.6706,50.7401],[-1.693,50.7399],[-1.7717,50.7201],[-1.8351,50.7277],[-1.8574,50.727],[-1.8969,50.7161],[-1.94,50.6908],[-1.9493,50.7133],[-1.9877,50.7201],[-2.022,50.7201],[-2.0338,50.7371],[-2.039,50.7399],[-2.0481,50.7348],[-2.0827,50.699],[-2.0577,50.7028],[-2.0356,50.7133],[-2.0141,50.6888],[-2.0025,50.6813],[-1.9528,50.6766],[-1.9459,50.6688],[-1.953,50.6518],[-1.9325,50.6444],[-1.9673,50.6171],[-1.9652,50.6022],[-1.9837,50.5966],[-2.0652,50.5955],[-2.0822,50.5978],[-2.1573,50.6205],[-2.3426,50.6338],[-2.3771,50.6475],[-2.3983,50.6456],[-2.4359,50.6375],[-2.4476,50.6279],[-2.4601,50.6065],[-2.4656,50.5851],[-2.4565,50.5755],[-2.4312,50.5703],[-2.4287,50.5576],[-2.4534,50.5277],[-2.4595,50.5277],[-2.4604,50.5655],[-2.4835,50.5904],[-2.6929,50.6928],[-2.8648,50.7338],[-2.8873,50.7344],[-2.9628,50.7233],[-2.9982,50.7082],[-3.0218,50.7065],[-3.0597,50.7133],[-3.0714,50.711],[-3.1255,50.6853],[-3.1665,50.6928],[-3.2598,50.6745],[-3.2956,50.6375],[-3.3682,50.6171],[-3.4075,50.6213],[-3.421,50.6295],[-3.4333,50.6444],[-3.4464,50.6683],[-3.4586,50.6776],[-3.4644,50.6785],[-3.4678,50.6764],[-3.4678,50.667],[-3.4553,50.6579],[-3.442,50.6235],[-3.4333,50.6103],[-3.4673,50.5856],[-3.4818,50.5685],[-3.4949,50.5482],[-3.506,50.5208],[-3.505,50.5012],[-3.4875,50.4594],[-3.5321,50.4548],[-3.5494,50.4465],[-3.5563,50.4321],[-3.5493,50.4156],[-3.532,50.4102],[-3.4875,50.4116],[-3.4875,50.4048],[-3.4983,50.3837],[-3.515,50.38],[-3.5201,50.3748],[-3.5269,50.3498],[-3.5389,50.3444],[-3.5545,50.3476],[-3.5705,50.3564],[-3.5778,50.3341],[-3.5991,50.3258],[-3.6216,50.3219],[-3.632,50.3123],[-3.6476,50.2746],[-3.6533,50.251],[-3.6456,50.226],[-3.6606,50.221],[-3.718,50.2124],[-3.7742,50.223],[-3.789,50.2124],[-3.8263,50.2342],[-3.8842,50.2805],[-3.9499,50.319],[-3.961,50.3223],[-4.0056,50.3092],[-4.0329,50.2949],[-4.0544,50.3004],[-4.0702,50.3092],[-4.064,50.3223],[-4.086,50.3262],[-4.1083,50.3366],[-4.1187,50.3519],[-4.105,50.3707],[-4.1527,50.3707],[-4.1655,50.3764],[-4.1715,50.3828],[-4.1915,50.4176],[-4.1839,50.4317],[-4.1595,50.4594],[-4.1794,50.4531],[-4.1896,50.4537],[-4.2006,50.4594],[-4.2047,50.4487],[-4.2124,50.4415],[-4.2225,50.438],[-4.2347,50.4383],[-4.2347,50.4321],[-4.2202,50.4258],[-4.2161,50.4157],[-4.2197,50.4051],[-4.2285,50.3974],[-4.2414,50.3947],[-4.2899,50.3974],[-4.273,50.3819],[-4.2162,50.3878],[-4.1938,50.3769],[-4.2285,50.3707],[-4.2285,50.3638],[-4.2006,50.3638],[-4.208,50.3564],[-4.18,50.3564],[-4.18,50.3502],[-4.1913,50.3476],[-4.198,50.3422],[-4.1991,50.3354],[-4.1938,50.3284],[-4.1938,50.3223],[-4.215,50.3231],[-4.2351,50.3496],[-4.2523,50.3564],[-4.3377,50.3707],[-4.3837,50.3675],[-4.4562,50.3382],[-4.4954,50.3284],[-4.6598,50.3223],[-4.6627,50.3178],[-4.6735,50.3154],[-4.6872,50.3427],[-4.6943,50.3435],[-4.7113,50.3359],[-4.7521,50.3303],[-4.7633,50.3221],[-4.7554,50.3092],[-4.7554,50.3017],[-4.7799,50.2843],[-4.7834,50.2779],[-4.7765,50.2608],[-4.7902,50.2366],[-4.8002,50.2296],[-4.8497,50.2346],[-4.8687,50.2294],[-4.8873,50.215],[-4.9048,50.2084],[-4.9473,50.1994],[-4.9607,50.1905],[-5.0024,50.1441],[-5.0146,50.1566],[-5.0204,50.192],[-5.0332,50.1994],[-5.053,50.1958],[-5.0519,50.1755],[-5.0646,50.1646],[-5.0646,50.1584],[-5.0434,50.1441],[-5.0585,50.1427],[-5.0803,50.1327],[-5.081,50.1172],[-5.085,50.1099],[-5.126,50.0963],[-5.1061,50.0951],[-5.0919,50.0895],[-5.0708,50.0895],[-5.0649,50.0718],[-5.0565,50.0606],[-5.0695,50.0422],[-5.0981,50.0144],[-5.1274,50.0154],[-5.1396,50.0144],[-5.1465,50.0106],[-5.1761,49.9879],[-5.1912,49.9591],[-5.2104,49.9667],[-5.2452,49.9931],[-5.253,50.0126],[-5.2527,50.0278],[-5.2884,50.0677],[-5.3044,50.0803],[-5.324,50.0895],[-5.3842,50.108],[-5.4247,50.1127],[-5.4748,50.1304],[-5.4957,50.1296],[-5.5218,50.1237],[-5.5409,50.1135],[-5.5406,50.0998],[-5.5347,50.0823],[-5.5456,50.0689],[-5.5635,50.0596],[-5.6195,50.0462],[-5.6674,50.0429],[-5.7051,50.0523],[-5.7156,50.0827],[-5.6988,50.0854],[-5.6945,50.0895],[-5.6944,50.0958],[-5.702,50.1032],[-5.7092,50.1326],[-5.6846,50.1615],[-5.5836,50.1959],[-5.5494,50.2035],[-5.511,50.2195],[-5.4891,50.2198],[-5.4581,50.2008],[-5.438,50.1943],[-5.4174,50.2025],[-5.4029,50.2174],[-5.3929,50.2366],[-5.3876,50.2403],[-5.3519,50.2403],[-5.3148,50.2536],[-5.2003,50.3308],[-5.1636,50.3472],[-5.1499,50.3502],[-5.1465,50.3553],[-5.1457,50.3669],[-5.1537,50.3995],[-5.1424,50.4045],[-5.1197,50.4048],[-5.0503,50.4287],[-5.0387,50.4479],[-5.0298,50.4868],[-5.0253,50.5242],[-5.0156,50.538],[-4.9956,50.5482],[-4.9752,50.5482],[-4.9548,50.5612],[-4.9473,50.5624],[-4.9415,50.557],[-4.9371,50.5453],[-4.9336,50.5202],[-4.9205,50.5277],[-4.9024,50.5206],[-4.861,50.5192],[-4.8448,50.5141],[-4.8558,50.5274],[-4.9062,50.542],[-4.9219,50.5549],[-4.9152,50.5725],[-4.9205,50.5892],[-4.8957,50.5859],[-4.8212,50.5892],[-4.7925,50.5952],[-4.7766,50.6098],[-4.765,50.628],[-4.7493,50.6444],[-4.7554,50.6594],[-4.7519,50.6701],[-4.7419,50.6749],[-4.7281,50.6723],[-4.6573,50.7111],[-4.6456,50.7235],[-4.6378,50.7412],[-4.619,50.7548],[-4.5773,50.7747],[-4.5501,50.8096],[-4.5549,50.8978],[-4.5438,50.9392],[-4.5227,50.9727],[-4.5304,50.9947],[-4.5313,51.0087],[-4.5264,51.015],[-4.4373,51.015],[-4.3957,51.0007],[-4.3377,50.9966],[-4.3173,51.0007],[-4.3023,51.0075],[-4.2347,51.0553],[-4.2185,51.0725],[-4.208,51.0764],[-4.2319,51.1267],[-4.2558,51.1515],[-4.2148,51.1515],[-4.2084,51.1623],[-4.2098,51.1728],[-4.2173,51.1814],[-4.2285,51.1862],[-4.2285,51.1925],[-4.1523,51.2116],[-3.9695,51.2224],[-3.9132,51.2334],[-3.8409,51.2334],[-3.819,51.2361],[-3.7871,51.2468],[-3.7692,51.2477],[-3.6398,51.2264],[-3.5593,51.2281],[-3.4342,51.2098],[-3.4044,51.192],[-3.385,51.1862],[-3.2707,51.1894],[-3.1989,51.2036],[-3.1627,51.2067],[-3.0968,51.2045],[-3.0575,51.2082],[-3.0293,51.2204],[-3.0218,51.2136],[-3.0356,51.1993],[-3.0218,51.1925],[-3.0048,51.2131],[-2.9996,51.2332],[-3.0082,51.2545],[-3.0076,51.292],[-3.0106,51.311],[-3.0218,51.3228],[-3.0024,51.3191],[-2.9921,51.322],[-2.9884,51.3311],[-2.9878,51.3467],[-2.966,51.3649],[-2.9596,51.3743],[-2.9747,51.3842],[-2.953,51.3985],[-2.921,51.3944],[-2.8842,51.417],[-2.8164,51.4736],[-2.7986,51.4826],[-2.7809,51.4891],[-2.7376,51.4941],[-2.7164,51.4996],[-2.6962,51.5126],[-2.6078,51.6074],[-2.5804,51.6186],[-2.5745,51.6357],[-2.5564,51.6592],[-2.4992,51.6968],[-2.465,51.7259],[-2.4049,51.7412],[-2.3885,51.7504],[-2.3808,51.7619],[-2.3834,51.7733],[-2.3981,51.7821],[-2.4024,51.7636],[-2.4204,51.7531],[-2.4821,51.7429],[-2.5221,51.7064],[-2.5817,51.6817],[-2.6938,51.5962],[-2.7131,51.5866],[-2.7605,51.5798],[-2.8164,51.5556],[-2.8587,51.5461],[-2.9433,51.5425],[-2.9563,51.5457],[-2.9747,51.563],[-2.984,51.5585],[-3.0157,51.5316],[-3.1056,51.4972],[-3.1317,51.4804],[-3.1454,51.4599],[-3.1727,51.4531],[-3.1601,51.4318],[-3.1671,51.4105],[-3.1848,51.3976],[-3.2189,51.4028],[-3.2894,51.3842],[-3.5392,51.3985],[-3.5574,51.4051],[-3.6047,51.4457],[-3.6632,51.4762],[-3.677,51.477],[-3.6954,51.4715],[-3.7179,51.4786],[-3.7376,51.4909],[-3.748,51.5009],[-3.7494,51.5054],[-3.7419,51.5084],[-3.7589,51.5468],[-3.7701,51.5633],[-3.7822,51.5766],[-3.817,51.5965],[-3.8327,51.6155],[-3.8416,51.6215],[-3.8549,51.6238],[-3.9624,51.6156],[-3.99,51.6065],[-3.9988,51.6003],[-3.9999,51.5909],[-3.9746,51.563],[-4.0162,51.563],[-4.0208,51.5559],[-4.0265,51.554],[-4.032,51.5631],[-4.0465,51.5684],[-4.0531,51.5692],[-4.0702,51.5556],[-4.0873,51.5619],[-4.1217,51.566],[-4.1322,51.563],[-4.1664,51.5425],[-4.1968,51.5494],[-4.2006,51.5388],[-4.2134,51.5391],[-4.2725,51.5548],[-4.2899,51.5556],[-4.2974,51.5692],[-4.2783,51.5782],[-4.2808,51.5888],[-4.2897,51.6015],[-4.2899,51.617],[-4.2558,51.6238],[-4.2347,51.645],[-4.2285,51.6374],[-4.2347,51.6374],[-4.2347,51.6313],[-4.221,51.6238],[-4.1901,51.6303],[-4.139,51.6323],[-4.0913,51.6399],[-4.0702,51.6623],[-4.0705,51.676],[-4.0754,51.6778],[-4.0954,51.6651],[-4.1068,51.6643],[-4.1464,51.6671],[-4.2006,51.6859],[-4.215,51.6797],[-4.2937,51.6723],[-4.3153,51.6775],[-4.3424,51.6909],[-4.3664,51.7085],[-4.3793,51.7269],[-4.338,51.7233],[-4.32,51.7248],[-4.3105,51.7337],[-4.3472,51.7358],[-4.3625,51.7429],[-4.3718,51.7548],[-4.358,51.7731],[-4.3582,51.7821],[-4.3651,51.789],[-4.3715,51.786],[-4.393,51.7637],[-4.3992,51.7616],[-4.4093,51.7632],[-4.4265,51.7753],[-4.4458,51.7733],[-4.4493,51.7663],[-4.4414,51.7568],[-4.4265,51.7473],[-4.4608,51.7358],[-4.4989,51.7348],[-4.5742,51.7412],[-4.6454,51.7321],[-4.6782,51.7174],[-4.6803,51.6927],[-4.6916,51.6899],[-4.694,51.6784],[-4.7123,51.6501],[-4.7349,51.6592],[-4.7592,51.645],[-4.8483,51.6463],[-4.8635,51.6441],[-4.879,51.6374],[-4.9048,51.6138],[-4.9237,51.6086],[-4.932,51.599],[-4.941,51.5965],[-4.9565,51.6028],[-5.0216,51.616],[-5.0458,51.6269],[-5.0366,51.6374],[-5.0512,51.6569],[-5.1005,51.6647],[-5.1197,51.6784],[-5.1134,51.6853],[-5.0366,51.6784],[-5.0434,51.6927],[-4.9882,51.6859],[-4.9746,51.6879],[-4.941,51.7001],[-4.8926,51.7064],[-4.8683,51.7168],[-4.8581,51.7183],[-4.8448,51.7138],[-4.8448,51.72],[-4.8734,51.7377],[-4.879,51.762],[-4.8625,51.7824],[-4.8243,51.7883],[-4.8243,51.7957],[-4.865,51.7833],[-4.9213,51.78],[-4.9336,51.7753],[-4.9172,51.7753],[-4.9052,51.7712],[-4.9005,51.7621],[-4.9062,51.7473],[-4.8921,51.7394],[-4.8957,51.7282],[-4.9106,51.7182],[-4.9882,51.7069],[-5.0099,51.7064],[-5.1492,51.7181],[-5.1669,51.7138],[-5.157,51.6976],[-5.1686,51.6889],[-5.1829,51.6893],[-5.1807,51.7064],[-5.2301,51.73],[-5.2495,51.7337],[-5.2139,51.7357],[-5.1768,51.7597],[-5.126,51.7685],[-5.1103,51.7785],[-5.1071,51.7881],[-5.1134,51.8288],[-5.1175,51.8437],[-5.1259,51.856],[-5.1396,51.864],[-5.1465,51.8572],[-5.1644,51.8668],[-5.2038,51.8702],[-5.2216,51.8777],[-5.2358,51.871],[-5.3109,51.864],[-5.2974,51.8702],[-5.2974,51.8777],[-5.3026,51.8852],[-5.2905,51.892],[-5.2905,51.8981],[-5.2983,51.911],[-5.2889,51.9169],[-5.2528,51.9186],[-5.2342,51.923],[-5.2042,51.9423],[-5.1912,51.9466],[-5.1604,51.9494],[-5.1195,51.9589],[-5.088,51.976],[-5.085,52.0019],[-5.0708,52.0019],[-5.0708,52.008],[-5.0828,52.0145],[-5.0812,52.0212],[-5.0702,52.0264],[-5.0266,52.0274],[-4.9617,52.0075],[-4.9425,52.0075],[-4.9137,52.0148],[-4.9205,52.0285],[-4.8414,52.0148],[-4.8323,52.019],[-4.838,52.049],[-4.8304,52.0529],[-4.797,52.0565],[-4.7776,52.0649],[-4.7387,52.1008],[-4.7203,52.1133],[-4.7065,52.1135],[-4.6735,52.0974],[-4.6757,52.1269],[-4.6375,52.1385],[-4.5138,52.1357],[-4.5023,52.1384],[-4.4843,52.1563],[-4.4547,52.1621],[-4.4348,52.1704],[-4.3856,52.2034],[-4.3712,52.2093],[-4.3158,52.2163],[-4.1971,52.2793],[-4.1391,52.3302],[-4.1096,52.3653],[-4.0963,52.3879],[-4.0874,52.4301],[-4.079,52.453],[-4.0565,52.4879],[-4.064,52.5092],[-4.0626,52.521],[-4.0565,52.5294],[-4.0485,52.5305],[-4.0162,52.522],[-3.9988,52.5259],[-3.9473,52.5493],[-3.9473,52.5567],[-3.9745,52.5565],[-4.0531,52.5424],[-4.0685,52.5501],[-4.1141,52.5886],[-4.1255,52.6039],[-4.1222,52.6287],[-4.1059,52.6535],[-4.0848,52.6727],[-4.0635,52.6831],[-4.0565,52.7007],[-4.0011,52.7241],[-3.9883,52.7343],[-4.0147,52.7323],[-4.032,52.7239],[-4.0488,52.7216],[-4.1252,52.7783],[-4.149,52.8121],[-4.1462,52.8202],[-4.1289,52.8236],[-4.1173,52.8308],[-4.1198,52.8463],[-4.1322,52.8683],[-4.1299,52.8892],[-4.064,52.9192],[-4.0776,52.9267],[-4.1005,52.9141],[-4.1106,52.9157],[-4.1186,52.9267],[-4.1444,52.9148],[-4.1716,52.9135],[-4.2285,52.9192],[-4.3007,52.9056],[-4.3373,52.892],[-4.4066,52.8925],[-4.4462,52.8759],[-4.4817,52.8509],[-4.4755,52.8441],[-4.4914,52.8382],[-4.501,52.8268],[-4.5013,52.8139],[-4.4891,52.8032],[-4.5165,52.7895],[-4.5286,52.7905],[-4.5425,52.8007],[-4.564,52.8052],[-4.5831,52.8146],[-4.5946,52.8168],[-4.6065,52.8151],[-4.6263,52.8032],[-4.6486,52.7996],[-4.7045,52.8032],[-4.7193,52.7975],[-4.7332,52.7875],[-4.7474,52.7834],[-4.7628,52.7895],[-4.7525,52.7988],[-4.7515,52.8032],[-4.7554,52.8093],[-4.7349,52.8305],[-4.5961,52.9284],[-4.524,52.9442],[-4.4434,52.9822],[-4.4237,53.0026],[-4.3582,53.0285],[-4.35,53.0415],[-4.3457,53.0595],[-4.3409,53.1127],[-4.3343,53.1168],[-4.3276,53.1147],[-4.3207,53.1015],[-4.3122,53.1094],[-4.3036,53.1253],[-4.2635,53.1545],[-4.2345,53.164],[-4.2213,53.175],[-4.2006,53.201],[-4.178,53.2176],[-4.1515,53.2281],[-4.1222,53.2335],[-4.0907,53.2352],[-4.0669,53.2291],[-4.0323,53.2407],[-4.0089,53.2445],[-3.9746,53.2618],[-3.8653,53.2891],[-3.8313,53.2891],[-3.8414,53.3074],[-3.8708,53.3256],[-3.8784,53.3376],[-3.8406,53.3328],[-3.823,53.3266],[-3.8101,53.3171],[-3.7905,53.3234],[-3.7689,53.3192],[-3.7482,53.3078],[-3.7319,53.2929],[-3.7163,53.2869],[-3.6022,53.2889],[-3.5623,53.2944],[-3.3721,53.3509],[-3.3303,53.3518],[-3.2924,53.3405],[-3.2713,53.3306],[-3.2508,53.3126],[-3.1222,53.2623],[-3.0878,53.2347],[-3.0845,53.2386],[-3.0845,53.2755],[-3.1112,53.3028],[-3.1354,53.3338],[-3.1715,53.3623],[-3.1852,53.3773],[-3.1864,53.3928],[-3.1755,53.4027],[-3.1573,53.4088],[-3.0942,53.4174],[-3.0583,53.4348],[-3.0356,53.4337],[-3.0122,53.4167],[-2.953,53.3239],[-2.9351,53.3095],[-2.9106,53.2963],[-2.8815,53.2884],[-2.8506,53.2891],[-2.845,53.3001],[-2.8376,53.3028],[-2.8061,53.2966],[-2.7755,53.2999],[-2.7481,53.3096],[-2.7537,53.3225],[-2.7509,53.3316],[-2.7432,53.3385],[-2.7345,53.3444],[-2.7174,53.3427],[-2.6998,53.3518],[-2.7141,53.3524],[-2.7644,53.3452],[-2.7754,53.341],[-2.7824,53.3264],[-2.7998,53.321],[-2.8437,53.3239],[-2.8865,53.3336],[-2.925,53.35],[-2.9569,53.3706],[-2.9808,53.3928],[-3.0966,53.5443],[-3.1019,53.5581],[-3.0995,53.572],[-3.0876,53.5877],[-3.0218,53.6528],[-2.9604,53.6976],[-2.9517,53.7081],[-2.9114,53.725],[-2.899,53.7354],[-2.9849,53.7361],[-3.0215,53.7458],[-3.0492,53.7695],[-3.0564,53.803],[-3.0449,53.8785],[-3.0566,53.9062],[-3.0407,53.9235],[-3.0176,53.932],[-2.9257,53.9527],[-2.9093,53.9538],[-2.8885,53.946],[-2.882,53.9565],[-2.858,53.9676],[-2.8693,53.9788],[-2.8345,53.9998],[-2.8301,54.016],[-2.8649,54.0043],[-2.8955,54.0023],[-2.9161,54.0266],[-2.9182,54.0343],[-2.8921,54.0501],[-2.8727,54.0716],[-2.8589,54.081],[-2.8268,54.0888],[-2.8152,54.0988],[-2.796,54.1252],[-2.8128,54.1399],[-2.8509,54.1846],[-2.8542,54.1941],[-2.8329,54.199],[-2.8103,54.2119],[-2.7952,54.2295],[-2.796,54.2487],[-2.8028,54.2487],[-2.8066,54.2337],[-2.8209,54.2217],[-2.9047,54.1876],[-2.9204,54.1621],[-2.9392,54.1551],[-2.9842,54.1531],[-2.9977,54.1596],[-3.0113,54.1741],[-3.0173,54.1901],[-3.0082,54.2003],[-3.0154,54.2119],[-3.0245,54.2216],[-3.0358,54.226],[-3.0492,54.2221],[-3.0447,54.2083],[-3.061,54.1619],[-3.0907,54.1395],[-3.1179,54.1088],[-3.1453,54.1],[-3.1475,54.0887],[-3.1454,54.0638],[-3.1898,54.0979],[-3.2196,54.1008],[-3.241,54.1121],[-3.2325,54.1447],[-3.2331,54.1592],[-3.2484,54.1668],[-3.2484,54.1737],[-3.2152,54.1798],[-3.2068,54.2089],[-3.2074,54.263],[-3.2231,54.2576],[-3.2314,54.2472],[-3.241,54.2221],[-3.2322,54.2025],[-3.2471,54.1979],[-3.2701,54.1991],[-3.3068,54.1919],[-3.3285,54.2047],[-3.3645,54.2425],[-3.4074,54.2777],[-3.4129,54.2938],[-3.4041,54.3185],[-3.4134,54.343],[-3.4402,54.3518],[-3.4743,54.3935],[-3.4977,54.4058],[-3.5919,54.4831],[-3.6132,54.4916],[-3.6237,54.5061],[-3.6342,54.5129],[-3.6116,54.5299],[-3.5903,54.5646],[-3.5638,54.6428],[-3.5092,54.7217],[-3.4681,54.7353],[-3.4396,54.7615],[-3.431,54.7805],[-3.4402,54.7974],[-3.4075,54.856],[-3.3879,54.8834],[-3.3645,54.8998],[-3.345,54.9025],[-3.3227,54.8899],[-3.3065,54.8862],[-3.2957,54.8869],[-3.2546,54.8998],[-3.3173,54.9203],[-3.2765,54.9434],[-3.2136,54.9544],[-3.201,54.9522],[-3.1802,54.9408],[-3.1428,54.9335],[-3.1228,54.9327],[-3.0395,54.9472],[-3.0218,54.9544],[-3.0907,54.9544],[-3.0907,54.9612],[-3.0715,54.9631],[-3.0409,54.9725],[-3.0218,54.9681],[-3.0218,54.9755],[-3.0463,54.9821],[-3.1354,54.9681],[-3.4538,54.9818],[-3.501,54.9925],[-3.5153,54.9892],[-3.5092,54.9818],[-3.526,54.9771],[-3.5419,54.9807],[-3.5705,54.9954],[-3.5836,54.9681],[-3.5757,54.9573],[-3.5688,54.916],[-3.5705,54.8998],[-3.5817,54.8836],[-3.5984,54.878],[-3.6918,54.8832],[-3.7176,54.8808],[-3.7392,54.8598],[-3.8101,54.8663],[-3.8033,54.8589],[-3.8124,54.8552],[-3.8198,54.8559],[-3.8313,54.8663],[-3.82,54.8786],[-3.8101,54.8725],[-3.8116,54.88],[-3.817,54.8862],[-3.8288,54.875],[-3.8443,54.8663],[-3.8375,54.852],[-3.8579,54.8445],[-3.8238,54.8247],[-3.8857,54.8065],[-3.9642,54.7719],[-4.0117,54.7682],[-4.0429,54.7695],[-4.0429,54.7769],[-4.0558,54.7825],[-4.0497,54.79],[-4.0517,54.8],[-4.0477,54.8131],[-4.05,54.8232],[-4.0636,54.8269],[-4.064,54.8315],[-4.0786,54.8241],[-4.0901,54.8098],[-4.0935,54.7927],[-4.0839,54.7769],[-4.123,54.773],[-4.1739,54.7923],[-4.2091,54.8262],[-4.2006,54.8663],[-4.2154,54.861],[-4.2397,54.843],[-4.2558,54.8383],[-4.2707,54.8394],[-4.3569,54.8655],[-4.3656,54.8725],[-4.3868,54.9048],[-4.4029,54.9073],[-4.4168,54.8928],[-4.4265,54.8695],[-4.4172,54.8459],[-4.4029,54.8247],[-4.3724,54.8218],[-4.3596,54.8166],[-4.3476,54.8073],[-4.3445,54.7945],[-4.3581,54.771],[-4.3439,54.7564],[-4.3565,54.7419],[-4.3481,54.702],[-4.3547,54.6938],[-4.3719,54.6823],[-4.3824,54.6801],[-4.4265,54.6876],[-4.4612,54.7012],[-4.4967,54.7006],[-4.5056,54.7047],[-4.5636,54.7564],[-4.5967,54.7753],[-4.7145,54.8179],[-4.7596,54.8253],[-4.7811,54.8331],[-4.7996,54.8613],[-4.821,54.8666],[-4.8591,54.8663],[-4.883,54.8601],[-4.9258,54.8374],[-4.9496,54.8158],[-4.9548,54.8048],[-4.9529,54.789],[-4.9479,54.7773],[-4.9403,54.767],[-4.9302,54.7626],[-4.896,54.7045],[-4.8673,54.6901],[-4.8721,54.6492],[-4.8591,54.633],[-4.9441,54.6528],[-4.9537,54.6597],[-4.9599,54.6755],[-4.959,54.692],[-4.9473,54.7012],[-4.9589,54.7141],[-4.9591,54.7209],[-4.9547,54.7285],[-4.9734,54.7297],[-4.9882,54.7353],[-5.0033,54.7713],[-5.0332,54.7824],[-5.1282,54.8489],[-5.1571,54.8791],[-5.1755,54.9146],[-5.1807,54.9544],[-5.1776,54.9905],[-5.1708,55.0087],[-5.1567,55.0165],[-5.1246,55.0168],[-5.1197,55.0199],[-5.1151,55.0316],[-5.1052,55.0262],[-5.0695,54.986],[-5.0646,54.9755],[-5.0653,54.9403],[-5.0609,54.9311],[-5.031,54.9113],[-5.0131,54.9096],[-4.9956,54.9203],[-4.9882,54.9277],[-4.9882,54.9346],[-5.0241,54.9764],[-5.047,55.0151],[-5.0503,55.0268],[-5.0476,55.0557],[-5.019,55.1022],[-5.0162,55.1226],[-5.0078,55.1412],[-4.9883,55.1527],[-4.9473,55.1679],[-4.8824,55.2186],[-4.8673,55.2225],[-4.8648,55.2414],[-4.838,55.284],[-4.8398,55.3156],[-4.838,55.325],[-4.8325,55.3311],[-4.7731,55.3694],[-4.7588,55.4023],[-4.7493,55.4138],[-4.717,55.4305],[-4.6505,55.4485],[-4.6263,55.4684],[-4.6178,55.4956],[-4.6268,55.5197],[-4.6508,55.5371],[-4.6872,55.5441],[-4.6662,55.5622],[-4.6711,55.5844],[-4.6927,55.6052],[-4.722,55.6192],[-4.7765,55.6329],[-4.8087,55.6336],[-4.8181,55.6372],[-4.8106,55.6466],[-4.8106,55.654],[-4.8686,55.6756],[-4.901,55.6923],[-4.9205,55.7086],[-4.8763,55.7353],[-4.8611,55.7567],[-4.8653,55.7905],[-4.8827,55.8214],[-4.8926,55.8929],[-4.8865,55.9197],[-4.8721,55.9372],[-4.8494,55.9482],[-4.7994,55.9579],[-4.7858,55.957],[-4.7223,55.9401],[-4.7054,55.9385],[-4.694,55.9414],[-4.6725,55.9338],[-4.506,55.9191],[-4.4817,55.9283],[-4.63,55.9463],[-4.6735,55.9619],[-4.7245,55.9984],[-4.765,56.0071],[-4.7834,56.0176],[-4.8106,56.0438],[-4.8243,56.0785],[-4.8392,56.0806],[-4.8443,56.073],[-4.8437,56.063],[-4.8376,56.0506],[-4.7902,56.0102],[-4.7789,55.9921],[-4.7853,55.984],[-4.8036,55.9821],[-4.828,55.9823],[-4.8516,55.988],[-4.8623,56.0021],[-4.8654,56.0202],[-4.8654,56.0667],[-4.8263,56.1242],[-4.7554,56.1884],[-4.7509,56.2027],[-4.7555,56.2065],[-4.7799,56.1915],[-4.8373,56.1244],[-4.8517,56.1126],[-4.8731,56.112],[-4.8806,56.1199],[-4.879,56.1505],[-4.8832,56.164],[-4.8935,56.1743],[-4.9071,56.1771],[-4.9205,56.1679],[-4.9091,56.15],[-4.8953,56.1147],[-4.8862,56.0804],[-4.8891,56.0648],[-4.9019,56.0619],[-4.9044,56.0543],[-4.898,56.0012],[-4.8926,55.9897],[-4.9064,55.9857],[-4.9547,55.9966],[-4.9547,55.9897],[-4.9289,55.9811],[-4.9184,55.9733],[-4.9137,55.9619],[-4.9174,55.9475],[-4.9473,55.9208],[-4.9592,55.8901],[-4.9831,55.871],[-5.0264,55.8737],[-5.0425,55.8848],[-5.0568,55.9103],[-5.0708,55.9587],[-5.1108,55.989],[-5.116,56.0017],[-5.1236,56.0099],[-5.1396,56.0028],[-5.1238,55.9863],[-5.0857,55.9319],[-5.0782,55.911],[-5.0865,55.9013],[-5.1056,55.905],[-5.1715,55.9355],[-5.1807,55.9484],[-5.1807,55.9693],[-5.1908,55.9617],[-5.1996,55.9486],[-5.2126,55.9171],[-5.2421,55.8929],[-5.2181,55.8647],[-5.2011,55.8315],[-5.2194,55.8314],[-5.2632,55.8458],[-5.2967,55.8527],[-5.3071,55.8604],[-5.3134,55.8854],[-5.3348,55.8967],[-5.3383,55.9038],[-5.3383,55.9314],[-5.324,55.9587],[-5.3383,55.9966],[-5.3136,56.0124],[-5.2045,56.1195],[-5.1465,56.1331],[-5.1046,56.1515],[-5.095,56.1574],[-5.0594,56.2031],[-5.0434,56.2163],[-5.0133,56.2276],[-4.975,56.237],[-4.9401,56.2514],[-4.9205,56.2778],[-4.9381,56.271],[-4.9751,56.248],[-4.9919,56.243],[-5.0327,56.2412],[-5.0646,56.2293],[-5.0994,56.182],[-5.1089,56.1747],[-5.2281,56.1292],[-5.3109,56.0581],[-5.3457,56.0512],[-5.3453,56.0461],[-5.3564,56.0198],[-5.3594,56.0207],[-5.3686,56.0094],[-5.3903,56.0057],[-5.4338,56.0102],[-5.4371,56.03],[-5.4444,56.0276],[-5.4479,56.0223],[-5.455,55.9556],[-5.4308,55.9482],[-5.4208,55.9283],[-5.4125,55.8996],[-5.4004,55.8929],[-5.4004,55.8867],[-5.4072,55.8867],[-5.4072,55.8799],[-5.3929,55.8737],[-5.4072,55.8663],[-5.3518,55.8324],[-5.3268,55.8086],[-5.3178,55.783],[-5.3246,55.7692],[-5.3385,55.7626],[-5.3724,55.7564],[-5.3876,55.7503],[-5.4335,55.721],[-5.454,55.7006],[-5.4612,55.6881],[-5.4686,55.654],[-5.4901,55.6446],[-5.4823,55.6329],[-5.4839,55.6101],[-5.4748,55.6039],[-5.4626,55.602],[-5.455,55.5919],[-5.4611,55.5788],[-5.4888,55.5691],[-5.4823,55.5503],[-5.5096,55.5168],[-5.511,55.4844],[-5.5233,55.4827],[-5.5455,55.4492],[-5.5615,55.4355],[-5.5846,55.4274],[-5.5846,55.4212],[-5.5621,55.4199],[-5.5437,55.4069],[-5.5267,55.3803],[-5.515,55.3737],[-5.5251,55.3586],[-5.5744,55.322],[-5.6163,55.3066],[-5.64,55.3039],[-5.6809,55.3113],[-5.714,55.2991],[-5.7545,55.2973],[-5.7723,55.3013],[-5.7829,55.3135],[-5.7947,55.3564],[-5.7967,55.3791],[-5.7914,55.3986],[-5.7634,55.4121],[-5.7254,55.4376],[-5.7156,55.4479],[-5.7152,55.4689],[-5.7219,55.5139],[-5.7078,55.5434],[-5.7218,55.5646],[-5.7181,55.5758],[-5.6945,55.6055],[-5.6733,55.6406],[-5.6694,55.6607],[-5.6809,55.6745],[-5.6265,55.7006],[-5.6132,55.7258],[-5.5812,55.7576],[-5.5392,55.7709],[-5.5046,55.7894],[-5.4735,55.8157],[-5.455,55.8458],[-5.5517,55.7836],[-5.5994,55.7642],[-5.6126,55.7639],[-5.6058,55.7768],[-5.6467,55.7875],[-5.6604,55.7973],[-5.668,55.811],[-5.669,55.8378],[-5.6741,55.8458],[-5.632,55.8818],[-5.6194,55.9031],[-5.571,55.9345],[-5.5935,55.928],[-5.6276,55.9053],[-5.6538,55.8976],[-5.6717,55.8869],[-5.6809,55.8867],[-5.688,55.8934],[-5.6964,55.916],[-5.5868,56.012],[-5.5784,56.0245],[-5.5827,56.029],[-5.571,56.0375],[-5.5839,56.0407],[-5.6256,56.0245],[-5.6317,56.0059],[-5.6749,55.9777],[-5.6741,55.9556],[-5.6908,55.9376],[-5.6945,55.9345],[-5.7045,55.9368],[-5.7075,55.9426],[-5.6964,55.9822],[-5.6599,56.0233],[-5.5846,56.0847],[-5.5775,56.097],[-5.5646,56.0981],[-5.5395,56.0869],[-5.5316,56.0863],[-5.5301,56.0922],[-5.5347,56.0985],[-5.5505,56.1064],[-5.5587,56.1308],[-5.5225,56.1658],[-5.5096,56.1884],[-5.5399,56.1834],[-5.5827,56.1506],[-5.6058,56.14],[-5.5994,56.1606],[-5.5864,56.1811],[-5.5505,56.2163],[-5.5594,56.2296],[-5.5472,56.2402],[-5.4947,56.2531],[-5.4928,56.2604],[-5.4993,56.2676],[-5.5127,56.2709],[-5.5543,56.2635],[-5.5823,56.2488],[-5.5922,56.2498],[-5.5981,56.2586],[-5.5956,56.2699],[-5.5846,56.2908],[-5.5726,56.3281],[-5.5627,56.3411],[-5.5437,56.3529],[-5.5252,56.3466],[-5.4982,56.3483],[-5.4481,56.3597],[-5.4481,56.3659],[-5.4722,56.3649],[-5.5154,56.3568],[-5.5375,56.3597],[-5.5096,56.4006],[-5.478,56.4129],[-5.4823,56.4211],[-5.457,56.4409],[-5.4236,56.45],[-5.3229,56.455],[-5.2421,56.4422],[-5.2087,56.4468],[-5.1819,56.4597],[-5.1185,56.5078],[-5.0857,56.5488],[-5.0646,56.5651],[-5.0865,56.5585],[-5.1106,56.5259],[-5.126,56.5105],[-5.1669,56.4901],[-5.2011,56.4621],[-5.2438,56.4592],[-5.3502,56.473],[-5.3781,56.459],[-5.3943,56.4655],[-5.4106,56.5036],[-5.4241,56.5001],[-5.4359,56.4912],[-5.455,56.4695],[-5.4686,56.4757],[-5.4333,56.5236],[-5.4276,56.5378],[-5.4038,56.5246],[-5.3793,56.5192],[-5.3567,56.5197],[-5.3383,56.5242],[-5.2905,56.5447],[-5.265,56.5512],[-5.2526,56.5563],[-5.2421,56.5651],[-5.2756,56.5536],[-5.3109,56.5521],[-5.3603,56.5322],[-5.3724,56.5303],[-5.3843,56.5334],[-5.4005,56.5436],[-5.4139,56.5447],[-5.4109,56.5521],[-5.3966,56.5617],[-5.3866,56.5788],[-5.3607,56.6063],[-5.3109,56.6336],[-5.2985,56.6464],[-5.3178,56.6539],[-5.3178,56.6613],[-5.2868,56.675],[-5.2482,56.6741],[-5.2189,56.6887],[-5.1964,56.6887],[-5.1533,56.6812],[-5.1326,56.6845],[-5.0934,56.699],[-5.0128,56.7093],[-4.9956,56.716],[-5.1606,56.6959],[-5.2383,56.7166],[-5.2385,56.7226],[-5.2284,56.7365],[-5.1547,56.7823],[-5.1197,56.8184],[-5.1791,56.7893],[-5.1918,56.7746],[-5.2023,56.7691],[-5.2335,56.7607],[-5.2421,56.7365],[-5.2552,56.7216],[-5.2685,56.7131],[-5.3098,56.7065],[-5.3192,56.6975],[-5.3402,56.6931],[-5.3594,56.675],[-5.3881,56.6552],[-5.4344,56.6429],[-5.4487,56.6246],[-5.4826,56.6133],[-5.5334,56.5729],[-5.5996,56.529],[-5.6741,56.4969],[-5.683,56.5006],[-5.6947,56.5139],[-5.7408,56.5233],[-5.7703,56.5378],[-5.7552,56.554],[-5.7491,56.572],[-5.7567,56.572],[-5.7939,56.5433],[-5.8544,56.5505],[-6.0034,56.6187],[-6.0098,56.6265],[-6.0082,56.6423],[-5.998,56.6499],[-5.9835,56.6528],[-5.9336,56.6547],[-5.899,56.6508],[-5.8669,56.6415],[-5.8392,56.6265],[-5.8317,56.634],[-5.8656,56.6514],[-5.8658,56.6613],[-5.76,56.7008],[-5.7355,56.7023],[-5.6726,56.6841],[-5.6474,56.6812],[-5.5941,56.6833],[-5.5648,56.6876],[-5.5437,56.6955],[-5.6365,56.6887],[-5.6586,56.6907],[-5.7089,56.7086],[-5.75,56.7145],[-5.859,56.6812],[-5.8968,56.6751],[-5.9074,56.675],[-5.9556,56.6887],[-6.0249,56.6857],[-6.0986,56.697],[-6.1239,56.6956],[-6.1617,56.6782],[-6.1866,56.6811],[-6.2096,56.6885],[-6.2228,56.6955],[-6.2325,56.7065],[-6.2364,56.7191],[-6.2345,56.7286],[-6.2228,56.7272],[-6.2153,56.7296],[-6.1935,56.7485],[-6.1805,56.7546],[-6.027,56.7637],[-5.9652,56.7849],[-5.9482,56.7825],[-5.9136,56.7637],[-5.8522,56.747],[-5.8581,56.7685],[-5.8684,56.7759],[-5.8863,56.7774],[-5.8863,56.7849],[-5.8618,56.7851],[-5.8392,56.7774],[-5.8246,56.7876],[-5.8021,56.7918],[-5.7567,56.7849],[-5.8317,56.8054],[-5.8508,56.818],[-5.8512,56.8289],[-5.8375,56.8366],[-5.7339,56.8448],[-5.6927,56.8549],[-5.6604,56.873],[-5.6736,56.8765],[-5.692,56.8753],[-5.7085,56.8706],[-5.7244,56.8538],[-5.7445,56.8542],[-5.7839,56.8599],[-5.7754,56.8699],[-5.7355,56.8941],[-5.7806,56.8987],[-5.8749,56.8872],[-5.9211,56.8941],[-5.8522,56.9003],[-5.8522,56.9077],[-5.8801,56.922],[-5.8625,56.9337],[-5.8317,56.9971],[-5.8141,57.0095],[-5.786,57.0206],[-5.7552,57.0266],[-5.7293,57.0238],[-5.6883,56.9897],[-5.6586,56.9795],[-5.6256,56.9766],[-5.5713,56.9838],[-5.5233,56.9971],[-5.5233,57.004],[-5.5713,56.9933],[-5.5846,56.9971],[-5.6071,56.9885],[-5.6288,56.9919],[-5.6855,57.0096],[-5.68,57.0362],[-5.702,57.0449],[-5.7423,57.0381],[-5.7802,57.0517],[-5.7911,57.0593],[-5.7762,57.0758],[-5.7156,57.1201],[-5.6737,57.119],[-5.6459,57.1295],[-5.6208,57.1241],[-5.5583,57.1004],[-5.4598,57.0998],[-5.4474,57.1102],[-5.4004,57.1064],[-5.4004,57.1138],[-5.42,57.1207],[-5.5406,57.1064],[-5.5846,57.1337],[-5.6684,57.1476],[-5.6809,57.1579],[-5.6738,57.175],[-5.6256,57.2163],[-5.6442,57.2332],[-5.6201,57.2521],[-5.5782,57.2668],[-5.5437,57.2709],[-5.5116,57.2576],[-5.4801,57.237],[-5.4463,57.223],[-5.4072,57.2299],[-5.4072,57.2367],[-5.4488,57.2421],[-5.4581,57.2466],[-5.4729,57.2612],[-5.5019,57.2777],[-5.4889,57.2924],[-5.4648,57.3066],[-5.4407,57.3118],[-5.4407,57.3193],[-5.465,57.3249],[-5.4818,57.3167],[-5.4943,57.3044],[-5.5062,57.2982],[-5.5784,57.2777],[-5.5994,57.2792],[-5.657,57.2913],[-5.7001,57.2836],[-5.7206,57.2845],[-5.7293,57.2982],[-5.702,57.3323],[-5.6544,57.3539],[-5.6365,57.3398],[-5.6132,57.342],[-5.5013,57.371],[-5.4567,57.3935],[-5.4481,57.4217],[-5.4651,57.4239],[-5.4921,57.4088],[-5.5375,57.3739],[-5.5635,57.3631],[-5.64,57.3739],[-5.6156,57.3825],[-5.6071,57.3891],[-5.6196,57.4167],[-5.64,57.408],[-5.7072,57.3598],[-5.7324,57.3528],[-5.7846,57.3486],[-5.8078,57.3549],[-5.8249,57.3944],[-5.8174,57.3952],[-5.8112,57.4012],[-5.8249,57.4155],[-5.8253,57.4289],[-5.8219,57.4355],[-5.8112,57.4422],[-5.859,57.4527],[-5.8612,57.4634],[-5.8705,57.4808],[-5.8727,57.4937],[-5.8522,57.5241],[-5.8515,57.5511],[-5.8471,57.5589],[-5.8317,57.5588],[-5.8392,57.5793],[-5.8214,57.5832],[-5.8036,57.5814],[-5.7864,57.5752],[-5.7326,57.5452],[-5.7156,57.5384],[-5.707,57.5423],[-5.6898,57.5279],[-5.6509,57.5126],[-5.64,57.5111],[-5.6536,57.5316],[-5.5815,57.5384],[-5.5168,57.5349],[-5.5127,57.5415],[-5.5431,57.5554],[-5.5884,57.561],[-5.6327,57.5577],[-5.6604,57.5446],[-5.6945,57.5663],[-5.6809,57.5793],[-5.7142,57.5827],[-5.7317,57.5983],[-5.7443,57.618],[-5.7628,57.634],[-5.8059,57.6426],[-5.8112,57.6551],[-5.8054,57.6672],[-5.785,57.6795],[-5.7908,57.6885],[-5.7908,57.696],[-5.7536,57.7075],[-5.7345,57.708],[-5.705,57.6901],[-5.6925,57.6911],[-5.682,57.6987],[-5.6741,57.7097],[-5.6852,57.7114],[-5.7089,57.7296],[-5.7205,57.7334],[-5.8038,57.7438],[-5.807,57.7546],[-5.8013,57.8004],[-5.8099,57.8206],[-5.8112,57.8332],[-5.8074,57.8439],[-5.7895,57.862],[-5.7511,57.8734],[-5.7248,57.8735],[-5.6986,57.8691],[-5.6741,57.8605],[-5.6779,57.8469],[-5.6748,57.8271],[-5.6604,57.7922],[-5.6505,57.7818],[-5.6374,57.7742],[-5.6221,57.7702],[-5.6058,57.7705],[-5.6179,57.7802],[-5.6256,57.7922],[-5.6033,57.7911],[-5.5846,57.7848],[-5.5912,57.8044],[-5.5853,57.8314],[-5.599,57.8469],[-5.6376,57.8664],[-5.6504,57.8778],[-5.64,57.8878],[-5.6477,57.889],[-5.6536,57.8947],[-5.6126,57.9288],[-5.5873,57.9151],[-5.5505,57.9151],[-5.5563,57.8878],[-5.5279,57.8676],[-5.487,57.8559],[-5.455,57.8537],[-5.4612,57.8605],[-5.449,57.8691],[-5.4371,57.8976],[-5.4276,57.9083],[-5.4149,57.9081],[-5.3695,57.8975],[-5.3275,57.8733],[-5.2939,57.862],[-5.2216,57.8469],[-5.2475,57.867],[-5.2768,57.8742],[-5.3207,57.8985],[-5.3929,57.9182],[-5.3973,57.9289],[-5.3929,57.9356],[-5.3865,57.9364],[-5.3717,57.9311],[-5.3662,57.9431],[-5.3472,57.9367],[-5.3192,57.9147],[-5.2974,57.9083],[-5.2563,57.9151],[-5.1988,57.8978],[-5.1623,57.8785],[-5.12,57.868],[-5.0911,57.8403],[-5.0708,57.8332],[-5.0834,57.8476],[-5.0972,57.8709],[-5.1973,57.9179],[-5.2216,57.9213],[-5.2216,57.9288],[-5.2019,57.9287],[-5.194,57.936],[-5.1955,57.9477],[-5.2045,57.9601],[-5.2167,57.9659],[-5.2489,57.9694],[-5.2632,57.9765],[-5.2926,57.9806],[-5.3339,58.0085],[-5.3594,58.0114],[-5.3519,58.0175],[-5.3669,58.0289],[-5.3866,58.0325],[-5.4276,58.0312],[-5.4139,58.0455],[-5.4139,58.0523],[-5.447,58.0844],[-5.4281,58.098],[-5.39,58.0922],[-5.3662,58.066],[-5.3443,58.0755],[-5.3008,58.0701],[-5.2768,58.0864],[-5.2831,58.0864],[-5.2781,58.0963],[-5.2788,58.1054],[-5.2905,58.1206],[-5.2768,58.1206],[-5.2768,58.1274],[-5.2974,58.1348],[-5.2841,58.1401],[-5.2421,58.1479],[-5.2421,58.1553],[-5.2908,58.1563],[-5.3048,58.1621],[-5.2974,58.1684],[-5.3048,58.1733],[-5.3315,58.182],[-5.324,58.2031],[-5.3368,58.2032],[-5.3468,58.2069],[-5.3929,58.2447],[-5.3921,58.2614],[-5.3759,58.2642],[-5.3108,58.2434],[-5.2939,58.2409],[-5.2161,58.2614],[-5.1943,58.26],[-5.1732,58.2509],[-5.1523,58.2648],[-5.1294,58.2714],[-5.1116,58.2683],[-5.0813,58.2541],[-5.0677,58.2509],[-5.0177,58.2532],[-5.0024,58.2509],[-4.9336,58.223],[-4.9434,58.2336],[-4.982,58.2509],[-4.9689,58.2568],[-4.9403,58.2595],[-4.9267,58.2646],[-5.0099,58.2714],[-5.0294,58.2597],[-5.04,58.2578],[-5.0501,58.2599],[-5.0964,58.2768],[-5.1362,58.3056],[-5.1601,58.3266],[-5.1732,58.3539],[-5.1533,58.3539],[-5.1634,58.3646],[-5.1629,58.3745],[-5.1465,58.395],[-5.1468,58.4124],[-5.1431,58.4148],[-5.116,58.4086],[-5.058,58.3873],[-5.0162,58.3881],[-5.0534,58.4066],[-5.0503,58.4148],[-5.057,58.4222],[-5.0762,58.4145],[-5.0981,58.4148],[-5.0981,58.4222],[-5.085,58.4222],[-5.085,58.429],[-5.1055,58.4365],[-5.0501,58.4538],[-4.9956,58.4365],[-5.1055,58.4874],[-5.1056,58.5056],[-5.1037,58.5142],[-5.0959,58.5189],[-5.0428,58.5355],[-5.028,58.5441],[-5.0162,58.5594],[-5.0229,58.5594],[-5.005,58.6177],[-4.9882,58.6283],[-4.8595,58.6132],[-4.8359,58.605],[-4.8181,58.5929],[-4.8128,58.572],[-4.8068,58.5584],[-4.8038,58.5594],[-4.8072,58.5396],[-4.8181,58.5246],[-4.7998,58.5325],[-4.7918,58.5417],[-4.7858,58.5771],[-4.7716,58.5904],[-4.7765,58.6072],[-4.7589,58.5991],[-4.728,58.5775],[-4.66,58.5559],[-4.6593,58.5476],[-4.6673,58.532],[-4.7145,58.5056],[-4.761,58.448],[-4.7424,58.4495],[-4.683,58.4846],[-4.6735,58.4874],[-4.6669,58.5029],[-4.6304,58.515],[-4.6121,58.5246],[-4.6011,58.5419],[-4.5951,58.56],[-4.585,58.5742],[-4.5605,58.5799],[-4.5175,58.5755],[-4.4755,58.5656],[-4.4265,58.5464],[-4.4287,58.5347],[-4.4265,58.5246],[-4.4499,58.5102],[-4.4954,58.4495],[-4.4781,58.4536],[-4.4612,58.4625],[-4.4339,58.4836],[-4.4342,58.4963],[-4.3824,58.5246],[-4.3439,58.5389],[-4.307,58.5464],[-4.2872,58.5429],[-4.2573,58.528],[-4.2347,58.5246],[-4.2489,58.532],[-4.2382,58.5364],[-4.221,58.5519],[-4.2097,58.5529],[-4.177,58.5464],[-4.1682,58.5494],[-4.1606,58.5626],[-4.1493,58.5656],[-4.1112,58.5656],[-4.0815,58.5618],[-4.0702,58.5656],[-4.0615,58.5728],[-4.0488,58.5896],[-4.029,58.5952],[-4.0038,58.5706],[-3.9814,58.5731],[-3.8957,58.5656],[-3.8101,58.5731],[-3.767,58.5837],[-3.6984,58.6112],[-3.6599,58.6208],[-3.5976,58.6271],[-3.5655,58.6266],[-3.5426,58.6208],[-3.5563,58.614],[-3.5321,58.6021],[-3.504,58.6033],[-3.447,58.614],[-3.3915,58.6007],[-3.3641,58.6008],[-3.3508,58.6208],[-3.3861,58.6317],[-3.4023,58.642],[-3.4129,58.6556],[-3.39,58.6718],[-3.3749,58.6771],[-3.3583,58.6755],[-3.3479,58.652],[-3.3406,58.6481],[-3.3099,58.6481],[-3.2443,58.659],[-3.2041,58.6611],[-3.1519,58.6413],[-3.1188,58.6411],[-3.0529,58.6481],[-3.0191,58.6403],[-3.0254,58.6221],[-3.0444,58.6016],[-3.0492,58.5867],[-3.0605,58.5784],[-3.0845,58.5519],[-3.118,58.532],[-3.1293,58.5126],[-3.1293,58.4964],[-3.1187,58.4844],[-3.0975,58.4775],[-3.0644,58.483],[-3.0566,58.4775],[-3.0533,58.4658],[-3.0577,58.4569],[-3.0668,58.4512],[-3.0771,58.4495],[-3.0863,58.4142],[-3.1298,58.3693],[-3.1828,58.3284],[-3.2205,58.3056],[-3.2623,58.2926],[-3.3498,58.2761],[-3.385,58.2646],[-3.4381,58.236],[-3.447,58.2268],[-3.4547,58.2101],[-3.4735,58.1934],[-3.5153,58.1684],[-3.735,58.0722],[-3.8092,58.0519],[-3.8275,58.0421],[-3.8517,58.0039],[-3.8856,57.9914],[-3.9173,57.9875],[-3.991,57.9604],[-4.0014,57.9461],[-4.0019,57.9356],[-4.0231,57.9431],[-4.0162,57.9493],[-4.0558,57.955],[-4.0844,57.9642],[-4.0891,57.9601],[-4.0863,57.9519],[-4.0776,57.9431],[-4.0627,57.937],[-4.0315,57.9362],[-4.0162,57.9322],[-3.9883,57.9083],[-4.0089,57.8896],[-4.0138,57.8793],[-4.0093,57.8679],[-4.0702,57.8742],[-4.105,57.8537],[-4.1329,57.8542],[-4.1904,57.8701],[-4.2182,57.8742],[-4.2989,57.8628],[-4.321,57.871],[-4.3532,57.8952],[-4.3723,57.9045],[-4.3924,57.9083],[-4.3396,57.8657],[-4.3077,57.8515],[-4.2694,57.8469],[-4.2291,57.8572],[-4.2082,57.8592],[-4.1735,57.839],[-4.1497,57.8298],[-4.1335,57.8301],[-4.1391,57.8469],[-4.0751,57.8232],[-4.0399,57.8182],[-3.9835,57.8424],[-3.9515,57.8383],[-3.9337,57.8257],[-3.9473,57.8127],[-3.9148,57.8077],[-3.8777,57.8167],[-3.8419,57.8349],[-3.7985,57.8665],[-3.786,57.8654],[-3.7794,57.8557],[-3.7822,57.8394],[-3.79,57.8307],[-3.926,57.7348],[-3.9488,57.7249],[-3.9883,57.696],[-4.008,57.6938],[-4.0237,57.6978],[-4.0286,57.7077],[-4.0162,57.7233],[-4.043,57.7373],[-4.078,57.7303],[-4.1553,57.6926],[-4.1686,57.6894],[-4.194,57.6885],[-4.2593,57.6787],[-4.2948,57.6802],[-4.3088,57.6549],[-4.3382,57.6451],[-4.4032,57.6095],[-4.4203,57.593],[-4.4285,57.5775],[-4.3799,57.5893],[-4.3651,57.5972],[-4.3287,57.6263],[-4.2831,57.6414],[-4.2445,57.663],[-4.2019,57.675],[-4.1822,57.6728],[-4.169,57.6638],[-4.1187,57.6577],[-4.0968,57.6581],[-4.0681,57.6723],[-4.0246,57.6872],[-4.0093,57.6885],[-4.0045,57.676],[-4.0253,57.6552],[-4.0542,57.6357],[-4.0834,57.6234],[-4.1186,57.593],[-4.105,57.5793],[-4.1514,57.5769],[-4.1706,57.5707],[-4.1875,57.5588],[-4.1781,57.5495],[-4.1849,57.5482],[-4.208,57.5521],[-4.2626,57.5521],[-4.2626,57.5446],[-4.234,57.5451],[-4.208,57.5384],[-4.2263,57.5154],[-4.2489,57.4975],[-4.1948,57.4916],[-4.1739,57.4975],[-4.1493,57.5179],[-4.1162,57.5218],[-4.083,57.5444],[-4.035,57.5569],[-4.0465,57.5679],[-4.0839,57.5861],[-4.056,57.5851],[-3.9643,57.593],[-3.8683,57.5879],[-3.8375,57.593],[-3.6848,57.6544],[-3.6252,57.6619],[-3.6326,57.6509],[-3.6456,57.6414],[-3.6325,57.6356],[-3.591,57.6414],[-3.6116,57.6681],[-3.5748,57.6611],[-3.5358,57.6619],[-3.5054,57.6787],[-3.496,57.6914],[-3.5017,57.7028],[-3.4919,57.7131],[-3.4607,57.7097],[-3.4092,57.7233],[-3.2847,57.7204],[-3.2101,57.694],[-3.0787,57.6694],[-3.0349,57.6686],[-2.9945,57.6755],[-2.9327,57.6996],[-2.9161,57.7028],[-2.758,57.7028],[-2.7512,57.7006],[-2.7411,57.6909],[-2.7311,57.6885],[-2.7035,57.6947],[-2.6929,57.6885],[-2.6589,57.6975],[-2.5734,57.6815],[-2.542,57.6824],[-2.5261,57.6686],[-2.5181,57.6701],[-2.5111,57.6778],[-2.498,57.6824],[-2.4801,57.6812],[-2.4329,57.6681],[-2.4255,57.6757],[-2.3981,57.6681],[-2.3605,57.6824],[-2.329,57.6741],[-2.3134,57.6899],[-2.2956,57.696],[-2.2743,57.6938],[-2.2301,57.6791],[-2.21,57.6755],[-2.1841,57.6785],[-2.1243,57.7028],[-2.1081,57.705],[-1.9977,57.7028],[-1.9908,57.6904],[-1.9735,57.6755],[-1.9613,57.6747],[-1.9447,57.6826],[-1.9325,57.6824],[-1.9142,57.6647],[-1.8295,57.6135],[-1.8205,57.5963],[-1.8114,57.5605],[-1.796,57.5446],[-1.8,57.5259],[-1.7895,57.5148],[-1.7611,57.4975],[-1.7754,57.4965],[-1.7821,57.489],[-1.7812,57.4804],[-1.7593,57.4736],[-1.7659,57.4674],[-1.7892,57.4564],[-1.8301,57.4262],[-1.8475,57.4081],[-1.85,57.3944],[-1.9545,57.3411],[-1.9803,57.3193],[-2.0447,57.2265],[-2.0685,57.1746],[-2.0741,57.1542],[-2.0714,57.1356],[-2.0524,57.1274],[-2.0493,57.1188],[-2.0658,57.0998],[-2.1562,57.0207],[-2.1869,56.9847],[-2.2001,56.9487],[-2.1863,56.9267],[-2.1864,56.9145],[-2.2097,56.8958],[-2.2199,56.8726],[-2.2346,56.8614],[-2.269,56.8463],[-2.3198,56.8016],[-2.3361,56.7908],[-2.3918,56.7712],[-2.4264,56.7513],[-2.4407,56.7348],[-2.4516,56.691],[-2.4774,56.6687],[-2.4875,56.6539],[-2.4806,56.6265],[-2.4862,56.6196],[-2.5041,56.6088],[-2.5146,56.5915],[-2.53,56.5808],[-2.6238,56.5434],[-2.6409,56.5224],[-2.6998,56.5036],[-2.7087,56.496],[-2.7277,56.4695],[-2.7373,56.467],[-2.7648,56.4757],[-3.0606,56.4517],[-3.0993,56.4419],[-3.1339,56.4269],[-3.2382,56.3677],[-3.2802,56.3579],[-3.3235,56.3659]]},"properties":{"name":"coast"}},{"type":"Feature","geometry":{"type":"LineString","coordinates":[[-4.5233,48.0227],[-4.5333,48.0263],[-4.572,48.0059],[-4.602,48.0256],[-4.653,48.0263],[-4.7281,48.0406],[-4.7165,48.0502],[-4.7008,48.0748],[-4.6837,48.0673],[-4.3619,48.1157],[-4.3048,48.1041],[-4.2899,48.1082],[-4.2757,48.1436],[-4.2802,48.1549],[-4.2943,48.1671],[-4.3024,48.1964],[-4.3158,48.2055],[-4.3661,48.2152],[-4.3724,48.22],[-4.3793,48.2324],[-4.4044,48.2261],[-4.4576,48.249],[-4.4855,48.2426],[-4.514,48.2021],[-4.5316,48.1831],[-4.5575,48.1772],[-4.5438,48.2051],[-4.5612,48.225],[-4.5636,48.2324],[-4.5587,48.2442],[-4.5472,48.2526],[-4.5541,48.2628],[-4.6263,48.2665],[-4.6237,48.277],[-4.6263,48.2871],[-4.6154,48.2911],[-4.5879,48.2871],[-4.5752,48.29],[-4.5729,48.2968],[-4.5773,48.3075],[-4.5595,48.3387],[-4.5467,48.3468],[-4.5301,48.3416],[-4.5432,48.3047],[-4.5155,48.2958],[-4.4265,48.3],[-4.402,48.2886],[-4.389,48.2871],[-4.3297,48.297],[-4.2626,48.3],[-4.2752,48.294],[-4.2899,48.2938],[-4.2694,48.2884],[-4.1875,48.3],[-4.1875,48.3075],[-4.2188,48.3061],[-4.2305,48.3099],[-4.2347,48.3217],[-4.244,48.3139],[-4.2577,48.3113],[-4.2702,48.3147],[-4.2757,48.3249],[-4.3247,48.3217],[-4.3163,48.3308],[-4.3036,48.3354],[-4.2985,48.3438],[-4.2694,48.3627],[-4.2863,48.3625],[-4.309,48.3515],[-4.3247,48.3485],[-4.3247,48.3553],[-4.3173,48.3553],[-4.3173,48.3627],[-4.3247,48.3627],[-4.3377,48.3485],[-4.3526,48.3527],[-4.3842,48.3381],[-4.4066,48.3354],[-4.3992,48.3416],[-4.4066,48.3485],[-4.4265,48.3389],[-4.4537,48.3354],[-4.4537,48.3416],[-4.3966,48.3878],[-4.2899,48.4316],[-4.359,48.4111],[-4.4265,48.4037],[-4.4575,48.3948],[-4.5206,48.3683],[-4.5696,48.3603],[-4.5994,48.3502],[-4.6189,48.3485],[-4.6905,48.3627],[-4.6941,48.3594],[-4.6957,48.345],[-4.7045,48.3416],[-4.755,48.342],[-4.7684,48.3454],[-4.7772,48.3556],[-4.7834,48.3764],[-4.7648,48.3776],[-4.7663,48.3904],[-4.7834,48.4174],[-4.7849,48.4362],[-4.7799,48.4549],[-4.7681,48.4687],[-4.7493,48.4726],[-4.7493,48.4788],[-4.7746,48.4913],[-4.7646,48.5202],[-4.722,48.5682],[-4.7008,48.5607],[-4.7082,48.5682],[-4.6923,48.5755],[-4.6425,48.5819],[-4.623,48.5782],[-4.5898,48.5657],[-4.5773,48.5682],[-4.6005,48.5893],[-4.6077,48.603],[-4.5946,48.6091],[-4.5488,48.6012],[-4.5301,48.6017],[-4.5575,48.6091],[-4.5526,48.6165],[-4.5636,48.6234],[-4.5636,48.6296],[-4.4855,48.6296],[-4.4629,48.6323],[-4.4298,48.6428],[-4.4066,48.6433],[-4.4265,48.6501],[-4.4265,48.6575],[-4.3981,48.661],[-4.3433,48.6789],[-4.3173,48.678],[-4.2991,48.6636],[-4.3065,48.6415],[-4.2831,48.6433],[-4.2421,48.6575],[-4.2071,48.65],[-4.1938,48.6501],[-4.1938,48.6575],[-4.213,48.6612],[-4.2078,48.6714],[-4.1739,48.6911],[-4.1315,48.6992],[-4.1087,48.6981],[-4.0907,48.6911],[-4.0848,48.6972],[-4.0793,48.6969],[-4.0702,48.6849],[-4.064,48.6849],[-4.0533,48.6955],[-4.0526,48.7031],[-4.0565,48.7121],[-3.974,48.7328],[-3.9678,48.7296],[-3.9739,48.7128],[-3.9727,48.7077],[-3.961,48.7047],[-3.961,48.6986],[-3.9678,48.6986],[-3.9678,48.6911],[-3.9578,48.6868],[-3.951,48.6794],[-3.9495,48.6693],[-3.9547,48.6575],[-3.9266,48.6762],[-3.9119,48.6812],[-3.892,48.678],[-3.9063,48.6706],[-3.9063,48.6644],[-3.8942,48.6536],[-3.8647,48.641],[-3.8517,48.6296],[-3.8443,48.6365],[-3.8517,48.6433],[-3.8443,48.6501],[-3.8524,48.6645],[-3.8579,48.6849],[-3.8517,48.6849],[-3.8375,48.6706],[-3.8401,48.6881],[-3.8371,48.7073],[-3.8293,48.7185],[-3.817,48.7121],[-3.8105,48.7215],[-3.8101,48.7332],[-3.7971,48.7212],[-3.7784,48.7174],[-3.7319,48.719],[-3.6866,48.6986],[-3.6382,48.7047],[-3.6385,48.6878],[-3.614,48.6827],[-3.5848,48.6828],[-3.5705,48.688],[-3.5845,48.7264],[-3.5805,48.7332],[-3.5283,48.7395],[-3.5428,48.7457],[-3.5774,48.7742],[-3.5815,48.7906],[-3.5714,48.7991],[-3.5426,48.8078],[-3.5153,48.8419],[-3.4998,48.837],[-3.4681,48.8357],[-3.4336,48.8222],[-3.4197,48.8214],[-3.4333,48.8078],[-3.3976,48.8073],[-3.3718,48.8225],[-3.2875,48.8435],[-3.2758,48.8494],[-3.2595,48.8477],[-3.2297,48.8723],[-3.2136,48.8698],[-3.2071,48.8554],[-3.2078,48.8359],[-3.215,48.8179],[-3.2279,48.8078],[-3.2205,48.7941],[-3.2169,48.8068],[-3.2087,48.8164],[-3.1788,48.841],[-3.1454,48.8624],[-3.135,48.8592],[-3.1164,48.8741],[-3.1037,48.8767],[-3.0915,48.8713],[-3.0843,48.8622],[-3.0837,48.8517],[-3.0907,48.8419],[-3.0907,48.8357],[-3.0771,48.8283],[-3.0846,48.8201],[-3.0975,48.7941],[-3.1255,48.7674],[-3.1255,48.76],[-3.118,48.76],[-3.085,48.805],[-3.0655,48.824],[-3.0492,48.8214],[-3.0287,48.8288],[-3.0082,48.8214],[-3.0157,48.8146],[-3.0094,48.8137],[-3.0082,48.8078],[-3.0424,48.7941],[-3.0424,48.7879],[-3.0293,48.7805],[-3.0037,48.7739],[-2.953,48.7723],[-2.9331,48.7674],[-2.9331,48.7463],[-2.9467,48.7395],[-2.9467,48.7332],[-2.914,48.7165],[-2.8987,48.7048],[-2.8921,48.6948],[-2.827,48.6575],[-2.8114,48.6146],[-2.8164,48.6049],[-2.813,48.5986],[-2.7711,48.5792],[-2.714,48.5607],[-2.721,48.5446],[-2.7345,48.534],[-2.7131,48.5301],[-2.6824,48.509],[-2.6802,48.5328],[-2.6761,48.5402],[-2.6363,48.5388],[-2.62,48.5436],[-2.6007,48.5576],[-2.5694,48.5887],[-2.4736,48.626],[-2.4595,48.6365],[-2.4595,48.6433],[-2.4875,48.6501],[-2.4429,48.6591],[-2.4211,48.657],[-2.4123,48.6433],[-2.3862,48.6501],[-2.3561,48.6633],[-2.33,48.6804],[-2.3161,48.6986],[-2.3125,48.687],[-2.3053,48.6796],[-2.2952,48.6766],[-2.282,48.678],[-2.282,48.6706],[-2.2894,48.6666],[-2.3024,48.6501],[-2.3303,48.6296],[-2.3127,48.6202],[-2.294,48.6286],[-2.2736,48.6426],[-2.251,48.6501],[-2.2462,48.6447],[-2.2373,48.6159],[-2.2259,48.6124],[-2.2192,48.6037],[-2.2137,48.5819],[-2.2028,48.5859],[-2.1955,48.5935],[-2.1921,48.6037],[-2.1926,48.6159],[-2.183,48.5888],[-2.1741,48.583],[-2.1591,48.5887],[-2.1591,48.5954],[-2.1721,48.6017],[-2.161,48.613],[-2.1493,48.6189],[-2.137,48.618],[-2.1243,48.6091],[-2.1366,48.6221],[-2.1448,48.6365],[-2.1002,48.6469],[-2.0524,48.6501],[-2.0287,48.6197],[-2.022,48.5989],[-2.0133,48.5916],[-2.0009,48.5887],[-2.0083,48.575],[-1.9825,48.549],[-1.9764,48.5356],[-1.9803,48.5136],[-1.9394,48.534],[-1.9673,48.5471],[-1.9619,48.5549],[-1.9766,48.5727],[-1.9803,48.5887],[-1.9735,48.5887],[-1.953,48.575],[-1.9604,48.5866],[-1.9694,48.5928],[-1.9911,48.5954],[-2.0005,48.6013],[-2.0287,48.6433],[-2.0181,48.6603],[-2.0066,48.6676],[-1.9877,48.6738],[-1.9859,48.6879],[-1.977,48.6911],[-1.9394,48.6911],[-1.9456,48.6986],[-1.8437,48.7121],[-1.8469,48.7034],[-1.8363,48.6911],[-1.8612,48.6642],[-1.861,48.6409],[-1.8382,48.6238],[-1.796,48.6159],[-1.7228,48.6153],[-1.644,48.6234],[-1.5957,48.6409],[-1.5797,48.6433],[-1.5006,48.6365],[-1.3931,48.6524],[-1.3566,48.6433],[-1.3723,48.6606],[-1.3946,48.6683],[-1.4329,48.6706],[-1.4377,48.6645],[-1.4433,48.6628],[-1.4471,48.6739],[-1.4558,48.6834],[-1.4902,48.6901],[-1.5027,48.6955],[-1.508,48.7016],[-1.5165,48.7252],[-1.5536,48.7471],[-1.5621,48.7708],[-1.5626,48.7985],[-1.5668,48.8222],[-1.5788,48.8378],[-1.6029,48.8419],[-1.6029,48.8494],[-1.5891,48.8536],[-1.5785,48.8626],[-1.5718,48.8742],[-1.5637,48.9221],[-1.557,48.9323],[-1.5484,48.9238],[-1.5428,48.9352],[-1.542,48.9441],[-1.547,48.9497],[-1.559,48.9518],[-1.5631,48.9576],[-1.5522,49.0154],[-1.5458,49.0303],[-1.5323,49.0351],[-1.508,49.0275],[-1.508,49.0337],[-1.5273,49.0398],[-1.5497,49.0398],[-1.5684,49.0327],[-1.5795,49.0132],[-1.5936,49.029],[-1.5967,49.0374],[-1.5959,49.0613],[-1.5893,49.0821],[-1.6034,49.084],[-1.6088,49.0915],[-1.6077,49.1027],[-1.5959,49.1285],[-1.5695,49.1435],[-1.5818,49.1498],[-1.5893,49.1435],[-1.6045,49.1782],[-1.6104,49.2159],[-1.6027,49.2254],[-1.5845,49.2263],[-1.5484,49.2193],[-1.5484,49.2255],[-1.5953,49.2379],[-1.6169,49.2382],[-1.6247,49.2193],[-1.6405,49.2315],[-1.6571,49.2684],[-1.6719,49.2801],[-1.6582,49.2875],[-1.6869,49.3024],[-1.6991,49.3135],[-1.7067,49.3292],[-1.6862,49.3292],[-1.6862,49.3354],[-1.6991,49.3559],[-1.7067,49.3559],[-1.7148,49.3385],[-1.7333,49.3463],[-1.7557,49.3625],[-1.7755,49.3701],[-1.768,49.3837],[-1.8068,49.3769],[-1.8165,49.3837],[-1.8196,49.3968],[-1.8158,49.4309],[-1.8194,49.4521],[-1.8382,49.4758],[-1.8437,49.4936],[-1.8847,49.5309],[-1.8784,49.5449],[-1.8502,49.5617],[-1.8437,49.5718],[-1.8395,49.6198],[-1.8606,49.6548],[-1.8695,49.6617],[-1.9016,49.6658],[-1.9456,49.678],[-1.9377,49.7016],[-1.9396,49.7165],[-1.9352,49.7241],[-1.9084,49.7264],[-1.8673,49.7127],[-1.8394,49.7154],[-1.8246,49.7084],[-1.8165,49.6916],[-1.796,49.6916],[-1.774,49.6867],[-1.7078,49.6802],[-1.633,49.6635],[-1.6172,49.6643],[-1.6139,49.6522],[-1.6067,49.6501],[-1.5973,49.6523],[-1.5837,49.6621],[-1.5729,49.6643],[-1.5404,49.6578],[-1.5284,49.6575],[-1.5115,49.6625],[-1.4959,49.6722],[-1.4701,49.6951],[-1.4557,49.7022],[-1.4095,49.7116],[-1.3913,49.7127],[-1.2631,49.6955],[-1.2541,49.6718],[-1.2322,49.6414],[-1.2278,49.6241],[-1.2533,49.6123],[-1.264,49.5893],[-1.2862,49.5889],[-1.3014,49.5818],[-1.3063,49.5581],[-1.2936,49.5384],[-1.2765,49.5207],[-1.2616,49.4931],[-1.1853,49.4304],[-1.1757,49.4152],[-1.1722,49.3934],[-1.1742,49.3824],[-1.1852,49.3664],[-1.182,49.3562],[-1.1517,49.3627],[-1.1229,49.3454],[-1.1034,49.349],[-1.1034,49.3559],[-1.1138,49.3658],[-1.1064,49.3795],[-1.0896,49.3915],[-1.0723,49.3968],[-0.9404,49.3923],[-0.8221,49.3627],[-0.6508,49.3559],[-0.608,49.3474],[-0.5834,49.3459],[-0.5469,49.359],[-0.5225,49.3553],[-0.4795,49.3428],[-0.4111,49.3428],[-0.3634,49.325],[-0.3131,49.3173],[-0.2195,49.2801],[-0.1941,49.2952],[-0.0338,49.3201],[0.0129,49.3346],[0.0403,49.3504],[0.0631,49.3545],[0.072,49.3593],[0.096,49.3837],[0.1624,49.4152],[0.4113,49.4521],[0.4573,49.4674],[0.4766,49.4787],[0.4932,49.4936],[0.4221,49.4644],[0.3396,49.4567],[0.2568,49.4641],[0.1853,49.48],[0.1473,49.4809],[0.1244,49.4858],[0.1044,49.4936],[0.0928,49.5093],[0.0786,49.5155],[0.0754,49.5241],[0.0797,49.5422],[0.1309,49.6035],[0.1709,49.6916],[0.1859,49.7032],[0.2359,49.7293],[0.2468,49.7294],[0.2568,49.7359],[0.3875,49.7751],[0.3976,49.7844],[0.5228,49.833],[0.5574,49.8398],[0.5967,49.8572],[0.6748,49.8758],[0.7609,49.8751],[1.1726,49.961],[1.197,49.9736],[1.2212,49.979],[1.261,50.0075],[1.3913,50.0752],[1.4558,50.1236],[1.4645,50.1321],[1.4868,50.185],[1.521,50.2147],[1.5553,50.2177],[1.6543,50.1866],[1.6641,50.1871],[1.6725,50.1925],[1.6725,50.1994],[1.6553,50.2005],[1.6445,50.2124],[1.665,50.2124],[1.665,50.2198],[1.6255,50.2243],[1.61,50.2322],[1.5939,50.2563],[1.5511,50.2697],[1.5415,50.2779],[1.5431,50.31],[1.5515,50.3491],[1.572,50.3757],[1.6104,50.3707],[1.6104,50.3769],[1.5552,50.4048],[1.5552,50.4116],[1.5735,50.4454],[1.5742,50.4924],[1.5793,50.5331],[1.6104,50.5482],[1.5833,50.5747],[1.5779,50.5886],[1.5736,50.6356],[1.5632,50.6783],[1.5627,50.699],[1.5676,50.7167],[1.5887,50.7563],[1.6001,50.771],[1.6056,50.79],[1.5993,50.8129],[1.5832,50.8498],[1.5806,50.8688],[1.6048,50.881],[1.6533,50.8891],[1.6991,50.9256],[1.7298,50.9439],[1.9214,50.9968],[1.9393,50.9945],[1.9735,51.0071],[2.134,51.02],[2.3161,51.059],[2.3845,51.0553],[2.4661,51.0688],[2.5067,51.0808],[2.542,51.0969],[2.5799,51.1048],[2.7157,51.1695],[2.9236,51.2465],[3.1248,51.3297],[3.5109,51.4079],[3.5257,51.4156],[3.5414,51.4167],[3.6047,51.3911],[3.7022,51.3736],[3.7342,51.3558],[3.7555,51.3501],[3.7959,51.3501],[3.834,51.3432],[3.8582,51.3454],[3.9558,51.3718],[3.9692,51.3817],[3.9746,51.4016],[3.9841,51.4105],[4.0057,51.4098],[4.0435,51.3985],[4.0613,51.3767],[4.0702,51.3706],[4.1055,51.3661],[4.1219,51.3594],[4.1565,51.3576],[4.18,51.3774],[4.1996,51.376],[4.2222,51.3677],[4.2411,51.3566],[4.249,51.3467],[4.2561,51.3284],[4.2908,51.3059]]},"properties":{"name":"coast"}},{"type":"Feature","geometry":{"type":"LineString","coordinates":[[4.2987,51.2696],[4.2967,51.2676]]},"properties":{"name":"coast"}},{"type":"Feature","geometry":{"type":"LineString","coordinates":[[4.2971,51.3052],[4.2893,51.3091],[4.2854,51.318],[4.2861,51.3397],[4.2831,51.3501],[4.2571,51.3725],[4.249,51.3842],[4.2449,51.4145],[4.2347,51.419],[4.223,51.4095],[4.201,51.4053],[4.1111,51.407],[4.0702,51.419],[4.0151,51.4489],[3.9988,51.4531],[3.957,51.4558],[3.9431,51.4504],[3.9021,51.4049],[3.8867,51.3998],[3.8508,51.3974],[3.8272,51.3911],[3.8164,51.3941],[3.7891,51.4122],[3.7288,51.4308],[3.6897,51.4543],[3.674,51.4554],[3.6326,51.4457],[3.61,51.4451],[3.5534,51.4531],[3.5354,51.4592],[3.4948,51.5009],[3.4619,51.519],[3.451,51.5297],[3.447,51.546],[3.4575,51.5551],[3.5604,51.5946],[3.8289,51.6127],[3.8511,51.6108],[3.8822,51.5961],[3.8965,51.5838],[3.9058,51.5692],[3.8716,51.5556],[3.8716,51.5494],[3.9673,51.5431],[4.0159,51.5308],[4.0571,51.5084],[4.0703,51.4927],[4.09,51.4582],[4.1048,51.4457],[4.1288,51.4414],[4.1808,51.4459],[4.2005,51.4395],[4.2202,51.4435],[4.2528,51.4425],[4.2832,51.4477],[4.2967,51.4705],[4.2886,51.4921],[4.2678,51.5083],[4.2398,51.5185],[4.1947,51.5236],[4.1533,51.5351],[4.0913,51.5351],[4.0672,51.544],[3.9881,51.5903],[4.0412,51.606],[4.0677,51.6107],[4.1572,51.6079],[4.1834,51.6029],[4.2073,51.5903],[4.2026,51.6091],[4.19,51.6167],[4.136,51.6204],[4.118,51.6307],[4.113,51.6394],[4.1096,51.6623],[4.1126,51.6708],[4.1257,51.6796],[4.1429,51.6841],[4.1769,51.6859],[4.1411,51.7039],[4.0715,51.7172],[4.0571,51.7303],[4.0508,51.7635],[4.0339,51.7842],[3.9815,51.81],[3.9626,51.8012],[3.9372,51.7963],[3.9114,51.7964],[3.8919,51.793],[3.8882,51.7889],[3.8716,51.7883],[3.8623,51.8161],[3.8914,51.8283],[3.9541,51.8402],[3.9627,51.8474],[3.9822,51.8483],[4.0156,51.8436],[4.0476,51.8337],[4.0654,51.8371],[4.0776,51.8436],[4.0446,51.8745],[4.0321,51.882],[4.0298,51.8883],[4.032,51.8961],[4.0435,51.9087],[4.0402,51.9241],[4.01,51.9801],[4.0156,51.9877],[4.0225,51.9944],[4.069,51.9879],[4.1077,51.9919],[4.1419,52.0056],[4.2847,52.1129]]},"properties":{"name":"coast"}},{"type":"Feature","geometry":{"type":"LineString","coordinates":[[-5.0503,48.4788],[-5.069,48.4851],[-5.0918,48.4808],[-5.1328,48.4652],[-5.1328,48.4583],[-5.1074,48.4634],[-5.0978,48.4613],[-5.0919,48.4515],[-5.1055,48.4515],[-5.1055,48.4446],[-5.088,48.4472],[-5.0366,48.4652],[-5.0366,48.4726],[-5.043,48.472],[-5.0503,48.4788]]},"properties":{"name":"coast"}},{"type":"Feature","geometry":{"type":"LineString","coordinates":[[-2.0827,49.2602],[-2.1039,49.2582],[-2.1107,49.2534],[-2.1438,49.2619],[-2.1517,49.267],[-2.1827,49.2541],[-2.1963,49.2534],[-2.2294,49.263],[-2.2411,49.2602],[-2.242,49.248],[-2.2265,49.206],[-2.2336,49.1845],[-2.2234,49.1847],[-2.2001,49.192],[-2.1687,49.1783],[-2.1529,49.1999],[-2.1448,49.2056],[-2.1379,49.2056],[-2.1202,49.1992],[-2.097,49.1837],[-2.08,49.1787],[-2.0492,49.1783],[-2.0245,49.1713],[-2.021,49.2008],[-2.0083,49.2125],[-2.022,49.2255],[-2.0207,49.2353],[-2.0679,49.2507],[-2.0827,49.2602]]},"properties":{"name":"coast"}},{"type":"Feature","geometry":{"type":"LineString","coordinates":[[-2.5802,49.4936],[-2.6246,49.4657],[-2.6503,49.4637],[-2.6566,49.4594],[-2.6518,49.4452],[-2.663,49.4438],[-2.6735,49.4335],[-2.6693,49.4309],[-2.5731,49.4309],[-2.5521,49.4267],[-2.542,49.4309],[-2.5328,49.4389],[-2.5221,49.48],[-2.5058,49.498],[-2.5017,49.5067],[-2.5182,49.5155],[-2.5802,49.4936]]},"properties":{"name":"coast"}},{"type":"Feature","geometry":{"type":"LineString","coordinates":[[-1.0828,50.7133],[-1.097,50.7133],[-1.097,50.727],[-1.1091,50.7329],[-1.1443,50.7338],[-1.2958,50.7732],[-1.3185,50.7722],[-1.3435,50.7611],[-1.3776,50.7342],[-1.4009,50.722],[-1.4254,50.7201],[-1.4187,50.7338],[-1.5059,50.7077],[-1.5453,50.6861],[-1.5695,50.658],[-1.5351,50.6694],[-1.4974,50.6723],[-1.4528,50.6543],[-1.446,50.6481],[-1.3155,50.5892],[-1.2792,50.5825],[-1.1684,50.6035],[-1.165,50.6082],[-1.1647,50.6409],[-1.1564,50.6508],[-1.1287,50.6664],[-1.0753,50.6785],[-1.067,50.6852],[-1.0623,50.6853],[-1.0623,50.6928],[-1.0828,50.7133]]},"properties":{"name":"coast"}},{"type":"Feature","geometry":{"type":"LineString","coordinates":[[-0.9599,50.8083],[-0.9514,50.8124],[-0.9478,50.8178],[-0.9503,50.8238],[-0.9599,50.8293],[-0.9726,50.8298],[-0.9987,50.801],[-1.0207,50.7952],[-1.0207,50.7884],[-0.9388,50.781],[-0.9388,50.7884],[-0.9599,50.8021],[-0.9599,50.8083]]},"properties":{"name":"coast"}},{"type":"Feature","geometry":{"type":"LineString","coordinates":[[0.9115,51.4122],[0.8908,51.421],[0.7669,51.4479],[0.7539,51.4457],[0.7468,51.4396],[0.7339,51.4122],[0.7576,51.3864],[0.7751,51.3753],[0.7948,51.3706],[0.9115,51.3644],[0.9364,51.371],[0.9421,51.383],[0.9325,51.3977],[0.9115,51.4122]]},"properties":{"name":"coast"}},{"type":"Feature","geometry":{"type":"LineString","coordinates":[[4.0366,51.6859],[3.978,51.7303],[3.9618,51.7381],[3.9396,51.7412],[3.8438,51.7428],[3.8306,51.7473],[3.8142,51.7482],[3.7258,51.7397],[3.6895,51.725],[3.6867,51.6927],[3.7,51.6806],[3.7206,51.6768],[3.7654,51.6784],[3.7959,51.7001],[3.8093,51.6995],[3.8306,51.6859],[3.8698,51.6761],[3.8856,51.6684],[3.9015,51.642],[3.9231,51.6325],[3.9603,51.6238],[3.978,51.6233],[4.0549,51.6326],[4.089,51.644],[4.0994,51.6541],[4.0973,51.6702],[4.0784,51.6786],[4.0366,51.6859]]},"properties":{"name":"coast"}},{"type":"Feature","geometry":{"type":"LineString","coordinates":[[-9.6627,53.2755],[-9.6715,53.2807],[-9.6847,53.2824],[-9.6989,53.2807],[-9.7104,53.2755],[-9.7201,53.2661],[-9.7104,53.2386],[-9.6924,53.2264],[-9.6583,53.2327],[-9.6383,53.251],[-9.6627,53.2755]]},"properties":{"name":"coast"}},{"type":"Feature","geometry":{"type":"LineString","coordinates":[[-4.5773,53.272],[-4.5809,53.2855],[-4.5904,53.2976],[-4.6263,53.3209],[-4.6557,53.3198],[-4.6673,53.3239],[-4.694,53.3096],[-4.694,53.3028],[-4.6767,53.2851],[-4.6326,53.2829],[-4.6024,53.2531],[-4.5819,53.242],[-4.5719,53.2395],[-4.5636,53.2419],[-4.5585,53.2528],[-4.5773,53.272]]},"properties":{"name":"coast"}},{"type":"Feature","geometry":{"type":"LineString","coordinates":[[-4.0981,53.3096],[-4.122,53.3171],[-4.1425,53.3028],[-4.1906,53.2966],[-4.2032,53.2985],[-4.2148,53.3239],[-4.2352,53.3401],[-4.2347,53.3581],[-4.2669,53.369],[-4.2767,53.401],[-4.3247,53.4195],[-4.4254,53.4267],[-4.5535,53.4006],[-4.571,53.3928],[-4.5609,53.3778],[-4.5587,53.3633],[-4.5653,53.293],[-4.571,53.2829],[-4.571,53.2755],[-4.5531,53.2619],[-4.5199,53.2228],[-4.4996,53.2112],[-4.4951,53.1965],[-4.4954,53.1799],[-4.4817,53.1799],[-4.4486,53.1625],[-4.4476,53.1594],[-4.4329,53.1629],[-4.4109,53.1822],[-4.3957,53.1867],[-4.3851,53.1824],[-4.3904,53.1731],[-4.412,53.1556],[-4.4143,53.1378],[-4.4128,53.1321],[-4.4066,53.1306],[-4.3924,53.1383],[-4.3667,53.1314],[-4.3439,53.1321],[-4.2801,53.155],[-4.2646,53.1669],[-4.2294,53.1822],[-4.222,53.1821],[-4.2204,53.2015],[-4.1955,53.2203],[-4.172,53.2314],[-4.1467,53.2391],[-4.122,53.2419],[-4.0981,53.2501],[-4.0634,53.2893],[-4.0429,53.3028],[-4.055,53.3085],[-4.0689,53.3104],[-4.0981,53.3096]]},"properties":{"name":"coast"}},{"type":"Feature","geometry":{"type":"LineString","coordinates":[[-9.9636,53.9538],[-9.9636,53.9614],[-9.9547,53.9733],[-9.9569,53.9892],[-9.9363,53.9892],[-9.9569,54.016],[-9.9759,54.0211],[-10.0632,54.0228],[-10.1089,54.0046],[-10.1344,54.0003],[-10.1561,54.016],[-10.1736,54.0084],[-10.1896,54.016],[-10.2015,53.9962],[-10.2185,53.986],[-10.2659,53.9818],[-10.2659,53.975],[-10.2395,53.9747],[-10.1902,53.9635],[-10.1628,53.9614],[-10.0872,53.9714],[-10.0666,53.9676],[-10.0558,53.9588],[-10.0546,53.9495],[-10.0598,53.9235],[-10.0555,53.9137],[-10.0183,53.9129],[-9.9768,53.8869],[-9.958,53.8806],[-9.9363,53.8925],[-9.9402,53.906],[-9.9374,53.9235],[-9.9307,53.9393],[-9.9227,53.9471],[-9.9227,53.9538],[-9.9307,53.9591],[-9.9405,53.9599],[-9.9636,53.9538]]},"properties":{"name":"coast"}},{"type":"Feature","geometry":{"type":"LineString","coordinates":[[-4.6121,54.057],[-4.5989,54.0839],[-4.5909,54.0911],[-4.5498,54.1007],[-4.5293,54.1191],[-4.4746,54.1408],[-4.4755,54.1531],[-4.4469,54.1691],[-4.4126,54.1801],[-4.3908,54.1947],[-4.3992,54.2221],[-4.3656,54.2351],[-4.3483,54.2595],[-4.3408,54.263],[-4.3267,54.2803],[-4.3119,54.2872],[-4.3132,54.2956],[-4.3247,54.3102],[-4.3582,54.3176],[-4.3756,54.3483],[-4.3776,54.3619],[-4.3513,54.4138],[-4.3678,54.419],[-4.4044,54.4097],[-4.442,54.4044],[-4.4954,54.3859],[-4.531,54.3661],[-4.5546,54.3392],[-4.5984,54.2766],[-4.664,54.2335],[-4.6881,54.2238],[-4.7103,54.2206],[-4.7145,54.2003],[-4.7238,54.1855],[-4.7277,54.1726],[-4.7281,54.1426],[-4.7372,54.1249],[-4.7709,54.0968],[-4.7697,54.0775],[-4.7902,54.0712],[-4.7902,54.0638],[-4.7662,54.0592],[-4.726,54.079],[-4.7045,54.0849],[-4.6897,54.0815],[-4.671,54.067],[-4.6564,54.0638],[-4.6313,54.0706],[-4.6208,54.0696],[-4.6121,54.057]]},"properties":{"name":"coast"}},{"type":"Feature","geometry":{"type":"LineString","coordinates":[[-8.5249,55.0097],[-8.5364,55.0166],[-8.5522,55.0097],[-8.5454,55.0029],[-8.5658,54.9954],[-8.5627,54.9864],[-8.5658,54.9755],[-8.5493,54.9684],[-8.5274,54.9675],[-8.484,54.9755],[-8.4882,54.9918],[-8.4966,55.0007],[-8.5249,55.0097]]},"properties":{"name":"coast"}},{"type":"Feature","geometry":{"type":"LineString","coordinates":[[-6.2364,55.3113],[-6.2615,55.3075],[-6.2836,55.2971],[-6.2111,55.2953],[-6.188,55.284],[-6.1918,55.2794],[-6.1948,55.2629],[-6.1781,55.2806],[-6.1719,55.2932],[-6.1743,55.3039],[-6.2364,55.3113]]},"properties":{"name":"coast"}},{"type":"Feature","geometry":{"type":"LineString","coordinates":[[-5.0708,55.5093],[-5.1197,55.5236],[-5.1252,55.5369],[-5.0919,55.5441],[-5.0942,55.5666],[-5.1374,55.592],[-5.126,55.6055],[-5.146,55.655],[-5.16,55.6762],[-5.1807,55.6949],[-5.1983,55.7043],[-5.2632,55.7228],[-5.2974,55.7228],[-5.2905,55.7086],[-5.3243,55.705],[-5.3552,55.6896],[-5.3794,55.6681],[-5.3929,55.6466],[-5.3979,55.6142],[-5.3891,55.5902],[-5.3457,55.5503],[-5.3594,55.5373],[-5.3594,55.5305],[-5.3462,55.496],[-5.3457,55.4827],[-5.3047,55.4621],[-5.2631,55.4472],[-5.2174,55.438],[-5.1636,55.4349],[-5.1178,55.4398],[-5.092,55.4461],[-5.0782,55.4553],[-5.0808,55.4717],[-5.0911,55.4873],[-5.093,55.5004],[-5.0708,55.5093]]},"properties":{"name":"coast"}},{"type":"Feature","geometry":{"type":"LineString","coordinates":[[-5.0298,55.7495],[-5.0128,55.7684],[-5.0115,55.7745],[-5.0218,55.8056],[-5.0381,55.8324],[-5.0503,55.8458],[-5.0752,55.8569],[-5.0809,55.8796],[-5.1055,55.8867],[-5.136,55.906],[-5.1669,55.9208],[-5.1995,55.9111],[-5.2008,55.8955],[-5.1807,55.8628],[-5.1742,55.8554],[-5.1396,55.842],[-5.1376,55.829],[-5.126,55.801],[-5.1156,55.7844],[-5.0503,55.7495],[-5.0385,55.7319],[-5.0288,55.7233],[-5.0162,55.7228],[-5.0094,55.7293],[-5.0113,55.7377],[-5.019,55.7453],[-5.0298,55.7495]]},"properties":{"name":"coast"}},{"type":"Feature","geometry":{"type":"LineString","coordinates":[[-6.0304,55.7291],[-6.0466,55.7335],[-6.0583,55.7427],[-6.0498,55.7663],[-6.0791,55.7815],[-6.0931,55.7917],[-6.0992,55.801],[-6.1024,55.8312],[-6.116,55.8868],[-6.1202,55.9294],[-6.1301,55.9394],[-6.1401,55.9414],[-6.1622,55.9285],[-6.2043,55.9166],[-6.2291,55.8973],[-6.2648,55.8854],[-6.297,55.8672],[-6.3184,55.8449],[-6.3109,55.8184],[-6.3232,55.8205],[-6.3307,55.8278],[-6.3382,55.8458],[-6.3382,55.852],[-6.3259,55.8804],[-6.3183,55.8867],[-6.3314,55.89],[-6.3545,55.8774],[-6.4091,55.8636],[-6.4452,55.8488],[-6.4528,55.8409],[-6.4567,55.8126],[-6.4608,55.8032],[-6.4822,55.7905],[-6.4486,55.7768],[-6.4932,55.7392],[-6.5039,55.7228],[-6.4897,55.7154],[-6.5024,55.6977],[-6.5035,55.6813],[-6.491,55.6718],[-6.463,55.6745],[-6.4186,55.7096],[-6.3866,55.7223],[-6.349,55.7734],[-6.3287,55.7831],[-6.3004,55.7858],[-6.2718,55.783],[-6.25,55.7768],[-6.2955,55.7519],[-6.321,55.7335],[-6.3252,55.7154],[-6.2771,55.704],[-6.2648,55.6955],[-6.2432,55.6601],[-6.2975,55.6425],[-6.3192,55.6282],[-6.3252,55.6055],[-6.3112,55.5832],[-6.2873,55.5784],[-6.2619,55.5838],[-6.227,55.6018],[-6.2228,55.6055],[-6.2153,55.6267],[-6.2025,55.6306],[-6.16,55.6267],[-6.1319,55.6318],[-6.1055,55.6402],[-6.0824,55.6521],[-6.0644,55.6676],[-6.0583,55.6601],[-6.0457,55.6743],[-6.0235,55.6819],[-6.0235,55.6881],[-6.0323,55.7064],[-6.0304,55.7291]]},"properties":{"name":"coast"}},{"type":"Feature","geometry":{"type":"LineString","coordinates":[[-6.2057,56.1027],[-6.2327,56.0816],[-6.2543,56.0446],[-6.2699,56.0375],[-6.2492,56.0313],[-6.2217,56.0308],[-6.1943,56.0353],[-6.1743,56.0438],[-6.1772,56.0615],[-6.1656,56.0815],[-6.1334,56.1126],[-6.138,56.1247],[-6.1494,56.1249],[-6.1818,56.1195],[-6.1743,56.1064],[-6.1826,56.1026],[-6.1982,56.1063],[-6.2057,56.1027]]},"properties":{"name":"coast"}},{"type":"Feature","geometry":{"type":"LineString","coordinates":[[-5.7976,56.1126],[-5.8737,56.0701],[-5.904,56.0648],[-5.9244,56.056],[-5.9552,56.0347],[-5.9833,56.0089],[-5.9956,55.986],[-5.9807,55.9699],[-5.8863,55.9761],[-5.9191,55.9604],[-5.9974,55.9517],[-6.0431,55.928],[-6.0752,55.916],[-6.085,55.9003],[-6.0869,55.883],[-6.0781,55.8349],[-6.0624,55.8095],[-6.0266,55.7961],[-5.9875,55.7946],[-5.9621,55.8048],[-5.9454,55.8586],[-5.9381,55.8663],[-5.9215,55.8713],[-5.8968,55.8889],[-5.8863,55.8867],[-5.8645,55.9267],[-5.7802,56.0207],[-5.7402,56.0765],[-5.6893,56.1118],[-5.688,56.1241],[-5.6945,56.1474],[-5.7159,56.1531],[-5.7465,56.1418],[-5.7976,56.1126]]},"properties":{"name":"coast"}},{"type":"Feature","geometry":{"type":"LineString","coordinates":[[-5.6883,56.2021],[-5.7384,56.1775],[-5.7491,56.1611],[-5.6942,56.1686],[-5.6737,56.1789],[-5.6809,56.1946],[-5.6883,56.2021]]},"properties":{"name":"coast"}},{"type":"Feature","geometry":{"type":"LineString","coordinates":[[-5.6331,56.2635],[-5.6453,56.2559],[-5.6564,56.232],[-5.6667,56.2225],[-5.6476,56.1954],[-5.6374,56.1893],[-5.6282,56.2205],[-5.6106,56.2494],[-5.6126,56.2635],[-5.618,56.2581],[-5.623,56.2576],[-5.6331,56.2635]]},"properties":{"name":"coast"}},{"type":"Feature","geometry":{"type":"LineString","coordinates":[[-5.6331,56.3188],[-5.6467,56.2988],[-5.6403,56.2828],[-5.6217,56.2761],[-5.599,56.2839],[-5.6053,56.2969],[-5.5904,56.3136],[-5.5846,56.3256],[-5.5979,56.3218],[-5.6208,56.3242],[-5.6331,56.3188]]},"properties":{"name":"coast"}},{"type":"Feature","geometry":{"type":"LineString","coordinates":[[-5.558,56.4143],[-5.574,56.4029],[-5.5846,56.387],[-5.558,56.3865],[-5.5362,56.3922],[-5.5181,56.4039],[-5.5028,56.4211],[-5.5124,56.4154],[-5.5265,56.4136],[-5.558,56.4143]]},"properties":{"name":"coast"}},{"type":"Feature","geometry":{"type":"LineString","coordinates":[[-6.16,56.4695],[-6.1706,56.4811],[-6.2153,56.5036],[-6.2421,56.4996],[-6.2637,56.4832],[-6.2375,56.47],[-6.2125,56.4678],[-6.16,56.4695]]},"properties":{"name":"coast"}},{"type":"Feature","geometry":{"type":"LineString","coordinates":[[-6.8186,56.5378],[-6.8411,56.5347],[-6.8781,56.5213],[-6.9005,56.5167],[-6.9681,56.5105],[-6.9899,56.5036],[-6.9652,56.4599],[-6.9025,56.4438],[-6.8816,56.4443],[-6.8875,56.4621],[-6.8693,56.4796],[-6.8255,56.4873],[-6.8056,56.4969],[-6.8038,56.5136],[-6.7433,56.5178],[-6.7292,56.5303],[-6.7419,56.5478],[-6.7672,56.5486],[-6.8186,56.5378]]},"properties":{"name":"coast"}},{"type":"Feature","geometry":{"type":"LineString","coordinates":[[-5.6883,56.4348],[-5.6536,56.428],[-5.6484,56.4477],[-5.6588,56.4517],[-5.6735,56.4497],[-5.6809,56.4519],[-5.6855,56.4641],[-5.7104,56.4848],[-5.7218,56.4901],[-5.7567,56.4901],[-5.7943,56.5167],[-5.814,56.5167],[-5.8295,56.5108],[-5.8522,56.5242],[-5.9626,56.5261],[-5.9683,56.5447],[-6.0088,56.5987],[-6.0335,56.6188],[-6.0644,56.6203],[-6.0583,56.6402],[-6.1053,56.6485],[-6.119,56.6539],[-6.1513,56.6518],[-6.1907,56.6449],[-6.2203,56.6323],[-6.2228,56.6129],[-6.2302,56.6086],[-6.2386,56.6086],[-6.2563,56.6203],[-6.2884,56.608],[-6.3252,56.6061],[-6.3192,56.594],[-6.2987,56.5812],[-6.2904,56.572],[-6.3382,56.5521],[-6.3077,56.5373],[-6.2885,56.5323],[-6.1949,56.5233],[-6.1743,56.5167],[-6.1621,56.5092],[-6.1368,56.4794],[-6.1274,56.4744],[-6.1024,56.4832],[-6.0811,56.4851],[-6.0167,56.5036],[-6.0075,56.4976],[-6.0033,56.4894],[-6.004,56.4797],[-6.0098,56.4695],[-6.0815,56.4484],[-6.1169,56.4504],[-6.1265,56.4484],[-6.1351,56.4423],[-6.1572,56.4074],[-6.1648,56.4025],[-6.1892,56.3978],[-6.1988,56.3903],[-6.2032,56.3803],[-6.1986,56.3696],[-6.1789,56.3599],[-6.154,56.359],[-6.1055,56.3659],[-6.0469,56.384],[-6.027,56.387],[-6.0208,56.382],[-6.0399,56.371],[-6.085,56.3529],[-6.1539,56.3448],[-6.1866,56.3312],[-6.2318,56.3369],[-6.25,56.3323],[-6.2289,56.3256],[-6.2289,56.3188],[-6.2472,56.3117],[-6.2904,56.3454],[-6.3103,56.3474],[-6.3354,56.3445],[-6.357,56.3363],[-6.3661,56.3222],[-6.3602,56.3036],[-6.3456,56.2883],[-6.3275,56.2772],[-6.3,56.268],[-6.2668,56.2635],[-6.2565,56.2667],[-6.2458,56.2807],[-6.2398,56.2839],[-6.147,56.2839],[-6.1024,56.2982],[-6.066,56.2892],[-6.0375,56.3052],[-5.9579,56.3281],[-5.9148,56.3355],[-5.8972,56.3529],[-5.8727,56.3577],[-5.8604,56.3583],[-5.8522,56.3529],[-5.8535,56.3437],[-5.8801,56.3256],[-5.8482,56.3136],[-5.8087,56.3189],[-5.72,56.3528],[-5.7027,56.3646],[-5.696,56.3754],[-5.7122,56.3802],[-5.75,56.3771],[-5.7839,56.3659],[-5.7839,56.3734],[-5.7511,56.3894],[-5.7391,56.4012],[-5.7423,56.4143],[-5.7217,56.4123],[-5.7156,56.4081],[-5.7174,56.3974],[-5.703,56.3934],[-5.6703,56.3938],[-5.6576,56.4001],[-5.6649,56.4139],[-5.6883,56.4348]]},"properties":{"name":"coast"}},{"type":"Feature","geometry":{"type":"LineString","coordinates":[[-6.4592,56.6781],[-6.4525,56.6884],[-6.4623,56.6912],[-6.4897,56.6887],[-6.5058,56.6854],[-6.5356,56.6708],[-6.5592,56.6653],[-6.5914,56.6518],[-6.6481,56.6029],[-6.6745,56.5884],[-6.7019,56.5856],[-6.6868,56.5638],[-6.6779,56.5583],[-6.6689,56.5778],[-6.633,56.572],[-6.6163,56.5752],[-6.5641,56.5987],[-6.5273,56.6265],[-6.5143,56.6274],[-6.4972,56.6343],[-6.4825,56.6479],[-6.4592,56.6781]]},"properties":{"name":"coast"}},{"type":"Feature","geometry":{"type":"LineString","coordinates":[[-7.394,57.0102],[-7.435,57.0238],[-7.4144,57.0449],[-7.4492,57.0586],[-7.4571,57.0316],[-7.4757,57.023],[-7.4999,57.0201],[-7.5243,57.0102],[-7.514,57.0029],[-7.5116,56.9916],[-7.5165,56.9812],[-7.5449,56.9723],[-7.5562,56.9626],[-7.5568,56.9531],[-7.5414,56.9487],[-7.4766,56.9419],[-7.4453,56.9471],[-7.4368,56.9537],[-7.4424,56.963],[-7.4272,56.9686],[-7.411,56.9797],[-7.4024,56.9834],[-7.3735,56.9829],[-7.382,56.9875],[-7.394,57.0102]]},"properties":{"name":"coast"}},{"type":"Feature","geometry":{"type":"LineString","coordinates":[[-6.3252,57.0586],[-6.3642,57.0556],[-6.3953,57.0419],[-6.4555,57.004],[-6.4368,56.9985],[-6.4054,56.9805],[-6.3761,56.9712],[-6.3598,56.9473],[-6.3419,56.9419],[-6.3036,56.944],[-6.276,56.9531],[-6.2567,56.9738],[-6.2432,57.0102],[-6.2699,57.0102],[-6.2699,57.0176],[-6.251,57.0266],[-6.2729,57.0402],[-6.3252,57.0586]]},"properties":{"name":"coast"}},{"type":"Feature","geometry":{"type":"LineString","coordinates":[[-6.6064,57.0517],[-6.5482,57.0476],[-6.5159,57.0507],[-6.4897,57.0586],[-6.5015,57.0637],[-6.5259,57.0671],[-6.5375,57.0728],[-6.5563,57.0701],[-6.6064,57.0517]]},"properties":{"name":"coast"}},{"type":"Feature","geometry":{"type":"LineString","coordinates":[[-5.9586,57.2845],[-5.9254,57.2917],[-5.9294,57.3072],[-5.9557,57.3216],[-5.99,57.3255],[-6.0139,57.3175],[-6.0078,57.3036],[-5.9849,57.2904],[-5.9586,57.2845]]},"properties":{"name":"coast"}},{"type":"Feature","geometry":{"type":"LineString","coordinates":[[-7.2438,57.3255],[-7.2903,57.3283],[-7.3053,57.3323],[-7.322,57.3466],[-7.3705,57.3551],[-7.3757,57.3681],[-7.394,57.3808],[-7.3711,57.3876],[-7.3514,57.3767],[-7.3316,57.3609],[-7.2504,57.3319],[-7.2226,57.3398],[-7.2226,57.3466],[-7.2449,57.3485],[-7.2764,57.3647],[-7.2984,57.3671],[-7.2984,57.3739],[-7.2791,57.3699],[-7.2636,57.3739],[-7.353,57.408],[-7.3629,57.4079],[-7.4084,57.3956],[-7.4281,57.3876],[-7.4015,57.3424],[-7.3897,57.312],[-7.3971,57.2982],[-7.41,57.296],[-7.4149,57.2901],[-7.4219,57.2709],[-7.435,57.2519],[-7.4554,57.2367],[-7.4315,57.2294],[-7.4144,57.2163],[-7.4144,57.2094],[-7.4204,57.1977],[-7.4167,57.1816],[-7.3907,57.1291],[-7.382,57.1184],[-7.353,57.0996],[-7.3217,57.1099],[-7.2391,57.1005],[-7.2159,57.1138],[-7.2159,57.1201],[-7.236,57.1212],[-7.26,57.14],[-7.2773,57.1479],[-7.3462,57.1479],[-7.3462,57.1548],[-7.3076,57.1558],[-7.2884,57.154],[-7.2711,57.1479],[-7.2599,57.1598],[-7.2577,57.1798],[-7.2622,57.2009],[-7.2711,57.2163],[-7.2888,57.2259],[-7.353,57.2367],[-7.353,57.2429],[-7.2761,57.2318],[-7.2567,57.2367],[-7.2332,57.2743],[-7.2003,57.291],[-7.1954,57.3056],[-7.2118,57.3049],[-7.2438,57.3255]]},"properties":{"name":"coast"}},{"type":"Feature","geometry":{"type":"LineString","coordinates":[[-7.2636,57.4831],[-7.2845,57.4829],[-7.2984,57.4899],[-7.3098,57.4841],[-7.3221,57.4829],[-7.3462,57.4899],[-7.3696,57.4893],[-7.3893,57.4799],[-7.4027,57.4643],[-7.4076,57.4456],[-7.3961,57.434],[-7.3183,57.408],[-7.2921,57.4047],[-7.2054,57.4186],[-7.2041,57.4254],[-7.212,57.4322],[-7.2497,57.4352],[-7.2582,57.4391],[-7.2636,57.449],[-7.2447,57.4497],[-7.222,57.4609],[-7.2084,57.4564],[-7.2021,57.4626],[-7.2363,57.4763],[-7.2625,57.4721],[-7.2711,57.4763],[-7.2657,57.478],[-7.2636,57.4831]]},"properties":{"name":"coast"}},{"type":"Feature","geometry":{"type":"LineString","coordinates":[[-6.0644,57.3466],[-6.0719,57.3323],[-6.0548,57.3264],[-5.9895,57.3473],[-5.9951,57.3637],[-6.0167,57.3876],[-6.0176,57.4182],[-5.9867,57.4822],[-5.9825,57.4975],[-5.9933,57.507],[-6.0098,57.5111],[-5.9956,57.4975],[-5.9956,57.4899],[-6.0159,57.4968],[-6.0259,57.4962],[-6.0371,57.4899],[-6.0167,57.4694],[-6.0167,57.4626],[-6.0455,57.4606],[-6.0616,57.4527],[-6.0691,57.4361],[-6.0771,57.3718],[-6.0754,57.355],[-6.0644,57.3466]]},"properties":{"name":"coast"}},{"type":"Feature","geometry":{"type":"LineString","coordinates":[[-5.9683,57.5179],[-5.968,57.5339],[-5.9552,57.5725],[-5.9619,57.5773],[-5.9687,57.5766],[-5.9825,57.5663],[-5.9757,57.5588],[-5.9873,57.5463],[-5.99,57.5329],[-5.9837,57.5224],[-5.9683,57.5179]]},"properties":{"name":"coast"}},{"type":"Feature","geometry":{"type":"LineString","coordinates":[[-7.1294,57.6529],[-7.1426,57.6581],[-7.1728,57.6496],[-7.1891,57.6551],[-7.1715,57.6615],[-7.1654,57.6699],[-7.1692,57.6792],[-7.1817,57.6885],[-7.2091,57.686],[-7.256,57.6669],[-7.2773,57.6619],[-7.2567,57.6551],[-7.2567,57.6483],[-7.2779,57.6496],[-7.3325,57.6619],[-7.3229,57.6748],[-7.3121,57.6824],[-7.3121,57.6885],[-7.3354,57.6761],[-7.3669,57.6514],[-7.3966,57.6353],[-7.4144,57.6483],[-7.3871,57.6551],[-7.3871,57.6619],[-7.4553,57.6555],[-7.4766,57.6619],[-7.5222,57.6084],[-7.5448,57.5998],[-7.5448,57.593],[-7.4994,57.575],[-7.4709,57.5672],[-7.4559,57.5684],[-7.4424,57.5793],[-7.4116,57.5751],[-7.3512,57.5537],[-7.3183,57.5521],[-7.3462,57.5446],[-7.3381,57.5397],[-7.3185,57.517],[-7.3053,57.5111],[-7.2875,57.5088],[-7.2525,57.5103],[-7.2363,57.5036],[-7.2198,57.5108],[-7.1575,57.5111],[-7.1339,57.5384],[-7.1377,57.5451],[-7.1442,57.5485],[-7.1813,57.5539],[-7.2401,57.5446],[-7.3121,57.5446],[-7.3121,57.5521],[-7.2699,57.5705],[-7.2567,57.5725],[-7.2433,57.5561],[-7.2363,57.5521],[-7.2084,57.5588],[-7.15,57.5617],[-7.1256,57.5711],[-7.106,57.593],[-7.1381,57.587],[-7.1543,57.5873],[-7.1612,57.5964],[-7.1644,57.6099],[-7.1732,57.6147],[-7.2021,57.6135],[-7.2021,57.6209],[-7.1962,57.6272],[-7.1973,57.6313],[-7.2159,57.634],[-7.2159,57.6414],[-7.1711,57.6414],[-7.1308,57.6235],[-7.1131,57.6087],[-7.0992,57.6073],[-7.0651,57.634],[-7.0741,57.6464],[-7.0926,57.6521],[-7.1294,57.6529]]},"properties":{"name":"coast"}},{"type":"Feature","geometry":{"type":"LineString","coordinates":[[-6.5641,57.3466],[-6.5621,57.3579],[-6.5732,57.3761],[-6.5715,57.3876],[-6.5621,57.3955],[-6.5389,57.4023],[-6.5306,57.4155],[-6.5212,57.4079],[-6.5176,57.3989],[-6.5238,57.3808],[-6.5106,57.3856],[-6.4908,57.399],[-6.4759,57.4012],[-6.4808,57.3901],[-6.4789,57.3819],[-6.463,57.3739],[-6.4658,57.37],[-6.4759,57.3671],[-6.4486,57.3603],[-6.4486,57.3528],[-6.463,57.3466],[-6.4176,57.3528],[-6.4062,57.3515],[-6.3239,57.3114],[-6.3109,57.2982],[-6.3376,57.3015],[-6.394,57.3323],[-6.4164,57.3345],[-6.4822,57.3118],[-6.4792,57.3048],[-6.4661,57.2947],[-6.4555,57.2777],[-6.4082,57.2434],[-6.3914,57.2405],[-6.3456,57.2429],[-6.3595,57.2294],[-6.3798,57.2231],[-6.3647,57.2045],[-6.3456,57.1883],[-6.3131,57.1999],[-6.2767,57.202],[-6.2767,57.1957],[-6.3183,57.1684],[-6.3183,57.161],[-6.1772,57.1812],[-6.1598,57.1876],[-6.1743,57.1957],[-6.1743,57.202],[-6.1645,57.2014],[-6.1556,57.1989],[-6.1401,57.1883],[-6.1265,57.1952],[-6.1129,57.1883],[-6.1014,57.1352],[-6.0886,57.1274],[-6.0738,57.1318],[-6.0563,57.1529],[-6.044,57.161],[-6.0509,57.1684],[-6.0408,57.1741],[-6.0235,57.1957],[-6.0354,57.2115],[-6.044,57.2299],[-6.0322,57.2265],[-6.0193,57.2176],[-5.9956,57.1957],[-5.9917,57.1772],[-5.9862,57.1746],[-5.9009,57.1755],[-5.8454,57.1883],[-5.8454,57.1815],[-5.9416,57.1548],[-5.9618,57.1422],[-5.9869,57.1182],[-5.9942,57.1046],[-6.003,57.0996],[-6.0002,57.0839],[-6.0273,57.0622],[-6.0304,57.0449],[-6.0208,57.0319],[-6.0067,57.0284],[-5.9534,57.0341],[-5.9349,57.0412],[-5.9189,57.0501],[-5.8522,57.103],[-5.8004,57.1237],[-5.7908,57.1374],[-5.789,57.1595],[-5.7821,57.1662],[-5.7423,57.1684],[-5.6909,57.1895],[-5.663,57.2127],[-5.6591,57.2225],[-5.6639,57.2398],[-5.6474,57.2646],[-5.7218,57.2646],[-5.7385,57.2773],[-5.7679,57.2774],[-5.7958,57.2718],[-5.8243,57.2562],[-5.8658,57.2571],[-5.8862,57.2421],[-5.9006,57.2429],[-5.9232,57.2669],[-5.9381,57.2709],[-5.9767,57.2703],[-6.0085,57.2868],[-6.0289,57.2853],[-6.0509,57.2792],[-6.0781,57.2777],[-6.0781,57.2845],[-6.0529,57.291],[-6.0411,57.3001],[-6.0454,57.3083],[-6.0682,57.3118],[-6.1539,57.3056],[-6.1066,57.3235],[-6.0992,57.3323],[-6.1057,57.3397],[-6.1352,57.3574],[-6.1401,57.3739],[-6.1235,57.3883],[-6.1179,57.3978],[-6.1265,57.408],[-6.1416,57.4108],[-6.1593,57.4074],[-6.188,57.3944],[-6.1789,57.4036],[-6.1525,57.4175],[-6.147,57.4251],[-6.1334,57.4763],[-6.1447,57.52],[-6.1539,57.5895],[-6.1689,57.6076],[-6.188,57.6209],[-6.2327,57.6414],[-6.2605,57.6686],[-6.2933,57.686],[-6.3109,57.7028],[-6.3252,57.696],[-6.338,57.6992],[-6.3599,57.6681],[-6.4134,57.6492],[-6.4157,57.6458],[-6.4145,57.634],[-6.3959,57.6135],[-6.4003,57.5998],[-6.3834,57.5929],[-6.3599,57.593],[-6.3724,57.5726],[-6.3859,57.5626],[-6.3896,57.5525],[-6.373,57.5316],[-6.3385,57.5095],[-6.3246,57.4968],[-6.3252,57.4831],[-6.3109,57.4694],[-6.3109,57.4626],[-6.387,57.5173],[-6.4003,57.521],[-6.4121,57.5014],[-6.4335,57.4865],[-6.4435,57.4881],[-6.4208,57.5179],[-6.4649,57.5125],[-6.5012,57.5355],[-6.5546,57.5525],[-6.5641,57.5588],[-6.5723,57.5825],[-6.5943,57.5905],[-6.6198,57.6072],[-6.6405,57.6073],[-6.6405,57.5998],[-6.6289,57.5911],[-6.631,57.5768],[-6.6416,57.562],[-6.6548,57.5521],[-6.6299,57.5485],[-6.5994,57.5375],[-6.574,57.5217],[-6.5641,57.5036],[-6.5936,57.511],[-6.6114,57.5122],[-6.6214,57.5039],[-6.6306,57.5018],[-6.633,57.4975],[-6.6313,57.4936],[-6.5995,57.4694],[-6.6125,57.4626],[-6.6068,57.4439],[-6.62,57.4455],[-6.6381,57.4533],[-6.7065,57.5109],[-6.7159,57.5142],[-6.7263,57.5114],[-6.7397,57.5006],[-6.7471,57.4879],[-6.7452,57.4759],[-6.7363,57.4652],[-6.7224,57.4564],[-6.7838,57.4564],[-6.7732,57.4341],[-6.7317,57.417],[-6.7148,57.3766],[-6.696,57.3644],[-6.6725,57.3559],[-6.5806,57.3388],[-6.5641,57.3466]]},"properties":{"name":"coast"}},{"type":"Feature","geometry":{"type":"LineString","coordinates":[[-7.2226,57.7097],[-7.199,57.708],[-7.17,57.7152],[-7.152,57.7263],[-7.1612,57.737],[-7.1802,57.7347],[-7.2226,57.7097]]},"properties":{"name":"coast"}},{"type":"Feature","geometry":{"type":"LineString","coordinates":[[-8.621,57.8332],[-8.6107,57.8127],[-8.5909,57.8048],[-8.569,57.8076],[-8.5522,57.8189],[-8.5691,57.8237],[-8.6053,57.8264],[-8.621,57.8332]]},"properties":{"name":"coast"}},{"type":"Feature","geometry":{"type":"LineString","coordinates":[[-7.0446,57.9021],[-7.0092,57.8896],[-6.9971,57.8935],[-6.9974,57.9151],[-7.0155,57.9219],[-7.0377,57.9163],[-7.0793,57.8947],[-7.0768,57.8907],[-7.0793,57.8803],[-7.0552,57.8842],[-7.0481,57.8908],[-7.0446,57.9021]]},"properties":{"name":"coast"}},{"type":"Feature","geometry":{"type":"LineString","coordinates":[[-6.8733,58.2168],[-6.8733,58.2099],[-6.7912,58.2099],[-6.802,58.2261],[-6.8186,58.2373],[-6.8289,58.2338],[-6.8612,58.2534],[-6.88,58.2578],[-6.8862,58.2476],[-6.8823,58.2363],[-6.8722,58.2268],[-6.8596,58.223],[-6.8596,58.2168],[-6.8733,58.2168]]},"properties":{"name":"coast"}},{"type":"Feature","geometry":{"type":"LineString","coordinates":[[-6.9551,57.7438],[-6.894,57.7665],[-6.8733,57.778],[-6.8875,57.7848],[-6.8612,57.7963],[-6.8391,57.8127],[-6.8596,57.8258],[-6.8527,57.8332],[-6.8061,57.8146],[-6.7838,57.8127],[-6.7838,57.8189],[-6.7912,57.8189],[-6.7912,57.8258],[-6.7556,57.8265],[-6.7419,57.8315],[-6.7367,57.8394],[-6.764,57.8679],[-6.8056,57.8803],[-6.787,57.8988],[-6.7777,57.9021],[-6.7429,57.8913],[-6.661,57.8803],[-6.6678,57.9083],[-6.689,57.9149],[-6.6957,57.9213],[-6.674,57.9288],[-6.7047,57.9532],[-6.7301,57.963],[-6.7509,57.993],[-6.764,58.0039],[-6.7161,58.025],[-6.6927,58.041],[-6.6883,58.0585],[-6.592,58.0585],[-6.592,58.0523],[-6.6295,58.0509],[-6.6658,58.0447],[-6.6947,58.0301],[-6.7094,58.0039],[-6.7078,57.9896],[-6.6998,57.9762],[-6.6724,57.9462],[-6.661,57.9288],[-6.6194,57.9151],[-6.6125,57.9213],[-6.6296,57.9403],[-6.635,57.9516],[-6.6299,57.9567],[-6.6205,57.9545],[-6.6064,57.9356],[-6.5939,57.9249],[-6.5784,57.9172],[-6.5598,57.9152],[-6.5375,57.9213],[-6.5375,57.9288],[-6.5511,57.9356],[-6.5511,57.9431],[-6.5076,57.936],[-6.4897,57.9431],[-6.465,57.9656],[-6.4555,57.9697],[-6.4555,57.9765],[-6.4696,57.9869],[-6.5051,57.9925],[-6.5207,58.0008],[-6.5422,58.0057],[-6.5507,58.0101],[-6.5449,58.0175],[-6.4245,58.0039],[-6.4009,58.0073],[-6.3524,58.0386],[-6.3777,58.0388],[-6.4003,58.0455],[-6.3819,58.0489],[-6.3661,58.0585],[-6.3798,58.066],[-6.3786,58.079],[-6.3839,58.0918],[-6.394,58.1018],[-6.4071,58.1069],[-6.4206,58.1057],[-6.4513,58.0957],[-6.5813,58.079],[-6.6194,58.0796],[-6.6194,58.0864],[-6.6032,58.0856],[-6.5511,58.0932],[-6.5238,58.1069],[-6.4897,58.1001],[-6.4747,58.1052],[-6.4412,58.1274],[-6.3907,58.1335],[-6.373,58.1411],[-6.378,58.1536],[-6.3661,58.1621],[-6.377,58.1735],[-6.4003,58.2099],[-6.3847,58.2097],[-6.3382,58.1963],[-6.2936,58.1994],[-6.2474,58.1855],[-6.2336,58.1843],[-6.2153,58.1894],[-6.1952,58.2065],[-6.16,58.2168],[-6.1675,58.2304],[-6.1539,58.2447],[-6.16,58.2447],[-6.16,58.2509],[-6.1507,58.2584],[-6.1611,58.259],[-6.1948,58.2509],[-6.2432,58.223],[-6.2709,58.2165],[-6.3109,58.215],[-6.3477,58.2211],[-6.3661,58.2373],[-6.3385,58.2376],[-6.3183,58.2447],[-6.3179,58.2683],[-6.2882,58.2746],[-6.2787,58.2887],[-6.2538,58.2934],[-6.2464,58.2976],[-6.245,58.3041],[-6.25,58.313],[-6.2337,58.3228],[-6.1675,58.3465],[-6.1675,58.3539],[-6.1955,58.3563],[-6.2153,58.3676],[-6.1924,58.4091],[-6.1849,58.4148],[-6.1669,58.4195],[-6.17,58.43],[-6.188,58.4461],[-6.1927,58.4621],[-6.2054,58.4813],[-6.2231,58.4992],[-6.2432,58.511],[-6.2674,58.512],[-6.2963,58.4973],[-6.3456,58.4632],[-6.5233,58.3908],[-6.5575,58.3686],[-6.6207,58.3507],[-6.6473,58.3465],[-6.6814,58.3465],[-6.7034,58.3359],[-6.7156,58.3397],[-6.737,58.3236],[-6.8186,58.2851],[-6.8012,58.2834],[-6.7912,58.2714],[-6.8118,58.2646],[-6.7912,58.2447],[-6.7838,58.2304],[-6.7572,58.2304],[-6.7429,58.2031],[-6.7094,58.1894],[-6.7367,58.1684],[-6.7485,58.1829],[-6.7726,58.1955],[-6.7985,58.2024],[-6.8251,58.1954],[-6.8695,58.1894],[-6.8775,58.1722],[-6.8875,58.1684],[-6.8596,58.1348],[-6.8619,58.1214],[-6.8596,58.1069],[-6.8729,58.1169],[-6.8881,58.1359],[-6.8983,58.1567],[-6.8971,58.1721],[-6.9304,58.1968],[-6.9371,58.211],[-6.9073,58.2099],[-6.9073,58.2168],[-6.962,58.2302],[-6.9773,58.2274],[-7.0309,58.2447],[-7.0561,58.2257],[-7.0582,58.2134],[-7.0539,58.2014],[-7.0172,58.1894],[-7.0377,58.1846],[-7.1128,58.182],[-7.1128,58.1758],[-7.093,58.1684],[-7.1002,58.1594],[-7.1128,58.1553],[-7.1121,58.1455],[-7.1234,58.1367],[-7.1265,58.124],[-7.1219,58.1186],[-7.1075,58.112],[-7.1128,58.1001],[-7.0756,58.0622],[-7.0675,58.0627],[-7.024,58.0796],[-7.035,58.0664],[-7.0519,58.0585],[-7.024,58.0585],[-7.024,58.0523],[-7.0458,58.0526],[-7.0536,58.0478],[-7.0582,58.0386],[-7.0287,58.0384],[-6.9346,58.0523],[-6.9952,58.0338],[-7.0582,58.025],[-7.0519,58.0175],[-7.0519,58.0114],[-7.0718,58.0119],[-7.1128,57.9902],[-7.0658,57.971],[-7.0573,57.9709],[-7.0446,57.9765],[-7.0363,57.9606],[-7.0098,57.9553],[-6.9521,57.9567],[-6.937,57.9534],[-6.9108,57.9389],[-6.8971,57.9356],[-6.8391,57.9356],[-6.8391,57.9288],[-6.8658,57.9213],[-6.8596,57.9152],[-6.8323,57.9021],[-6.8519,57.9106],[-6.8817,57.9143],[-6.9116,57.9106],[-6.9626,57.8947],[-6.9626,57.8878],[-6.9142,57.8679],[-6.9623,57.8688],[-6.9849,57.8649],[-6.9974,57.8537],[-7.0793,57.8127],[-7.0886,57.8334],[-7.097,57.838],[-7.1251,57.8369],[-7.1246,57.8308],[-7.1128,57.8159],[-6.9808,57.7351],[-6.9735,57.7333],[-6.9551,57.7438]]},"properties":{"name":"coast"}},{"type":"Feature","geometry":{"type":"LineString","coordinates":[[-2.953,58.84],[-2.997,58.8353],[-3.0356,58.8263],[-3.0356,58.8201],[-2.9672,58.8201],[-2.9672,58.8126],[-2.9789,58.8082],[-2.9913,58.8066],[-3.0157,58.8126],[-2.9849,58.7871],[-2.9744,58.772],[-2.9878,58.7648],[-2.9878,58.7574],[-2.9399,58.7307],[-2.9178,58.7383],[-2.911,58.7487],[-2.9154,58.7622],[-2.9263,58.7791],[-2.914,58.7849],[-2.9211,58.7975],[-2.9194,58.8065],[-2.8854,58.8201],[-2.8837,58.8322],[-2.907,58.8381],[-2.953,58.84]]},"properties":{"name":"coast"}},{"type":"Feature","geometry":{"type":"LineString","coordinates":[[-3.2484,58.7922],[-3.2367,58.8057],[-3.2155,58.8143],[-3.1727,58.8201],[-3.1727,58.8263],[-3.1872,58.8365],[-3.2074,58.84],[-3.2074,58.8474],[-3.1932,58.8536],[-3.2461,58.8962],[-3.2876,58.906],[-3.3371,58.9287],[-3.3494,58.9285],[-3.3932,58.9202],[-3.4163,58.9083],[-3.4333,58.885],[-3.4302,58.8748],[-3.412,58.875],[-3.3976,58.8695],[-3.3857,58.8754],[-3.3788,58.8741],[-3.3735,58.868],[-3.3799,58.8593],[-3.3788,58.8536],[-3.3583,58.8332],[-3.3278,58.8183],[-3.2993,58.7791],[-3.2059,58.779],[-3.1563,58.7868],[-3.1317,58.8065],[-3.1601,58.808],[-3.2185,58.7933],[-3.2484,58.7922]]},"properties":{"name":"coast"}},{"type":"Feature","geometry":{"type":"LineString","coordinates":[[-2.7277,58.9709],[-2.744,58.9692],[-2.7776,58.9575],[-2.796,58.9567],[-2.7754,58.9287],[-2.7948,58.9261],[-2.8119,58.9291],[-2.8262,58.9374],[-2.8376,58.9504],[-2.7819,58.9739],[-2.7754,58.984],[-2.7806,58.9903],[-2.813,58.9914],[-2.8312,58.9877],[-2.8647,58.9748],[-2.8854,58.9771],[-2.8784,58.9982],[-2.8954,58.991],[-2.9173,59.0062],[-2.9331,59.0113],[-2.9744,58.9991],[-3.012,59.0174],[-3.0597,58.9914],[-3.1167,58.9982],[-3.1317,59.0051],[-3.1139,59.0082],[-3.0909,59.0187],[-3.0712,59.0334],[-3.0628,59.0495],[-3.0537,59.0473],[-2.9945,59.0597],[-3.0082,59.0666],[-2.9945,59.0733],[-3.0514,59.0902],[-3.0703,59.1013],[-3.0492,59.1081],[-3.0845,59.128],[-3.1216,59.124],[-3.1562,59.1422],[-3.1827,59.1472],[-3.2311,59.1484],[-3.2793,59.1435],[-3.3238,59.1274],[-3.3502,59.098],[-3.344,59.0528],[-3.3508,59.046],[-3.3667,59.0161],[-3.3533,58.9828],[-3.3232,58.9572],[-3.2894,58.9504],[-3.2894,58.9567],[-3.2654,58.9692],[-3.257,58.9783],[-3.2641,58.9931],[-3.2631,59.0009],[-3.2666,59.0071],[-3.2758,59.0113],[-3.2592,59.0158],[-3.241,59.0113],[-3.241,59.0181],[-3.2472,59.0248],[-3.2458,59.0305],[-3.2279,59.0386],[-3.2204,59.0241],[-3.2074,59.0113],[-3.2074,59.0051],[-3.2233,58.9914],[-3.2353,58.9726],[-3.2385,58.9509],[-3.2279,58.9287],[-3.2028,58.9159],[-3.1426,58.9212],[-3.118,58.9157],[-3.1132,58.9267],[-3.1012,58.9301],[-3.0703,58.9287],[-3.0845,58.943],[-3.0526,58.9388],[-3.0424,58.943],[-3.0238,58.9405],[-2.9938,58.9588],[-2.9812,58.9601],[-2.9268,58.9049],[-2.915,58.8991],[-2.8238,58.8815],[-2.808,58.888],[-2.785,58.9107],[-2.772,58.9157],[-2.7338,58.9202],[-2.7148,58.9255],[-2.7065,58.9324],[-2.7076,58.959],[-2.7136,58.9669],[-2.7277,58.9709]]},"properties":{"name":"coast"}},{"type":"Feature","geometry":{"type":"LineString","coordinates":[[-2.542,59.1206],[-2.5347,59.1229],[-2.5353,59.128],[-2.5716,59.1188],[-2.5836,59.1206],[-2.5952,59.1295],[-2.5929,59.1386],[-2.5823,59.144],[-2.5694,59.1422],[-2.578,59.1472],[-2.5901,59.1489],[-2.6178,59.1484],[-2.6116,59.1552],[-2.6116,59.1614],[-2.6256,59.1624],[-2.6655,59.1552],[-2.6178,59.128],[-2.6224,59.1164],[-2.6655,59.1081],[-2.6861,59.0892],[-2.6707,59.0815],[-2.6492,59.0855],[-2.6518,59.1013],[-2.6344,59.1086],[-2.6144,59.1072],[-2.5995,59.0959],[-2.5973,59.0733],[-2.576,59.0801],[-2.5326,59.0836],[-2.5148,59.0938],[-2.5424,59.103],[-2.5485,59.109],[-2.542,59.1206]]},"properties":{"name":"coast"}},{"type":"Feature","geometry":{"type":"LineString","coordinates":[[-3.0048,59.128],[-2.9752,59.1338],[-2.974,59.1475],[-2.9772,59.1634],[-2.9604,59.1758],[-2.9538,59.1767],[-2.953,59.1832],[-2.9808,59.1874],[-3.0291,59.1824],[-3.0426,59.1863],[-3.0492,59.1968],[-3.0742,59.1975],[-3.1024,59.1903],[-3.1204,59.1766],[-3.1147,59.1584],[-3.0918,59.1428],[-3.0656,59.1336],[-3.0048,59.128]]},"properties":{"name":"coast"}},{"type":"Feature","geometry":{"type":"LineString","coordinates":[[-2.8301,59.1968],[-2.8301,59.1758],[-2.8148,59.1739],[-2.8016,59.1682],[-2.7926,59.1586],[-2.7891,59.1453],[-2.7814,59.1414],[-2.7345,59.1484],[-2.7345,59.1552],[-2.7511,59.1561],[-2.7589,59.1642],[-2.7611,59.1931],[-2.7277,59.2242],[-2.7342,59.2333],[-2.7436,59.2381],[-2.7686,59.2379],[-2.7686,59.2446],[-2.7611,59.2446],[-2.7611,59.2521],[-2.7775,59.2529],[-2.7879,59.2472],[-2.7919,59.237],[-2.786,59.1968],[-2.8173,59.1912],[-2.8301,59.1968]]},"properties":{"name":"coast"}},{"type":"Feature","geometry":{"type":"LineString","coordinates":[[-2.4464,59.293],[-2.4924,59.2894],[-2.5188,59.2743],[-2.5516,59.2708],[-2.5632,59.2651],[-2.5693,59.2702],[-2.5768,59.2713],[-2.5518,59.2874],[-2.5221,59.2993],[-2.5221,59.3067],[-2.5472,59.3057],[-2.5877,59.2932],[-2.6116,59.293],[-2.5911,59.2788],[-2.5956,59.2648],[-2.6246,59.2583],[-2.6588,59.2304],[-2.688,59.218],[-2.6929,59.2037],[-2.6926,59.1923],[-2.6877,59.1902],[-2.6819,59.1964],[-2.6793,59.2099],[-2.6619,59.2071],[-2.6412,59.218],[-2.6042,59.2446],[-2.5968,59.2392],[-2.5886,59.2387],[-2.5694,59.2446],[-2.5694,59.2379],[-2.5768,59.2242],[-2.5331,59.2512],[-2.5163,59.2521],[-2.5148,59.2304],[-2.4974,59.2392],[-2.4779,59.2628],[-2.4669,59.2682],[-2.459,59.2791],[-2.4398,59.2842],[-2.3925,59.2855],[-2.4049,59.3164],[-2.411,59.319],[-2.4464,59.293]]},"properties":{"name":"coast"}},{"type":"Feature","geometry":{"type":"LineString","coordinates":[[-3.0492,59.3198],[-3.0399,59.312],[-3.0203,59.2803],[-3.0082,59.2713],[-2.9897,59.2671],[-2.9824,59.2699],[-2.9747,59.2788],[-2.9604,59.2713],[-2.9747,59.2856],[-2.9747,59.293],[-2.9474,59.2912],[-2.9203,59.2831],[-2.871,59.2583],[-2.8822,59.246],[-2.8854,59.2304],[-2.8622,59.2472],[-2.8501,59.2521],[-2.8301,59.2521],[-2.8301,59.2583],[-2.839,59.2651],[-2.871,59.2713],[-2.8955,59.303],[-2.9878,59.3198],[-2.9878,59.3266],[-2.9604,59.3266],[-2.9639,59.3402],[-2.9464,59.3496],[-2.9467,59.3539],[-2.9652,59.3609],[-2.9803,59.355],[-3.0082,59.3341],[-3.0243,59.3304],[-3.0771,59.3341],[-3.0734,59.3245],[-3.0492,59.3198]]},"properties":{"name":"coast"}},{"type":"Feature","geometry":{"type":"LineString","coordinates":[[-1.6513,59.529],[-1.6455,59.5141],[-1.6313,59.517],[-1.5967,59.532],[-1.5967,59.5395],[-1.6104,59.5395],[-1.6081,59.5473],[-1.6037,59.5509],[-1.5839,59.5537],[-1.5831,59.56],[-1.6029,59.5602],[-1.6252,59.5558],[-1.6437,59.5456],[-1.6513,59.529]]},"properties":{"name":"coast"}},{"type":"Feature","geometry":{"type":"LineString","coordinates":[[-1.35,60.2978],[-1.364,60.2862]]},"properties":{"name":"coast"}},{"type":"Feature","geometry":{"type":"LineString","coordinates":[[-1.4509,60.2917],[-1.446,60.2862],[-1.4664,60.2787]]},"properties":{"name":"coast"}},{"type":"Feature","geometry":{"type":"LineString","coordinates":[[-1.5484,60.293],[-1.5653,60.2927],[-1.5772,60.2987]]},"properties":{"name":"coast"}},{"type":"Feature","geometry":{"type":"LineString","coordinates":[[-1.6719,60.2998],[-1.6864,60.2909],[-1.6902,60.2851],[-1.6697,60.2396],[-1.6613,60.2339],[-1.6328,60.2303],[-1.6302,60.2209],[-1.6151,60.2157],[-1.593,60.2172],[-1.5482,60.2297],[-1.5368,60.2109],[-1.5251,60.2123],[-1.5133,60.2217],[-1.5037,60.2434],[-1.4792,60.2222],[-1.4664,60.2172],[-1.5095,60.2099],[-1.521,60.2043],[-1.5273,60.1929],[-1.521,60.1837],[-1.5179,60.1845],[-1.4943,60.1701],[-1.4554,60.1562],[-1.446,60.1558],[-1.4377,60.1634],[-1.4308,60.1849],[-1.4187,60.1906],[-1.4136,60.177],[-1.4046,60.1795],[-1.3976,60.1927],[-1.3981,60.2111],[-1.3853,60.2106],[-1.3566,60.1968],[-1.3497,60.2111],[-1.3761,60.2379],[-1.3918,60.2465],[-1.4111,60.2514],[-1.4111,60.2589],[-1.3786,60.2548],[-1.3577,60.2443],[-1.343,60.2275],[-1.3293,60.2043],[-1.3016,60.2358],[-1.2869,60.2463],[-1.2677,60.2452],[-1.2677,60.2383],[-1.2777,60.2332],[-1.2947,60.2154],[-1.3124,60.1806],[-1.3092,60.1771],[-1.2982,60.1763],[-1.2795,60.1851],[-1.2694,60.1855],[-1.2889,60.1558],[-1.2845,60.1459],[-1.2731,60.1462],[-1.2677,60.1422],[-1.2626,60.1151],[-1.2877,60.0756],[-1.3029,60.028],[-1.3287,59.9955],[-1.323,59.9777],[-1.3497,59.9777],[-1.3497,59.9709],[-1.323,59.9566],[-1.323,59.951],[-1.3459,59.9504],[-1.3557,59.9455],[-1.364,59.9373],[-1.358,59.9216],[-1.376,59.9086],[-1.364,59.8963],[-1.3479,59.892],[-1.3165,59.896],[-1.3014,59.8889],[-1.3014,59.8821],[-1.3129,59.8731],[-1.3111,59.8655],[-1.3029,59.8643],[-1.295,59.8747],[-1.2746,59.8542],[-1.265,59.8588],[-1.261,59.8664],[-1.2637,59.8749],[-1.2746,59.8821],[-1.2659,59.8956],[-1.2634,59.9072],[-1.2746,59.9299],[-1.2677,59.923],[-1.2536,59.937],[-1.2452,59.9558],[-1.243,59.9769],[-1.2473,59.9975],[-1.2158,59.9869],[-1.2012,59.9864],[-1.1926,59.9975],[-1.2151,60.0262],[-1.2194,60.0397],[-1.2037,60.0365],[-1.1852,60.0383],[-1.1701,60.046],[-1.1647,60.0602],[-1.1744,60.0603],[-1.1929,60.0698],[-1.2023,60.0831],[-1.1852,60.0944],[-1.2132,60.1012],[-1.2132,60.1074],[-1.1951,60.1087],[-1.1898,60.1133],[-1.1852,60.1216],[-1.1995,60.1291],[-1.1815,60.1293],[-1.1609,60.1412],[-1.1443,60.1353],[-1.1443,60.1422],[-1.1517,60.1422],[-1.1517,60.1496],[-1.1238,60.1496],[-1.1238,60.1558],[-1.1579,60.1701],[-1.144,60.1876],[-1.1551,60.1926],[-1.1765,60.1879],[-1.1926,60.1763],[-1.1872,60.1912],[-1.1579,60.2247],[-1.181,60.2178],[-1.1995,60.2043],[-1.179,60.2322],[-1.2194,60.2322],[-1.2194,60.2383],[-1.2033,60.2438],[-1.1852,60.2452],[-1.1852,60.2514],[-1.1981,60.2606],[-1.1991,60.2669],[-1.1926,60.2725],[-1.1829,60.2719],[-1.1647,60.2514],[-1.1479,60.2488],[-1.1297,60.2528],[-1.0898,60.2725],[-1.1222,60.2792],[-1.1295,60.274],[-1.1343,60.2756],[-1.1379,60.2907],[-1.1231,60.2963]]},"properties":{"name":"coast"}},{"type":"Feature","geometry":{"type":"LineString","coordinates":[[-2.3638,49.4468],[-2.3755,49.4355],[-2.3731,49.4243],[-2.3781,49.4127],[-2.3735,49.4116],[-2.3544,49.4278],[-2.3564,49.4404],[-2.3638,49.4468]]},"properties":{"name":"coast"}},{"type":"Feature","geometry":{"type":"LineString","coordinates":[[-2.1745,49.7314],[-2.2185,49.7187],[-2.2262,49.7078],[-2.2169,49.703],[-2.1879,49.7106],[-2.1703,49.7232],[-2.1703,49.7287],[-2.1745,49.7314]]},"properties":{"name":"coast"}},{"type":"Feature","geometry":{"type":"LineString","coordinates":[[-6.2988,49.9355],[-6.3074,49.9274],[-6.3092,49.9136],[-6.2973,49.9096],[-6.2875,49.914],[-6.2842,49.9228],[-6.2988,49.9355]]},"properties":{"name":"coast"}},{"type":"Feature","geometry":{"type":"LineString","coordinates":[[-6.3336,49.9597],[-6.3489,49.9643],[-6.3481,49.9562],[-6.3412,49.9448],[-6.3325,49.9417],[-6.3265,49.9492],[-6.328,49.9566],[-6.3336,49.9597]]},"properties":{"name":"coast"}},{"type":"Feature","geometry":{"type":"LineString","coordinates":[[-4.6654,51.1836],[-4.6712,51.1951],[-4.6764,51.1931],[-4.6798,51.1806],[-4.6785,51.1671],[-4.6705,51.1601],[-4.6635,51.1649],[-4.6654,51.1836]]},"properties":{"name":"coast"}},{"type":"Feature","geometry":{"type":"LineString","coordinates":[[-9.817,51.6389],[-9.8583,51.6424],[-9.8817,51.6411],[-9.901,51.6367],[-9.9155,51.6291],[-9.9179,51.6194],[-9.8922,51.6113],[-9.8135,51.6276],[-9.7993,51.6368],[-9.8072,51.6403],[-9.817,51.6389]]},"properties":{"name":"coast"}},{"type":"Feature","geometry":{"type":"LineString","coordinates":[[-10.3127,51.9255],[-10.3183,51.925],[-10.326,51.9296],[-10.3517,51.9311],[-10.412,51.9041],[-10.429,51.8898],[-10.426,51.8823],[-10.4058,51.8841],[-10.3962,51.8898],[-10.3616,51.892],[-10.3227,51.9033],[-10.3046,51.9107],[-10.2977,51.9184],[-10.3016,51.9248],[-10.3127,51.9255]]},"properties":{"name":"coast"}},{"type":"Feature","geometry":{"type":"LineString","coordinates":[[-9.6483,53.1017],[-9.6715,53.1092],[-9.6722,53.1159],[-9.6634,53.1232],[-9.6711,53.1305],[-9.6967,53.1365],[-9.7157,53.1383],[-9.7522,53.1354],[-9.7775,53.1468],[-9.8012,53.1465],[-9.8114,53.1376],[-9.7787,53.1235],[-9.6605,53.0906],[-9.6424,53.0938],[-9.6409,53.1015],[-9.6483,53.1017]]},"properties":{"name":"coast"}},{"type":"Feature","geometry":{"type":"LineString","coordinates":[[-1.3151,60.0937],[-1.3234,60.0882],[-1.3151,60.1064],[-1.3158,60.1155],[-1.3457,60.109],[-1.347,60.1046],[-1.3404,60.0997],[-1.338,60.0935],[-1.3476,60.0834],[-1.357,60.0582],[-1.3699,60.0491],[-1.3679,60.0448],[-1.3539,60.0512],[-1.3384,60.064],[-1.3346,60.0763],[-1.3339,60.0615],[-1.339,60.0439],[-1.3336,60.0436],[-1.3048,60.0866],[-1.3083,60.0941],[-1.3151,60.0937]]},"properties":{"name":"coast"}},{"type":"Feature","geometry":{"type":"LineString","coordinates":[[-2.0532,60.1555],[-2.0879,60.1555],[-2.1103,60.1453],[-2.1123,60.138],[-2.0869,60.1233],[-2.063,60.118],[-2.0481,60.1292],[-2.0489,60.1471],[-2.0532,60.1555]]},"properties":{"name":"coast"}},{"type":"Feature","geometry":{"type":"LineString","coordinates":[[-1.0629,60.164],[-1.0699,60.1642],[-1.0749,60.1828],[-1.0795,60.1883],[-1.0864,60.1865],[-1.0896,60.1782],[-1.0975,60.1757],[-1.1158,60.1802],[-1.1349,60.1787],[-1.1357,60.168],[-1.1193,60.1556],[-1.1222,60.1231],[-1.1129,60.1163],[-1.0839,60.1052],[-1.0738,60.1077],[-1.0668,60.1292],[-1.0527,60.1484],[-1.0505,60.1696],[-1.0629,60.164]]},"properties":{"name":"coast"}},{"type":"Feature","geometry":{"type":"LineString","coordinates":[[-4.8104,54.0598],[-4.801,54.0579],[-4.8122,54.0404],[-4.8166,54.0437],[-4.8238,54.0427],[-4.8306,54.0496],[-4.8278,54.0548],[-4.8104,54.0598]]},"properties":{"name":"coast"}}]}