{"type":"FeatureCollection","features":[{"type":"Feature","geometry":{"type":"LineString","coordinates":[[4.1861,51.6166],[4.1857,51.6103],[4.2068,51.5906]]},"properties":{"name":"Netherlands"}},{"type":"Feature","geometry":{"type":"LineString","coordinates":[[4.2299,51.5187],[4.2341,51.4886],[4.2638,51.4444]]},"properties":{"name":"Netherlands"}},{"type":"Feature","geometry":{"type":"LineString","coordinates":[[-6.198,53.6345],[-6.198,53.6345]]},"properties":{"name":"Ireland"}},{"type":"Feature","geometry":{"type":"LineString","coordinates":[[-7.8518,51.9771],[-7.8518,51.9771]]},"properties":{"name":"Ireland"}},{"type":"Feature","geometry":{"type":"LineString","coordinates":[[-6.9945,52.2775],[-6.9945,52.2775]]},"properties":{"name":"Ireland"}},{"type":"Feature","geometry":{"type":"LineString","coordinates":[[-9.0041,53.1469],[-9.0041,53.1469]]},"properties":{"name":"Ireland"}},{"type":"Feature","geometry":{"type":"LineString","coordinates":[[-9.1339,54.1651],[-9.1339,54.1651]]},"properties":{"name":"Ireland"}},{"type":"Feature","geometry":{"type":"LineString","coordinates":[[4.2987,51.2696],[4.2987,51.2696]]},"properties":{"name":"Belgium"}},{"type":"Feature","geometry":{"type":"LineString","coordinates":[[-4.6393,51.7332],[-4.6393,51.7332]]},"properties":{"name":"United Kingdom"}},{"type":"Feature","geometry":{"type":"LineString","coordinates":[[-4.6938,52.1073],[-4.6938,52.1073]]},"properties":{"name":"United Kingdom"}},{"type":"Feature","geometry":{"type":"LineString","coordinates":[[-2.7981,51.5635],[-2.7981,51.5635]]},"properties":{"name":"United Kingdom"}},{"type":"Feature","geometry":{"type":"LineString","coordinates":[[-3.3604,53.3511],[-3.3604,53.3512]]},"properties":{"name":"United Kingdom"}},{"type":"Feature","geometry":{"type":"LineString","coordinates":[[-3.5134,53.3089],[-3.5134,53.3089]]},"properties":{"name":"United Kingdom"}},{"type":"Feature","geometry":{"type":"LineString","coordinates":[[-5.0325,54.9937],[-5.0325,54.9937]]},"properties":{"name":"United Kingdom"}},{"type":"Feature","geometry":{"type":"LineString","coordinates":[[-3.8375,56.1074],[-3.8375,56.1074]]},"properties":{"name":"United Kingdom"}},{"type":"Feature","geometry":{"type":"LineString","coordinates":[[-3.5053,56.0056],[-3.5053,56.0056]]},"properties":{"name":"United Kingdom"}},{"type":"Feature","geometry":{"type":"LineString","coordinates":[[-3.4498,55.9968],[-3.4498,55.9968]]},"properties":{"name":"United Kingdom"}},{"type":"Feature","geometry":{"type":"LineString","coordinates":[[-3.2624,56.3528],[-3.2624,56.3528]]},"properties":{"name":"United Kingdom"}},{"type":"Feature","geometry":{"type":"LineString","coordinates":[[-4.5906,55.9415],[-4.5906,55.9415]]},"properties":{"name":"United Kingdom"}},{"type":"Feature","geometry":{"type":"LineString","coordinates":[[-2.3604,55.9527],[-2.3604,55.9527]]},"properties":{"name":"United Kingdom"}},{"type":"Feature","geometry":{"type":"LineString","coordinates":[[-3.0556,56.4521],[-3.0556,56.4521]]},"properties":{"name":"United Kingdom"}},{"type":"Feature","geometry":{"type":"LineString","coordinates":[[-2.8193,56.4713],[-2.8193,56.4713]]},"properties":{"name":"United Kingdom"}},{"type":"Feature","geometry":{"type":"LineString","coordinates":[[-2.4359,56.7404],[-2.4359,56.7404]]},"properties":{"name":"United Kingdom"}},{"type":"Feature","geometry":{"type":"LineString","coordinates":[[-5.8779,54.6823],[-5.8779,54.6823]]},"properties":{"name":"United Kingdom"}},{"type":"Feature","geometry":{"type":"LineString","coordinates":[[-5.6391,54.4644],[-5.6391,54.4644]]},"properties":{"name":"United Kingdom"}},{"type":"Feature","geometry":{"type":"LineString","coordinates":[[-1.2453,54.7254],[-1.2453,54.7254]]},"properties":{"name":"United Kingdom"}},{"type":"Feature","geometry":{"type":"LineString","coordinates":[[-1.4556,55.0697],[-1.4556,55.0697]]},"properties":{"name":"United Kingdom"}},{"type":"Feature","geometry":{"type":"LineString","coordinates":[[-0.7788,54.5574],[-0.7788,54.5574]]},"properties":{"name":"United Kingdom"}},{"type":"Feature","geometry":{"type":"LineString","coordinates":[[-0.2956,53.7388],[-0.2956,53.7388]]},"properties":{"name":"United Kingdom"}},{"type":"Feature","geometry":{"type":"LineString","coordinates":[[-0.7,53.6924],[-0.6992,53.6912]]},"properties":{"name":"United Kingdom"}},{"type":"Feature","geometry":{"type":"LineString","coordinates":[[0.8698,50.9251],[0.8698,50.9251]]},"properties":{"name":"United Kingdom"}},{"type":"Feature","geometry":{"type":"LineString","coordinates":[[0.5117,51.4877],[0.5116,51.4877]]},"properties":{"name":"United Kingdom"}},{"type":"Feature","geometry":{"type":"LineString","coordinates":[[0.3848,51.4532],[0.3846,51.4531]]},"properties":{"name":"United Kingdom"}},{"type":"Feature","geometry":{"type":"LineString","coordinates":[[-1.6729,50.7401],[-1.6729,50.74]]},"properties":{"name":"United Kingdom"}},{"type":"Feature","geometry":{"type":"LineString","coordinates":[[-2.9456,50.7258],[-2.9456,50.7258]]},"properties":{"name":"United Kingdom"}},{"type":"Feature","geometry":{"type":"LineString","coordinates":[[-1.7975,50.7232],[-1.7975,50.7232]]},"properties":{"name":"United Kingdom"}},{"type":"Feature","geometry":{"type":"LineString","coordinates":[[-2.5355,51.673],[-2.5355,51.673]]},"properties":{"name":"United Kingdom"}},{"type":"Feature","geometry":{"type":"LineString","coordinates":[[-2.6788,51.5313],[-2.6788,51.5313]]},"properties":{"name":"United Kingdom"}},{"type":"Feature","geometry":{"type":"LineString","coordinates":[[-2.0262,50.7251],[-2.0262,50.7251]]},"properties":{"name":"United Kingdom"}},{"type":"Feature","geometry":{"type":"LineString","coordinates":[[-1.8969,50.716],[-1.8969,50.716]]},"properties":{"name":"United Kingdom"}},{"type":"Feature","geometry":{"type":"LineString","coordinates":[[4.1109,51.647],[4.1109,51.647]]},"properties":{"name":"Netherlands"}},{"type":"Feature","geometry":{"type":"LineString","coordinates":[[-2.3353,59.6722],[-1.9985,59.3354]]},"properties":{"name":"United Kingdom"}},{"type":"Feature","geometry":{"type":"LineString","coordinates":[[-3.5014,58.7783],[-3.2811,58.7135],[-3.0609,58.7135],[-2.9572,58.6617],[-2.8665,58.5969]]},"properties":{"name":"United Kingdom"}},{"type":"Feature","geometry":{"type":"LineString","coordinates":[[-6.9996,57.4697],[-6.883,57.6122],[-6.7275,57.6899],[-6.5591,57.7547],[-6.3518,57.8454],[-6.2481,57.9102]]},"properties":{"name":"United Kingdom"}},{"type":"Feature","geometry":{"type":"LineString","coordinates":[[-4.9352,55.84],[-4.9526,55.7878],[-4.97,55.6311]]},"properties":{"name":"United Kingdom"}},{"type":"Feature","geometry":{"type":"LineString","coordinates":[[-5.3045,56.6402],[-5.3527,56.6383],[-5.414,56.6077],[-5.5671,56.4852],[-5.6105,56.475],[-5.6692,56.4775],[-5.7074,56.498],[-5.7534,56.5082],[-5.7968,56.5286],[-5.9397,56.5515],[-5.9933,56.5949],[-6.0571,56.6587],[-6.1183,56.6664],[-6.2026,56.6613],[-6.2766,56.6715],[-6.3262,56.7028],[-6.3747,56.7675],[-6.4797,56.8281]]},"properties":{"name":"United Kingdom"}},{"type":"Feature","geometry":{"type":"LineString","coordinates":[[-1.1188,49.3462],[-1.1188,49.3462]]},"properties":{"name":"France"}},{"type":"Feature","geometry":{"type":"LineString","coordinates":[[-1.5897,48.6418],[-1.5897,48.6418]]},"properties":{"name":"France"}},{"type":"Feature","geometry":{"type":"LineString","coordinates":[[1.3731,50.0657],[1.373,50.0657]]},"properties":{"name":"France"}},{"type":"Feature","geometry":{"type":"LineString","coordinates":[[-4.9352,55.84],[-4.9138,55.9192],[-4.8782,55.9661],[-4.7403,55.9689],[-4.5902,55.9342]]},"properties":{"name":"United Kingdom"}},{"type":"Feature","geometry":{"type":"LineString","coordinates":[[-4.8888,55.8653],[-4.9352,55.84]]},"properties":{"name":"United Kingdom"}},{"type":"Feature","geometry":{"type":"LineString","coordinates":[[4.1978,51.6379],[4.1861,51.6168]]},"properties":{"name":"Noord-Brabant - Zeeland"}},{"type":"Feature","geometry":{"type":"LineString","coordinates":[[4.2068,51.5906],[4.237,51.568],[4.244,51.5553],[4.2426,51.5393],[4.2305,51.5196]]},"properties":{"name":"Noord-Brabant - Zeeland"}},{"type":"Feature","geometry":{"type":"LineString","coordinates":[[4.2638,51.4444],[4.2687,51.4293],[4.2621,51.4189],[4.2666,51.3881],[4.2761,51.3831],[4.2811,51.3689]]},"properties":{"name":"Noord-Brabant - Zeeland"}},{"type":"Feature","geometry":{"type":"LineString","coordinates":[[-6.731,52.9159],[-6.7634,52.8756],[-6.8412,52.8649]]},"properties":{"name":"Carlow - Kildare"}},{"type":"Feature","geometry":{"type":"LineString","coordinates":[[-6.8797,52.8627],[-6.931,52.8845]]},"properties":{"name":"Carlow - Kildare"}},{"type":"Feature","geometry":{"type":"LineString","coordinates":[[-6.8412,52.8649],[-6.8655,52.867]]},"properties":{"name":"Carlow - Kildare"}},{"type":"Feature","geometry":{"type":"LineString","coordinates":[[-6.8655,52.867],[-6.8797,52.8627]]},"properties":{"name":"Carlow - Kildare"}},{"type":"Feature","geometry":{"type":"LineString","coordinates":[[-7.0474,52.7932],[-6.9377,52.8251],[-6.931,52.8845]]},"properties":{"name":"Laoighis - Carlow"}},{"type":"Feature","geometry":{"type":"LineString","coordinates":[[-7.0921,53.167],[-7.0625,53.1598],[-7.0668,53.1499],[-7.0851,53.1459],[-7.0908,53.1324],[-7.0554,53.0864],[-7.0468,53.0559],[-7.0507,53.0372],[-7.0748,53.0183],[-7.0771,52.998],[-7.0552,52.9771],[-7.0119,52.9668]]},"properties":{"name":"Kildare - Laoighis"}},{"type":"Feature","geometry":{"type":"LineString","coordinates":[[-6.9911,52.9708],[-6.9707,52.958],[-6.9395,52.9205],[-6.931,52.8845]]},"properties":{"name":"Kildare - Laoighis"}},{"type":"Feature","geometry":{"type":"LineString","coordinates":[[-7.0119,52.9668],[-6.9911,52.9708]]},"properties":{"name":"Kildare - Laoighis"}},{"type":"Feature","geometry":{"type":"LineString","coordinates":[[-6.9577,53.4493],[-6.9353,53.447]]},"properties":{"name":"Meath - Kildare"}},{"type":"Feature","geometry":{"type":"LineString","coordinates":[[-7.0738,53.3757],[-7.0497,53.4036],[-6.9577,53.4493]]},"properties":{"name":"Meath - Kildare"}},{"type":"Feature","geometry":{"type":"LineString","coordinates":[[-6.9185,53.449],[-6.9029,53.4471],[-6.8757,53.4264],[-6.8655,53.41],[-6.8134,53.4014]]},"properties":{"name":"Meath - Kildare"}},{"type":"Feature","geometry":{"type":"LineString","coordinates":[[-6.9353,53.447],[-6.9185,53.449]]},"properties":{"name":"Meath - Kildare"}},{"type":"Feature","geometry":{"type":"LineString","coordinates":[[-6.7499,53.4259],[-6.6786,53.419],[-6.646,53.4045],[-6.5707,53.3914]]},"properties":{"name":"Meath - Kildare"}},{"type":"Feature","geometry":{"type":"LineString","coordinates":[[-6.8134,53.4014],[-6.7981,53.4041],[-6.7806,53.4195],[-6.7499,53.4259]]},"properties":{"name":"Meath - Kildare"}},{"type":"Feature","geometry":{"type":"LineString","coordinates":[[-6.5308,53.4007],[-6.4563,53.3884]]},"properties":{"name":"Meath - Kildare"}},{"type":"Feature","geometry":{"type":"LineString","coordinates":[[-6.5707,53.3914],[-6.5308,53.4007]]},"properties":{"name":"Meath - Kildare"}},{"type":"Feature","geometry":{"type":"LineString","coordinates":[[-6.6844,53.9051],[-6.5872,53.8644],[-6.5835,53.8411],[-6.5645,53.8125],[-6.538,53.7972],[-6.5259,53.7828],[-6.5015,53.7695],[-6.4457,53.7647],[-6.442,53.758],[-6.4612,53.7359],[-6.4543,53.7204],[-6.4415,53.7157]]},"properties":{"name":"Louth - Meath"}},{"type":"Feature","geometry":{"type":"LineString","coordinates":[[-6.3181,53.7152],[-6.2458,53.7296]]},"properties":{"name":"Louth - Meath"}},{"type":"Feature","geometry":{"type":"LineString","coordinates":[[-6.4146,53.7181],[-6.3181,53.7152]]},"properties":{"name":"Louth - Meath"}},{"type":"Feature","geometry":{"type":"LineString","coordinates":[[-6.4415,53.7157],[-6.4146,53.7181]]},"properties":{"name":"Louth - Meath"}},{"type":"Feature","geometry":{"type":"LineString","coordinates":[[-6.4715,53.3697],[-6.4908,53.3314],[-6.5172,53.3095],[-6.5292,53.2834],[-6.5253,53.2719],[-6.5066,53.2622],[-6.5227,53.2483],[-6.5216,53.2416],[-6.4833,53.2392],[-6.468,53.224]]},"properties":{"name":"South Dublin - Kildare"}},{"type":"Feature","geometry":{"type":"LineString","coordinates":[[-6.4563,53.3884],[-6.4715,53.3697]]},"properties":{"name":"Fingal - Kildare"}},{"type":"Feature","geometry":{"type":"LineString","coordinates":[[-6.198,53.6345],[-6.2224,53.6288]]},"properties":{"name":"Fingal - Meath"}},{"type":"Feature","geometry":{"type":"LineString","coordinates":[[-6.2224,53.6288],[-6.2342,53.6298]]},"properties":{"name":"Fingal - Meath"}},{"type":"Feature","geometry":{"type":"LineString","coordinates":[[-6.2342,53.6298],[-6.2475,53.6261],[-6.2689,53.5949],[-6.3213,53.5714]]},"properties":{"name":"Fingal - Meath"}},{"type":"Feature","geometry":{"type":"LineString","coordinates":[[-6.3213,53.5714],[-6.3465,53.587],[-6.3659,53.5888]]},"properties":{"name":"Fingal - Meath"}},{"type":"Feature","geometry":{"type":"LineString","coordinates":[[-6.3659,53.5888],[-6.3841,53.5852],[-6.4068,53.5697],[-6.4161,53.5532],[-6.4056,53.5368],[-6.3604,53.5174],[-6.3302,53.4959],[-6.3302,53.4797],[-6.3489,53.4496],[-6.3933,53.4363],[-6.4176,53.4122],[-6.4563,53.3884]]},"properties":{"name":"Fingal - Meath"}},{"type":"Feature","geometry":{"type":"LineString","coordinates":[[-7.0738,53.3757],[-7.0709,53.362],[-7.0021,53.3224],[-6.9878,53.3072],[-6.9978,53.2882],[-7.0119,53.2793],[-7.018,53.2499],[-7.0609,53.2274],[-7.0531,53.2209],[-7.015,53.2139],[-7.029,53.1877],[-7.1157,53.1848]]},"properties":{"name":"Kildare - Offaly"}},{"type":"Feature","geometry":{"type":"LineString","coordinates":[[-7.1157,53.1848],[-7.1358,53.1865]]},"properties":{"name":"Kildare - Offaly"}},{"type":"Feature","geometry":{"type":"LineString","coordinates":[[-7.1358,53.1865],[-7.1437,53.1828],[-7.0921,53.167]]},"properties":{"name":"Kildare - Offaly"}},{"type":"Feature","geometry":{"type":"LineString","coordinates":[[-7.2848,53.1341],[-7.3021,53.1391],[-7.3151,53.1715],[-7.3418,53.1978],[-7.3786,53.208]]},"properties":{"name":"Laoighis - Offaly"}},{"type":"Feature","geometry":{"type":"LineString","coordinates":[[-7.3786,53.208],[-7.4143,53.2023],[-7.4302,53.1821]]},"properties":{"name":"Laoighis - Offaly"}},{"type":"Feature","geometry":{"type":"LineString","coordinates":[[-7.4302,53.1821],[-7.4834,53.1887]]},"properties":{"name":"Laoighis - Offaly"}},{"type":"Feature","geometry":{"type":"LineString","coordinates":[[-7.4834,53.1887],[-7.6355,53.1578],[-7.6404,53.1468],[-7.6367,53.1364],[-7.5926,53.0925],[-7.6069,53.0733],[-7.6437,53.0543],[-7.6554,53.0381],[-7.6853,53.0196],[-7.701,52.977],[-7.7285,52.9559]]},"properties":{"name":"Laoighis - Offaly"}},{"type":"Feature","geometry":{"type":"LineString","coordinates":[[-7.0921,53.167],[-7.1126,53.1527],[-7.1271,53.1502]]},"properties":{"name":"Laoighis - Offaly"}},{"type":"Feature","geometry":{"type":"LineString","coordinates":[[-7.1271,53.1502],[-7.1826,53.1531]]},"properties":{"name":"Laoighis - Offaly"}},{"type":"Feature","geometry":{"type":"LineString","coordinates":[[-7.1826,53.1531],[-7.2416,53.1367],[-7.2848,53.1341]]},"properties":{"name":"Laoighis - Offaly"}},{"type":"Feature","geometry":{"type":"LineString","coordinates":[[-7.0738,53.3757],[-7.1816,53.4276]]},"properties":{"name":"Offaly - Meath"}},{"type":"Feature","geometry":{"type":"LineString","coordinates":[[-7.0536,53.6485],[-7.0968,53.6696],[-7.1618,53.6851],[-7.2137,53.7065],[-7.2209,53.7122],[-7.2222,53.7301],[-7.2726,53.7688],[-7.3385,53.7954]]},"properties":{"name":"Westmeath - Meath"}},{"type":"Feature","geometry":{"type":"LineString","coordinates":[[-7.035,53.5003],[-7.023,53.5064],[-7.0075,53.5397],[-7.0125,53.5718],[-6.9815,53.5805],[-6.9669,53.6234],[-6.9484,53.6451],[-6.9578,53.6592],[-6.9978,53.6715]]},"properties":{"name":"Westmeath - Meath"}},{"type":"Feature","geometry":{"type":"LineString","coordinates":[[-6.9978,53.6715],[-7.0536,53.6485]]},"properties":{"name":"Westmeath - Meath"}},{"type":"Feature","geometry":{"type":"LineString","coordinates":[[-7.0457,53.5028],[-7.035,53.5003]]},"properties":{"name":"Westmeath - Meath"}},{"type":"Feature","geometry":{"type":"LineString","coordinates":[[-7.1201,53.445],[-7.0977,53.4486],[-7.061,53.4683],[-7.0528,53.4821],[-7.0535,53.4994],[-7.0457,53.5028]]},"properties":{"name":"Westmeath - Meath"}},{"type":"Feature","geometry":{"type":"LineString","coordinates":[[-7.1331,53.4455],[-7.1201,53.445]]},"properties":{"name":"Westmeath - Meath"}},{"type":"Feature","geometry":{"type":"LineString","coordinates":[[-7.1816,53.4276],[-7.1331,53.4455]]},"properties":{"name":"Westmeath - Meath"}},{"type":"Feature","geometry":{"type":"LineString","coordinates":[[-7.443,53.3247],[-7.3692,53.3408],[-7.2731,53.3929],[-7.2071,53.4079],[-7.1816,53.4276]]},"properties":{"name":"Westmeath - Offaly"}},{"type":"Feature","geometry":{"type":"LineString","coordinates":[[-7.6195,53.4093],[-7.5687,53.3915],[-7.5551,53.359],[-7.5213,53.3263]]},"properties":{"name":"Westmeath - Offaly"}},{"type":"Feature","geometry":{"type":"LineString","coordinates":[[-7.7878,53.3497],[-7.7053,53.3659],[-7.6703,53.3952],[-7.6385,53.4083],[-7.6195,53.4093]]},"properties":{"name":"Westmeath - Offaly"}},{"type":"Feature","geometry":{"type":"LineString","coordinates":[[-7.9441,53.3667],[-7.898,53.3609],[-7.8532,53.3453]]},"properties":{"name":"Westmeath - Offaly"}},{"type":"Feature","geometry":{"type":"LineString","coordinates":[[-7.8267,53.3535],[-7.7878,53.3497]]},"properties":{"name":"Westmeath - Offaly"}},{"type":"Feature","geometry":{"type":"LineString","coordinates":[[-7.8532,53.3453],[-7.8267,53.3535]]},"properties":{"name":"Westmeath - Offaly"}},{"type":"Feature","geometry":{"type":"LineString","coordinates":[[-7.5095,53.3422],[-7.443,53.3247]]},"properties":{"name":"Westmeath - Offaly"}},{"type":"Feature","geometry":{"type":"LineString","coordinates":[[-7.5213,53.3263],[-7.5095,53.3422]]},"properties":{"name":"Westmeath - Offaly"}},{"type":"Feature","geometry":{"type":"LineString","coordinates":[[-7.3888,53.779],[-7.3727,53.7611],[-7.3748,53.7417],[-7.3885,53.7306],[-7.4093,53.7288]]},"properties":{"name":"Westmeath - Longford"}},{"type":"Feature","geometry":{"type":"LineString","coordinates":[[-7.4093,53.7288],[-7.4309,53.7312]]},"properties":{"name":"Westmeath - Longford"}},{"type":"Feature","geometry":{"type":"LineString","coordinates":[[-7.4309,53.7312],[-7.4533,53.7241],[-7.4735,53.7063],[-7.5044,53.7023],[-7.5291,53.6785],[-7.5703,53.6527]]},"properties":{"name":"Westmeath - Longford"}},{"type":"Feature","geometry":{"type":"LineString","coordinates":[[-7.5703,53.6527],[-7.5975,53.6593]]},"properties":{"name":"Westmeath - Longford"}},{"type":"Feature","geometry":{"type":"LineString","coordinates":[[-7.5975,53.6593],[-7.6015,53.6513],[-7.5616,53.6327],[-7.5631,53.6173],[-7.5875,53.6096],[-7.6213,53.5872],[-7.6512,53.5561],[-7.6521,53.5446],[-7.7168,53.5326]]},"properties":{"name":"Westmeath - Longford"}},{"type":"Feature","geometry":{"type":"LineString","coordinates":[[-7.7168,53.5326],[-7.7611,53.5346],[-7.8295,53.5496]]},"properties":{"name":"Westmeath - Longford"}},{"type":"Feature","geometry":{"type":"LineString","coordinates":[[-7.8295,53.5496],[-7.9052,53.5431],[-7.963,53.5243]]},"properties":{"name":"Westmeath - Longford"}},{"type":"Feature","geometry":{"type":"LineString","coordinates":[[-7.9441,53.3667],[-8.0125,53.3239],[-8.0416,53.2925],[-8.0457,53.2762]]},"properties":{"name":"Offaly - Roscommon"}},{"type":"Feature","geometry":{"type":"LineString","coordinates":[[-7.9441,53.3667],[-7.9329,53.3757],[-7.9324,53.398],[-7.9577,53.4546],[-7.9536,53.4887],[-7.963,53.5243]]},"properties":{"name":"Roscommon - Westmeath"}},{"type":"Feature","geometry":{"type":"LineString","coordinates":[[-7.922,53.8116],[-7.9154,53.7988],[-7.9009,53.7902]]},"properties":{"name":"Longford - Roscommon"}},{"type":"Feature","geometry":{"type":"LineString","coordinates":[[-7.8937,53.7928],[-7.8847,53.7805],[-7.8872,53.7696],[-7.9288,53.7554],[-7.922,53.7417]]},"properties":{"name":"Longford - Roscommon"}},{"type":"Feature","geometry":{"type":"LineString","coordinates":[[-7.9009,53.7902],[-7.8937,53.7928]]},"properties":{"name":"Longford - Roscommon"}},{"type":"Feature","geometry":{"type":"LineString","coordinates":[[-7.922,53.7417],[-7.9312,53.7428]]},"properties":{"name":"Longford - Roscommon"}},{"type":"Feature","geometry":{"type":"LineString","coordinates":[[-7.9312,53.7428],[-7.9494,53.7355],[-7.9489,53.723],[-7.9692,53.7144],[-7.9877,53.6951],[-8.0323,53.6192],[-7.963,53.5243]]},"properties":{"name":"Longford - Roscommon"}},{"type":"Feature","geometry":{"type":"LineString","coordinates":[[-7.6682,52.7798],[-7.678,52.8125],[-7.7097,52.8432],[-7.7128,52.8537],[-7.7025,52.8873],[-7.6889,52.9025],[-7.6598,52.918],[-7.6574,52.9256],[-7.708,52.9368],[-7.7285,52.9559]]},"properties":{"name":"North Tipperary - Laoighis"}},{"type":"Feature","geometry":{"type":"LineString","coordinates":[[-7.9599,52.9888],[-7.9454,52.9955],[-7.9603,53.0134],[-7.9588,53.0291],[-7.9277,53.0421],[-7.9159,53.0797],[-7.9319,53.1106],[-8.0051,53.1359],[-8.0765,53.1704]]},"properties":{"name":"North Tipperary - Offaly"}},{"type":"Feature","geometry":{"type":"LineString","coordinates":[[-7.9788,52.9907],[-7.9599,52.9888]]},"properties":{"name":"North Tipperary - Offaly"}},{"type":"Feature","geometry":{"type":"LineString","coordinates":[[-8.0041,52.9261],[-7.9838,52.9323],[-7.9692,52.9466],[-7.9714,52.958],[-7.9945,52.979],[-7.9788,52.9907]]},"properties":{"name":"North Tipperary - Offaly"}},{"type":"Feature","geometry":{"type":"LineString","coordinates":[[-7.7285,52.9559],[-7.7946,52.9702]]},"properties":{"name":"North Tipperary - Offaly"}},{"type":"Feature","geometry":{"type":"LineString","coordinates":[[-7.7946,52.9702],[-7.8131,52.9692],[-7.854,52.9463],[-7.8473,52.9346],[-7.8552,52.9233],[-7.9263,52.8811]]},"properties":{"name":"North Tipperary - Offaly"}},{"type":"Feature","geometry":{"type":"LineString","coordinates":[[-8.0357,52.9329],[-8.0041,52.9261]]},"properties":{"name":"North Tipperary - Offaly"}},{"type":"Feature","geometry":{"type":"LineString","coordinates":[[-7.9734,52.8531],[-7.9913,52.8786],[-8.0277,52.8935],[-8.0304,52.9114],[-8.043,52.9258],[-8.0357,52.9329]]},"properties":{"name":"North Tipperary - Offaly"}},{"type":"Feature","geometry":{"type":"LineString","coordinates":[[-7.9263,52.8811],[-7.9486,52.8898]]},"properties":{"name":"North Tipperary - Offaly"}},{"type":"Feature","geometry":{"type":"LineString","coordinates":[[-7.9486,52.8898],[-7.9482,52.8663],[-7.9734,52.8531]]},"properties":{"name":"North Tipperary - Offaly"}},{"type":"Feature","geometry":{"type":"LineString","coordinates":[[-6.5695,53.9735],[-6.5588,53.9766],[-6.5505,53.9881],[-6.5539,54.0154],[-6.5702,54.0378],[-6.6052,54.0445]]},"properties":{"name":"Monaghan - Louth"}},{"type":"Feature","geometry":{"type":"LineString","coordinates":[[-6.6014,53.9816],[-6.5695,53.9735]]},"properties":{"name":"Monaghan - Louth"}},{"type":"Feature","geometry":{"type":"LineString","coordinates":[[-6.6844,53.9051],[-6.6325,53.9242],[-6.6371,53.959],[-6.6014,53.9816]]},"properties":{"name":"Monaghan - Louth"}},{"type":"Feature","geometry":{"type":"LineString","coordinates":[[-6.7263,53.9165],[-6.6844,53.9051]]},"properties":{"name":"Monaghan - Meath"}},{"type":"Feature","geometry":{"type":"LineString","coordinates":[[-6.7483,53.914],[-6.7263,53.9165]]},"properties":{"name":"Monaghan - Meath"}},{"type":"Feature","geometry":{"type":"LineString","coordinates":[[-7.591,52.3599],[-7.3646,52.3356]]},"properties":{"name":"South Tipperary - Waterford"}},{"type":"Feature","geometry":{"type":"LineString","coordinates":[[-7.77,52.2229],[-7.7489,52.2282],[-7.7591,52.2655],[-7.7866,52.276],[-7.7927,52.3203],[-7.7804,52.3391],[-7.591,52.3599]]},"properties":{"name":"South Tipperary - Waterford"}},{"type":"Feature","geometry":{"type":"LineString","coordinates":[[-7.9452,52.2431],[-7.9022,52.2313],[-7.77,52.2229]]},"properties":{"name":"South Tipperary - Waterford"}},{"type":"Feature","geometry":{"type":"LineString","coordinates":[[-8.0102,52.2071],[-7.9904,52.2122],[-7.9921,52.2284],[-7.9861,52.2392],[-7.9452,52.2431]]},"properties":{"name":"South Tipperary - Waterford"}},{"type":"Feature","geometry":{"type":"LineString","coordinates":[[-8.0991,52.2092],[-8.0102,52.2071]]},"properties":{"name":"South Tipperary - Waterford"}},{"type":"Feature","geometry":{"type":"LineString","coordinates":[[-8.7512,52.673],[-8.739,52.6729]]},"properties":{"name":"Clare - Limerick"}},{"type":"Feature","geometry":{"type":"LineString","coordinates":[[-8.7379,52.6729],[-8.7381,52.6729]]},"properties":{"name":"Limerick - Clare"}},{"type":"Feature","geometry":{"type":"LineString","coordinates":[[-8.7381,52.6729],[-8.739,52.6729]]},"properties":{"name":"Limerick - Clare"}},{"type":"Feature","geometry":{"type":"LineString","coordinates":[[-9.2166,52.294],[-9.237,52.3121],[-9.2934,52.3286],[-9.3317,52.3513],[-9.3307,52.3602],[-9.3052,52.3731],[-9.3288,52.3989],[-9.3264,52.4109],[-9.3097,52.4306],[-9.3286,52.4575],[-9.3157,52.485],[-9.3014,52.4952],[-9.3003,52.5064],[-9.3389,52.5409],[-9.3439,52.5584],[-9.3625,52.5754]]},"properties":{"name":"Kerry - Limerick"}},{"type":"Feature","geometry":{"type":"LineString","coordinates":[[-8.0991,52.2092],[-8.0998,52.2248],[-8.1452,52.2351],[-8.1674,52.2717],[-8.1846,52.2812]]},"properties":{"name":"Cork - South Tipperary"}},{"type":"Feature","geometry":{"type":"LineString","coordinates":[[-8.0991,52.2092],[-8.1189,52.1956],[-8.1453,52.1541],[-8.145,52.1433],[-8.1333,52.1409]]},"properties":{"name":"Waterford - Cork"}},{"type":"Feature","geometry":{"type":"LineString","coordinates":[[-8.0933,52.1423],[-8.0633,52.1348],[-8.0608,52.1204],[-8.0281,52.0965],[-8.0057,52.0527],[-7.9337,52.0116],[-7.917,51.9826],[-7.9057,51.9792]]},"properties":{"name":"Waterford - Cork"}},{"type":"Feature","geometry":{"type":"LineString","coordinates":[[-8.1333,52.1409],[-8.0933,52.1423]]},"properties":{"name":"Waterford - Cork"}},{"type":"Feature","geometry":{"type":"LineString","coordinates":[[-7.8664,51.9794],[-7.8518,51.9771]]},"properties":{"name":"Waterford - Cork"}},{"type":"Feature","geometry":{"type":"LineString","coordinates":[[-7.9057,51.9792],[-7.8664,51.9794]]},"properties":{"name":"Waterford - Cork"}},{"type":"Feature","geometry":{"type":"LineString","coordinates":[[-8.7943,52.3792],[-8.7289,52.3751]]},"properties":{"name":"Limerick - Cork"}},{"type":"Feature","geometry":{"type":"LineString","coordinates":[[-8.9732,52.293],[-8.9763,52.3015],[-8.9705,52.3053],[-8.8959,52.3217],[-8.8733,52.345],[-8.7943,52.3792]]},"properties":{"name":"Limerick - Cork"}},{"type":"Feature","geometry":{"type":"LineString","coordinates":[[-8.6923,52.3769],[-8.6679,52.3733],[-8.639,52.3443],[-8.6139,52.3381],[-8.5927,52.3146],[-8.5553,52.3039],[-8.5334,52.2857],[-8.4803,52.2768]]},"properties":{"name":"Limerick - Cork"}},{"type":"Feature","geometry":{"type":"LineString","coordinates":[[-8.7289,52.3751],[-8.6923,52.3769]]},"properties":{"name":"Limerick - Cork"}},{"type":"Feature","geometry":{"type":"LineString","coordinates":[[-9.1211,52.3316],[-9.0258,52.3157],[-8.9732,52.293]]},"properties":{"name":"Limerick - Cork"}},{"type":"Feature","geometry":{"type":"LineString","coordinates":[[-9.2166,52.294],[-9.1211,52.3316]]},"properties":{"name":"Limerick - Cork"}},{"type":"Feature","geometry":{"type":"LineString","coordinates":[[-8.3299,52.3205],[-8.3049,52.3132],[-8.2826,52.2868],[-8.2574,52.2815]]},"properties":{"name":"Limerick - Cork"}},{"type":"Feature","geometry":{"type":"LineString","coordinates":[[-8.4803,52.2768],[-8.3814,52.2913],[-8.3477,52.3156],[-8.3299,52.3205]]},"properties":{"name":"Limerick - Cork"}},{"type":"Feature","geometry":{"type":"LineString","coordinates":[[-8.2122,52.2879],[-8.1846,52.2812]]},"properties":{"name":"Limerick - Cork"}},{"type":"Feature","geometry":{"type":"LineString","coordinates":[[-8.2574,52.2815],[-8.2122,52.2879]]},"properties":{"name":"Limerick - Cork"}},{"type":"Feature","geometry":{"type":"LineString","coordinates":[[-9.2166,52.294],[-9.2155,52.2817],[-9.2613,52.2502],[-9.2659,52.2274],[-9.2375,52.188],[-9.2203,52.133],[-9.1964,52.0894],[-9.1781,52.076],[-9.2013,52.0572],[-9.2086,52.0263],[-9.201,52.0196],[-9.1196,51.9973],[-9.1212,51.9861],[-9.1366,51.9787]]},"properties":{"name":"Cork - Kerry"}},{"type":"Feature","geometry":{"type":"LineString","coordinates":[[-9.1366,51.9787],[-9.1486,51.9796]]},"properties":{"name":"Cork - Kerry"}},{"type":"Feature","geometry":{"type":"LineString","coordinates":[[-9.1486,51.9796],[-9.2341,51.9653],[-9.2964,51.9374],[-9.302,51.9239],[-9.2836,51.9077],[-9.2748,51.8842],[-9.3217,51.8425],[-9.4128,51.8196],[-9.4467,51.7899],[-9.5124,51.782]]},"properties":{"name":"Cork - Kerry"}},{"type":"Feature","geometry":{"type":"LineString","coordinates":[[-9.5124,51.782],[-9.5433,51.7845]]},"properties":{"name":"Cork - Kerry"}},{"type":"Feature","geometry":{"type":"LineString","coordinates":[[-9.5433,51.7845],[-9.609,51.776],[-9.6583,51.7427],[-9.7161,51.7344],[-9.7732,51.692],[-9.8139,51.6866]]},"properties":{"name":"Cork - Kerry"}},{"type":"Feature","geometry":{"type":"LineString","coordinates":[[-9.8139,51.6866],[-9.8218,51.6897],[-9.8174,51.707],[-9.8333,51.7186],[-9.8352,51.7361],[-9.8609,51.7548]]},"properties":{"name":"Cork - Kerry"}},{"type":"Feature","geometry":{"type":"LineString","coordinates":[[-7.0474,52.7932],[-7.0778,52.7671],[-7.0926,52.7251],[-7.0563,52.7045]]},"properties":{"name":"Carlow - Kilkenny"}},{"type":"Feature","geometry":{"type":"LineString","coordinates":[[-7.033,52.7118],[-7.0224,52.71],[-6.9983,52.6839],[-6.9779,52.6727],[-6.9839,52.6528],[-6.9734,52.6103],[-6.9234,52.5739],[-6.927,52.553],[-6.9386,52.5414],[-6.9395,52.5248],[-6.9233,52.4659]]},"properties":{"name":"Carlow - Kilkenny"}},{"type":"Feature","geometry":{"type":"LineString","coordinates":[[-7.0563,52.7045],[-7.033,52.7118]]},"properties":{"name":"Carlow - Kilkenny"}},{"type":"Feature","geometry":{"type":"LineString","coordinates":[[-7.0474,52.7932],[-7.0751,52.8208],[-7.1197,52.8322],[-7.1325,52.8471],[-7.138,52.8692],[-7.1835,52.8882]]},"properties":{"name":"Kilkenny - Laoighis"}},{"type":"Feature","geometry":{"type":"LineString","coordinates":[[-7.1835,52.8882],[-7.2363,52.8669],[-7.2432,52.8528],[-7.2548,52.85]]},"properties":{"name":"Kilkenny - Laoighis"}},{"type":"Feature","geometry":{"type":"LineString","coordinates":[[-7.2548,52.85],[-7.2894,52.8578]]},"properties":{"name":"Kilkenny - Laoighis"}},{"type":"Feature","geometry":{"type":"LineString","coordinates":[[-7.2894,52.8578],[-7.3166,52.8481],[-7.3436,52.8198]]},"properties":{"name":"Kilkenny - Laoighis"}},{"type":"Feature","geometry":{"type":"LineString","coordinates":[[-7.3436,52.8198],[-7.3549,52.8238]]},"properties":{"name":"Kilkenny - Laoighis"}},{"type":"Feature","geometry":{"type":"LineString","coordinates":[[-7.3549,52.8238],[-7.3735,52.8183],[-7.4028,52.7977],[-7.4534,52.7856]]},"properties":{"name":"Kilkenny - Laoighis"}},{"type":"Feature","geometry":{"type":"LineString","coordinates":[[-7.4534,52.7856],[-7.5624,52.8189]]},"properties":{"name":"Kilkenny - Laoighis"}},{"type":"Feature","geometry":{"type":"LineString","coordinates":[[-7.5624,52.8189],[-7.5804,52.815],[-7.6187,52.7856],[-7.6682,52.7798]]},"properties":{"name":"Kilkenny - Laoighis"}},{"type":"Feature","geometry":{"type":"LineString","coordinates":[[-7.2067,52.2474],[-7.2604,52.2704],[-7.3127,52.3115],[-7.3646,52.3356]]},"properties":{"name":"Waterford - Kilkenny"}},{"type":"Feature","geometry":{"type":"LineString","coordinates":[[-7.153,52.2715],[-7.1796,52.2676],[-7.2067,52.2474]]},"properties":{"name":"Waterford - Kilkenny"}},{"type":"Feature","geometry":{"type":"LineString","coordinates":[[-6.9918,52.2668],[-6.996,52.2707]]},"properties":{"name":"Waterford - Kilkenny"}},{"type":"Feature","geometry":{"type":"LineString","coordinates":[[-6.996,52.2707],[-7.0341,52.2571]]},"properties":{"name":"Waterford - Kilkenny"}},{"type":"Feature","geometry":{"type":"LineString","coordinates":[[-7.0796,52.2498],[-7.153,52.2715]]},"properties":{"name":"Waterford - Kilkenny"}},{"type":"Feature","geometry":{"type":"LineString","coordinates":[[-7.0341,52.2571],[-7.0796,52.2498]]},"properties":{"name":"Waterford - Kilkenny"}},{"type":"Feature","geometry":{"type":"LineString","coordinates":[[-6.731,52.9159],[-6.6079,52.8951],[-6.542,52.8763]]},"properties":{"name":"Wicklow - Carlow"}},{"type":"Feature","geometry":{"type":"LineString","coordinates":[[-6.516,52.8825],[-6.496,52.871],[-6.5116,52.8586],[-6.5138,52.8231],[-6.5859,52.8049]]},"properties":{"name":"Wicklow - Carlow"}},{"type":"Feature","geometry":{"type":"LineString","coordinates":[[-6.542,52.8763],[-6.516,52.8825]]},"properties":{"name":"Wicklow - Carlow"}},{"type":"Feature","geometry":{"type":"LineString","coordinates":[[-6.5859,52.8049],[-6.6531,52.8324]]},"properties":{"name":"Wicklow - Carlow"}},{"type":"Feature","geometry":{"type":"LineString","coordinates":[[-6.6531,52.8324],[-6.6616,52.8294],[-6.6863,52.7927],[-6.688,52.7731],[-6.6811,52.7685]]},"properties":{"name":"Wicklow - Carlow"}},{"type":"Feature","geometry":{"type":"LineString","coordinates":[[-6.6671,52.7716],[-6.645,52.7568],[-6.6355,52.7382],[-6.6091,52.7117]]},"properties":{"name":"Wicklow - Carlow"}},{"type":"Feature","geometry":{"type":"LineString","coordinates":[[-6.6811,52.7685],[-6.6671,52.7716]]},"properties":{"name":"Wicklow - Carlow"}},{"type":"Feature","geometry":{"type":"LineString","coordinates":[[-6.731,52.9159],[-6.7287,52.9274],[-6.7351,52.9411],[-6.7827,52.9806],[-6.7647,53.0112],[-6.7187,53.0605],[-6.6315,53.0875],[-6.5807,53.1148],[-6.57,53.124],[-6.5676,53.1423],[-6.5431,53.1551],[-6.5463,53.1792],[-6.5115,53.1895],[-6.4973,53.2108],[-6.468,53.224]]},"properties":{"name":"Kildare - Wicklow"}},{"type":"Feature","geometry":{"type":"LineString","coordinates":[[-6.468,53.224],[-6.3836,53.2098],[-6.3644,53.2012],[-6.356,53.187],[-6.3321,53.1768]]},"properties":{"name":"South Dublin - Wicklow"}},{"type":"Feature","geometry":{"type":"LineString","coordinates":[[-6.3321,53.1768],[-6.3174,53.181],[-6.3046,53.2073],[-6.2856,53.2171]]},"properties":{"name":"South Dublin - Wicklow"}},{"type":"Feature","geometry":{"type":"LineString","coordinates":[[-6.2856,53.2171],[-6.2346,53.2005]]},"properties":{"name":"D\u00fan Laoghaire\u2013Rathdown - Wicklow"}},{"type":"Feature","geometry":{"type":"LineString","coordinates":[[-6.1889,53.2102],[-6.1247,53.1919]]},"properties":{"name":"D\u00fan Laoghaire\u2013Rathdown - Wicklow"}},{"type":"Feature","geometry":{"type":"LineString","coordinates":[[-6.2346,53.2005],[-6.1889,53.2102]]},"properties":{"name":"D\u00fan Laoghaire\u2013Rathdown - Wicklow"}},{"type":"Feature","geometry":{"type":"LineString","coordinates":[[-6.1247,53.1919],[-6.0889,53.2041]]},"properties":{"name":"D\u00fan Laoghaire\u2013Rathdown - Wicklow"}},{"type":"Feature","geometry":{"type":"LineString","coordinates":[[-6.6091,52.7117],[-6.6341,52.6892],[-6.67,52.6795],[-6.6697,52.6687],[-6.647,52.6559],[-6.6667,52.6403],[-6.6852,52.6368]]},"properties":{"name":"Wexford - Carlow"}},{"type":"Feature","geometry":{"type":"LineString","coordinates":[[-6.6852,52.6368],[-6.7099,52.6403]]},"properties":{"name":"Wexford - Carlow"}},{"type":"Feature","geometry":{"type":"LineString","coordinates":[[-6.7099,52.6403],[-6.769,52.618],[-6.7778,52.5765],[-6.8249,52.5373],[-6.8643,52.4744],[-6.8837,52.4672],[-6.9233,52.4659]]},"properties":{"name":"Wexford - Carlow"}},{"type":"Feature","geometry":{"type":"LineString","coordinates":[[-6.9233,52.4659],[-6.92,52.4487],[-6.933,52.4214]]},"properties":{"name":"Wexford - Kilkenny"}},{"type":"Feature","geometry":{"type":"LineString","coordinates":[[-6.933,52.4214],[-6.9494,52.4232]]},"properties":{"name":"Wexford - Kilkenny"}},{"type":"Feature","geometry":{"type":"LineString","coordinates":[[-6.9494,52.4232],[-6.9563,52.4182],[-6.957,52.3887],[-6.997,52.3492],[-6.9999,52.3204],[-7.0185,52.2943],[-7.0144,52.2833],[-6.9945,52.2775]]},"properties":{"name":"Wexford - Kilkenny"}},{"type":"Feature","geometry":{"type":"LineString","coordinates":[[-6.2487,52.7916],[-6.2293,52.7761],[-6.1724,52.7667],[-6.151,52.7416]]},"properties":{"name":"Wicklow - Wexford"}},{"type":"Feature","geometry":{"type":"LineString","coordinates":[[-6.2927,52.7805],[-6.2487,52.7916]]},"properties":{"name":"Wicklow - Wexford"}},{"type":"Feature","geometry":{"type":"LineString","coordinates":[[-6.3232,52.7907],[-6.2927,52.7805]]},"properties":{"name":"Wicklow - Wexford"}},{"type":"Feature","geometry":{"type":"LineString","coordinates":[[-6.5371,52.6818],[-6.482,52.6964],[-6.4376,52.726],[-6.3852,52.7809],[-6.3232,52.7907]]},"properties":{"name":"Wicklow - Wexford"}},{"type":"Feature","geometry":{"type":"LineString","coordinates":[[-6.6091,52.7117],[-6.5742,52.7032],[-6.5371,52.6818]]},"properties":{"name":"Wicklow - Wexford"}},{"type":"Feature","geometry":{"type":"LineString","coordinates":[[-8.3094,52.9801],[-8.2797,52.9651],[-8.2793,52.9568],[-8.3318,52.9109],[-8.3444,52.9066]]},"properties":{"name":"North Tipperary - Clare"}},{"type":"Feature","geometry":{"type":"LineString","coordinates":[[-8.3444,52.9066],[-8.3856,52.9078]]},"properties":{"name":"North Tipperary - Clare"}},{"type":"Feature","geometry":{"type":"LineString","coordinates":[[-8.3856,52.9078],[-8.397,52.9039],[-8.411,52.8707],[-8.4362,52.8447],[-8.449,52.8169],[-8.4466,52.7935],[-8.477,52.7551]]},"properties":{"name":"North Tipperary - Clare"}},{"type":"Feature","geometry":{"type":"LineString","coordinates":[[-8.5917,52.6728],[-8.6066,52.6729],[-8.6193,52.681]]},"properties":{"name":"Limerick - Clare"}},{"type":"Feature","geometry":{"type":"LineString","coordinates":[[-8.6193,52.681],[-8.6323,52.6758],[-8.638,52.6592],[-8.6658,52.6529]]},"properties":{"name":"Limerick - Clare"}},{"type":"Feature","geometry":{"type":"LineString","coordinates":[[-8.568,52.6765],[-8.5917,52.6728]]},"properties":{"name":"Limerick - Clare"}},{"type":"Feature","geometry":{"type":"LineString","coordinates":[[-8.477,52.7551],[-8.5091,52.7443],[-8.5074,52.7105],[-8.5452,52.6985],[-8.5519,52.6861],[-8.568,52.6765]]},"properties":{"name":"Limerick - Clare"}},{"type":"Feature","geometry":{"type":"LineString","coordinates":[[-8.6824,52.6512],[-8.6949,52.6662],[-8.7228,52.6739]]},"properties":{"name":"Limerick - Clare"}},{"type":"Feature","geometry":{"type":"LineString","coordinates":[[-8.7228,52.6739],[-8.7379,52.6729]]},"properties":{"name":"Limerick - Clare"}},{"type":"Feature","geometry":{"type":"LineString","coordinates":[[-8.6658,52.6529],[-8.6824,52.6512]]},"properties":{"name":"Limerick - Clare"}},{"type":"Feature","geometry":{"type":"LineString","coordinates":[[-7.6387,53.9352],[-7.5988,53.9331]]},"properties":{"name":"Leitrim - Longford"}},{"type":"Feature","geometry":{"type":"LineString","coordinates":[[-7.799,53.815],[-7.7823,53.8233],[-7.7723,53.8566],[-7.7635,53.8642],[-7.6789,53.9174],[-7.6387,53.9352]]},"properties":{"name":"Leitrim - Longford"}},{"type":"Feature","geometry":{"type":"LineString","coordinates":[[-7.8503,53.8289],[-7.8236,53.815]]},"properties":{"name":"Leitrim - Longford"}},{"type":"Feature","geometry":{"type":"LineString","coordinates":[[-7.862,53.8081],[-7.8503,53.8289]]},"properties":{"name":"Leitrim - Longford"}},{"type":"Feature","geometry":{"type":"LineString","coordinates":[[-7.8892,53.823],[-7.8759,53.821],[-7.862,53.8081]]},"properties":{"name":"Leitrim - Longford"}},{"type":"Feature","geometry":{"type":"LineString","coordinates":[[-7.922,53.8116],[-7.8892,53.823]]},"properties":{"name":"Leitrim - Longford"}},{"type":"Feature","geometry":{"type":"LineString","coordinates":[[-7.8116,53.8156],[-7.799,53.815]]},"properties":{"name":"Leitrim - Longford"}},{"type":"Feature","geometry":{"type":"LineString","coordinates":[[-7.8236,53.815],[-7.8116,53.8156]]},"properties":{"name":"Leitrim - Longford"}},{"type":"Feature","geometry":{"type":"LineString","coordinates":[[-8.1342,54.1147],[-8.0691,54.1008],[-8.0499,54.0907],[-8.0542,54.0677],[-8.0892,54.0503],[-8.0836,54.0094],[-8.0652,53.9986],[-8.0748,53.9819],[-8.1067,53.9526],[-8.0922,53.9437],[-8.0927,53.9205],[-8.0848,53.9171]]},"properties":{"name":"Leitrim - Roscommon"}},{"type":"Feature","geometry":{"type":"LineString","coordinates":[[-8.1572,54.1081],[-8.1342,54.1147]]},"properties":{"name":"Leitrim - Roscommon"}},{"type":"Feature","geometry":{"type":"LineString","coordinates":[[-8.0238,53.9409],[-7.9855,53.9003],[-7.9837,53.8649],[-7.9398,53.8398],[-7.922,53.8116]]},"properties":{"name":"Leitrim - Roscommon"}},{"type":"Feature","geometry":{"type":"LineString","coordinates":[[-8.0592,53.913],[-8.0364,53.9254],[-8.0238,53.9409]]},"properties":{"name":"Leitrim - Roscommon"}},{"type":"Feature","geometry":{"type":"LineString","coordinates":[[-8.0668,53.9181],[-8.0592,53.913]]},"properties":{"name":"Leitrim - Roscommon"}},{"type":"Feature","geometry":{"type":"LineString","coordinates":[[-8.0848,53.9171],[-8.0668,53.9181]]},"properties":{"name":"Leitrim - Roscommon"}},{"type":"Feature","geometry":{"type":"LineString","coordinates":[[-8.3001,54.478],[-8.2471,54.4649]]},"properties":{"name":"Donegal - Leitrim"}},{"type":"Feature","geometry":{"type":"LineString","coordinates":[[-8.227,54.4675],[-8.1685,54.4635]]},"properties":{"name":"Donegal - Leitrim"}},{"type":"Feature","geometry":{"type":"LineString","coordinates":[[-8.2471,54.4649],[-8.227,54.4675]]},"properties":{"name":"Donegal - Leitrim"}},{"type":"Feature","geometry":{"type":"LineString","coordinates":[[-8.1572,54.1081],[-8.157,54.098],[-8.1661,54.0889],[-8.2058,54.0776],[-8.2301,54.0562],[-8.2372,54.0385]]},"properties":{"name":"Roscommon - Sligo"}},{"type":"Feature","geometry":{"type":"LineString","coordinates":[[-8.2372,54.0385],[-8.2554,54.0449]]},"properties":{"name":"Roscommon - Sligo"}},{"type":"Feature","geometry":{"type":"LineString","coordinates":[[-8.2554,54.0449],[-8.2959,54.0322],[-8.3119,54.007],[-8.3309,53.9998]]},"properties":{"name":"Roscommon - Sligo"}},{"type":"Feature","geometry":{"type":"LineString","coordinates":[[-8.3309,53.9998],[-8.3582,54.0034]]},"properties":{"name":"Roscommon - Sligo"}},{"type":"Feature","geometry":{"type":"LineString","coordinates":[[-8.3582,54.0034],[-8.3885,53.9956],[-8.4007,53.9622],[-8.3752,53.9511],[-8.3519,53.9489],[-8.334,53.927],[-8.3417,53.9235]]},"properties":{"name":"Roscommon - Sligo"}},{"type":"Feature","geometry":{"type":"LineString","coordinates":[[-8.5689,53.9546],[-8.5832,53.9582]]},"properties":{"name":"Roscommon - Sligo"}},{"type":"Feature","geometry":{"type":"LineString","coordinates":[[-8.4445,53.9116],[-8.5121,53.9285],[-8.5217,53.9496],[-8.5357,53.9555]]},"properties":{"name":"Roscommon - Sligo"}},{"type":"Feature","geometry":{"type":"LineString","coordinates":[[-8.5357,53.9555],[-8.5689,53.9546]]},"properties":{"name":"Roscommon - Sligo"}},{"type":"Feature","geometry":{"type":"LineString","coordinates":[[-8.3417,53.9235],[-8.4223,53.9263]]},"properties":{"name":"Roscommon - Sligo"}},{"type":"Feature","geometry":{"type":"LineString","coordinates":[[-8.4223,53.9263],[-8.4373,53.9228],[-8.4309,53.9155],[-8.4445,53.9116]]},"properties":{"name":"Roscommon - Sligo"}},{"type":"Feature","geometry":{"type":"LineString","coordinates":[[-8.4064,54.4163],[-8.414,54.4197],[-8.4112,54.4258],[-8.3751,54.4524],[-8.3817,54.4686]]},"properties":{"name":"Sligo - Leitrim"}},{"type":"Feature","geometry":{"type":"LineString","coordinates":[[-8.2667,54.1498],[-8.3086,54.1655],[-8.3164,54.184],[-8.3369,54.197],[-8.3312,54.236],[-8.3446,54.288],[-8.3529,54.304],[-8.3775,54.3171],[-8.3881,54.3458],[-8.3819,54.3585],[-8.3589,54.3733],[-8.3481,54.4107],[-8.3558,54.4189],[-8.3886,54.4233]]},"properties":{"name":"Sligo - Leitrim"}},{"type":"Feature","geometry":{"type":"LineString","coordinates":[[-8.3886,54.4233],[-8.4064,54.4163]]},"properties":{"name":"Sligo - Leitrim"}},{"type":"Feature","geometry":{"type":"LineString","coordinates":[[-8.1572,54.1081],[-8.1808,54.1197],[-8.2145,54.1499],[-8.2378,54.1545]]},"properties":{"name":"Sligo - Leitrim"}},{"type":"Feature","geometry":{"type":"LineString","coordinates":[[-8.2378,54.1545],[-8.2667,54.1498]]},"properties":{"name":"Sligo - Leitrim"}},{"type":"Feature","geometry":{"type":"LineString","coordinates":[[-6.7832,53.8919],[-6.7483,53.914]]},"properties":{"name":"Cavan - Meath"}},{"type":"Feature","geometry":{"type":"LineString","coordinates":[[-6.7974,53.8928],[-6.7832,53.8919]]},"properties":{"name":"Cavan - Meath"}},{"type":"Feature","geometry":{"type":"LineString","coordinates":[[-6.8693,53.8781],[-6.7974,53.8928]]},"properties":{"name":"Cavan - Meath"}},{"type":"Feature","geometry":{"type":"LineString","coordinates":[[-6.9227,53.891],[-6.8693,53.8781]]},"properties":{"name":"Cavan - Meath"}},{"type":"Feature","geometry":{"type":"LineString","coordinates":[[-6.9361,53.8662],[-6.9236,53.8721],[-6.9277,53.8859],[-6.9227,53.891]]},"properties":{"name":"Cavan - Meath"}},{"type":"Feature","geometry":{"type":"LineString","coordinates":[[-6.9612,53.8708],[-6.9361,53.8662]]},"properties":{"name":"Cavan - Meath"}},{"type":"Feature","geometry":{"type":"LineString","coordinates":[[-6.9979,53.7734],[-6.9434,53.7845],[-6.9083,53.8086],[-6.912,53.8187],[-6.9463,53.8437],[-6.9612,53.8708]]},"properties":{"name":"Cavan - Meath"}},{"type":"Feature","geometry":{"type":"LineString","coordinates":[[-7.2978,53.8075],[-7.2837,53.806],[-7.2565,53.7876],[-7.2152,53.7773]]},"properties":{"name":"Cavan - Meath"}},{"type":"Feature","geometry":{"type":"LineString","coordinates":[[-7.3385,53.7954],[-7.2978,53.8075]]},"properties":{"name":"Cavan - Meath"}},{"type":"Feature","geometry":{"type":"LineString","coordinates":[[-7.1381,53.7999],[-7.0679,53.782],[-6.9979,53.7734]]},"properties":{"name":"Cavan - Meath"}},{"type":"Feature","geometry":{"type":"LineString","coordinates":[[-7.2152,53.7773],[-7.1381,53.7999]]},"properties":{"name":"Cavan - Meath"}},{"type":"Feature","geometry":{"type":"LineString","coordinates":[[-7.3385,53.7954],[-7.3888,53.779]]},"properties":{"name":"Westmeath - Cavan"}},{"type":"Feature","geometry":{"type":"LineString","coordinates":[[-7.5988,53.9331],[-7.577,53.9102],[-7.5491,53.9011],[-7.5401,53.8888],[-7.5401,53.8814],[-7.5545,53.8777],[-7.5667,53.862],[-7.5556,53.8562]]},"properties":{"name":"Cavan - Longford"}},{"type":"Feature","geometry":{"type":"LineString","coordinates":[[-7.5066,53.8617],[-7.4797,53.8557],[-7.4636,53.8388],[-7.4564,53.8183],[-7.3888,53.779]]},"properties":{"name":"Cavan - Longford"}},{"type":"Feature","geometry":{"type":"LineString","coordinates":[[-7.5556,53.8562],[-7.5066,53.8617]]},"properties":{"name":"Cavan - Longford"}},{"type":"Feature","geometry":{"type":"LineString","coordinates":[[-7.3165,54.1143],[-7.2314,54.0955]]},"properties":{"name":"Monaghan - Cavan"}},{"type":"Feature","geometry":{"type":"LineString","coordinates":[[-7.0154,54.0981],[-7.0061,54.0948],[-7.0129,54.084],[-7.0065,54.0778],[-6.8747,54.0035],[-6.8265,53.9451],[-6.7483,53.914]]},"properties":{"name":"Monaghan - Cavan"}},{"type":"Feature","geometry":{"type":"LineString","coordinates":[[-7.0666,54.0879],[-7.0154,54.0981]]},"properties":{"name":"Monaghan - Cavan"}},{"type":"Feature","geometry":{"type":"LineString","coordinates":[[-7.2133,54.0978],[-7.1342,54.0849]]},"properties":{"name":"Monaghan - Cavan"}},{"type":"Feature","geometry":{"type":"LineString","coordinates":[[-7.2314,54.0955],[-7.2133,54.0978]]},"properties":{"name":"Monaghan - Cavan"}},{"type":"Feature","geometry":{"type":"LineString","coordinates":[[-7.1088,54.0929],[-7.0666,54.0879]]},"properties":{"name":"Monaghan - Cavan"}},{"type":"Feature","geometry":{"type":"LineString","coordinates":[[-7.1342,54.0849],[-7.1088,54.0929]]},"properties":{"name":"Monaghan - Cavan"}},{"type":"Feature","geometry":{"type":"LineString","coordinates":[[-8.0133,54.2505],[-7.9827,54.2638],[-7.971,54.2795],[-7.9421,54.2989]]},"properties":{"name":"Leitrim - Cavan"}},{"type":"Feature","geometry":{"type":"LineString","coordinates":[[-8.0309,54.2521],[-8.0133,54.2505]]},"properties":{"name":"Leitrim - Cavan"}},{"type":"Feature","geometry":{"type":"LineString","coordinates":[[-8.0266,54.1881],[-8.04,54.1919],[-8.0271,54.2093],[-8.0487,54.2405],[-8.0309,54.2521]]},"properties":{"name":"Leitrim - Cavan"}},{"type":"Feature","geometry":{"type":"LineString","coordinates":[[-7.8131,54.102],[-7.9363,54.1708],[-8.007,54.1901]]},"properties":{"name":"Leitrim - Cavan"}},{"type":"Feature","geometry":{"type":"LineString","coordinates":[[-8.007,54.1901],[-8.0266,54.1881]]},"properties":{"name":"Leitrim - Cavan"}},{"type":"Feature","geometry":{"type":"LineString","coordinates":[[-7.6049,54.0249],[-7.6174,54.027],[-7.6352,54.0427],[-7.7399,54.1016],[-7.7913,54.1147]]},"properties":{"name":"Leitrim - Cavan"}},{"type":"Feature","geometry":{"type":"LineString","coordinates":[[-7.7913,54.1147],[-7.8131,54.102]]},"properties":{"name":"Leitrim - Cavan"}},{"type":"Feature","geometry":{"type":"LineString","coordinates":[[-7.5988,53.9331],[-7.5753,53.9779],[-7.584,54.0124],[-7.5995,54.025]]},"properties":{"name":"Leitrim - Cavan"}},{"type":"Feature","geometry":{"type":"LineString","coordinates":[[-7.5995,54.025],[-7.6049,54.0249]]},"properties":{"name":"Leitrim - Cavan"}},{"type":"Feature","geometry":{"type":"LineString","coordinates":[[-8.0765,53.1704],[-7.9947,53.1972],[-7.9766,53.2075],[-7.9692,53.2247],[-7.9774,53.2366],[-8.0313,53.2619],[-8.0457,53.2762]]},"properties":{"name":"Galway - Offaly"}},{"type":"Feature","geometry":{"type":"LineString","coordinates":[[-8.5551,53.7173],[-8.4625,53.7114],[-8.449,53.7045],[-8.4406,53.6785],[-8.3642,53.654],[-8.3611,53.6424],[-8.3954,53.6366],[-8.3783,53.612],[-8.2834,53.5665],[-8.2969,53.5612],[-8.2795,53.5309],[-8.2848,53.5136],[-8.2773,53.4767],[-8.2427,53.4453],[-8.2527,53.4279],[-8.2251,53.3976],[-8.2382,53.3786],[-8.2352,53.3626],[-8.1861,53.339],[-8.1778,53.3033],[-8.1494,53.2824],[-8.0457,53.2762]]},"properties":{"name":"Roscommon - Galway"}},{"type":"Feature","geometry":{"type":"LineString","coordinates":[[-8.7635,53.6602],[-8.6574,53.6758],[-8.6377,53.6946],[-8.5551,53.7173]]},"properties":{"name":"Roscommon - Galway"}},{"type":"Feature","geometry":{"type":"LineString","coordinates":[[-8.8171,53.6681],[-8.8017,53.6608],[-8.7635,53.6602]]},"properties":{"name":"Roscommon - Galway"}},{"type":"Feature","geometry":{"type":"LineString","coordinates":[[-8.3094,52.9801],[-8.2529,53.0453],[-8.2064,53.0705],[-8.1375,53.1528],[-8.0765,53.1704]]},"properties":{"name":"Galway - North Tipperary"}},{"type":"Feature","geometry":{"type":"LineString","coordinates":[[-8.8571,52.9683],[-8.8771,52.9739],[-8.8852,52.9835],[-8.8888,52.9996],[-8.8777,53.0138],[-8.8881,53.0296],[-8.8907,53.0556],[-9.0157,53.1052],[-9.0221,53.1268],[-9.0031,53.1375],[-9.0041,53.1469]]},"properties":{"name":"Clare - Galway"}},{"type":"Feature","geometry":{"type":"LineString","coordinates":[[-8.4423,52.9715],[-8.4941,52.9817],[-8.5065,53.0022],[-8.5176,53.0084],[-8.597,53.0334]]},"properties":{"name":"Clare - Galway"}},{"type":"Feature","geometry":{"type":"LineString","coordinates":[[-8.597,53.0334],[-8.6678,53.0306],[-8.7134,53.0196],[-8.747,52.9924],[-8.8002,52.972]]},"properties":{"name":"Clare - Galway"}},{"type":"Feature","geometry":{"type":"LineString","coordinates":[[-8.3094,52.9801],[-8.3622,52.9721]]},"properties":{"name":"Clare - Galway"}},{"type":"Feature","geometry":{"type":"LineString","coordinates":[[-8.8002,52.972],[-8.8333,52.9792]]},"properties":{"name":"Clare - Galway"}},{"type":"Feature","geometry":{"type":"LineString","coordinates":[[-8.8333,52.9792],[-8.8571,52.9683]]},"properties":{"name":"Clare - Galway"}},{"type":"Feature","geometry":{"type":"LineString","coordinates":[[-8.3622,52.9721],[-8.402,52.9788]]},"properties":{"name":"Clare - Galway"}},{"type":"Feature","geometry":{"type":"LineString","coordinates":[[-8.402,52.9788],[-8.4423,52.9715]]},"properties":{"name":"Clare - Galway"}},{"type":"Feature","geometry":{"type":"LineString","coordinates":[[-8.6722,53.9675],[-8.6012,53.9521]]},"properties":{"name":"Mayo - Roscommon"}},{"type":"Feature","geometry":{"type":"LineString","coordinates":[[-8.6461,53.8674],[-8.6354,53.8739],[-8.6317,53.8913],[-8.6362,53.8987],[-8.6789,53.9194],[-8.6762,53.9447],[-8.6848,53.9575],[-8.6722,53.9675]]},"properties":{"name":"Mayo - Roscommon"}},{"type":"Feature","geometry":{"type":"LineString","coordinates":[[-8.6012,53.9521],[-8.5832,53.9582]]},"properties":{"name":"Mayo - Roscommon"}},{"type":"Feature","geometry":{"type":"LineString","coordinates":[[-8.6736,53.8741],[-8.6461,53.8674]]},"properties":{"name":"Mayo - Roscommon"}},{"type":"Feature","geometry":{"type":"LineString","coordinates":[[-8.8171,53.6681],[-8.7903,53.6897],[-8.7218,53.7097],[-8.6993,53.7295],[-8.6853,53.7689],[-8.6851,53.7884],[-8.7277,53.8145],[-8.7176,53.8345],[-8.6978,53.8522],[-8.6938,53.87],[-8.6736,53.8741]]},"properties":{"name":"Mayo - Roscommon"}},{"type":"Feature","geometry":{"type":"LineString","coordinates":[[-9.1339,54.1651],[-9.1068,54.1455],[-9.0727,54.1412]]},"properties":{"name":"Sligo - Mayo"}},{"type":"Feature","geometry":{"type":"LineString","coordinates":[[-9.0283,54.1566],[-8.9538,54.1452],[-8.9237,54.1166],[-8.9231,54.1086],[-8.9484,54.1011],[-8.9692,54.0812],[-8.975,54.0673],[-8.9994,54.0559],[-9.0103,54.0371],[-9.0047,54.0263],[-8.9352,54.0133]]},"properties":{"name":"Sligo - Mayo"}},{"type":"Feature","geometry":{"type":"LineString","coordinates":[[-9.0727,54.1412],[-9.0283,54.1566]]},"properties":{"name":"Sligo - Mayo"}},{"type":"Feature","geometry":{"type":"LineString","coordinates":[[-8.6587,54.0331],[-8.59,54.0144],[-8.5843,54.0037],[-8.5877,53.9734],[-8.5832,53.9582]]},"properties":{"name":"Sligo - Mayo"}},{"type":"Feature","geometry":{"type":"LineString","coordinates":[[-8.8183,53.9699],[-8.7652,53.9749],[-8.7494,53.9887],[-8.6808,54.0107],[-8.6723,54.0278],[-8.6587,54.0331]]},"properties":{"name":"Sligo - Mayo"}},{"type":"Feature","geometry":{"type":"LineString","coordinates":[[-8.8953,54.0217],[-8.8852,54.0193],[-8.878,53.9982],[-8.8546,53.9769],[-8.8183,53.9699]]},"properties":{"name":"Sligo - Mayo"}},{"type":"Feature","geometry":{"type":"LineString","coordinates":[[-8.9352,54.0133],[-8.8953,54.0217]]},"properties":{"name":"Sligo - Mayo"}},{"type":"Feature","geometry":{"type":"LineString","coordinates":[[-8.8171,53.6681],[-8.8899,53.65],[-8.9671,53.6478],[-8.9732,53.6445],[-8.9791,53.621],[-9.0074,53.5986],[-9.016,53.5829],[-9.0432,53.5717],[-9.0349,53.5593],[-9.0416,53.5471],[-9.0976,53.5013],[-9.1298,53.4843],[-9.1874,53.4752]]},"properties":{"name":"Galway - Mayo"}},{"type":"Feature","geometry":{"type":"LineString","coordinates":[[-9.4524,53.5615],[-9.5025,53.5785],[-9.5399,53.5831],[-9.5575,53.6095]]},"properties":{"name":"Galway - Mayo"}},{"type":"Feature","geometry":{"type":"LineString","coordinates":[[-9.5575,53.6095],[-9.5868,53.6032],[-9.6968,53.6026]]},"properties":{"name":"Galway - Mayo"}},{"type":"Feature","geometry":{"type":"LineString","coordinates":[[-9.3364,53.5421],[-9.348,53.5459],[-9.3468,53.5633],[-9.3571,53.5653]]},"properties":{"name":"Galway - Mayo"}},{"type":"Feature","geometry":{"type":"LineString","coordinates":[[-9.3571,53.5653],[-9.4524,53.5615]]},"properties":{"name":"Galway - Mayo"}},{"type":"Feature","geometry":{"type":"LineString","coordinates":[[-9.1874,53.4752],[-9.2262,53.4847],[-9.2403,53.4998],[-9.268,53.5098],[-9.2845,53.5367],[-9.2993,53.5422]]},"properties":{"name":"Galway - Mayo"}},{"type":"Feature","geometry":{"type":"LineString","coordinates":[[-9.2993,53.5422],[-9.3364,53.5421]]},"properties":{"name":"Galway - Mayo"}},{"type":"Feature","geometry":{"type":"LineString","coordinates":[[4.1465,50.9706],[4.1607,50.9427],[4.1602,50.9299],[4.137,50.9196]]},"properties":{"name":"Flemish Brabant - East Flanders"}},{"type":"Feature","geometry":{"type":"LineString","coordinates":[[4.137,50.9196],[4.0913,50.9318]]},"properties":{"name":"Flemish Brabant - East Flanders"}},{"type":"Feature","geometry":{"type":"LineString","coordinates":[[4.0913,50.9318],[4.1001,50.9125],[4.0736,50.9],[4.0881,50.8919],[4.0871,50.8814],[4.0404,50.8384],[4.066,50.8354],[4.0749,50.8207],[4.0604,50.7926],[4.0133,50.7721]]},"properties":{"name":"Flemish Brabant - East Flanders"}},{"type":"Feature","geometry":{"type":"LineString","coordinates":[[4.0133,50.7721],[3.9993,50.7805]]},"properties":{"name":"Flemish Brabant - East Flanders"}},{"type":"Feature","geometry":{"type":"LineString","coordinates":[[3.9993,50.7805],[3.9822,50.7668]]},"properties":{"name":"Flemish Brabant - East Flanders"}},{"type":"Feature","geometry":{"type":"LineString","coordinates":[[3.9822,50.7668],[3.9563,50.7798]]},"properties":{"name":"Flemish Brabant - East Flanders"}},{"type":"Feature","geometry":{"type":"LineString","coordinates":[[3.9563,50.7798],[3.944,50.7754],[3.9312,50.7576],[3.952,50.7395],[3.9506,50.7341],[3.9183,50.7288]]},"properties":{"name":"Flemish Brabant - East Flanders"}},{"type":"Feature","geometry":{"type":"LineString","coordinates":[[3.9183,50.7288],[3.895,50.7342]]},"properties":{"name":"Flemish Brabant - East Flanders"}},{"type":"Feature","geometry":{"type":"LineString","coordinates":[[4.2746,51.0437],[4.2989,51.041]]},"properties":{"name":"Antwerp - Flemish Brabant"}},{"type":"Feature","geometry":{"type":"LineString","coordinates":[[4.2403,51.0381],[4.2746,51.0437]]},"properties":{"name":"Antwerp - Flemish Brabant"}},{"type":"Feature","geometry":{"type":"LineString","coordinates":[[4.2123,51.0341],[4.1891,51.0439],[4.1964,51.0545],[4.182,51.0999]]},"properties":{"name":"East Flanders - Antwerp"}},{"type":"Feature","geometry":{"type":"LineString","coordinates":[[4.2403,51.0381],[4.2319,51.0443]]},"properties":{"name":"East Flanders - Antwerp"}},{"type":"Feature","geometry":{"type":"LineString","coordinates":[[4.2319,51.0443],[4.2123,51.0341]]},"properties":{"name":"East Flanders - Antwerp"}},{"type":"Feature","geometry":{"type":"LineString","coordinates":[[4.2403,51.0381],[4.2171,50.9901],[4.1941,50.9835]]},"properties":{"name":"Flemish Brabant - East Flanders"}},{"type":"Feature","geometry":{"type":"LineString","coordinates":[[4.1941,50.9835],[4.1617,50.9906]]},"properties":{"name":"Flemish Brabant - East Flanders"}},{"type":"Feature","geometry":{"type":"LineString","coordinates":[[4.1617,50.9906],[4.1465,50.9706]]},"properties":{"name":"Flemish Brabant - East Flanders"}},{"type":"Feature","geometry":{"type":"LineString","coordinates":[[4.0998,50.7071],[4.1124,50.7069],[4.0942,50.7035],[4.0914,50.6537],[4.1011,50.636],[4.1186,50.6313]]},"properties":{"name":"Walloon Brabant - Hainaut"}},{"type":"Feature","geometry":{"type":"LineString","coordinates":[[4.1843,50.6639],[4.2037,50.6477],[4.1986,50.6268],[4.252,50.6182],[4.2465,50.5973]]},"properties":{"name":"Walloon Brabant - Hainaut"}},{"type":"Feature","geometry":{"type":"LineString","coordinates":[[4.1186,50.6313],[4.1418,50.6336],[4.1733,50.6611],[4.1843,50.6639]]},"properties":{"name":"Walloon Brabant - Hainaut"}},{"type":"Feature","geometry":{"type":"LineString","coordinates":[[4.2465,50.5973],[4.2789,50.593]]},"properties":{"name":"Walloon Brabant - Hainaut"}},{"type":"Feature","geometry":{"type":"LineString","coordinates":[[4.182,51.0999],[4.2158,51.1215],[4.2762,51.124]]},"properties":{"name":"East Flanders - Antwerp"}},{"type":"Feature","geometry":{"type":"LineString","coordinates":[[3.4602,50.9437],[3.4121,50.959],[3.443,50.9678],[3.4259,50.9824],[3.452,51.007],[3.4221,51.0395],[3.4438,51.0493],[3.3307,51.1001]]},"properties":{"name":"West Flanders - East Flanders"}},{"type":"Feature","geometry":{"type":"LineString","coordinates":[[3.4401,50.9439],[3.4602,50.9437]]},"properties":{"name":"West Flanders - East Flanders"}},{"type":"Feature","geometry":{"type":"LineString","coordinates":[[3.4484,50.9299],[3.4553,50.9344],[3.4401,50.9439]]},"properties":{"name":"West Flanders - East Flanders"}},{"type":"Feature","geometry":{"type":"LineString","coordinates":[[3.4247,50.9321],[3.4484,50.9299]]},"properties":{"name":"West Flanders - East Flanders"}},{"type":"Feature","geometry":{"type":"LineString","coordinates":[[3.4192,50.9122],[3.4326,50.9206],[3.4247,50.9321]]},"properties":{"name":"West Flanders - East Flanders"}},{"type":"Feature","geometry":{"type":"LineString","coordinates":[[4.2987,51.2696],[4.2886,51.2579]]},"properties":{"name":"Antwerp - East Flanders"}},{"type":"Feature","geometry":{"type":"LineString","coordinates":[[3.3307,51.1001],[3.3745,51.1181],[3.4103,51.1611]]},"properties":{"name":"West Flanders - East Flanders"}},{"type":"Feature","geometry":{"type":"LineString","coordinates":[[3.4103,51.1611],[3.387,51.1872],[3.3598,51.1928],[3.3841,51.2036],[3.367,51.2296],[3.3988,51.2447]]},"properties":{"name":"West Flanders - East Flanders"}},{"type":"Feature","geometry":{"type":"LineString","coordinates":[[3.4576,50.7685],[3.52,50.7979],[3.5225,50.8052],[3.4995,50.8252],[3.5124,50.8355],[3.4505,50.8693],[3.474,50.8846],[3.4661,50.9034]]},"properties":{"name":"West Flanders - East Flanders"}},{"type":"Feature","geometry":{"type":"LineString","coordinates":[[3.4192,50.9122],[3.4273,50.8984]]},"properties":{"name":"East Flanders - West Flanders"}},{"type":"Feature","geometry":{"type":"LineString","coordinates":[[3.4505,50.9075],[3.4661,50.9034]]},"properties":{"name":"East Flanders - West Flanders"}},{"type":"Feature","geometry":{"type":"LineString","coordinates":[[3.4273,50.8984],[3.4505,50.9075]]},"properties":{"name":"East Flanders - West Flanders"}},{"type":"Feature","geometry":{"type":"LineString","coordinates":[[-3.935,51.7613],[-3.9781,51.7666]]},"properties":{"name":"Swansea - Carmarthenshire"}},{"type":"Feature","geometry":{"type":"LineString","coordinates":[[-3.9781,51.7666],[-4.0231,51.7441],[-4.0231,51.7321],[-4.0359,51.7216],[-4.042,51.7022],[-4.0705,51.676]]},"properties":{"name":"Swansea - Carmarthenshire"}},{"type":"Feature","geometry":{"type":"LineString","coordinates":[[-3.9331,51.7622],[-3.935,51.7613]]},"properties":{"name":"Swansea - Carmarthenshire"}},{"type":"Feature","geometry":{"type":"LineString","coordinates":[[-4.5587,52.0377],[-4.5417,52.0249],[-4.524,51.9939],[-4.4947,51.9691],[-4.4947,51.9602],[-4.6312,51.9106]]},"properties":{"name":"Carmarthenshire - Pembrokeshire"}},{"type":"Feature","geometry":{"type":"LineString","coordinates":[[-4.6312,51.9106],[-4.6542,51.9132]]},"properties":{"name":"Carmarthenshire - Pembrokeshire"}},{"type":"Feature","geometry":{"type":"LineString","coordinates":[[-4.6542,51.9132],[-4.6933,51.9088],[-4.7323,51.884],[-4.7402,51.8689],[-4.7252,51.86],[-4.7243,51.8459],[-4.7588,51.8388],[-4.7677,51.8308],[-4.7668,51.8246],[-4.7509,51.8201]]},"properties":{"name":"Carmarthenshire - Pembrokeshire"}},{"type":"Feature","geometry":{"type":"LineString","coordinates":[[-4.6764,51.8263],[-4.6631,51.8255],[-4.64,51.806],[-4.6393,51.7332]]},"properties":{"name":"Carmarthenshire - Pembrokeshire"}},{"type":"Feature","geometry":{"type":"LineString","coordinates":[[-4.7509,51.8201],[-4.6764,51.8263]]},"properties":{"name":"Carmarthenshire - Pembrokeshire"}},{"type":"Feature","geometry":{"type":"LineString","coordinates":[[-3.7846,52.1061],[-3.8118,52.117],[-3.8661,52.1242]]},"properties":{"name":"Carmarthenshire - Ceredigion"}},{"type":"Feature","geometry":{"type":"LineString","coordinates":[[-3.8661,52.1242],[-3.9132,52.1206]]},"properties":{"name":"Carmarthenshire - Ceredigion"}},{"type":"Feature","geometry":{"type":"LineString","coordinates":[[-3.9132,52.1206],[-3.935,52.1224]]},"properties":{"name":"Carmarthenshire - Ceredigion"}},{"type":"Feature","geometry":{"type":"LineString","coordinates":[[-3.935,52.1224],[-3.9893,52.0971],[-4.0165,52.0971]]},"properties":{"name":"Carmarthenshire - Ceredigion"}},{"type":"Feature","geometry":{"type":"LineString","coordinates":[[-3.7412,52.1216],[-3.7629,52.1061],[-3.7846,52.1061]]},"properties":{"name":"Carmarthenshire - Ceredigion"}},{"type":"Feature","geometry":{"type":"LineString","coordinates":[[-4.0165,52.0971],[-4.06,52.1061]]},"properties":{"name":"Carmarthenshire - Ceredigion"}},{"type":"Feature","geometry":{"type":"LineString","coordinates":[[-4.06,52.1061],[-4.1197,52.0898],[-4.2031,52.0409],[-4.2357,52.0319],[-4.4096,52.0282]]},"properties":{"name":"Carmarthenshire - Ceredigion"}},{"type":"Feature","geometry":{"type":"LineString","coordinates":[[-4.4096,52.0282],[-4.5563,52.0391]]},"properties":{"name":"Carmarthenshire - Ceredigion"}},{"type":"Feature","geometry":{"type":"LineString","coordinates":[[-4.5563,52.0391],[-4.5587,52.0377]]},"properties":{"name":"Carmarthenshire - Ceredigion"}},{"type":"Feature","geometry":{"type":"LineString","coordinates":[[-4.6844,52.0657],[-4.6968,52.0683],[-4.6938,52.1073]]},"properties":{"name":"Pembrokeshire - Ceredigion"}},{"type":"Feature","geometry":{"type":"LineString","coordinates":[[-4.5587,52.0377],[-4.6223,52.0506],[-4.6534,52.0657]]},"properties":{"name":"Pembrokeshire - Ceredigion"}},{"type":"Feature","geometry":{"type":"LineString","coordinates":[[-4.6534,52.0657],[-4.6844,52.0657]]},"properties":{"name":"Pembrokeshire - Ceredigion"}},{"type":"Feature","geometry":{"type":"LineString","coordinates":[[-3.9473,52.5509],[-3.9275,52.5532]]},"properties":{"name":"Gwynedd - Ceredigion"}},{"type":"Feature","geometry":{"type":"LineString","coordinates":[[-3.1024,51.5431],[-3.0836,51.5627],[-3.1089,51.5791],[-3.1092,51.5872],[-3.0319,51.6057]]},"properties":{"name":"Caerphilly - Newport"}},{"type":"Feature","geometry":{"type":"LineString","coordinates":[[-3.1564,51.553],[-3.1024,51.5431]]},"properties":{"name":"Caerphilly - Cardiff"}},{"type":"Feature","geometry":{"type":"LineString","coordinates":[[-3.2275,51.5451],[-3.1564,51.553]]},"properties":{"name":"Caerphilly - Cardiff"}},{"type":"Feature","geometry":{"type":"LineString","coordinates":[[-3.1024,51.5431],[-3.095,51.5333],[-3.0675,51.5261],[-3.0765,51.5078]]},"properties":{"name":"Newport - Cardiff"}},{"type":"Feature","geometry":{"type":"LineString","coordinates":[[-3.2503,51.4661],[-3.2608,51.4693],[-3.2914,51.5004]]},"properties":{"name":"Vale of Glamorgan - Cardiff"}},{"type":"Feature","geometry":{"type":"LineString","coordinates":[[-3.1727,51.4531],[-3.2007,51.4677]]},"properties":{"name":"Vale of Glamorgan - Cardiff"}},{"type":"Feature","geometry":{"type":"LineString","coordinates":[[-3.2007,51.4677],[-3.2503,51.4661]]},"properties":{"name":"Vale of Glamorgan - Cardiff"}},{"type":"Feature","geometry":{"type":"LineString","coordinates":[[-3.4752,51.5104],[-3.4792,51.5116]]},"properties":{"name":"Vale of Glamorgan - Bridgend"}},{"type":"Feature","geometry":{"type":"LineString","coordinates":[[-3.4792,51.5116],[-3.5231,51.4935],[-3.5192,51.4788],[-3.5239,51.4675],[-3.5173,51.4499]]},"properties":{"name":"Vale of Glamorgan - Bridgend"}},{"type":"Feature","geometry":{"type":"LineString","coordinates":[[-3.5173,51.4499],[-3.5353,51.4524]]},"properties":{"name":"Vale of Glamorgan - Bridgend"}},{"type":"Feature","geometry":{"type":"LineString","coordinates":[[-3.5353,51.4524],[-3.5434,51.448],[-3.5256,51.4358],[-3.5753,51.4204]]},"properties":{"name":"Vale of Glamorgan - Bridgend"}},{"type":"Feature","geometry":{"type":"LineString","coordinates":[[-3.9331,51.7622],[-3.8299,51.6876],[-3.8867,51.6214]]},"properties":{"name":"Neath Port Talbot - Swansea"}},{"type":"Feature","geometry":{"type":"LineString","coordinates":[[-3.8673,51.8002],[-3.8195,51.7999],[-3.8,51.7853]]},"properties":{"name":"Carmarthenshire - Neath Port Talbot"}},{"type":"Feature","geometry":{"type":"LineString","coordinates":[[-3.8961,51.7636],[-3.8847,51.765],[-3.8781,51.7752],[-3.8842,51.793],[-3.8673,51.8002]]},"properties":{"name":"Carmarthenshire - Neath Port Talbot"}},{"type":"Feature","geometry":{"type":"LineString","coordinates":[[-3.9145,51.7711],[-3.8961,51.7636]]},"properties":{"name":"Carmarthenshire - Neath Port Talbot"}},{"type":"Feature","geometry":{"type":"LineString","coordinates":[[-3.9331,51.7622],[-3.9145,51.7711]]},"properties":{"name":"Carmarthenshire - Neath Port Talbot"}},{"type":"Feature","geometry":{"type":"LineString","coordinates":[[-3.5492,51.6418],[-3.5886,51.6344]]},"properties":{"name":"Bridgend - Neath Port Talbot"}},{"type":"Feature","geometry":{"type":"LineString","coordinates":[[-3.5886,51.6344],[-3.6536,51.6399]]},"properties":{"name":"Bridgend - Neath Port Talbot"}},{"type":"Feature","geometry":{"type":"LineString","coordinates":[[-3.6536,51.6399],[-3.6603,51.6349],[-3.6675,51.605],[-3.6809,51.5958],[-3.6825,51.5874],[-3.652,51.5699],[-3.6403,51.5424],[-3.6911,51.5258]]},"properties":{"name":"Bridgend - Neath Port Talbot"}},{"type":"Feature","geometry":{"type":"LineString","coordinates":[[-3.6911,51.5258],[-3.7519,51.5331]]},"properties":{"name":"Bridgend - Neath Port Talbot"}},{"type":"Feature","geometry":{"type":"LineString","coordinates":[[-3.8,51.7853],[-3.7669,51.8177],[-3.7523,51.8472],[-3.7217,51.8658],[-3.7113,51.8818],[-3.7167,51.9033],[-3.7099,51.9323],[-3.6906,51.9405],[-3.6867,51.9483],[-3.6978,51.9713],[-3.6956,51.9888],[-3.6736,52.0127],[-3.6436,52.0313],[-3.642,52.0419],[-3.6589,52.0549],[-3.6609,52.0697],[-3.7136,52.0902],[-3.7039,52.1083],[-3.7067,52.1146],[-3.7412,52.1216]]},"properties":{"name":"Carmarthenshire - Powys"}},{"type":"Feature","geometry":{"type":"LineString","coordinates":[[-3.47,52.8619],[-3.477,52.8449],[-3.4908,52.8347],[-3.5272,52.8333],[-3.5872,52.8116],[-3.5972,52.7844],[-3.5803,52.7636],[-3.5717,52.7305],[-3.6015,52.6955],[-3.6678,52.6888],[-3.6986,52.6761]]},"properties":{"name":"Powys - Gwynedd"}},{"type":"Feature","geometry":{"type":"LineString","coordinates":[[-3.6986,52.6761],[-3.7267,52.6777]]},"properties":{"name":"Powys - Gwynedd"}},{"type":"Feature","geometry":{"type":"LineString","coordinates":[[-3.7267,52.6777],[-3.7631,52.6694]]},"properties":{"name":"Powys - Gwynedd"}},{"type":"Feature","geometry":{"type":"LineString","coordinates":[[-3.7631,52.6694],[-3.797,52.6747]]},"properties":{"name":"Powys - Gwynedd"}},{"type":"Feature","geometry":{"type":"LineString","coordinates":[[-3.797,52.6747],[-3.8336,52.6408],[-3.8278,52.6266],[-3.8378,52.5991],[-3.8756,52.5761],[-3.912,52.568],[-3.9275,52.5532]]},"properties":{"name":"Powys - Gwynedd"}},{"type":"Feature","geometry":{"type":"LineString","coordinates":[[-3.8131,52.4813],[-3.8339,52.5041],[-3.8292,52.5327],[-3.8395,52.5486],[-3.8678,52.5561]]},"properties":{"name":"Ceredigion - Powys"}},{"type":"Feature","geometry":{"type":"LineString","coordinates":[[-3.8678,52.5561],[-3.9275,52.5532]]},"properties":{"name":"Ceredigion - Powys"}},{"type":"Feature","geometry":{"type":"LineString","coordinates":[[-3.7412,52.1216],[-3.7558,52.1246],[-3.7467,52.1438],[-3.7525,52.1785],[-3.7431,52.2027],[-3.7416,52.2361],[-3.7338,52.2421],[-3.7395,52.2469],[-3.7348,52.258],[-3.7011,52.2738],[-3.717,52.2866],[-3.7159,52.2986],[-3.7317,52.311],[-3.7312,52.3188],[-3.7036,52.3347],[-3.6623,52.3394],[-3.652,52.3475],[-3.6703,52.3633],[-3.6906,52.3641],[-3.6945,52.3824],[-3.7201,52.4202],[-3.7609,52.4374],[-3.7578,52.4586],[-3.737,52.4672],[-3.7247,52.4988],[-3.7453,52.5011]]},"properties":{"name":"Ceredigion - Powys"}},{"type":"Feature","geometry":{"type":"LineString","coordinates":[[-3.7453,52.5011],[-3.7667,52.4866],[-3.8131,52.4813]]},"properties":{"name":"Ceredigion - Powys"}},{"type":"Feature","geometry":{"type":"LineString","coordinates":[[-3.289,51.7933],[-3.3338,51.7899]]},"properties":{"name":"Caerphilly - Powys"}},{"type":"Feature","geometry":{"type":"LineString","coordinates":[[-3.8,51.7853],[-3.7634,51.7577]]},"properties":{"name":"Powys - Neath Port Talbot"}},{"type":"Feature","geometry":{"type":"LineString","coordinates":[[-3.6484,51.7794],[-3.5917,51.7624],[-3.5837,51.7513]]},"properties":{"name":"Powys - Neath Port Talbot"}},{"type":"Feature","geometry":{"type":"LineString","coordinates":[[-3.6956,51.768],[-3.6484,51.7794]]},"properties":{"name":"Powys - Neath Port Talbot"}},{"type":"Feature","geometry":{"type":"LineString","coordinates":[[-3.7231,51.773],[-3.6956,51.768]]},"properties":{"name":"Powys - Neath Port Talbot"}},{"type":"Feature","geometry":{"type":"LineString","coordinates":[[-3.7634,51.7577],[-3.7331,51.7608],[-3.7231,51.773]]},"properties":{"name":"Powys - Neath Port Talbot"}},{"type":"Feature","geometry":{"type":"LineString","coordinates":[[-3.3017,51.6486],[-3.2571,51.579],[-3.2275,51.5451]]},"properties":{"name":"Caerphilly - Rhondda, Cynon, Taff"}},{"type":"Feature","geometry":{"type":"LineString","coordinates":[[-3.2275,51.5451],[-3.2761,51.5163],[-3.2914,51.5004]]},"properties":{"name":"Cardiff - Rhondda, Cynon, Taff"}},{"type":"Feature","geometry":{"type":"LineString","coordinates":[[-3.3922,51.4961],[-3.4425,51.5158]]},"properties":{"name":"Vale of Glamorgan - Rhondda, Cynon, Taff"}},{"type":"Feature","geometry":{"type":"LineString","coordinates":[[-3.4425,51.5158],[-3.4545,51.5155],[-3.4639,51.5069]]},"properties":{"name":"Vale of Glamorgan - Rhondda, Cynon, Taff"}},{"type":"Feature","geometry":{"type":"LineString","coordinates":[[-3.2934,51.4997],[-3.3222,51.5138]]},"properties":{"name":"Vale of Glamorgan - Rhondda, Cynon, Taff"}},{"type":"Feature","geometry":{"type":"LineString","coordinates":[[-3.3222,51.5138],[-3.3306,51.5002]]},"properties":{"name":"Vale of Glamorgan - Rhondda, Cynon, Taff"}},{"type":"Feature","geometry":{"type":"LineString","coordinates":[[-3.4639,51.5069],[-3.4752,51.5104]]},"properties":{"name":"Vale of Glamorgan - Rhondda, Cynon, Taff"}},{"type":"Feature","geometry":{"type":"LineString","coordinates":[[-3.3306,51.5002],[-3.3722,51.5069]]},"properties":{"name":"Vale of Glamorgan - Rhondda, Cynon, Taff"}},{"type":"Feature","geometry":{"type":"LineString","coordinates":[[-3.3722,51.5069],[-3.3922,51.4961]]},"properties":{"name":"Vale of Glamorgan - Rhondda, Cynon, Taff"}},{"type":"Feature","geometry":{"type":"LineString","coordinates":[[-3.2914,51.5004],[-3.2934,51.4997]]},"properties":{"name":"Vale of Glamorgan - Rhondda, Cynon, Taff"}},{"type":"Feature","geometry":{"type":"LineString","coordinates":[[-3.4752,51.5104],[-3.4618,51.5898],[-3.4908,51.617],[-3.5492,51.6418]]},"properties":{"name":"Bridgend - Rhondda, Cynon, Taff"}},{"type":"Feature","geometry":{"type":"LineString","coordinates":[[-3.5492,51.6418],[-3.5484,51.6533],[-3.5695,51.6725],[-3.5717,51.7321],[-3.5922,51.7424],[-3.5837,51.7513]]},"properties":{"name":"Neath Port Talbot - Rhondda, Cynon, Taff"}},{"type":"Feature","geometry":{"type":"LineString","coordinates":[[-3.4352,51.8166],[-3.4508,51.8216]]},"properties":{"name":"Rhondda, Cynon, Taff - Powys"}},{"type":"Feature","geometry":{"type":"LineString","coordinates":[[-3.4508,51.8216],[-3.4712,51.8163],[-3.4725,51.7958],[-3.4786,51.7902],[-3.5264,51.7805],[-3.5253,51.7708]]},"properties":{"name":"Rhondda, Cynon, Taff - Powys"}},{"type":"Feature","geometry":{"type":"LineString","coordinates":[[-3.5253,51.7708],[-3.547,51.7736]]},"properties":{"name":"Rhondda, Cynon, Taff - Powys"}},{"type":"Feature","geometry":{"type":"LineString","coordinates":[[-3.547,51.7736],[-3.5837,51.7513]]},"properties":{"name":"Rhondda, Cynon, Taff - Powys"}},{"type":"Feature","geometry":{"type":"LineString","coordinates":[[-3.289,51.7933],[-3.2575,51.7702],[-3.2323,51.7383],[-3.218,51.7328]]},"properties":{"name":"Blaenau Gwent - Caerphilly"}},{"type":"Feature","geometry":{"type":"LineString","coordinates":[[-3.21,51.7384],[-3.1158,51.7004]]},"properties":{"name":"Blaenau Gwent - Caerphilly"}},{"type":"Feature","geometry":{"type":"LineString","coordinates":[[-3.218,51.7328],[-3.21,51.7384]]},"properties":{"name":"Blaenau Gwent - Caerphilly"}},{"type":"Feature","geometry":{"type":"LineString","coordinates":[[-3.1158,51.7004],[-3.1147,51.7008]]},"properties":{"name":"Blaenau Gwent - Caerphilly"}},{"type":"Feature","geometry":{"type":"LineString","coordinates":[[-3.2067,51.8086],[-3.2742,51.8147]]},"properties":{"name":"Blaenau Gwent - Powys"}},{"type":"Feature","geometry":{"type":"LineString","coordinates":[[-3.2742,51.8147],[-3.2906,51.8066],[-3.289,51.7933]]},"properties":{"name":"Blaenau Gwent - Powys"}},{"type":"Feature","geometry":{"type":"LineString","coordinates":[[-3.1569,51.8107],[-3.2067,51.8086]]},"properties":{"name":"Blaenau Gwent - Powys"}},{"type":"Feature","geometry":{"type":"LineString","coordinates":[[-2.7981,51.5635],[-2.8532,51.5844],[-2.8477,51.5953],[-2.7897,51.6315],[-2.8006,51.6442],[-2.8151,51.6496]]},"properties":{"name":"Newport - Monmouthshire"}},{"type":"Feature","geometry":{"type":"LineString","coordinates":[[-2.8151,51.6496],[-2.835,51.6496],[-2.8966,51.6261],[-2.922,51.6261]]},"properties":{"name":"Newport - Monmouthshire"}},{"type":"Feature","geometry":{"type":"LineString","coordinates":[[-2.922,51.6261],[-2.9455,51.6297]]},"properties":{"name":"Newport - Monmouthshire"}},{"type":"Feature","geometry":{"type":"LineString","coordinates":[[-2.9455,51.6297],[-2.9613,51.6274]]},"properties":{"name":"Newport - Monmouthshire"}},{"type":"Feature","geometry":{"type":"LineString","coordinates":[[-3.1569,51.8107],[-3.0887,51.8291],[-3.067,51.8538],[-3.0645,51.8674],[-3.035,51.886],[-3.0639,51.9383],[-3.0614,51.9683],[-3.0513,51.9835]]},"properties":{"name":"Powys - Monmouthshire"}},{"type":"Feature","geometry":{"type":"LineString","coordinates":[[-3.1569,51.8107],[-3.1285,51.7945]]},"properties":{"name":"Monmouthshire - Blaenau Gwent"}},{"type":"Feature","geometry":{"type":"LineString","coordinates":[[-3.1147,51.7008],[-3.1086,51.6913],[-3.0706,51.6804],[-3.076,51.6297],[-3.0614,51.617],[-3.0319,51.6057]]},"properties":{"name":"Torfaen - Caerphilly"}},{"type":"Feature","geometry":{"type":"LineString","coordinates":[[-2.9613,51.6274],[-3.0319,51.6057]]},"properties":{"name":"Newport - Torfaen"}},{"type":"Feature","geometry":{"type":"LineString","coordinates":[[-3.1285,51.7945],[-3.1104,51.7656],[-3.1068,51.7474],[-3.1068,51.704],[-3.1147,51.7008]]},"properties":{"name":"Torfaen - Blaenau Gwent"}},{"type":"Feature","geometry":{"type":"LineString","coordinates":[[-3.0814,51.7945],[-3.0488,51.7837],[-3.0343,51.7638],[-3.0325,51.7402],[-3.0216,51.7275],[-3.0053,51.7221]]},"properties":{"name":"Monmouthshire - Torfaen"}},{"type":"Feature","geometry":{"type":"LineString","coordinates":[[-3.1285,51.7945],[-3.0814,51.7945]]},"properties":{"name":"Monmouthshire - Torfaen"}},{"type":"Feature","geometry":{"type":"LineString","coordinates":[[-2.9908,51.7221],[-2.9763,51.7094],[-2.9763,51.6678],[-2.9613,51.6274]]},"properties":{"name":"Monmouthshire - Torfaen"}},{"type":"Feature","geometry":{"type":"LineString","coordinates":[[-3.0053,51.7221],[-2.9908,51.7221]]},"properties":{"name":"Monmouthshire - Torfaen"}},{"type":"Feature","geometry":{"type":"LineString","coordinates":[[-3.47,52.8619],[-3.4684,52.8936],[-3.4503,52.9099],[-3.4678,52.9174],[-3.4767,52.9333],[-3.4234,52.9708],[-3.4564,52.9783]]},"properties":{"name":"Gwynedd - Denbighshire"}},{"type":"Feature","geometry":{"type":"LineString","coordinates":[[-3.4564,52.9783],[-3.4615,52.9764]]},"properties":{"name":"Gwynedd - Denbighshire"}},{"type":"Feature","geometry":{"type":"LineString","coordinates":[[-3.3907,52.8674],[-3.4362,52.8566]]},"properties":{"name":"Powys - Denbighshire"}},{"type":"Feature","geometry":{"type":"LineString","coordinates":[[-3.4362,52.8566],[-3.47,52.8619]]},"properties":{"name":"Powys - Denbighshire"}},{"type":"Feature","geometry":{"type":"LineString","coordinates":[[-3.3654,53.3448],[-3.3604,53.3511]]},"properties":{"name":"Denbighshire - Flintshire"}},{"type":"Feature","geometry":{"type":"LineString","coordinates":[[-3.252,53.1518],[-3.2713,53.157],[-3.2984,53.1763],[-3.3409,53.2188],[-3.3473,53.2304],[-3.3409,53.2729],[-3.3499,53.2846],[-3.3821,53.2974],[-3.3757,53.3322],[-3.3653,53.3448]]},"properties":{"name":"Denbighshire - Flintshire"}},{"type":"Feature","geometry":{"type":"LineString","coordinates":[[-3.3653,53.3448],[-3.3654,53.3448]]},"properties":{"name":"Denbighshire - Flintshire"}},{"type":"Feature","geometry":{"type":"LineString","coordinates":[[-3.1227,53.0664],[-3.1915,53.148],[-3.2121,53.1518]]},"properties":{"name":"Denbighshire - Flintshire"}},{"type":"Feature","geometry":{"type":"LineString","coordinates":[[-3.2121,53.1518],[-3.252,53.1518]]},"properties":{"name":"Denbighshire - Flintshire"}},{"type":"Feature","geometry":{"type":"LineString","coordinates":[[-3.9799,52.9959],[-3.9838,53.0076],[-3.9684,53.0307],[-3.9684,53.0475],[-4.007,53.0887],[-4.0083,53.1003],[-4.0044,53.1106],[-3.9503,53.157],[-3.9271,53.2008],[-4.0004,53.2487]]},"properties":{"name":"Gwynedd - Conwy"}},{"type":"Feature","geometry":{"type":"LineString","coordinates":[[-3.788,52.9367],[-3.8214,52.9444],[-3.8601,52.9637],[-3.8833,52.9869],[-3.8948,53.0088]]},"properties":{"name":"Gwynedd - Conwy"}},{"type":"Feature","geometry":{"type":"LineString","coordinates":[[-3.8948,53.0088],[-3.9451,52.9959],[-3.9799,52.9959]]},"properties":{"name":"Gwynedd - Conwy"}},{"type":"Feature","geometry":{"type":"LineString","coordinates":[[-3.5672,52.9652],[-3.5934,52.9816],[-3.5859,52.9972],[-3.6011,53.0069]]},"properties":{"name":"Gwynedd - Conwy"}},{"type":"Feature","geometry":{"type":"LineString","coordinates":[[-3.6011,53.0069],[-3.6694,52.9888],[-3.788,52.9367]]},"properties":{"name":"Gwynedd - Conwy"}},{"type":"Feature","geometry":{"type":"LineString","coordinates":[[-3.4615,52.9764],[-3.4939,52.9647]]},"properties":{"name":"Gwynedd - Conwy"}},{"type":"Feature","geometry":{"type":"LineString","coordinates":[[-3.4939,52.9647],[-3.5184,52.9694]]},"properties":{"name":"Gwynedd - Conwy"}},{"type":"Feature","geometry":{"type":"LineString","coordinates":[[-3.5184,52.9694],[-3.5672,52.9652]]},"properties":{"name":"Gwynedd - Conwy"}},{"type":"Feature","geometry":{"type":"LineString","coordinates":[[-3.4615,52.9764],[-3.4684,53.0333],[-3.4775,53.0565],[-3.5174,53.0797],[-3.5857,53.0874],[-3.4981,53.1441],[-3.4749,53.1699],[-3.4775,53.2124],[-3.4916,53.2317],[-3.5187,53.2498],[-3.5134,53.3089]]},"properties":{"name":"Conwy - Denbighshire"}},{"type":"Feature","geometry":{"type":"LineString","coordinates":[[-3.2422,52.7791],[-3.2684,52.7855],[-3.2653,52.7974],[-3.2997,52.8269],[-3.372,52.85],[-3.3787,52.8702]]},"properties":{"name":"Powys - Wrexham"}},{"type":"Feature","geometry":{"type":"LineString","coordinates":[[-3.3787,52.8702],[-3.3907,52.8674]]},"properties":{"name":"Powys - Wrexham"}},{"type":"Feature","geometry":{"type":"LineString","coordinates":[[-3.1404,52.7963],[-3.1909,52.7933],[-3.2422,52.7791]]},"properties":{"name":"Powys - Wrexham"}},{"type":"Feature","geometry":{"type":"LineString","coordinates":[[-3.3907,52.8674],[-3.3731,52.889],[-3.3113,52.9328],[-3.2005,52.938],[-3.0948,52.9637],[-3.1412,52.9972],[-3.1322,53.0591],[-3.1227,53.0664]]},"properties":{"name":"Denbighshire - Wrexham"}},{"type":"Feature","geometry":{"type":"LineString","coordinates":[[-2.9568,53.1446],[-2.9918,53.1389],[-3.1227,53.0664]]},"properties":{"name":"Wrexham - Flintshire"}},{"type":"Feature","geometry":{"type":"LineString","coordinates":[[-3.3017,51.6486],[-3.2771,51.6587],[-3.2753,51.6768],[-3.297,51.7094],[-3.3338,51.7899]]},"properties":{"name":"Merthyr Tydfil - Caerphilly"}},{"type":"Feature","geometry":{"type":"LineString","coordinates":[[-3.3478,51.7888],[-3.357,51.8055],[-3.3859,51.8116],[-3.405,51.8277]]},"properties":{"name":"Merthyr Tydfil - Powys"}},{"type":"Feature","geometry":{"type":"LineString","coordinates":[[-3.405,51.8277],[-3.4264,51.8138]]},"properties":{"name":"Merthyr Tydfil - Powys"}},{"type":"Feature","geometry":{"type":"LineString","coordinates":[[-3.4264,51.8138],[-3.4352,51.8166]]},"properties":{"name":"Merthyr Tydfil - Powys"}},{"type":"Feature","geometry":{"type":"LineString","coordinates":[[-3.3338,51.7899],[-3.3478,51.7888]]},"properties":{"name":"Merthyr Tydfil - Powys"}},{"type":"Feature","geometry":{"type":"LineString","coordinates":[[-3.3017,51.6486],[-3.3785,51.7022],[-3.4383,51.7547],[-3.4129,51.7656],[-3.4352,51.8166]]},"properties":{"name":"Rhondda, Cynon, Taff - Merthyr Tydfil"}},{"type":"Feature","geometry":{"type":"LineString","coordinates":[[-4.5821,55.5913],[-4.6576,55.5619]]},"properties":{"name":"South Ayrshire - North Ayshire"}},{"type":"Feature","geometry":{"type":"LineString","coordinates":[[-4.6576,55.5619],[-4.6662,55.5622]]},"properties":{"name":"South Ayrshire - North Ayshire"}},{"type":"Feature","geometry":{"type":"LineString","coordinates":[[-4.4889,55.1516],[-4.5386,55.1613]]},"properties":{"name":"Dumfries and Galloway - South Ayrshire"}},{"type":"Feature","geometry":{"type":"LineString","coordinates":[[-4.5386,55.1613],[-4.6111,55.1402],[-4.6475,55.1197],[-4.6517,55.1077],[-4.6448,55.0858],[-4.6198,55.0769],[-4.6167,55.0697],[-4.6306,55.0538],[-4.7014,55.0419],[-4.7639,55.0413],[-4.7753,55.0347]]},"properties":{"name":"Dumfries and Galloway - South Ayrshire"}},{"type":"Feature","geometry":{"type":"LineString","coordinates":[[-4.4675,55.1578],[-4.4889,55.1516]]},"properties":{"name":"Dumfries and Galloway - South Ayrshire"}},{"type":"Feature","geometry":{"type":"LineString","coordinates":[[-4.7753,55.0347],[-4.8006,55.0441]]},"properties":{"name":"Dumfries and Galloway - South Ayrshire"}},{"type":"Feature","geometry":{"type":"LineString","coordinates":[[-4.8006,55.0441],[-4.8706,55.0366],[-4.8892,55.0147],[-4.9245,54.998]]},"properties":{"name":"Dumfries and Galloway - South Ayrshire"}},{"type":"Feature","geometry":{"type":"LineString","coordinates":[[-4.9245,54.998],[-4.9586,55.0074],[-4.987,55.0077]]},"properties":{"name":"Dumfries and Galloway - South Ayrshire"}},{"type":"Feature","geometry":{"type":"LineString","coordinates":[[-4.987,55.0077],[-5.0325,54.9937]]},"properties":{"name":"Dumfries and Galloway - South Ayrshire"}},{"type":"Feature","geometry":{"type":"LineString","coordinates":[[-4.6394,56.4718],[-4.6655,56.4603]]},"properties":{"name":"Stirling - Argyll and Bute"}},{"type":"Feature","geometry":{"type":"LineString","coordinates":[[-4.6655,56.4603],[-4.7012,56.4606]]},"properties":{"name":"Stirling - Argyll and Bute"}},{"type":"Feature","geometry":{"type":"LineString","coordinates":[[-4.7012,56.4606],[-4.7222,56.4539],[-4.7259,56.4374],[-4.7706,56.4269],[-4.8033,56.4083],[-4.8103,56.3922],[-4.837,56.3699],[-4.8331,56.3629],[-4.7758,56.343],[-4.7745,56.336],[-4.7847,56.3233],[-4.779,56.3183]]},"properties":{"name":"Stirling - Argyll and Bute"}},{"type":"Feature","geometry":{"type":"LineString","coordinates":[[-4.7192,56.3282],[-4.6492,56.3208],[-4.6717,56.3002],[-4.6574,56.2811],[-4.6748,56.2713],[-4.6798,56.257]]},"properties":{"name":"Stirling - Argyll and Bute"}},{"type":"Feature","geometry":{"type":"LineString","coordinates":[[-4.779,56.3183],[-4.7192,56.3282]]},"properties":{"name":"Stirling - Argyll and Bute"}},{"type":"Feature","geometry":{"type":"LineString","coordinates":[[-4.6798,56.257],[-4.6804,56.2582]]},"properties":{"name":"Stirling - Argyll and Bute"}},{"type":"Feature","geometry":{"type":"LineString","coordinates":[[-4.6804,56.2582],[-4.6852,56.2484],[-4.6805,56.1984],[-4.6113,56.0883],[-4.5981,56.0778]]},"properties":{"name":"Stirling - Argyll and Bute"}},{"type":"Feature","geometry":{"type":"LineString","coordinates":[[-3.8375,56.1074],[-3.8462,56.1076],[-3.8614,56.1293],[-3.8397,56.1568],[-3.8244,56.1925]]},"properties":{"name":"Stirling - Clackmannanshire"}},{"type":"Feature","geometry":{"type":"LineString","coordinates":[[-3.6925,56.0966],[-3.6314,56.1063],[-3.6484,56.1216],[-3.6306,56.1282]]},"properties":{"name":"Clackmannanshire - Fife"}},{"type":"Feature","geometry":{"type":"LineString","coordinates":[[-3.7156,56.0975],[-3.6925,56.0966]]},"properties":{"name":"Clackmannanshire - Fife"}},{"type":"Feature","geometry":{"type":"LineString","coordinates":[[-3.7465,56.0728],[-3.7253,56.0841],[-3.7156,56.0975]]},"properties":{"name":"Clackmannanshire - Fife"}},{"type":"Feature","geometry":{"type":"LineString","coordinates":[[-3.7391,56.0507],[-3.7685,56.0517]]},"properties":{"name":"Falkirk - Stirling"}},{"type":"Feature","geometry":{"type":"LineString","coordinates":[[-3.7685,56.0517],[-3.9216,56.0373],[-3.9886,56.023],[-4.0113,56.0122]]},"properties":{"name":"Falkirk - Stirling"}},{"type":"Feature","geometry":{"type":"LineString","coordinates":[[-4.7517,55.8572],[-4.7758,55.8698],[-4.7989,55.8708]]},"properties":{"name":"North Ayshire - Inverclyde"}},{"type":"Feature","geometry":{"type":"LineString","coordinates":[[-4.7989,55.8708],[-4.8888,55.8653]]},"properties":{"name":"North Ayshire - Inverclyde"}},{"type":"Feature","geometry":{"type":"LineString","coordinates":[[-3.0612,55.9478],[-3.0556,55.9273],[-3.0285,55.9113],[-2.8209,55.8217]]},"properties":{"name":"East Lothian - Midlothian"}},{"type":"Feature","geometry":{"type":"LineString","coordinates":[[-3.5667,55.9866],[-3.5395,55.9866],[-3.5053,56.0056]]},"properties":{"name":"Falkirk - West Lothian"}},{"type":"Feature","geometry":{"type":"LineString","coordinates":[[-3.5795,55.9936],[-3.5667,55.9866]]},"properties":{"name":"Falkirk - West Lothian"}},{"type":"Feature","geometry":{"type":"LineString","coordinates":[[-3.8089,55.8952],[-3.7739,55.9024],[-3.7192,55.9319],[-3.6673,55.9422],[-3.6642,55.9544],[-3.635,55.9652],[-3.5986,55.9911],[-3.5795,55.9936]]},"properties":{"name":"Falkirk - West Lothian"}},{"type":"Feature","geometry":{"type":"LineString","coordinates":[[-3.3602,55.8117],[-3.1896,55.8826],[-3.0875,55.8906],[-3.0783,55.9469]]},"properties":{"name":"Edinburgh - Midlothian"}},{"type":"Feature","geometry":{"type":"LineString","coordinates":[[-3.3953,55.8173],[-3.3905,55.8842],[-3.3937,55.8922],[-3.4352,55.9034],[-3.4495,55.9161],[-3.4498,55.9968]]},"properties":{"name":"West Lothian - Edinburgh"}},{"type":"Feature","geometry":{"type":"LineString","coordinates":[[-4.5642,56.5641],[-4.5584,56.5702],[-4.5956,56.6074],[-4.6281,56.6122],[-4.6286,56.6238],[-4.6175,56.6314],[-4.6206,56.6466],[-4.6336,56.6497]]},"properties":{"name":"Argyll and Bute - Perthshire and Kinross"}},{"type":"Feature","geometry":{"type":"LineString","coordinates":[[-4.6336,56.6497],[-4.672,56.6397]]},"properties":{"name":"Argyll and Bute - Perthshire and Kinross"}},{"type":"Feature","geometry":{"type":"LineString","coordinates":[[-4.672,56.6397],[-4.7086,56.6415]]},"properties":{"name":"Argyll and Bute - Perthshire and Kinross"}},{"type":"Feature","geometry":{"type":"LineString","coordinates":[[-4.5953,56.5744],[-4.5642,56.5641]]},"properties":{"name":"Argyll and Bute - Perthshire and Kinross"}},{"type":"Feature","geometry":{"type":"LineString","coordinates":[[-4.6394,56.4718],[-4.6759,56.4836],[-4.6764,56.4916],[-4.6492,56.5192],[-4.6497,56.5268],[-4.6608,56.5344],[-4.6878,56.538],[-4.6928,56.548],[-4.5953,56.5744]]},"properties":{"name":"Argyll and Bute - Perthshire and Kinross"}},{"type":"Feature","geometry":{"type":"LineString","coordinates":[[-4.2903,56.4867],[-4.3228,56.5333],[-4.3517,56.5408]]},"properties":{"name":"Stirling - Perthshire and Kinross"}},{"type":"Feature","geometry":{"type":"LineString","coordinates":[[-4.3517,56.5408],[-4.3906,56.5261],[-4.4825,56.5108]]},"properties":{"name":"Stirling - Perthshire and Kinross"}},{"type":"Feature","geometry":{"type":"LineString","coordinates":[[-4.4825,56.5108],[-4.5,56.5194]]},"properties":{"name":"Stirling - Perthshire and Kinross"}},{"type":"Feature","geometry":{"type":"LineString","coordinates":[[-4.5,56.5194],[-4.5211,56.5144],[-4.5209,56.5057],[-4.5297,56.501],[-4.6003,56.4924],[-4.6392,56.4717]]},"properties":{"name":"Stirling - Perthshire and Kinross"}},{"type":"Feature","geometry":{"type":"LineString","coordinates":[[-4.1458,56.5117],[-4.1546,56.5131]]},"properties":{"name":"Stirling - Perthshire and Kinross"}},{"type":"Feature","geometry":{"type":"LineString","coordinates":[[-4.1546,56.5131],[-4.2847,56.4813]]},"properties":{"name":"Stirling - Perthshire and Kinross"}},{"type":"Feature","geometry":{"type":"LineString","coordinates":[[-4.1481,56.4527],[-4.0953,56.4683],[-4.1217,56.5022],[-4.1448,56.5122]]},"properties":{"name":"Stirling - Perthshire and Kinross"}},{"type":"Feature","geometry":{"type":"LineString","coordinates":[[-4.1448,56.5122],[-4.1458,56.5117]]},"properties":{"name":"Stirling - Perthshire and Kinross"}},{"type":"Feature","geometry":{"type":"LineString","coordinates":[[-4.2847,56.4813],[-4.2902,56.4868]]},"properties":{"name":"Stirling - Perthshire and Kinross"}},{"type":"Feature","geometry":{"type":"LineString","coordinates":[[-4.2902,56.4868],[-4.2903,56.4867]]},"properties":{"name":"Stirling - Perthshire and Kinross"}},{"type":"Feature","geometry":{"type":"LineString","coordinates":[[-4.6392,56.4717],[-4.6394,56.4718]]},"properties":{"name":"Stirling - Perthshire and Kinross"}},{"type":"Feature","geometry":{"type":"LineString","coordinates":[[-4.187,56.4572],[-4.1481,56.4527]]},"properties":{"name":"Stirling - Perthshire and Kinross"}},{"type":"Feature","geometry":{"type":"LineString","coordinates":[[-4.2002,56.3794],[-4.1864,56.3913],[-4.187,56.4572]]},"properties":{"name":"Stirling - Perthshire and Kinross"}},{"type":"Feature","geometry":{"type":"LineString","coordinates":[[-4.2242,56.38],[-4.2002,56.3794]]},"properties":{"name":"Stirling - Perthshire and Kinross"}},{"type":"Feature","geometry":{"type":"LineString","coordinates":[[-4.0825,56.2738],[-4.1203,56.2938],[-4.1706,56.3002],[-4.2195,56.3291],[-4.217,56.3483],[-4.2289,56.3558],[-4.2295,56.3716],[-4.2345,56.3729],[-4.2242,56.38]]},"properties":{"name":"Stirling - Perthshire and Kinross"}},{"type":"Feature","geometry":{"type":"LineString","coordinates":[[-3.8781,56.2138],[-3.9067,56.2338],[-3.9625,56.2508],[-3.9964,56.2691],[-4.0447,56.2727],[-4.0614,56.2858]]},"properties":{"name":"Stirling - Perthshire and Kinross"}},{"type":"Feature","geometry":{"type":"LineString","coordinates":[[-4.0614,56.2858],[-4.0825,56.2738]]},"properties":{"name":"Stirling - Perthshire and Kinross"}},{"type":"Feature","geometry":{"type":"LineString","coordinates":[[-3.8278,56.1913],[-3.8359,56.1963],[-3.8428,56.2183]]},"properties":{"name":"Stirling - Perthshire and Kinross"}},{"type":"Feature","geometry":{"type":"LineString","coordinates":[[-3.8428,56.2183],[-3.8781,56.2138]]},"properties":{"name":"Stirling - Perthshire and Kinross"}},{"type":"Feature","geometry":{"type":"LineString","coordinates":[[-3.8244,56.1925],[-3.8278,56.1913]]},"properties":{"name":"Stirling - Perthshire and Kinross"}},{"type":"Feature","geometry":{"type":"LineString","coordinates":[[-3.6642,56.1872],[-3.7231,56.1897],[-3.7589,56.2158]]},"properties":{"name":"Clackmannanshire - Perthshire and Kinross"}},{"type":"Feature","geometry":{"type":"LineString","coordinates":[[-3.7589,56.2158],[-3.8244,56.1925]]},"properties":{"name":"Clackmannanshire - Perthshire and Kinross"}},{"type":"Feature","geometry":{"type":"LineString","coordinates":[[-3.6306,56.1282],[-3.6428,56.1552],[-3.5542,56.1819],[-3.6117,56.198]]},"properties":{"name":"Clackmannanshire - Perthshire and Kinross"}},{"type":"Feature","geometry":{"type":"LineString","coordinates":[[-3.6117,56.198],[-3.6281,56.1938]]},"properties":{"name":"Clackmannanshire - Perthshire and Kinross"}},{"type":"Feature","geometry":{"type":"LineString","coordinates":[[-3.6281,56.1938],[-3.6556,56.1969]]},"properties":{"name":"Clackmannanshire - Perthshire and Kinross"}},{"type":"Feature","geometry":{"type":"LineString","coordinates":[[-3.6556,56.1969],[-3.6642,56.1872]]},"properties":{"name":"Clackmannanshire - Perthshire and Kinross"}},{"type":"Feature","geometry":{"type":"LineString","coordinates":[[-3.2624,56.3528],[-3.2528,56.3347],[-3.2658,56.3235],[-3.242,56.3136],[-3.2434,56.3061],[-3.2586,56.3016]]},"properties":{"name":"Fife - Perthshire and Kinross"}},{"type":"Feature","geometry":{"type":"LineString","coordinates":[[-3.2586,56.3016],[-3.2906,56.303]]},"properties":{"name":"Fife - Perthshire and Kinross"}},{"type":"Feature","geometry":{"type":"LineString","coordinates":[[-3.2906,56.303],[-3.2953,56.3002],[-3.2914,56.2866],[-3.2997,56.2816]]},"properties":{"name":"Fife - Perthshire and Kinross"}},{"type":"Feature","geometry":{"type":"LineString","coordinates":[[-3.2997,56.2816],[-3.3345,56.2819]]},"properties":{"name":"Fife - Perthshire and Kinross"}},{"type":"Feature","geometry":{"type":"LineString","coordinates":[[-3.3345,56.2819],[-3.3628,56.2647],[-3.3475,56.2544],[-3.3484,56.2366],[-3.2889,56.233],[-3.2642,56.2191],[-3.2611,56.1963],[-3.3034,56.1797],[-3.2708,56.1688],[-3.292,56.1619]]},"properties":{"name":"Fife - Perthshire and Kinross"}},{"type":"Feature","geometry":{"type":"LineString","coordinates":[[-3.292,56.1619],[-3.3239,56.1674]]},"properties":{"name":"Fife - Perthshire and Kinross"}},{"type":"Feature","geometry":{"type":"LineString","coordinates":[[-3.3239,56.1674],[-3.36,56.1619],[-3.3664,56.1444],[-3.387,56.1371]]},"properties":{"name":"Fife - Perthshire and Kinross"}},{"type":"Feature","geometry":{"type":"LineString","coordinates":[[-3.5292,56.1416],[-3.5509,56.1524]]},"properties":{"name":"Fife - Perthshire and Kinross"}},{"type":"Feature","geometry":{"type":"LineString","coordinates":[[-3.5509,56.1524],[-3.5689,56.1494],[-3.5847,56.1347],[-3.6306,56.1282]]},"properties":{"name":"Fife - Perthshire and Kinross"}},{"type":"Feature","geometry":{"type":"LineString","coordinates":[[-3.387,56.1371],[-3.4725,56.1438]]},"properties":{"name":"Fife - Perthshire and Kinross"}},{"type":"Feature","geometry":{"type":"LineString","coordinates":[[-3.4725,56.1438],[-3.5292,56.1416]]},"properties":{"name":"Fife - Perthshire and Kinross"}},{"type":"Feature","geometry":{"type":"LineString","coordinates":[[-4.9244,56.6594],[-4.864,56.6467]]},"properties":{"name":"Highland - Argyll and Bute"}},{"type":"Feature","geometry":{"type":"LineString","coordinates":[[-5.0752,56.6072],[-5.0611,56.618],[-5.0386,56.6234],[-5.0201,56.6409],[-4.9709,56.6442],[-4.9244,56.6594]]},"properties":{"name":"Highland - Argyll and Bute"}},{"type":"Feature","geometry":{"type":"LineString","coordinates":[[-4.7908,56.6539],[-4.7572,56.6433],[-4.7086,56.6415]]},"properties":{"name":"Highland - Argyll and Bute"}},{"type":"Feature","geometry":{"type":"LineString","coordinates":[[-4.864,56.6467],[-4.7908,56.6539]]},"properties":{"name":"Highland - Argyll and Bute"}},{"type":"Feature","geometry":{"type":"LineString","coordinates":[[-5.3045,56.6402],[-5.1692,56.6309],[-5.1447,56.6164],[-5.0752,56.6072]]},"properties":{"name":"Highland - Argyll and Bute"}},{"type":"Feature","geometry":{"type":"LineString","coordinates":[[-4.5142,56.8036],[-4.4942,56.8022],[-4.4745,56.7858]]},"properties":{"name":"Highland - Perthshire and Kinross"}},{"type":"Feature","geometry":{"type":"LineString","coordinates":[[-4.7086,56.6415],[-4.7089,56.663],[-4.7028,56.6702],[-4.6453,56.6755],[-4.5864,56.6925],[-4.5978,56.7085],[-4.5736,56.7274],[-4.5783,56.7549],[-4.5517,56.7636],[-4.5445,56.778],[-4.5142,56.8036]]},"properties":{"name":"Highland - Perthshire and Kinross"}},{"type":"Feature","geometry":{"type":"LineString","coordinates":[[-3.9406,56.9474],[-3.8781,56.9246]]},"properties":{"name":"Highland - Perthshire and Kinross"}},{"type":"Feature","geometry":{"type":"LineString","coordinates":[[-3.9761,56.8955],[-3.9662,56.8997],[-3.96,56.9291],[-3.9406,56.9474]]},"properties":{"name":"Highland - Perthshire and Kinross"}},{"type":"Feature","geometry":{"type":"LineString","coordinates":[[-3.8167,56.9341],[-3.7964,56.9302]]},"properties":{"name":"Highland - Perthshire and Kinross"}},{"type":"Feature","geometry":{"type":"LineString","coordinates":[[-3.8781,56.9246],[-3.8167,56.9341]]},"properties":{"name":"Highland - Perthshire and Kinross"}},{"type":"Feature","geometry":{"type":"LineString","coordinates":[[-4.1642,56.9086],[-4.0992,56.8952]]},"properties":{"name":"Highland - Perthshire and Kinross"}},{"type":"Feature","geometry":{"type":"LineString","coordinates":[[-4.3328,56.8241],[-4.3031,56.845],[-4.2011,56.8694],[-4.195,56.8752],[-4.2022,56.893],[-4.1778,56.9074],[-4.1642,56.9086]]},"properties":{"name":"Highland - Perthshire and Kinross"}},{"type":"Feature","geometry":{"type":"LineString","coordinates":[[-4.0331,56.9024],[-3.9761,56.8955]]},"properties":{"name":"Highland - Perthshire and Kinross"}},{"type":"Feature","geometry":{"type":"LineString","coordinates":[[-4.0992,56.8952],[-4.0331,56.9024]]},"properties":{"name":"Highland - Perthshire and Kinross"}},{"type":"Feature","geometry":{"type":"LineString","coordinates":[[-4.3667,56.8266],[-4.3328,56.8241]]},"properties":{"name":"Highland - Perthshire and Kinross"}},{"type":"Feature","geometry":{"type":"LineString","coordinates":[[-4.4471,56.7784],[-4.4366,56.7784],[-4.3667,56.8266]]},"properties":{"name":"Highland - Perthshire and Kinross"}},{"type":"Feature","geometry":{"type":"LineString","coordinates":[[-4.5981,56.0778],[-4.6,55.9813],[-4.5906,55.9415]]},"properties":{"name":"West Dunbartonshire - Argyll and Bute"}},{"type":"Feature","geometry":{"type":"LineString","coordinates":[[-4.5758,56.0778],[-4.5214,56.0724]]},"properties":{"name":"Stirling - West Dunbartonshire"}},{"type":"Feature","geometry":{"type":"LineString","coordinates":[[-4.5981,56.0778],[-4.5758,56.0778]]},"properties":{"name":"Stirling - West Dunbartonshire"}},{"type":"Feature","geometry":{"type":"LineString","coordinates":[[-4.5215,56.0727],[-4.4284,56.0455],[-4.4706,56.0286],[-4.4731,56.0172],[-4.4584,56.003],[-4.432,55.9985],[-4.4086,55.9758],[-4.3903,55.9716]]},"properties":{"name":"Stirling - West Dunbartonshire"}},{"type":"Feature","geometry":{"type":"LineString","coordinates":[[-4.5214,56.0724],[-4.5215,56.0727]]},"properties":{"name":"Stirling - West Dunbartonshire"}},{"type":"Feature","geometry":{"type":"LineString","coordinates":[[-4.3903,55.9716],[-4.3648,55.9756]]},"properties":{"name":"Stirling - West Dunbartonshire"}},{"type":"Feature","geometry":{"type":"LineString","coordinates":[[-4.7517,55.8572],[-4.7379,55.8329],[-4.7158,55.8119],[-4.6684,55.7824],[-4.6348,55.7666],[-4.5789,55.7634]]},"properties":{"name":"Renfrewshire - North Ayshire"}},{"type":"Feature","geometry":{"type":"LineString","coordinates":[[-4.5431,55.7645],[-4.5164,55.7628]]},"properties":{"name":"Renfrewshire - North Ayshire"}},{"type":"Feature","geometry":{"type":"LineString","coordinates":[[-4.5789,55.7634],[-4.5431,55.7645]]},"properties":{"name":"Renfrewshire - North Ayshire"}},{"type":"Feature","geometry":{"type":"LineString","coordinates":[[-4.6526,55.8424],[-4.6084,55.8424],[-4.5884,55.8508],[-4.5842,55.8635],[-4.5905,55.8813],[-4.6268,55.9298]]},"properties":{"name":"Inverclyde - Renfrewshire"}},{"type":"Feature","geometry":{"type":"LineString","coordinates":[[-4.7517,55.8572],[-4.7274,55.8487],[-4.6526,55.8424]]},"properties":{"name":"Inverclyde - Renfrewshire"}},{"type":"Feature","geometry":{"type":"LineString","coordinates":[[-4.3558,55.864],[-4.4886,55.9257]]},"properties":{"name":"Renfrewshire - West Dunbartonshire"}},{"type":"Feature","geometry":{"type":"LineString","coordinates":[[-3.7184,57.4055],[-3.7242,57.4111],[-3.7192,57.4227],[-3.6847,57.4461],[-3.687,57.4614],[-3.6792,57.493],[-3.6873,57.5224],[-3.7117,57.5324],[-3.7103,57.5494],[-3.7162,57.5594],[-3.7089,57.5775],[-3.7289,57.585],[-3.7378,57.606]]},"properties":{"name":"Highland - Moray"}},{"type":"Feature","geometry":{"type":"LineString","coordinates":[[-3.4525,57.178],[-3.4367,57.1886],[-3.4273,57.2025],[-3.4303,57.213],[-3.4203,57.223],[-3.455,57.2372],[-3.4453,57.2858],[-3.4828,57.2988],[-3.4867,57.3052],[-3.4453,57.3294],[-3.4184,57.3577],[-3.3908,57.3702],[-3.3845,57.3814],[-3.3978,57.4214],[-3.4386,57.4261],[-3.4981,57.4574]]},"properties":{"name":"Highland - Moray"}},{"type":"Feature","geometry":{"type":"LineString","coordinates":[[-3.4981,57.4574],[-3.5784,57.4488],[-3.6103,57.4344],[-3.6664,57.4308],[-3.7017,57.408],[-3.7184,57.4055]]},"properties":{"name":"Highland - Moray"}},{"type":"Feature","geometry":{"type":"LineString","coordinates":[[-3.475,57.1786],[-3.4525,57.178]]},"properties":{"name":"Highland - Moray"}},{"type":"Feature","geometry":{"type":"LineString","coordinates":[[-3.6795,57.0955],[-3.6417,57.1158],[-3.6142,57.1174],[-3.5309,57.1638],[-3.475,57.1786]]},"properties":{"name":"Highland - Moray"}},{"type":"Feature","geometry":{"type":"LineString","coordinates":[[-3.7546,57.6263],[-3.754,57.6251]]},"properties":{"name":"Moray - Highland"}},{"type":"Feature","geometry":{"type":"LineString","coordinates":[[-3.285,55.3411],[-3.3039,55.3427],[-3.3095,55.3491],[-3.3034,55.3849],[-3.2831,55.4013],[-3.2414,55.4188],[-3.24,55.4258],[-3.2903,55.4296],[-3.3164,55.4383]]},"properties":{"name":"Dumfries and Galloway - Scottish Borders"}},{"type":"Feature","geometry":{"type":"LineString","coordinates":[[-3.3164,55.4383],[-3.345,55.4119],[-3.4106,55.4119],[-3.4437,55.4044]]},"properties":{"name":"Dumfries and Galloway - Scottish Borders"}},{"type":"Feature","geometry":{"type":"LineString","coordinates":[[-3.4437,55.4044],[-3.5003,55.4097]]},"properties":{"name":"Dumfries and Galloway - Scottish Borders"}},{"type":"Feature","geometry":{"type":"LineString","coordinates":[[-3.1642,55.3497],[-3.2075,55.3722]]},"properties":{"name":"Dumfries and Galloway - Scottish Borders"}},{"type":"Feature","geometry":{"type":"LineString","coordinates":[[-3.2075,55.3722],[-3.285,55.3411]]},"properties":{"name":"Dumfries and Galloway - Scottish Borders"}},{"type":"Feature","geometry":{"type":"LineString","coordinates":[[-3.0345,55.273],[-3.0459,55.2808],[-3.0442,55.293],[-3.057,55.3072],[-3.0984,55.3296],[-3.0984,55.3463],[-3.1045,55.3522],[-3.1303,55.3566]]},"properties":{"name":"Dumfries and Galloway - Scottish Borders"}},{"type":"Feature","geometry":{"type":"LineString","coordinates":[[-3.1303,55.3566],[-3.1642,55.3497]]},"properties":{"name":"Dumfries and Galloway - Scottish Borders"}},{"type":"Feature","geometry":{"type":"LineString","coordinates":[[-2.8503,55.1113],[-2.8595,55.1363],[-2.8834,55.1461],[-2.8895,55.1552],[-2.8842,55.2019],[-2.8639,55.2185],[-2.8637,55.231],[-2.8689,55.2369],[-2.9056,55.243],[-2.8981,55.253],[-2.8726,55.2619],[-2.8912,55.278],[-2.945,55.288]]},"properties":{"name":"Dumfries and Galloway - Scottish Borders"}},{"type":"Feature","geometry":{"type":"LineString","coordinates":[[-2.945,55.288],[-2.9975,55.2683]]},"properties":{"name":"Dumfries and Galloway - Scottish Borders"}},{"type":"Feature","geometry":{"type":"LineString","coordinates":[[-2.9975,55.2683],[-3.0117,55.2775]]},"properties":{"name":"Dumfries and Galloway - Scottish Borders"}},{"type":"Feature","geometry":{"type":"LineString","coordinates":[[-3.0117,55.2775],[-3.0345,55.273]]},"properties":{"name":"Dumfries and Galloway - Scottish Borders"}},{"type":"Feature","geometry":{"type":"LineString","coordinates":[[-2.3604,55.9527],[-2.3651,55.9462]]},"properties":{"name":"Scottish Borders - East Lothian"}},{"type":"Feature","geometry":{"type":"LineString","coordinates":[[-2.3964,55.8722],[-2.4006,55.8863],[-2.4359,55.8952],[-2.3657,55.9454]]},"properties":{"name":"East Lothian - Scottish Borders"}},{"type":"Feature","geometry":{"type":"LineString","coordinates":[[-2.4109,55.8739],[-2.3964,55.8722]]},"properties":{"name":"East Lothian - Scottish Borders"}},{"type":"Feature","geometry":{"type":"LineString","coordinates":[[-2.4898,55.8511],[-2.4745,55.8616],[-2.4264,55.8638],[-2.4109,55.8739]]},"properties":{"name":"East Lothian - Scottish Borders"}},{"type":"Feature","geometry":{"type":"LineString","coordinates":[[-2.5006,55.8586],[-2.4898,55.8511]]},"properties":{"name":"East Lothian - Scottish Borders"}},{"type":"Feature","geometry":{"type":"LineString","coordinates":[[-2.5476,55.8416],[-2.5331,55.8563],[-2.5006,55.8586]]},"properties":{"name":"East Lothian - Scottish Borders"}},{"type":"Feature","geometry":{"type":"LineString","coordinates":[[-2.6545,55.8483],[-2.6409,55.8424],[-2.6403,55.8335],[-2.595,55.8277]]},"properties":{"name":"East Lothian - Scottish Borders"}},{"type":"Feature","geometry":{"type":"LineString","coordinates":[[-2.7358,55.828],[-2.6545,55.8483]]},"properties":{"name":"East Lothian - Scottish Borders"}},{"type":"Feature","geometry":{"type":"LineString","coordinates":[[-2.5659,55.8438],[-2.5476,55.8416]]},"properties":{"name":"East Lothian - Scottish Borders"}},{"type":"Feature","geometry":{"type":"LineString","coordinates":[[-2.595,55.8277],[-2.5795,55.8316],[-2.5659,55.8438]]},"properties":{"name":"East Lothian - Scottish Borders"}},{"type":"Feature","geometry":{"type":"LineString","coordinates":[[-2.7806,55.8383],[-2.7358,55.828]]},"properties":{"name":"East Lothian - Scottish Borders"}},{"type":"Feature","geometry":{"type":"LineString","coordinates":[[-2.8209,55.8217],[-2.7806,55.8383]]},"properties":{"name":"East Lothian - Scottish Borders"}},{"type":"Feature","geometry":{"type":"LineString","coordinates":[[-2.907,55.7822],[-2.8861,55.788],[-2.8556,55.8133],[-2.8209,55.8217]]},"properties":{"name":"Midlothian - Scottish Borders"}},{"type":"Feature","geometry":{"type":"LineString","coordinates":[[-2.9428,55.8152],[-2.9345,55.8147],[-2.9275,55.8055],[-2.9325,55.7861],[-2.907,55.7822]]},"properties":{"name":"Midlothian - Scottish Borders"}},{"type":"Feature","geometry":{"type":"LineString","coordinates":[[-3.1209,55.7119],[-3.0933,55.7186],[-3.0956,55.7361],[-3.0737,55.7513],[-2.9428,55.8152]]},"properties":{"name":"Midlothian - Scottish Borders"}},{"type":"Feature","geometry":{"type":"LineString","coordinates":[[-3.3602,55.8117],[-3.337,55.7941],[-3.2975,55.7938],[-3.2914,55.7808],[-3.2697,55.7739]]},"properties":{"name":"Midlothian - Scottish Borders"}},{"type":"Feature","geometry":{"type":"LineString","coordinates":[[-3.1842,55.8016],[-3.1434,55.7388],[-3.145,55.7222],[-3.1209,55.7119]]},"properties":{"name":"Midlothian - Scottish Borders"}},{"type":"Feature","geometry":{"type":"LineString","coordinates":[[-3.2697,55.7739],[-3.23,55.7763],[-3.1842,55.8016]]},"properties":{"name":"Midlothian - Scottish Borders"}},{"type":"Feature","geometry":{"type":"LineString","coordinates":[[-3.3953,55.8173],[-3.4223,55.8074],[-3.4345,55.7972],[-3.4381,55.78],[-3.4579,55.7696]]},"properties":{"name":"Scottish Borders - West Lothian"}},{"type":"Feature","geometry":{"type":"LineString","coordinates":[[-3.3867,55.8205],[-3.3602,55.8117]]},"properties":{"name":"Edinburgh - Scottish Borders"}},{"type":"Feature","geometry":{"type":"LineString","coordinates":[[-3.3953,55.8173],[-3.3867,55.8205]]},"properties":{"name":"Edinburgh - Scottish Borders"}},{"type":"Feature","geometry":{"type":"LineString","coordinates":[[-3.3951,56.8815],[-3.3919,56.8521],[-3.3555,56.7967],[-3.3555,56.7603],[-3.335,56.7238],[-3.2782,56.6771],[-3.2621,56.6698],[-3.1819,56.6582],[-3.1557,56.648],[-3.1469,56.6276],[-3.1294,56.6159],[-3.0842,56.6071],[-3.0842,56.5984],[-3.1119,56.5911],[-3.1425,56.5692],[-3.1688,56.5313],[-3.1703,56.5167],[-3.1469,56.4905],[-3.0793,56.4749]]},"properties":{"name":"Angus - Perthshire and Kinross"}},{"type":"Feature","geometry":{"type":"LineString","coordinates":[[-3.0793,56.4749],[-3.0667,56.4686],[-3.0556,56.4521]]},"properties":{"name":"Dundee - Perthshire and Kinross"}},{"type":"Feature","geometry":{"type":"LineString","coordinates":[[-2.883,56.5182],[-2.845,56.5167],[-2.8334,56.5065],[-2.8193,56.4713]]},"properties":{"name":"Angus - Dundee"}},{"type":"Feature","geometry":{"type":"LineString","coordinates":[[-3.0793,56.4749],[-3.0638,56.5007],[-2.883,56.5182]]},"properties":{"name":"Angus - Dundee"}},{"type":"Feature","geometry":{"type":"LineString","coordinates":[[-3.7083,56.9188],[-3.7436,56.9327]]},"properties":{"name":"Perthshire and Kinross - Aberdeenshire"}},{"type":"Feature","geometry":{"type":"LineString","coordinates":[[-3.7436,56.9327],[-3.7964,56.9302]]},"properties":{"name":"Perthshire and Kinross - Aberdeenshire"}},{"type":"Feature","geometry":{"type":"LineString","coordinates":[[-3.5495,56.8858],[-3.5698,56.8938],[-3.5695,56.9213],[-3.5881,56.9299]]},"properties":{"name":"Perthshire and Kinross - Aberdeenshire"}},{"type":"Feature","geometry":{"type":"LineString","coordinates":[[-3.5881,56.9299],[-3.6247,56.9233]]},"properties":{"name":"Perthshire and Kinross - Aberdeenshire"}},{"type":"Feature","geometry":{"type":"LineString","coordinates":[[-3.6247,56.9233],[-3.6623,56.9299]]},"properties":{"name":"Perthshire and Kinross - Aberdeenshire"}},{"type":"Feature","geometry":{"type":"LineString","coordinates":[[-3.6623,56.9299],[-3.7083,56.9188]]},"properties":{"name":"Perthshire and Kinross - Aberdeenshire"}},{"type":"Feature","geometry":{"type":"LineString","coordinates":[[-3.4614,56.8755],[-3.5031,56.8905]]},"properties":{"name":"Perthshire and Kinross - Aberdeenshire"}},{"type":"Feature","geometry":{"type":"LineString","coordinates":[[-3.5031,56.8905],[-3.5495,56.8858]]},"properties":{"name":"Perthshire and Kinross - Aberdeenshire"}},{"type":"Feature","geometry":{"type":"LineString","coordinates":[[-3.3951,56.8815],[-3.4331,56.8827]]},"properties":{"name":"Perthshire and Kinross - Aberdeenshire"}},{"type":"Feature","geometry":{"type":"LineString","coordinates":[[-3.4331,56.8827],[-3.4614,56.8755]]},"properties":{"name":"Perthshire and Kinross - Aberdeenshire"}},{"type":"Feature","geometry":{"type":"LineString","coordinates":[[-3.6795,57.0955],[-3.737,57.0772],[-3.745,57.0666],[-3.7395,57.0602],[-3.7489,57.0277],[-3.7459,56.9916],[-3.7814,56.9644],[-3.7964,56.9302]]},"properties":{"name":"Aberdeenshire - Highland"}},{"type":"Feature","geometry":{"type":"LineString","coordinates":[[-2.7321,57.5061],[-2.7071,57.5134],[-2.7057,57.5296],[-2.7497,57.5692],[-2.7805,57.5853],[-2.8231,57.6337],[-2.8212,57.7028]]},"properties":{"name":"Moray - Aberdeenshire"}},{"type":"Feature","geometry":{"type":"LineString","coordinates":[[-2.8539,57.5222],[-2.8098,57.5208],[-2.7321,57.5061]]},"properties":{"name":"Moray - Aberdeenshire"}},{"type":"Feature","geometry":{"type":"LineString","coordinates":[[-3.0446,57.2669],[-3.0094,57.2757],[-2.9859,57.2977],[-2.9668,57.3271],[-2.9698,57.3637],[-3.005,57.4004],[-3.0124,57.418],[-3.0109,57.4488],[-2.9918,57.4768],[-2.892,57.5208],[-2.8539,57.5222]]},"properties":{"name":"Moray - Aberdeenshire"}},{"type":"Feature","geometry":{"type":"LineString","coordinates":[[-3.1224,57.2772],[-3.0446,57.2669]]},"properties":{"name":"Moray - Aberdeenshire"}},{"type":"Feature","geometry":{"type":"LineString","coordinates":[[-3.6199,57.082],[-3.4276,57.082],[-3.3454,57.0893],[-3.3234,57.0996],[-3.3234,57.1128],[-3.3454,57.148],[-3.3322,57.1759],[-3.2809,57.1891],[-3.1899,57.2566],[-3.1224,57.2772]]},"properties":{"name":"Moray - Aberdeenshire"}},{"type":"Feature","geometry":{"type":"LineString","coordinates":[[-3.6795,57.0955],[-3.6565,57.0849],[-3.6199,57.082]]},"properties":{"name":"Moray - Aberdeenshire"}},{"type":"Feature","geometry":{"type":"LineString","coordinates":[[-2.2303,57.2408],[-2.2071,57.2399],[-2.1749,57.2212]]},"properties":{"name":"Aberdeenshire - Aberdeen"}},{"type":"Feature","geometry":{"type":"LineString","coordinates":[[-2.3341,57.0825],[-2.3466,57.0879],[-2.3529,57.0995],[-2.352,57.1281],[-2.3448,57.1353],[-2.2902,57.1362],[-2.275,57.1487],[-2.2679,57.1639],[-2.2742,57.1791],[-2.2983,57.1952],[-2.3001,57.2194],[-2.284,57.2355],[-2.2303,57.2408]]},"properties":{"name":"Aberdeenshire - Aberdeen"}},{"type":"Feature","geometry":{"type":"LineString","coordinates":[[-2.0694,57.2382],[-2.0416,57.2309]]},"properties":{"name":"Aberdeenshire - Aberdeen"}},{"type":"Feature","geometry":{"type":"LineString","coordinates":[[-2.1749,57.2212],[-2.1472,57.2212],[-2.1159,57.2382],[-2.0694,57.2382]]},"properties":{"name":"Aberdeenshire - Aberdeen"}},{"type":"Feature","geometry":{"type":"LineString","coordinates":[[-2.0652,57.1005],[-2.0747,57.1094],[-2.1042,57.1111]]},"properties":{"name":"Aberdeenshire - Aberdeen"}},{"type":"Feature","geometry":{"type":"LineString","coordinates":[[-2.1042,57.1111],[-2.3341,57.0825]]},"properties":{"name":"Aberdeenshire - Aberdeen"}},{"type":"Feature","geometry":{"type":"LineString","coordinates":[[-2.8726,56.9846],[-2.8309,56.9736],[-2.8073,56.9588]]},"properties":{"name":"Aberdeenshire - Angus"}},{"type":"Feature","geometry":{"type":"LineString","coordinates":[[-2.9281,56.9699],[-2.8726,56.9846]]},"properties":{"name":"Aberdeenshire - Angus"}},{"type":"Feature","geometry":{"type":"LineString","coordinates":[[-3.0264,56.9716],[-2.9281,56.9699]]},"properties":{"name":"Aberdeenshire - Angus"}},{"type":"Feature","geometry":{"type":"LineString","coordinates":[[-3.1209,56.8905],[-3.1078,56.8975],[-3.0786,56.9555],[-3.0264,56.9716]]},"properties":{"name":"Aberdeenshire - Angus"}},{"type":"Feature","geometry":{"type":"LineString","coordinates":[[-2.7589,56.9588],[-2.7259,56.9327],[-2.6861,56.9169],[-2.6753,56.8969],[-2.6542,56.8891],[-2.6561,56.8771],[-2.6731,56.8571],[-2.6689,56.8255],[-2.6197,56.785],[-2.5948,56.7761],[-2.5353,56.7716],[-2.4945,56.7441]]},"properties":{"name":"Aberdeenshire - Angus"}},{"type":"Feature","geometry":{"type":"LineString","coordinates":[[-2.8073,56.9588],[-2.7589,56.9588]]},"properties":{"name":"Aberdeenshire - Angus"}},{"type":"Feature","geometry":{"type":"LineString","coordinates":[[-3.2747,56.9302],[-3.1981,56.9091],[-3.1597,56.9066],[-3.1209,56.8905]]},"properties":{"name":"Aberdeenshire - Angus"}},{"type":"Feature","geometry":{"type":"LineString","coordinates":[[-3.3714,56.8808],[-3.345,56.8938],[-3.2934,56.9005],[-3.2836,56.9272],[-3.2747,56.9302]]},"properties":{"name":"Aberdeenshire - Angus"}},{"type":"Feature","geometry":{"type":"LineString","coordinates":[[-3.3951,56.8815],[-3.3714,56.8808]]},"properties":{"name":"Aberdeenshire - Angus"}},{"type":"Feature","geometry":{"type":"LineString","coordinates":[[-2.4462,56.7455],[-2.4359,56.7404]]},"properties":{"name":"Aberdeenshire - Angus"}},{"type":"Feature","geometry":{"type":"LineString","coordinates":[[-2.4945,56.7441],[-2.4462,56.7455]]},"properties":{"name":"Aberdeenshire - Angus"}},{"type":"Feature","geometry":{"type":"LineString","coordinates":[[-4.0178,56.0258],[-4.0113,56.0122]]},"properties":{"name":"Stirling - North Lanarkshire"}},{"type":"Feature","geometry":{"type":"LineString","coordinates":[[-4.1257,56.0055],[-4.082,56.0258],[-4.0178,56.0258]]},"properties":{"name":"Stirling - North Lanarkshire"}},{"type":"Feature","geometry":{"type":"LineString","coordinates":[[-4.0075,56.0044],[-4.0113,56.0122]]},"properties":{"name":"North Lanarkshire - Falkirk"}},{"type":"Feature","geometry":{"type":"LineString","coordinates":[[-3.8089,55.8952],[-3.815,55.9064],[-3.8939,55.9333],[-3.8661,55.9497],[-3.865,55.9561],[-3.9225,55.9575],[-3.935,55.9688],[-3.9372,55.9844],[-3.9747,55.9852],[-3.9681,55.9999],[-3.9728,56.0063]]},"properties":{"name":"North Lanarkshire - Falkirk"}},{"type":"Feature","geometry":{"type":"LineString","coordinates":[[-3.9728,56.0063],[-4.0075,56.0044]]},"properties":{"name":"North Lanarkshire - Falkirk"}},{"type":"Feature","geometry":{"type":"LineString","coordinates":[[-3.7934,55.8719],[-3.8206,55.8891],[-3.8089,55.8952]]},"properties":{"name":"North Lanarkshire - West Lothian"}},{"type":"Feature","geometry":{"type":"LineString","coordinates":[[-3.7334,55.7835],[-3.7359,55.7888],[-3.7184,55.8124],[-3.745,55.858],[-3.7103,55.8702],[-3.7064,55.8769],[-3.7283,55.8833]]},"properties":{"name":"North Lanarkshire - West Lothian"}},{"type":"Feature","geometry":{"type":"LineString","coordinates":[[-3.7283,55.8833],[-3.7934,55.8719]]},"properties":{"name":"North Lanarkshire - West Lothian"}},{"type":"Feature","geometry":{"type":"LineString","coordinates":[[-4.1422,56.0286],[-4.1409,56.0086],[-4.1325,56.0041]]},"properties":{"name":"Stirling - East Dunbartonshire"}},{"type":"Feature","geometry":{"type":"LineString","coordinates":[[-4.1745,56.0105],[-4.1584,56.0258],[-4.1422,56.0286]]},"properties":{"name":"Stirling - East Dunbartonshire"}},{"type":"Feature","geometry":{"type":"LineString","coordinates":[[-4.2773,56.0252],[-4.2476,56.0194]]},"properties":{"name":"Stirling - East Dunbartonshire"}},{"type":"Feature","geometry":{"type":"LineString","coordinates":[[-4.3017,55.9572],[-4.2745,55.9588],[-4.2653,55.968],[-4.2678,55.988],[-4.2875,56.0166],[-4.2773,56.0252]]},"properties":{"name":"Stirling - East Dunbartonshire"}},{"type":"Feature","geometry":{"type":"LineString","coordinates":[[-4.1983,56.0197],[-4.1745,56.0105]]},"properties":{"name":"Stirling - East Dunbartonshire"}},{"type":"Feature","geometry":{"type":"LineString","coordinates":[[-4.2476,56.0194],[-4.1983,56.0197]]},"properties":{"name":"Stirling - East Dunbartonshire"}},{"type":"Feature","geometry":{"type":"LineString","coordinates":[[-4.1325,56.0041],[-4.1257,56.0055]]},"properties":{"name":"Stirling - East Dunbartonshire"}},{"type":"Feature","geometry":{"type":"LineString","coordinates":[[-4.3601,55.9763],[-4.3017,55.9572]]},"properties":{"name":"Stirling - East Dunbartonshire"}},{"type":"Feature","geometry":{"type":"LineString","coordinates":[[-4.3648,55.9756],[-4.3601,55.9763]]},"properties":{"name":"Stirling - East Dunbartonshire"}},{"type":"Feature","geometry":{"type":"LineString","coordinates":[[-4.3517,55.9052],[-4.36,55.9119],[-4.3648,55.9756]]},"properties":{"name":"West Dunbartonshire - East Dunbartonshire"}},{"type":"Feature","geometry":{"type":"LineString","coordinates":[[-4.1098,55.9528],[-4.1209,55.9624],[-4.1257,56.0055]]},"properties":{"name":"East Dunbartonshire - North Lanarkshire"}},{"type":"Feature","geometry":{"type":"LineString","coordinates":[[-4.1002,55.9082],[-4.0556,55.9113],[-4.0396,55.9417],[-4.0396,55.9528],[-4.0476,55.9576]]},"properties":{"name":"East Dunbartonshire - North Lanarkshire"}},{"type":"Feature","geometry":{"type":"LineString","coordinates":[[-4.0476,55.9576],[-4.1098,55.9528]]},"properties":{"name":"East Dunbartonshire - North Lanarkshire"}},{"type":"Feature","geometry":{"type":"LineString","coordinates":[[-4.1497,55.9097],[-4.1002,55.9082]]},"properties":{"name":"East Dunbartonshire - North Lanarkshire"}},{"type":"Feature","geometry":{"type":"LineString","coordinates":[[-4.1619,55.8917],[-4.172,55.905],[-4.1497,55.9097]]},"properties":{"name":"East Dunbartonshire - North Lanarkshire"}},{"type":"Feature","geometry":{"type":"LineString","coordinates":[[-4.3517,55.9052],[-4.3558,55.864]]},"properties":{"name":"Glasgow - West Dunbartonshire"}},{"type":"Feature","geometry":{"type":"LineString","coordinates":[[-4.3568,55.8191],[-4.3558,55.864]]},"properties":{"name":"Renfrewshire - Glasgow"}},{"type":"Feature","geometry":{"type":"LineString","coordinates":[[-4.1619,55.8917],[-4.1193,55.8683]]},"properties":{"name":"North Lanarkshire - Glasgow"}},{"type":"Feature","geometry":{"type":"LineString","coordinates":[[-4.0795,55.8683],[-4.0699,55.8555],[-4.0843,55.8411],[-4.0843,55.8272]]},"properties":{"name":"North Lanarkshire - Glasgow"}},{"type":"Feature","geometry":{"type":"LineString","coordinates":[[-4.1193,55.8683],[-4.0795,55.8683]]},"properties":{"name":"North Lanarkshire - Glasgow"}},{"type":"Feature","geometry":{"type":"LineString","coordinates":[[-4.2695,55.9161],[-4.2368,55.8971],[-4.1905,55.8887]]},"properties":{"name":"East Dunbartonshire - Glasgow"}},{"type":"Feature","geometry":{"type":"LineString","coordinates":[[-4.3158,55.8971],[-4.2947,55.8982],[-4.2695,55.9161]]},"properties":{"name":"East Dunbartonshire - Glasgow"}},{"type":"Feature","geometry":{"type":"LineString","coordinates":[[-4.3517,55.9052],[-4.3158,55.8971]]},"properties":{"name":"East Dunbartonshire - Glasgow"}},{"type":"Feature","geometry":{"type":"LineString","coordinates":[[-4.1905,55.8887],[-4.1619,55.8917]]},"properties":{"name":"East Dunbartonshire - Glasgow"}},{"type":"Feature","geometry":{"type":"LineString","coordinates":[[-4.5179,55.7593],[-4.5164,55.7628]]},"properties":{"name":"North Ayshire - East Renfrewshire"}},{"type":"Feature","geometry":{"type":"LineString","coordinates":[[-4.3568,55.8191],[-4.5164,55.7628]]},"properties":{"name":"East Renfrewshire - Renfrewshire"}},{"type":"Feature","geometry":{"type":"LineString","coordinates":[[-4.3379,55.7929],[-4.3474,55.794],[-4.3568,55.8045],[-4.3568,55.8191]]},"properties":{"name":"East Renfrewshire - Glasgow"}},{"type":"Feature","geometry":{"type":"LineString","coordinates":[[-4.2404,55.7934],[-4.2568,55.8035]]},"properties":{"name":"East Renfrewshire - Glasgow"}},{"type":"Feature","geometry":{"type":"LineString","coordinates":[[-4.2568,55.8035],[-4.3379,55.7929]]},"properties":{"name":"East Renfrewshire - Glasgow"}},{"type":"Feature","geometry":{"type":"LineString","coordinates":[[-3.7378,57.606],[-3.754,57.6251]]},"properties":{"name":"Highland - Moray"}},{"type":"Feature","geometry":{"type":"LineString","coordinates":[[-2.3657,55.9454],[-2.3651,55.9462]]},"properties":{"name":"East Lothian - Scottish Borders"}},{"type":"Feature","geometry":{"type":"LineString","coordinates":[[-4.5821,55.5913],[-4.4431,55.5448],[-4.4266,55.5178],[-4.4325,55.4832],[-4.4791,55.4576],[-4.4836,55.4457],[-4.4656,55.4231],[-4.4611,55.3946],[-4.4656,55.3856],[-4.4851,55.3856]]},"properties":{"name":"East Ayrshire - South Ayrshire"}},{"type":"Feature","geometry":{"type":"LineString","coordinates":[[-4.5437,55.3931],[-4.5693,55.3961]]},"properties":{"name":"East Ayrshire - South Ayrshire"}},{"type":"Feature","geometry":{"type":"LineString","coordinates":[[-4.5693,55.3961],[-4.5783,55.3886],[-4.5768,55.3811],[-4.5482,55.3495],[-4.4746,55.3104],[-4.4446,55.2819],[-4.4446,55.2008],[-4.4675,55.1578]]},"properties":{"name":"East Ayrshire - South Ayrshire"}},{"type":"Feature","geometry":{"type":"LineString","coordinates":[[-4.4851,55.3856],[-4.5152,55.3931]]},"properties":{"name":"East Ayrshire - South Ayrshire"}},{"type":"Feature","geometry":{"type":"LineString","coordinates":[[-4.5152,55.3931],[-4.5437,55.3931]]},"properties":{"name":"East Ayrshire - South Ayrshire"}},{"type":"Feature","geometry":{"type":"LineString","coordinates":[[-4.5882,55.656],[-4.6258,55.665],[-4.6182,55.677],[-4.5581,55.7146],[-4.5179,55.7593]]},"properties":{"name":"North Ayshire - East Ayrshire"}},{"type":"Feature","geometry":{"type":"LineString","coordinates":[[-4.5821,55.5913],[-4.51,55.6214],[-4.5011,55.6454],[-4.5341,55.656]]},"properties":{"name":"North Ayshire - East Ayrshire"}},{"type":"Feature","geometry":{"type":"LineString","coordinates":[[-4.5341,55.656],[-4.5882,55.656]]},"properties":{"name":"North Ayshire - East Ayrshire"}},{"type":"Feature","geometry":{"type":"LineString","coordinates":[[-3.9832,55.461],[-4.0086,55.4541],[-3.9992,55.438],[-4.0031,55.435],[-4.0706,55.4149],[-4.0942,55.3961],[-4.0978,55.3713],[-4.0856,55.3472],[-4.1136,55.3166],[-4.1134,55.2999],[-4.1353,55.2841]]},"properties":{"name":"Dumfries and Galloway - East Ayrshire"}},{"type":"Feature","geometry":{"type":"LineString","coordinates":[[-4.1353,55.2841],[-4.1523,55.2888],[-4.1886,55.3138],[-4.2314,55.3166]]},"properties":{"name":"Dumfries and Galloway - East Ayrshire"}},{"type":"Feature","geometry":{"type":"LineString","coordinates":[[-4.2314,55.3166],[-4.2442,55.3044]]},"properties":{"name":"Dumfries and Galloway - East Ayrshire"}},{"type":"Feature","geometry":{"type":"LineString","coordinates":[[-4.2442,55.3044],[-4.2845,55.31]]},"properties":{"name":"Dumfries and Galloway - East Ayrshire"}},{"type":"Feature","geometry":{"type":"LineString","coordinates":[[-4.2845,55.31],[-4.297,55.3077],[-4.3217,55.2752],[-4.349,55.2627],[-4.3534,55.2413],[-4.3772,55.2175],[-4.3847,55.1819],[-4.4023,55.1733],[-4.4033,55.153],[-4.4314,55.142]]},"properties":{"name":"Dumfries and Galloway - East Ayrshire"}},{"type":"Feature","geometry":{"type":"LineString","coordinates":[[-4.4314,55.142],[-4.4372,55.1755]]},"properties":{"name":"Dumfries and Galloway - East Ayrshire"}},{"type":"Feature","geometry":{"type":"LineString","coordinates":[[-4.4372,55.1755],[-4.4503,55.1755],[-4.4584,55.1605],[-4.4675,55.1578]]},"properties":{"name":"Dumfries and Galloway - East Ayrshire"}},{"type":"Feature","geometry":{"type":"LineString","coordinates":[[-4.2537,55.6855],[-4.5063,55.7508],[-4.5179,55.7593]]},"properties":{"name":"East Ayrshire - East Renfrewshire"}},{"type":"Feature","geometry":{"type":"LineString","coordinates":[[-4.251,55.686],[-4.2537,55.6855]]},"properties":{"name":"East Ayrshire - East Renfrewshire"}},{"type":"Feature","geometry":{"type":"LineString","coordinates":[[-4.4471,56.7784],[-4.4745,56.7858]]},"properties":{"name":"Perthshire and Kinross - Highland"}},{"type":"Feature","geometry":{"type":"LineString","coordinates":[[-3.9567,55.4544],[-3.9764,55.4625]]},"properties":{"name":"Dumfries and Galloway - South Lanarkshire"}},{"type":"Feature","geometry":{"type":"LineString","coordinates":[[-3.9764,55.4625],[-3.9832,55.461]]},"properties":{"name":"Dumfries and Galloway - South Lanarkshire"}},{"type":"Feature","geometry":{"type":"LineString","coordinates":[[-3.6423,55.2896],[-3.6711,55.31],[-3.7014,55.3208],[-3.7075,55.3308],[-3.7083,55.3627],[-3.7431,55.371],[-3.7695,55.4091],[-3.8259,55.4463],[-3.8786,55.4549]]},"properties":{"name":"Dumfries and Galloway - South Lanarkshire"}},{"type":"Feature","geometry":{"type":"LineString","coordinates":[[-3.8786,55.4549],[-3.9567,55.4544]]},"properties":{"name":"Dumfries and Galloway - South Lanarkshire"}},{"type":"Feature","geometry":{"type":"LineString","coordinates":[[-3.5003,55.4097],[-3.5675,55.3839],[-3.572,55.3296],[-3.6073,55.3188],[-3.6167,55.2927],[-3.6423,55.2896]]},"properties":{"name":"Dumfries and Galloway - South Lanarkshire"}},{"type":"Feature","geometry":{"type":"LineString","coordinates":[[-3.4579,55.7696],[-3.5228,55.7855],[-3.565,55.7877],[-3.59,55.8016],[-3.6112,55.8038]]},"properties":{"name":"South Lanarkshire - West Lothian"}},{"type":"Feature","geometry":{"type":"LineString","coordinates":[[-3.6112,55.8038],[-3.6881,55.7952],[-3.7239,55.778]]},"properties":{"name":"South Lanarkshire - West Lothian"}},{"type":"Feature","geometry":{"type":"LineString","coordinates":[[-3.7239,55.778],[-3.7334,55.7835]]},"properties":{"name":"South Lanarkshire - West Lothian"}},{"type":"Feature","geometry":{"type":"LineString","coordinates":[[-3.4579,55.7696],[-3.4586,55.761],[-3.4353,55.7341],[-3.4359,55.7183],[-3.4226,55.7127]]},"properties":{"name":"Scottish Borders - South Lanarkshire"}},{"type":"Feature","geometry":{"type":"LineString","coordinates":[[-3.4003,55.7133],[-3.3945,55.7077],[-3.4795,55.6485],[-3.4809,55.6372],[-3.4689,55.6258],[-3.4781,55.6122],[-3.5164,55.6085],[-3.527,55.6002],[-3.5033,55.5777],[-3.5015,55.5661],[-3.4837,55.553],[-3.489,55.5425],[-3.485,55.515],[-3.5122,55.4922],[-3.5131,55.4788],[-3.5348,55.438],[-3.5003,55.4097]]},"properties":{"name":"Scottish Borders - South Lanarkshire"}},{"type":"Feature","geometry":{"type":"LineString","coordinates":[[-3.4226,55.7127],[-3.4003,55.7133]]},"properties":{"name":"Scottish Borders - South Lanarkshire"}},{"type":"Feature","geometry":{"type":"LineString","coordinates":[[-3.8817,55.7327],[-3.8977,55.7343],[-4.0651,55.8125],[-4.0843,55.8272]]},"properties":{"name":"South Lanarkshire - North Lanarkshire"}},{"type":"Feature","geometry":{"type":"LineString","coordinates":[[-3.7334,55.7835],[-3.8817,55.7327]]},"properties":{"name":"South Lanarkshire - North Lanarkshire"}},{"type":"Feature","geometry":{"type":"LineString","coordinates":[[-4.1516,55.8308],[-4.1063,55.8255]]},"properties":{"name":"Glasgow - South Lanarkshire"}},{"type":"Feature","geometry":{"type":"LineString","coordinates":[[-4.2263,55.7845],[-4.2021,55.7845],[-4.1895,55.795],[-4.1884,55.8066],[-4.1969,55.8203],[-4.1926,55.8266],[-4.1516,55.8308]]},"properties":{"name":"Glasgow - South Lanarkshire"}},{"type":"Feature","geometry":{"type":"LineString","coordinates":[[-4.1063,55.8255],[-4.0843,55.8272]]},"properties":{"name":"Glasgow - South Lanarkshire"}},{"type":"Feature","geometry":{"type":"LineString","coordinates":[[-4.2404,55.7934],[-4.2263,55.7845]]},"properties":{"name":"Glasgow - South Lanarkshire"}},{"type":"Feature","geometry":{"type":"LineString","coordinates":[[-4.251,55.686],[-4.2253,55.6908],[-4.2189,55.7203],[-4.2253,55.735],[-4.2516,55.7498],[-4.2579,55.7614],[-4.2442,55.7729],[-4.2404,55.7934]]},"properties":{"name":"East Renfrewshire - South Lanarkshire"}},{"type":"Feature","geometry":{"type":"LineString","coordinates":[[-4.251,55.686],[-4.2177,55.6409],[-4.1726,55.6064],[-4.1726,55.5989],[-4.2072,55.5719],[-4.2117,55.5598],[-4.1967,55.5523]]},"properties":{"name":"South Lanarkshire - East Ayrshire"}},{"type":"Feature","geometry":{"type":"LineString","coordinates":[[-4.0104,55.5734],[-3.9924,55.5704],[-3.9608,55.5403],[-3.9638,55.5073],[-3.9832,55.461]]},"properties":{"name":"South Lanarkshire - East Ayrshire"}},{"type":"Feature","geometry":{"type":"LineString","coordinates":[[-4.1967,55.5523],[-4.0645,55.5538],[-4.0299,55.5719],[-4.0104,55.5734]]},"properties":{"name":"South Lanarkshire - East Ayrshire"}},{"type":"Feature","geometry":{"type":"LineString","coordinates":[[-7.6934,54.6007],[-7.7079,54.6047]]},"properties":{"name":"Fermanagh - Strabane"}},{"type":"Feature","geometry":{"type":"LineString","coordinates":[[-6.0453,54.2466],[-6.0784,54.2338],[-6.0628,54.2307],[-6.0553,54.2016],[-6.0269,54.1697]]},"properties":{"name":"Down - Newry and Mourne"}},{"type":"Feature","geometry":{"type":"LineString","coordinates":[[-5.9661,54.1935],[-5.925,54.1788]]},"properties":{"name":"Down - Newry and Mourne"}},{"type":"Feature","geometry":{"type":"LineString","coordinates":[[-6.0269,54.1697],[-6.0039,54.1855],[-5.9661,54.1935]]},"properties":{"name":"Down - Newry and Mourne"}},{"type":"Feature","geometry":{"type":"LineString","coordinates":[[-5.8908,54.1852],[-5.866,54.1841]]},"properties":{"name":"Down - Newry and Mourne"}},{"type":"Feature","geometry":{"type":"LineString","coordinates":[[-5.925,54.1788],[-5.8908,54.1852]]},"properties":{"name":"Down - Newry and Mourne"}},{"type":"Feature","geometry":{"type":"LineString","coordinates":[[-6.36,54.2769],[-6.3739,54.2672]]},"properties":{"name":"Newry and Mourne - Armagh"}},{"type":"Feature","geometry":{"type":"LineString","coordinates":[[-6.3739,54.2672],[-6.4009,54.2763]]},"properties":{"name":"Newry and Mourne - Armagh"}},{"type":"Feature","geometry":{"type":"LineString","coordinates":[[-6.4009,54.2763],[-6.4856,54.2536],[-6.4942,54.2349],[-6.512,54.2258]]},"properties":{"name":"Newry and Mourne - Armagh"}},{"type":"Feature","geometry":{"type":"LineString","coordinates":[[-6.512,54.2258],[-6.5378,54.2347]]},"properties":{"name":"Newry and Mourne - Armagh"}},{"type":"Feature","geometry":{"type":"LineString","coordinates":[[-6.5378,54.2347],[-6.5656,54.2269],[-6.577,54.2169]]},"properties":{"name":"Newry and Mourne - Armagh"}},{"type":"Feature","geometry":{"type":"LineString","coordinates":[[-6.577,54.2169],[-6.6053,54.2183]]},"properties":{"name":"Newry and Mourne - Armagh"}},{"type":"Feature","geometry":{"type":"LineString","coordinates":[[-6.6053,54.2183],[-6.6381,54.1986],[-6.6484,54.1737]]},"properties":{"name":"Newry and Mourne - Armagh"}},{"type":"Feature","geometry":{"type":"LineString","coordinates":[[-7.3162,54.3658],[-7.3322,54.371],[-7.3387,54.3836],[-7.3297,54.4033],[-7.3592,54.4175],[-7.3645,54.4302]]},"properties":{"name":"Fermanagh - Dungannon"}},{"type":"Feature","geometry":{"type":"LineString","coordinates":[[-7.2317,54.3219],[-7.2531,54.3283],[-7.2778,54.3633],[-7.2881,54.3683]]},"properties":{"name":"Fermanagh - Dungannon"}},{"type":"Feature","geometry":{"type":"LineString","coordinates":[[-7.2881,54.3683],[-7.3162,54.3658]]},"properties":{"name":"Fermanagh - Dungannon"}},{"type":"Feature","geometry":{"type":"LineString","coordinates":[[-7.1895,54.3357],[-7.1903,54.3369]]},"properties":{"name":"Fermanagh - Dungannon"}},{"type":"Feature","geometry":{"type":"LineString","coordinates":[[-7.1903,54.3369],[-7.2317,54.3219]]},"properties":{"name":"Fermanagh - Dungannon"}},{"type":"Feature","geometry":{"type":"LineString","coordinates":[[-6.6131,54.4494],[-6.6581,54.4641]]},"properties":{"name":"Armagh - Dungannon"}},{"type":"Feature","geometry":{"type":"LineString","coordinates":[[-6.6581,54.4641],[-6.6989,54.4444],[-6.6956,54.4314],[-6.7173,54.4038]]},"properties":{"name":"Armagh - Dungannon"}},{"type":"Feature","geometry":{"type":"LineString","coordinates":[[-6.5547,54.4633],[-6.567,54.4583]]},"properties":{"name":"Armagh - Dungannon"}},{"type":"Feature","geometry":{"type":"LineString","coordinates":[[-6.567,54.4583],[-6.5928,54.4588]]},"properties":{"name":"Armagh - Dungannon"}},{"type":"Feature","geometry":{"type":"LineString","coordinates":[[-6.5928,54.4588],[-6.6131,54.4494]]},"properties":{"name":"Armagh - Dungannon"}},{"type":"Feature","geometry":{"type":"LineString","coordinates":[[-6.7173,54.4038],[-6.7959,54.413]]},"properties":{"name":"Armagh - Dungannon"}},{"type":"Feature","geometry":{"type":"LineString","coordinates":[[-6.7959,54.413],[-6.8103,54.4011],[-6.8056,54.3802],[-6.8328,54.3589],[-6.83,54.3413],[-6.87,54.326]]},"properties":{"name":"Armagh - Dungannon"}},{"type":"Feature","geometry":{"type":"LineString","coordinates":[[-6.9175,54.8158],[-6.9189,54.8016],[-6.8964,54.7824],[-6.9011,54.7755],[-6.9298,54.7677]]},"properties":{"name":"Magherafelt - Strabane"}},{"type":"Feature","geometry":{"type":"LineString","coordinates":[[-7.67,54.5786],[-7.6934,54.6007]]},"properties":{"name":"Fermanagh - Omagh"}},{"type":"Feature","geometry":{"type":"LineString","coordinates":[[-7.5975,54.5613],[-7.6387,54.5797]]},"properties":{"name":"Fermanagh - Omagh"}},{"type":"Feature","geometry":{"type":"LineString","coordinates":[[-7.6387,54.5797],[-7.67,54.5786]]},"properties":{"name":"Fermanagh - Omagh"}},{"type":"Feature","geometry":{"type":"LineString","coordinates":[[-7.5081,54.4049],[-7.5592,54.4291],[-7.5597,54.4563],[-7.5761,54.4835],[-7.5686,54.4958],[-7.5787,54.5055],[-7.5611,54.543],[-7.5337,54.5463],[-7.5339,54.553],[-7.5489,54.5652]]},"properties":{"name":"Fermanagh - Omagh"}},{"type":"Feature","geometry":{"type":"LineString","coordinates":[[-7.5489,54.5652],[-7.5975,54.5613]]},"properties":{"name":"Fermanagh - Omagh"}},{"type":"Feature","geometry":{"type":"LineString","coordinates":[[-7.3645,54.4302],[-7.4206,54.4361]]},"properties":{"name":"Fermanagh - Omagh"}},{"type":"Feature","geometry":{"type":"LineString","coordinates":[[-7.4206,54.4361],[-7.44,54.4247],[-7.4658,54.4222],[-7.5081,54.4049]]},"properties":{"name":"Fermanagh - Omagh"}},{"type":"Feature","geometry":{"type":"LineString","coordinates":[[-6.9539,54.7674],[-7.0001,54.7772]]},"properties":{"name":"Omagh - Strabane"}},{"type":"Feature","geometry":{"type":"LineString","coordinates":[[-7.0001,54.7772],[-7.0223,54.7683],[-7.0828,54.7608],[-7.1097,54.7489]]},"properties":{"name":"Omagh - Strabane"}},{"type":"Feature","geometry":{"type":"LineString","coordinates":[[-6.9298,54.7677],[-6.9539,54.7674]]},"properties":{"name":"Omagh - Strabane"}},{"type":"Feature","geometry":{"type":"LineString","coordinates":[[-7.1097,54.7489],[-7.2056,54.7527]]},"properties":{"name":"Omagh - Strabane"}},{"type":"Feature","geometry":{"type":"LineString","coordinates":[[-7.2056,54.7527],[-7.2409,54.7444],[-7.2683,54.7288]]},"properties":{"name":"Omagh - Strabane"}},{"type":"Feature","geometry":{"type":"LineString","coordinates":[[-7.2683,54.7288],[-7.2814,54.7344]]},"properties":{"name":"Omagh - Strabane"}},{"type":"Feature","geometry":{"type":"LineString","coordinates":[[-7.2814,54.7344],[-7.3081,54.7316],[-7.3297,54.7091],[-7.3903,54.6924],[-7.4145,54.6683],[-7.4395,54.6558],[-7.442,54.6435],[-7.4653,54.6416]]},"properties":{"name":"Omagh - Strabane"}},{"type":"Feature","geometry":{"type":"LineString","coordinates":[[-7.4653,54.6416],[-7.4825,54.651]]},"properties":{"name":"Omagh - Strabane"}},{"type":"Feature","geometry":{"type":"LineString","coordinates":[[-7.4825,54.651],[-7.5434,54.6372]]},"properties":{"name":"Omagh - Strabane"}},{"type":"Feature","geometry":{"type":"LineString","coordinates":[[-7.5434,54.6372],[-7.5461,54.643]]},"properties":{"name":"Omagh - Strabane"}},{"type":"Feature","geometry":{"type":"LineString","coordinates":[[-7.5461,54.643],[-7.612,54.6241]]},"properties":{"name":"Omagh - Strabane"}},{"type":"Feature","geometry":{"type":"LineString","coordinates":[[-7.612,54.6241],[-7.6531,54.6255]]},"properties":{"name":"Omagh - Strabane"}},{"type":"Feature","geometry":{"type":"LineString","coordinates":[[-7.6531,54.6255],[-7.6934,54.6007]]},"properties":{"name":"Omagh - Strabane"}},{"type":"Feature","geometry":{"type":"LineString","coordinates":[[-6.9614,54.5766],[-6.9753,54.558],[-6.9667,54.5482],[-6.9728,54.538],[-7.0017,54.5216],[-7.0267,54.5194],[-7.0378,54.503],[-7.0906,54.4936],[-7.1034,54.4763],[-7.1253,54.4688]]},"properties":{"name":"Dungannon - Omagh"}},{"type":"Feature","geometry":{"type":"LineString","coordinates":[[-7.1253,54.4688],[-7.14,54.4747]]},"properties":{"name":"Dungannon - Omagh"}},{"type":"Feature","geometry":{"type":"LineString","coordinates":[[-7.14,54.4747],[-7.1483,54.4694]]},"properties":{"name":"Dungannon - Omagh"}},{"type":"Feature","geometry":{"type":"LineString","coordinates":[[-7.1483,54.4694],[-7.17,54.4705]]},"properties":{"name":"Dungannon - Omagh"}},{"type":"Feature","geometry":{"type":"LineString","coordinates":[[-7.17,54.4705],[-7.2167,54.4594],[-7.2309,54.4483],[-7.247,54.4452]]},"properties":{"name":"Dungannon - Omagh"}},{"type":"Feature","geometry":{"type":"LineString","coordinates":[[-7.247,54.4452],[-7.2642,54.4483]]},"properties":{"name":"Dungannon - Omagh"}},{"type":"Feature","geometry":{"type":"LineString","coordinates":[[-7.2642,54.4483],[-7.3106,54.4366]]},"properties":{"name":"Dungannon - Omagh"}},{"type":"Feature","geometry":{"type":"LineString","coordinates":[[-7.3106,54.4366],[-7.3456,54.4377]]},"properties":{"name":"Dungannon - Omagh"}},{"type":"Feature","geometry":{"type":"LineString","coordinates":[[-7.3456,54.4377],[-7.3645,54.4302]]},"properties":{"name":"Dungannon - Omagh"}},{"type":"Feature","geometry":{"type":"LineString","coordinates":[[-6.9698,54.7416],[-6.9367,54.7519],[-6.9298,54.7677]]},"properties":{"name":"Omagh - Magherafelt"}},{"type":"Feature","geometry":{"type":"LineString","coordinates":[[-6.8961,54.5644],[-6.9614,54.5766]]},"properties":{"name":"Dungannon - Cookstown"}},{"type":"Feature","geometry":{"type":"LineString","coordinates":[[-6.7667,54.5639],[-6.8239,54.5758]]},"properties":{"name":"Dungannon - Cookstown"}},{"type":"Feature","geometry":{"type":"LineString","coordinates":[[-6.8239,54.5758],[-6.8539,54.5672]]},"properties":{"name":"Dungannon - Cookstown"}},{"type":"Feature","geometry":{"type":"LineString","coordinates":[[-6.7042,54.548],[-6.7387,54.5722]]},"properties":{"name":"Dungannon - Cookstown"}},{"type":"Feature","geometry":{"type":"LineString","coordinates":[[-6.7387,54.5722],[-6.7667,54.5639]]},"properties":{"name":"Dungannon - Cookstown"}},{"type":"Feature","geometry":{"type":"LineString","coordinates":[[-6.8539,54.5672],[-6.87,54.5697]]},"properties":{"name":"Dungannon - Cookstown"}},{"type":"Feature","geometry":{"type":"LineString","coordinates":[[-6.87,54.5697],[-6.8961,54.5644]]},"properties":{"name":"Dungannon - Cookstown"}},{"type":"Feature","geometry":{"type":"LineString","coordinates":[[-6.5312,54.5388],[-6.6378,54.5658]]},"properties":{"name":"Dungannon - Cookstown"}},{"type":"Feature","geometry":{"type":"LineString","coordinates":[[-6.6378,54.5658],[-6.6478,54.5563]]},"properties":{"name":"Dungannon - Cookstown"}},{"type":"Feature","geometry":{"type":"LineString","coordinates":[[-6.6478,54.5563],[-6.6853,54.5605]]},"properties":{"name":"Dungannon - Cookstown"}},{"type":"Feature","geometry":{"type":"LineString","coordinates":[[-6.6853,54.5605],[-6.7042,54.548]]},"properties":{"name":"Dungannon - Cookstown"}},{"type":"Feature","geometry":{"type":"LineString","coordinates":[[-6.5278,54.5398],[-6.5312,54.5388]]},"properties":{"name":"Dungannon - Cookstown"}},{"type":"Feature","geometry":{"type":"LineString","coordinates":[[-6.9698,54.7416],[-6.9453,54.7294]]},"properties":{"name":"Magherafelt - Cookstown"}},{"type":"Feature","geometry":{"type":"LineString","coordinates":[[-6.8264,54.7408],[-6.7811,54.7308]]},"properties":{"name":"Magherafelt - Cookstown"}},{"type":"Feature","geometry":{"type":"LineString","coordinates":[[-6.8909,54.7283],[-6.8264,54.7408]]},"properties":{"name":"Magherafelt - Cookstown"}},{"type":"Feature","geometry":{"type":"LineString","coordinates":[[-6.7611,54.736],[-6.7214,54.7061],[-6.6836,54.6958]]},"properties":{"name":"Magherafelt - Cookstown"}},{"type":"Feature","geometry":{"type":"LineString","coordinates":[[-6.7811,54.7308],[-6.7611,54.736]]},"properties":{"name":"Magherafelt - Cookstown"}},{"type":"Feature","geometry":{"type":"LineString","coordinates":[[-6.912,54.7325],[-6.8909,54.7283]]},"properties":{"name":"Magherafelt - Cookstown"}},{"type":"Feature","geometry":{"type":"LineString","coordinates":[[-6.9453,54.7294],[-6.912,54.7325]]},"properties":{"name":"Magherafelt - Cookstown"}},{"type":"Feature","geometry":{"type":"LineString","coordinates":[[-6.5595,54.7272],[-6.5224,54.7159]]},"properties":{"name":"Magherafelt - Cookstown"}},{"type":"Feature","geometry":{"type":"LineString","coordinates":[[-6.5737,54.7119],[-6.5595,54.7272]]},"properties":{"name":"Magherafelt - Cookstown"}},{"type":"Feature","geometry":{"type":"LineString","coordinates":[[-6.5223,54.7163],[-6.4986,54.7062]]},"properties":{"name":"Magherafelt - Cookstown"}},{"type":"Feature","geometry":{"type":"LineString","coordinates":[[-6.5224,54.7159],[-6.5223,54.7163]]},"properties":{"name":"Magherafelt - Cookstown"}},{"type":"Feature","geometry":{"type":"LineString","coordinates":[[-6.6003,54.716],[-6.5737,54.7119]]},"properties":{"name":"Magherafelt - Cookstown"}},{"type":"Feature","geometry":{"type":"LineString","coordinates":[[-6.6836,54.6958],[-6.6611,54.6966],[-6.6448,54.7072],[-6.6003,54.716]]},"properties":{"name":"Magherafelt - Cookstown"}},{"type":"Feature","geometry":{"type":"LineString","coordinates":[[-6.9698,54.7416],[-6.995,54.7308],[-6.9878,54.6936],[-7.0003,54.6747],[-6.9689,54.663],[-6.9831,54.6524],[-6.95,54.6061],[-6.9614,54.5766]]},"properties":{"name":"Cookstown - Omagh"}},{"type":"Feature","geometry":{"type":"LineString","coordinates":[[-6.435,54.3771],[-6.4622,54.3783],[-6.4842,54.3952],[-6.4845,54.4169],[-6.5103,54.4183],[-6.5547,54.4633]]},"properties":{"name":"Armagh - Craigavon"}},{"type":"Feature","geometry":{"type":"LineString","coordinates":[[-6.4053,54.3938],[-6.435,54.3771]]},"properties":{"name":"Armagh - Craigavon"}},{"type":"Feature","geometry":{"type":"LineString","coordinates":[[-6.5547,54.4633],[-6.565,54.4802],[-6.5653,54.4936],[-6.5836,54.5083],[-6.5278,54.5398]]},"properties":{"name":"Dungannon - Craigavon"}},{"type":"Feature","geometry":{"type":"LineString","coordinates":[[-6.437,54.5688],[-6.5278,54.5398]]},"properties":{"name":"Craigavon - Cookstown"}},{"type":"Feature","geometry":{"type":"LineString","coordinates":[[-6.3439,54.2652],[-6.36,54.2769]]},"properties":{"name":"Newry and Mourne - Banbridge"}},{"type":"Feature","geometry":{"type":"LineString","coordinates":[[-6.3036,54.2619],[-6.3222,54.2666]]},"properties":{"name":"Newry and Mourne - Banbridge"}},{"type":"Feature","geometry":{"type":"LineString","coordinates":[[-6.3222,54.2666],[-6.3439,54.2652]]},"properties":{"name":"Newry and Mourne - Banbridge"}},{"type":"Feature","geometry":{"type":"LineString","coordinates":[[-6.1923,54.246],[-6.282,54.2652]]},"properties":{"name":"Newry and Mourne - Banbridge"}},{"type":"Feature","geometry":{"type":"LineString","coordinates":[[-6.282,54.2652],[-6.3036,54.2619]]},"properties":{"name":"Newry and Mourne - Banbridge"}},{"type":"Feature","geometry":{"type":"LineString","coordinates":[[-6.0453,54.2466],[-6.0737,54.2525]]},"properties":{"name":"Newry and Mourne - Banbridge"}},{"type":"Feature","geometry":{"type":"LineString","coordinates":[[-6.0737,54.2525],[-6.115,54.2422]]},"properties":{"name":"Newry and Mourne - Banbridge"}},{"type":"Feature","geometry":{"type":"LineString","coordinates":[[-6.115,54.2422],[-6.1536,54.2444],[-6.1686,54.2511]]},"properties":{"name":"Newry and Mourne - Banbridge"}},{"type":"Feature","geometry":{"type":"LineString","coordinates":[[-6.1686,54.2511],[-6.1923,54.246]]},"properties":{"name":"Newry and Mourne - Banbridge"}},{"type":"Feature","geometry":{"type":"LineString","coordinates":[[-5.9504,54.3797],[-5.9395,54.3627],[-5.9706,54.3411],[-5.9673,54.3205],[-5.9486,54.2869],[-5.9656,54.2841],[-5.9636,54.2733],[-5.9742,54.2627],[-5.9675,54.2499],[-5.9889,54.2452]]},"properties":{"name":"Down - Banbridge"}},{"type":"Feature","geometry":{"type":"LineString","coordinates":[[-5.9889,54.2452],[-6.0378,54.2636]]},"properties":{"name":"Down - Banbridge"}},{"type":"Feature","geometry":{"type":"LineString","coordinates":[[-6.0378,54.2636],[-6.0433,54.2616],[-6.0453,54.2466]]},"properties":{"name":"Down - Banbridge"}},{"type":"Feature","geometry":{"type":"LineString","coordinates":[[-6.4053,54.3938],[-6.4031,54.3794],[-6.3748,54.3408],[-6.3778,54.2933],[-6.36,54.2769]]},"properties":{"name":"Banbridge - Armagh"}},{"type":"Feature","geometry":{"type":"LineString","coordinates":[[-6.2242,54.4333],[-6.2105,54.4332]]},"properties":{"name":"Craigavon - Banbridge"}},{"type":"Feature","geometry":{"type":"LineString","coordinates":[[-6.3067,54.3947],[-6.2378,54.3975],[-6.2334,54.4069],[-6.2148,54.4127],[-6.225,54.4233],[-6.2242,54.4333]]},"properties":{"name":"Craigavon - Banbridge"}},{"type":"Feature","geometry":{"type":"LineString","coordinates":[[-6.3917,54.4011],[-6.33,54.3914]]},"properties":{"name":"Craigavon - Banbridge"}},{"type":"Feature","geometry":{"type":"LineString","coordinates":[[-6.4053,54.3938],[-6.3917,54.4011]]},"properties":{"name":"Craigavon - Banbridge"}},{"type":"Feature","geometry":{"type":"LineString","coordinates":[[-6.3242,54.3983],[-6.3067,54.3947]]},"properties":{"name":"Craigavon - Banbridge"}},{"type":"Feature","geometry":{"type":"LineString","coordinates":[[-6.33,54.3914],[-6.3242,54.3983]]},"properties":{"name":"Craigavon - Banbridge"}},{"type":"Feature","geometry":{"type":"LineString","coordinates":[[-6.4807,54.7827],[-6.4701,54.7678],[-6.4767,54.7455],[-6.4957,54.7228],[-6.4986,54.7062]]},"properties":{"name":"Antrim - Magherafelt"}},{"type":"Feature","geometry":{"type":"LineString","coordinates":[[-6.437,54.5688],[-6.4338,54.6029],[-6.4181,54.6401],[-6.4208,54.6547],[-6.4986,54.7062]]},"properties":{"name":"Cookstown - Antrim"}},{"type":"Feature","geometry":{"type":"LineString","coordinates":[[-6.2792,54.6111],[-6.2656,54.6049],[-6.2641,54.5925]]},"properties":{"name":"Antrim - Craigavon"}},{"type":"Feature","geometry":{"type":"LineString","coordinates":[[-6.301,54.5844],[-6.2891,54.5844],[-6.283,54.5911],[-6.2843,54.6102],[-6.2792,54.6111]]},"properties":{"name":"Antrim - Craigavon"}},{"type":"Feature","geometry":{"type":"LineString","coordinates":[[-6.333,54.5984],[-6.301,54.5844]]},"properties":{"name":"Antrim - Craigavon"}},{"type":"Feature","geometry":{"type":"LineString","coordinates":[[-6.431,54.5675],[-6.333,54.5984]]},"properties":{"name":"Antrim - Craigavon"}},{"type":"Feature","geometry":{"type":"LineString","coordinates":[[-6.437,54.5688],[-6.431,54.5675]]},"properties":{"name":"Antrim - Craigavon"}},{"type":"Feature","geometry":{"type":"LineString","coordinates":[[-5.9504,54.3797],[-5.9325,54.3905],[-5.9428,54.4097],[-5.9383,54.4166],[-5.91,54.4333],[-5.9156,54.4496],[-5.9006,54.4544],[-5.8961,54.4633],[-5.8792,54.4661],[-5.8681,54.4791]]},"properties":{"name":"Lisburn - Down"}},{"type":"Feature","geometry":{"type":"LineString","coordinates":[[-6.2641,54.5925],[-6.2761,54.5763],[-6.2964,54.5691],[-6.2842,54.5641],[-6.2753,54.5496],[-6.2736,54.5222],[-6.2392,54.5022],[-6.2389,54.4955],[-6.2526,54.4855],[-6.242,54.4666],[-6.2125,54.4496],[-6.2105,54.4332]]},"properties":{"name":"Lisburn - Craigavon"}},{"type":"Feature","geometry":{"type":"LineString","coordinates":[[-6.1664,54.4441],[-6.1656,54.4341]]},"properties":{"name":"Lisburn - Banbridge"}},{"type":"Feature","geometry":{"type":"LineString","coordinates":[[-6.2105,54.4332],[-6.1664,54.4441]]},"properties":{"name":"Lisburn - Banbridge"}},{"type":"Feature","geometry":{"type":"LineString","coordinates":[[-6.137,54.4371],[-6.06,54.4074],[-6.0689,54.3989],[-6.0642,54.3883],[-6.0092,54.3763]]},"properties":{"name":"Lisburn - Banbridge"}},{"type":"Feature","geometry":{"type":"LineString","coordinates":[[-6.1656,54.4341],[-6.137,54.4371]]},"properties":{"name":"Lisburn - Banbridge"}},{"type":"Feature","geometry":{"type":"LineString","coordinates":[[-5.9698,54.3838],[-5.9504,54.3797]]},"properties":{"name":"Lisburn - Banbridge"}},{"type":"Feature","geometry":{"type":"LineString","coordinates":[[-6.0092,54.3763],[-5.9698,54.3838]]},"properties":{"name":"Lisburn - Banbridge"}},{"type":"Feature","geometry":{"type":"LineString","coordinates":[[-6.2297,54.5916],[-6.215,54.6007],[-6.1909,54.6019],[-6.1381,54.6186],[-6.0659,54.6227]]},"properties":{"name":"Antrim - Lisburn"}},{"type":"Feature","geometry":{"type":"LineString","coordinates":[[-6.2641,54.5925],[-6.2297,54.5916]]},"properties":{"name":"Antrim - Lisburn"}},{"type":"Feature","geometry":{"type":"LineString","coordinates":[[-7.3448,54.9155],[-7.3739,54.918],[-7.3917,54.9369],[-7.4158,54.9444]]},"properties":{"name":"Strabane - Derry"}},{"type":"Feature","geometry":{"type":"LineString","coordinates":[[-7.1955,54.8449],[-7.2059,54.848],[-7.1955,54.8566],[-7.2089,54.8647],[-7.2095,54.8836],[-7.2764,54.8871],[-7.2792,54.8938],[-7.2622,54.9139],[-7.3176,54.9224]]},"properties":{"name":"Strabane - Derry"}},{"type":"Feature","geometry":{"type":"LineString","coordinates":[[-7.3176,54.9224],[-7.3448,54.9155]]},"properties":{"name":"Strabane - Derry"}},{"type":"Feature","geometry":{"type":"LineString","coordinates":[[-7.0695,54.8058],[-7.1095,54.8138],[-7.1159,54.8241],[-7.1622,54.851]]},"properties":{"name":"Strabane - Derry"}},{"type":"Feature","geometry":{"type":"LineString","coordinates":[[-7.1622,54.851],[-7.1955,54.8449]]},"properties":{"name":"Strabane - Derry"}},{"type":"Feature","geometry":{"type":"LineString","coordinates":[[-7.0103,54.8155],[-7.0464,54.8138],[-7.0695,54.8058]]},"properties":{"name":"Strabane - Derry"}},{"type":"Feature","geometry":{"type":"LineString","coordinates":[[-6.5204,54.9451],[-6.5053,54.9227],[-6.5069,54.916]]},"properties":{"name":"Ballymoney - Magherafelt"}},{"type":"Feature","geometry":{"type":"LineString","coordinates":[[-6.4807,54.7827],[-6.4817,54.7993],[-6.4711,54.8275],[-6.4914,54.8905],[-6.5103,54.9069],[-6.5069,54.916]]},"properties":{"name":"Magherafelt - Ballymena"}},{"type":"Feature","geometry":{"type":"LineString","coordinates":[[-6.0842,54.7919],[-6.1526,54.8071]]},"properties":{"name":"Antrim - Ballymena"}},{"type":"Feature","geometry":{"type":"LineString","coordinates":[[-6.1526,54.8071],[-6.1925,54.8022],[-6.2128,54.7819]]},"properties":{"name":"Antrim - Ballymena"}},{"type":"Feature","geometry":{"type":"LineString","coordinates":[[-6.3297,54.7885],[-6.3531,54.7958]]},"properties":{"name":"Antrim - Ballymena"}},{"type":"Feature","geometry":{"type":"LineString","coordinates":[[-6.3531,54.7958],[-6.3886,54.7766]]},"properties":{"name":"Antrim - Ballymena"}},{"type":"Feature","geometry":{"type":"LineString","coordinates":[[-6.2128,54.7819],[-6.2411,54.7838],[-6.2681,54.7944]]},"properties":{"name":"Antrim - Ballymena"}},{"type":"Feature","geometry":{"type":"LineString","coordinates":[[-6.2681,54.7944],[-6.2773,54.7869]]},"properties":{"name":"Antrim - Ballymena"}},{"type":"Feature","geometry":{"type":"LineString","coordinates":[[-6.2773,54.7869],[-6.3042,54.7919]]},"properties":{"name":"Antrim - Ballymena"}},{"type":"Feature","geometry":{"type":"LineString","coordinates":[[-6.3042,54.7919],[-6.3297,54.7885]]},"properties":{"name":"Antrim - Ballymena"}},{"type":"Feature","geometry":{"type":"LineString","coordinates":[[-6.4762,54.7802],[-6.4807,54.7827]]},"properties":{"name":"Antrim - Ballymena"}},{"type":"Feature","geometry":{"type":"LineString","coordinates":[[-6.3886,54.7766],[-6.4664,54.7815]]},"properties":{"name":"Antrim - Ballymena"}},{"type":"Feature","geometry":{"type":"LineString","coordinates":[[-6.4664,54.7815],[-6.4762,54.7802]]},"properties":{"name":"Antrim - Ballymena"}},{"type":"Feature","geometry":{"type":"LineString","coordinates":[[-6.1925,55.0283],[-6.1956,55.0222]]},"properties":{"name":"Ballymena - Ballymoney"}},{"type":"Feature","geometry":{"type":"LineString","coordinates":[[-6.1956,55.0222],[-6.2117,55.0249]]},"properties":{"name":"Ballymena - Ballymoney"}},{"type":"Feature","geometry":{"type":"LineString","coordinates":[[-6.2117,55.0249],[-6.2422,55.0111],[-6.2873,55.0016]]},"properties":{"name":"Ballymena - Ballymoney"}},{"type":"Feature","geometry":{"type":"LineString","coordinates":[[-6.2873,55.0016],[-6.3256,55.003]]},"properties":{"name":"Ballymena - Ballymoney"}},{"type":"Feature","geometry":{"type":"LineString","coordinates":[[-6.3256,55.003],[-6.3317,54.9922],[-6.3275,54.976],[-6.3339,54.9716]]},"properties":{"name":"Ballymena - Ballymoney"}},{"type":"Feature","geometry":{"type":"LineString","coordinates":[[-6.3339,54.9716],[-6.3487,54.9802]]},"properties":{"name":"Ballymena - Ballymoney"}},{"type":"Feature","geometry":{"type":"LineString","coordinates":[[-6.3487,54.9802],[-6.3703,54.9699]]},"properties":{"name":"Ballymena - Ballymoney"}},{"type":"Feature","geometry":{"type":"LineString","coordinates":[[-6.3703,54.9699],[-6.3931,54.9766]]},"properties":{"name":"Ballymena - Ballymoney"}},{"type":"Feature","geometry":{"type":"LineString","coordinates":[[-6.3931,54.9766],[-6.4117,54.965],[-6.4514,54.9605],[-6.4434,54.9472],[-6.4225,54.9388],[-6.4381,54.9305],[-6.4336,54.9108]]},"properties":{"name":"Ballymena - Ballymoney"}},{"type":"Feature","geometry":{"type":"LineString","coordinates":[[-6.4336,54.9108],[-6.46,54.9177]]},"properties":{"name":"Ballymena - Ballymoney"}},{"type":"Feature","geometry":{"type":"LineString","coordinates":[[-6.46,54.9177],[-6.5069,54.916]]},"properties":{"name":"Ballymena - Ballymoney"}},{"type":"Feature","geometry":{"type":"LineString","coordinates":[[-6.5853,54.9216],[-6.542,54.9283],[-6.5361,54.941],[-6.5204,54.9451]]},"properties":{"name":"Coleraine - Magherafelt"}},{"type":"Feature","geometry":{"type":"LineString","coordinates":[[-6.6406,54.9344],[-6.5853,54.9216]]},"properties":{"name":"Coleraine - Magherafelt"}},{"type":"Feature","geometry":{"type":"LineString","coordinates":[[-6.6948,54.916],[-6.6553,54.9233],[-6.6406,54.9344]]},"properties":{"name":"Coleraine - Magherafelt"}},{"type":"Feature","geometry":{"type":"LineString","coordinates":[[-6.7369,54.9288],[-6.7095,54.9266],[-6.6948,54.916]]},"properties":{"name":"Coleraine - Magherafelt"}},{"type":"Feature","geometry":{"type":"LineString","coordinates":[[-6.7703,54.9108],[-6.7369,54.9288]]},"properties":{"name":"Coleraine - Magherafelt"}},{"type":"Feature","geometry":{"type":"LineString","coordinates":[[-6.7811,54.9111],[-6.7703,54.9108]]},"properties":{"name":"Coleraine - Magherafelt"}},{"type":"Feature","geometry":{"type":"LineString","coordinates":[[-6.5153,55.1491],[-6.5175,55.1433],[-6.5436,55.1433],[-6.5728,55.1311],[-6.5786,55.098],[-6.6139,55.0766],[-6.5939,55.0608],[-6.5826,55.0405],[-6.5831,55.0291],[-6.592,55.0202],[-6.582,54.9952],[-6.5514,54.9763],[-6.5525,54.9594],[-6.5467,54.9535],[-6.5204,54.9451]]},"properties":{"name":"Ballymoney - Coleraine"}},{"type":"Feature","geometry":{"type":"LineString","coordinates":[[-5.9983,54.8508],[-6.0284,54.8591],[-6.0389,54.8966],[-6.0272,54.9099],[-6.0236,54.9347],[-6.0853,54.9827],[-6.1019,54.9869]]},"properties":{"name":"Ballymena - Larne"}},{"type":"Feature","geometry":{"type":"LineString","coordinates":[[-6.007,54.7986],[-6.0211,54.8127],[-6.0195,54.8186],[-5.9592,54.8208],[-5.9448,54.8327],[-5.9651,54.8549],[-5.9875,54.8552]]},"properties":{"name":"Ballymena - Larne"}},{"type":"Feature","geometry":{"type":"LineString","coordinates":[[-5.9875,54.8552],[-5.9983,54.8508]]},"properties":{"name":"Ballymena - Larne"}},{"type":"Feature","geometry":{"type":"LineString","coordinates":[[-5.8892,54.7694],[-5.9045,54.7597],[-5.902,54.7489],[-5.8922,54.7427],[-5.9059,54.7122],[-5.8914,54.7075],[-5.8779,54.6823]]},"properties":{"name":"Carrickfergus - Newtownabbey"}},{"type":"Feature","geometry":{"type":"LineString","coordinates":[[-6.0842,54.7919],[-6.0456,54.7744],[-6.0484,54.7546],[-6.0637,54.748],[-6.0564,54.7258],[-6.0397,54.7141],[-6.0517,54.6952],[-6.0514,54.671],[-6.0225,54.6625]]},"properties":{"name":"Newtownabbey - Antrim"}},{"type":"Feature","geometry":{"type":"LineString","coordinates":[[-6.0842,54.7919],[-6.007,54.7986]]},"properties":{"name":"Ballymena - Newtownabbey"}},{"type":"Feature","geometry":{"type":"LineString","coordinates":[[-5.7911,54.7766],[-5.7695,54.7722],[-5.7548,54.7527]]},"properties":{"name":"Larne - Carrickfergus"}},{"type":"Feature","geometry":{"type":"LineString","coordinates":[[-5.8011,54.7724],[-5.7911,54.7766]]},"properties":{"name":"Larne - Carrickfergus"}},{"type":"Feature","geometry":{"type":"LineString","coordinates":[[-5.8236,54.7758],[-5.8011,54.7724]]},"properties":{"name":"Larne - Carrickfergus"}},{"type":"Feature","geometry":{"type":"LineString","coordinates":[[-5.8892,54.7694],[-5.8236,54.7758]]},"properties":{"name":"Larne - Carrickfergus"}},{"type":"Feature","geometry":{"type":"LineString","coordinates":[[-5.7548,54.7527],[-5.7422,54.7638],[-5.6921,54.7705]]},"properties":{"name":"Larne - Carrickfergus"}},{"type":"Feature","geometry":{"type":"LineString","coordinates":[[-5.9903,54.773],[-6.0081,54.7869],[-6.007,54.7986]]},"properties":{"name":"Newtownabbey - Larne"}},{"type":"Feature","geometry":{"type":"LineString","coordinates":[[-5.8892,54.7694],[-5.9036,54.7774]]},"properties":{"name":"Newtownabbey - Larne"}},{"type":"Feature","geometry":{"type":"LineString","coordinates":[[-5.9036,54.7774],[-5.9256,54.7711]]},"properties":{"name":"Newtownabbey - Larne"}},{"type":"Feature","geometry":{"type":"LineString","coordinates":[[-5.9256,54.7711],[-5.9484,54.7755]]},"properties":{"name":"Newtownabbey - Larne"}},{"type":"Feature","geometry":{"type":"LineString","coordinates":[[-5.9484,54.7755],[-5.9598,54.7702]]},"properties":{"name":"Newtownabbey - Larne"}},{"type":"Feature","geometry":{"type":"LineString","coordinates":[[-5.9598,54.7702],[-5.9748,54.7747]]},"properties":{"name":"Newtownabbey - Larne"}},{"type":"Feature","geometry":{"type":"LineString","coordinates":[[-5.9748,54.7747],[-5.9903,54.773]]},"properties":{"name":"Newtownabbey - Larne"}},{"type":"Feature","geometry":{"type":"LineString","coordinates":[[-5.8681,54.4791],[-5.8351,54.4916],[-5.8187,54.4916]]},"properties":{"name":"Castlereagh - Down"}},{"type":"Feature","geometry":{"type":"LineString","coordinates":[[-5.9547,54.5544],[-5.9239,54.5397],[-5.9183,54.5266],[-5.9034,54.5194],[-5.8973,54.5013],[-5.887,54.5002],[-5.8845,54.4905],[-5.8681,54.4791]]},"properties":{"name":"Castlereagh - Lisburn"}},{"type":"Feature","geometry":{"type":"LineString","coordinates":[[-6.9175,54.8158],[-6.9423,54.8277]]},"properties":{"name":"Strabane - Limavady"}},{"type":"Feature","geometry":{"type":"LineString","coordinates":[[-6.9423,54.8277],[-6.9647,54.8233]]},"properties":{"name":"Strabane - Limavady"}},{"type":"Feature","geometry":{"type":"LineString","coordinates":[[-6.9647,54.8233],[-6.992,54.8252]]},"properties":{"name":"Strabane - Limavady"}},{"type":"Feature","geometry":{"type":"LineString","coordinates":[[-6.992,54.8252],[-7.0103,54.8155]]},"properties":{"name":"Strabane - Limavady"}},{"type":"Feature","geometry":{"type":"LineString","coordinates":[[-6.8114,54.8466],[-6.777,54.8652],[-6.7767,54.8883],[-6.7686,54.9013],[-6.7811,54.9111]]},"properties":{"name":"Limavady - Magherafelt"}},{"type":"Feature","geometry":{"type":"LineString","coordinates":[[-6.89,54.8516],[-6.8114,54.8466]]},"properties":{"name":"Limavady - Magherafelt"}},{"type":"Feature","geometry":{"type":"LineString","coordinates":[[-6.9175,54.8158],[-6.889,54.8308],[-6.89,54.8516]]},"properties":{"name":"Limavady - Magherafelt"}},{"type":"Feature","geometry":{"type":"LineString","coordinates":[[-7.1311,54.9833],[-7.1531,55.018],[-7.1742,55.0316],[-7.1499,55.0487]]},"properties":{"name":"Derry - Limavady"}},{"type":"Feature","geometry":{"type":"LineString","coordinates":[[-7.0103,54.8155],[-7.0395,54.8388],[-7.0406,54.8686],[-7.0339,54.8808],[-7.0453,54.8883],[-7.0531,54.9113],[-7.0834,54.9244],[-7.0934,54.941],[-7.0978,54.9647],[-7.087,54.9835],[-7.1142,54.9872]]},"properties":{"name":"Derry - Limavady"}},{"type":"Feature","geometry":{"type":"LineString","coordinates":[[-7.1142,54.9872],[-7.1311,54.9833]]},"properties":{"name":"Derry - Limavady"}},{"type":"Feature","geometry":{"type":"LineString","coordinates":[[-6.7811,54.9111],[-6.7953,54.9569],[-6.8086,54.9688],[-6.8036,54.9786],[-6.7801,54.9908],[-6.8039,54.9991],[-6.8098,55.0085],[-6.807,55.0705],[-6.8214,55.1019],[-6.8623,55.1255],[-6.8409,55.1563],[-6.8384,55.1754]]},"properties":{"name":"Limavady - Coleraine"}},{"type":"Feature","geometry":{"type":"LineString","coordinates":[[-6.4606,55.138],[-6.4778,55.1486],[-6.5153,55.1491]]},"properties":{"name":"Ballymoney - Moyle"}},{"type":"Feature","geometry":{"type":"LineString","coordinates":[[-6.4253,55.126],[-6.4364,55.1424]]},"properties":{"name":"Ballymoney - Moyle"}},{"type":"Feature","geometry":{"type":"LineString","coordinates":[[-6.4364,55.1424],[-6.4606,55.138]]},"properties":{"name":"Ballymoney - Moyle"}},{"type":"Feature","geometry":{"type":"LineString","coordinates":[[-6.3242,55.1041],[-6.3465,55.1088],[-6.3795,55.1377]]},"properties":{"name":"Ballymoney - Moyle"}},{"type":"Feature","geometry":{"type":"LineString","coordinates":[[-6.3795,55.1377],[-6.4253,55.126]]},"properties":{"name":"Ballymoney - Moyle"}},{"type":"Feature","geometry":{"type":"LineString","coordinates":[[-6.1925,55.0283],[-6.2297,55.0686],[-6.2354,55.0888],[-6.2261,55.0983],[-6.2281,55.1205]]},"properties":{"name":"Ballymoney - Moyle"}},{"type":"Feature","geometry":{"type":"LineString","coordinates":[[-6.2281,55.1205],[-6.3242,55.1041]]},"properties":{"name":"Ballymoney - Moyle"}},{"type":"Feature","geometry":{"type":"LineString","coordinates":[[-6.1925,55.0283],[-6.1689,55.0219],[-6.1601,55.0022],[-6.1403,54.9863],[-6.1245,54.9827]]},"properties":{"name":"Moyle - Ballymena"}},{"type":"Feature","geometry":{"type":"LineString","coordinates":[[-6.1245,54.9827],[-6.1019,54.9869]]},"properties":{"name":"Moyle - Ballymena"}},{"type":"Feature","geometry":{"type":"LineString","coordinates":[[-6.5461,55.2252],[-6.5314,55.2116],[-6.5328,55.1983],[-6.5242,55.1886],[-6.5267,55.1652],[-6.5153,55.1491]]},"properties":{"name":"Moyle - Coleraine"}},{"type":"Feature","geometry":{"type":"LineString","coordinates":[[-6.1019,54.9869],[-5.981,55.0557]]},"properties":{"name":"Moyle - Larne"}},{"type":"Feature","geometry":{"type":"LineString","coordinates":[[-5.7159,54.4472],[-5.7317,54.4516],[-5.7381,54.4605],[-5.7909,54.4661],[-5.8187,54.4916]]},"properties":{"name":"Down - Ards"}},{"type":"Feature","geometry":{"type":"LineString","coordinates":[[-5.6391,54.4644],[-5.6459,54.4587]]},"properties":{"name":"Down - Ards"}},{"type":"Feature","geometry":{"type":"LineString","coordinates":[[-5.6459,54.4587],[-5.646,54.4589]]},"properties":{"name":"Down - Ards"}},{"type":"Feature","geometry":{"type":"LineString","coordinates":[[-5.646,54.4589],[-5.7159,54.4472]]},"properties":{"name":"Down - Ards"}},{"type":"Feature","geometry":{"type":"LineString","coordinates":[[-5.757,54.6158],[-5.7609,54.5938],[-5.7548,54.5833],[-5.775,54.5763],[-5.7928,54.5591],[-5.7878,54.5469],[-5.8234,54.5258],[-5.8187,54.4916]]},"properties":{"name":"Ards - Castlereagh"}},{"type":"Feature","geometry":{"type":"LineString","coordinates":[[-5.757,54.6158],[-5.7917,54.6194]]},"properties":{"name":"Castlereagh - North Down"}},{"type":"Feature","geometry":{"type":"LineString","coordinates":[[-5.7917,54.6194],[-5.8078,54.6144]]},"properties":{"name":"Castlereagh - North Down"}},{"type":"Feature","geometry":{"type":"LineString","coordinates":[[-5.565,54.6723],[-5.5789,54.6666],[-5.5773,54.6536],[-5.6047,54.6458],[-5.6161,54.6302],[-5.65,54.6188],[-5.6989,54.6186]]},"properties":{"name":"Ards - North Down"}},{"type":"Feature","geometry":{"type":"LineString","coordinates":[[-5.6989,54.6186],[-5.7289,54.6288]]},"properties":{"name":"Ards - North Down"}},{"type":"Feature","geometry":{"type":"LineString","coordinates":[[-5.7289,54.6288],[-5.757,54.6158]]},"properties":{"name":"Ards - North Down"}},{"type":"Feature","geometry":{"type":"LineString","coordinates":[[-6.0225,54.6625],[-6.0364,54.6544],[-6.0587,54.6527],[-6.0617,54.6494],[-6.0456,54.6297],[-6.0659,54.6227]]},"properties":{"name":"Belfast - Antrim"}},{"type":"Feature","geometry":{"type":"LineString","coordinates":[[-5.9681,54.5402],[-5.98,54.5421],[-5.9881,54.5622],[-6.0317,54.5808],[-6.0428,54.6083],[-6.0659,54.6227]]},"properties":{"name":"Lisburn - Belfast"}},{"type":"Feature","geometry":{"type":"LineString","coordinates":[[-5.9547,54.5544],[-5.9681,54.5402]]},"properties":{"name":"Lisburn - Belfast"}},{"type":"Feature","geometry":{"type":"LineString","coordinates":[[-5.9839,54.663],[-5.9651,54.6469]]},"properties":{"name":"Newtownabbey - Belfast"}},{"type":"Feature","geometry":{"type":"LineString","coordinates":[[-6.0225,54.6625],[-5.9839,54.663]]},"properties":{"name":"Newtownabbey - Belfast"}},{"type":"Feature","geometry":{"type":"LineString","coordinates":[[-5.9406,54.6597],[-5.9143,54.6468]]},"properties":{"name":"Newtownabbey - Belfast"}},{"type":"Feature","geometry":{"type":"LineString","coordinates":[[-5.9651,54.6469],[-5.9406,54.6597]]},"properties":{"name":"Newtownabbey - Belfast"}},{"type":"Feature","geometry":{"type":"LineString","coordinates":[[-5.8161,54.593],[-5.8078,54.6144]]},"properties":{"name":"Belfast - Castlereagh"}},{"type":"Feature","geometry":{"type":"LineString","coordinates":[[-5.8378,54.5938],[-5.8161,54.593]]},"properties":{"name":"Belfast - Castlereagh"}},{"type":"Feature","geometry":{"type":"LineString","coordinates":[[-5.9547,54.5544],[-5.8948,54.5821],[-5.8378,54.5938]]},"properties":{"name":"Belfast - Castlereagh"}},{"type":"Feature","geometry":{"type":"LineString","coordinates":[[-5.8697,54.6227],[-5.8705,54.6228]]},"properties":{"name":"Belfast - North Down"}},{"type":"Feature","geometry":{"type":"LineString","coordinates":[[-5.8078,54.6144],[-5.8697,54.6228]]},"properties":{"name":"Belfast - North Down"}},{"type":"Feature","geometry":{"type":"LineString","coordinates":[[-5.8697,54.6228],[-5.8697,54.6227]]},"properties":{"name":"Belfast - North Down"}},{"type":"Feature","geometry":{"type":"LineString","coordinates":[[-0.1317,51.4177],[-0.1541,51.4188],[-0.1877,51.4363]]},"properties":{"name":"Merton - Wandsworth"}},{"type":"Feature","geometry":{"type":"LineString","coordinates":[[-0.1877,51.4363],[-0.2443,51.4325]]},"properties":{"name":"Merton - Wandsworth"}},{"type":"Feature","geometry":{"type":"LineString","coordinates":[[-0.1279,51.4921],[-0.1429,51.4837]]},"properties":{"name":"Wandsworth - Westminster"}},{"type":"Feature","geometry":{"type":"LineString","coordinates":[[-0.2111,51.522],[-0.1958,51.52],[-0.1606,51.4913]]},"properties":{"name":"Westminster - Kensington and Chelsea"}},{"type":"Feature","geometry":{"type":"LineString","coordinates":[[-0.1498,51.4937],[-0.1429,51.4837]]},"properties":{"name":"Westminster - Kensington and Chelsea"}},{"type":"Feature","geometry":{"type":"LineString","coordinates":[[-0.1606,51.4913],[-0.1498,51.4937]]},"properties":{"name":"Westminster - Kensington and Chelsea"}},{"type":"Feature","geometry":{"type":"LineString","coordinates":[[-0.1429,51.4837],[-0.1712,51.4726]]},"properties":{"name":"Wandsworth - Kensington and Chelsea"}},{"type":"Feature","geometry":{"type":"LineString","coordinates":[[-0.2709,51.4963],[-0.2528,51.4925]]},"properties":{"name":"Ealing - Hounslow"}},{"type":"Feature","geometry":{"type":"LineString","coordinates":[[-0.3009,51.4895],[-0.2709,51.4963]]},"properties":{"name":"Ealing - Hounslow"}},{"type":"Feature","geometry":{"type":"LineString","coordinates":[[-0.2528,51.4925],[-0.2445,51.4944]]},"properties":{"name":"Ealing - Hounslow"}},{"type":"Feature","geometry":{"type":"LineString","coordinates":[[-0.3927,51.4936],[-0.3654,51.4883]]},"properties":{"name":"Ealing - Hounslow"}},{"type":"Feature","geometry":{"type":"LineString","coordinates":[[-0.3392,51.4927],[-0.3009,51.4895]]},"properties":{"name":"Ealing - Hounslow"}},{"type":"Feature","geometry":{"type":"LineString","coordinates":[[-0.3654,51.4883],[-0.3392,51.4927]]},"properties":{"name":"Ealing - Hounslow"}},{"type":"Feature","geometry":{"type":"LineString","coordinates":[[-0.1983,51.4674],[-0.2127,51.4729]]},"properties":{"name":"Wandsworth - Hammersmith and Fulham"}},{"type":"Feature","geometry":{"type":"LineString","coordinates":[[-0.1712,51.4726],[-0.1983,51.4674]]},"properties":{"name":"Wandsworth - Hammersmith and Fulham"}},{"type":"Feature","geometry":{"type":"LineString","coordinates":[[-0.2366,51.5265],[-0.2355,51.5098],[-0.2445,51.4944]]},"properties":{"name":"Hammersmith and Fulham - Ealing"}},{"type":"Feature","geometry":{"type":"LineString","coordinates":[[-0.2111,51.522],[-0.2163,51.5138],[-0.2039,51.5063],[-0.2023,51.4938],[-0.1712,51.4726]]},"properties":{"name":"Kensington and Chelsea - Hammersmith and Fulham"}},{"type":"Feature","geometry":{"type":"LineString","coordinates":[[-0.2367,51.4872],[-0.2445,51.4944]]},"properties":{"name":"Hounslow - Hammersmith and Fulham"}},{"type":"Feature","geometry":{"type":"LineString","coordinates":[[-1.432,54.4811],[-1.4187,54.4927],[-1.412,54.5124],[-1.4345,54.535],[-1.4248,54.5549],[-1.4011,54.5644],[-1.3984,54.5719],[-1.397,54.5847],[-1.4126,54.6]]},"properties":{"name":"Darlington - Stockton-on-Tees"}},{"type":"Feature","geometry":{"type":"LineString","coordinates":[[-1.2187,54.5754],[-1.232,54.5775]]},"properties":{"name":"Middlesbrough - Stockton-on-Tees"}},{"type":"Feature","geometry":{"type":"LineString","coordinates":[[-1.232,54.5775],[-1.2595,54.5775],[-1.2691,54.572],[-1.2978,54.5309],[-1.2999,54.5151],[-1.2923,54.5021],[-1.2508,54.4866]]},"properties":{"name":"Middlesbrough - Stockton-on-Tees"}},{"type":"Feature","geometry":{"type":"LineString","coordinates":[[-0.2127,51.4729],[-0.2226,51.462],[-0.2438,51.4595],[-0.2443,51.4325]]},"properties":{"name":"Wandsworth - Richmond upon Thames"}},{"type":"Feature","geometry":{"type":"LineString","coordinates":[[-0.2367,51.4872],[-0.2597,51.4757],[-0.3102,51.4726],[-0.3232,51.4647],[-0.316,51.4556],[-0.368,51.4494],[-0.3763,51.4398],[-0.3559,51.4353],[-0.3844,51.4137]]},"properties":{"name":"Richmond upon Thames - Hounslow"}},{"type":"Feature","geometry":{"type":"LineString","coordinates":[[-0.2127,51.4729],[-0.2365,51.4872]]},"properties":{"name":"Richmond upon Thames - Hammersmith and Fulham"}},{"type":"Feature","geometry":{"type":"LineString","coordinates":[[-0.2365,51.4872],[-0.2367,51.4872]]},"properties":{"name":"Richmond upon Thames - Hammersmith and Fulham"}},{"type":"Feature","geometry":{"type":"LineString","coordinates":[[-0.072,51.516],[-0.0669,51.5079]]},"properties":{"name":"Tower Hamlets - City"}},{"type":"Feature","geometry":{"type":"LineString","coordinates":[[-1.5484,54.5715],[-1.4832,54.5725],[-1.4501,54.5795],[-1.4126,54.6]]},"properties":{"name":"Durham - Darlington"}},{"type":"Feature","geometry":{"type":"LineString","coordinates":[[-1.6287,54.5956],[-1.5965,54.5876],[-1.5725,54.5725],[-1.5484,54.5715]]},"properties":{"name":"Durham - Darlington"}},{"type":"Feature","geometry":{"type":"LineString","coordinates":[[-1.6818,54.5311],[-1.6808,54.5785],[-1.6728,54.5916],[-1.6287,54.5956]]},"properties":{"name":"Durham - Darlington"}},{"type":"Feature","geometry":{"type":"LineString","coordinates":[[-1.4126,54.6],[-1.4137,54.6061],[-1.3885,54.6267]]},"properties":{"name":"Durham - Stockton-on-Tees"}},{"type":"Feature","geometry":{"type":"LineString","coordinates":[[-1.5773,54.886],[-1.56,54.8796],[-1.5524,54.8578],[-1.5232,54.8317],[-1.5156,54.8042],[-1.4742,54.797]]},"properties":{"name":"Sunderland - Durham"}},{"type":"Feature","geometry":{"type":"LineString","coordinates":[[-1.4742,54.797],[-1.4113,54.8013],[-1.4021,54.8114],[-1.4036,54.8346],[-1.3899,54.8607],[-1.3408,54.8727]]},"properties":{"name":"Sunderland - Durham"}},{"type":"Feature","geometry":{"type":"LineString","coordinates":[[-1.8201,54.9047],[-1.7012,54.8941]]},"properties":{"name":"Gateshead - Durham"}},{"type":"Feature","geometry":{"type":"LineString","coordinates":[[-1.649,54.8956],[-1.5953,54.8926],[-1.5773,54.886]]},"properties":{"name":"Gateshead - Durham"}},{"type":"Feature","geometry":{"type":"LineString","coordinates":[[-1.7012,54.8941],[-1.649,54.8956]]},"properties":{"name":"Gateshead - Durham"}},{"type":"Feature","geometry":{"type":"LineString","coordinates":[[-1.2117,54.6066],[-1.3187,54.6116],[-1.3885,54.6267]]},"properties":{"name":"Stockton-on-Tees - Hartlepool"}},{"type":"Feature","geometry":{"type":"LineString","coordinates":[[-1.3885,54.6267],[-1.3795,54.6388],[-1.3337,54.6474],[-1.3259,54.6822],[-1.305,54.6933],[-1.2942,54.7113],[-1.2453,54.7254]]},"properties":{"name":"Durham - Hartlepool"}},{"type":"Feature","geometry":{"type":"LineString","coordinates":[[-1.2187,54.5754],[-1.2176,54.5535],[-1.2101,54.5398],[-1.1795,54.5038]]},"properties":{"name":"Redcar and Cleveland - Middlesbrough"}},{"type":"Feature","geometry":{"type":"LineString","coordinates":[[-1.2117,54.6066],[-1.2187,54.5754]]},"properties":{"name":"Redcar and Cleveland - Stockton-on-Tees"}},{"type":"Feature","geometry":{"type":"LineString","coordinates":[[-1.2094,54.6066],[-1.1926,54.62]]},"properties":{"name":"Hartlepool - Redcar and Cleveland"}},{"type":"Feature","geometry":{"type":"LineString","coordinates":[[-1.2117,54.6066],[-1.2094,54.6066]]},"properties":{"name":"Hartlepool - Redcar and Cleveland"}},{"type":"Feature","geometry":{"type":"LineString","coordinates":[[-1.8201,54.9047],[-1.8217,54.8938],[-1.8667,54.8483],[-1.9042,54.8341]]},"properties":{"name":"Durham - Northumberland"}},{"type":"Feature","geometry":{"type":"LineString","coordinates":[[-1.9042,54.8341],[-1.914,54.8352],[-1.9203,54.8449],[-1.9931,54.8647]]},"properties":{"name":"Durham - Northumberland"}},{"type":"Feature","geometry":{"type":"LineString","coordinates":[[-1.9931,54.8647],[-2.0822,54.8305]]},"properties":{"name":"Durham - Northumberland"}},{"type":"Feature","geometry":{"type":"LineString","coordinates":[[-2.0822,54.8305],[-2.1297,54.8369]]},"properties":{"name":"Durham - Northumberland"}},{"type":"Feature","geometry":{"type":"LineString","coordinates":[[-2.1297,54.8369],[-2.1331,54.8219],[-2.1603,54.8035]]},"properties":{"name":"Durham - Northumberland"}},{"type":"Feature","geometry":{"type":"LineString","coordinates":[[-2.1603,54.8035],[-2.1761,54.8052]]},"properties":{"name":"Durham - Northumberland"}},{"type":"Feature","geometry":{"type":"LineString","coordinates":[[-2.1761,54.8052],[-2.1914,54.8002],[-2.2114,54.7786]]},"properties":{"name":"Durham - Northumberland"}},{"type":"Feature","geometry":{"type":"LineString","coordinates":[[-2.2114,54.7786],[-2.2725,54.7922]]},"properties":{"name":"Durham - Northumberland"}},{"type":"Feature","geometry":{"type":"LineString","coordinates":[[-2.2725,54.7922],[-2.305,54.7832]]},"properties":{"name":"Durham - Northumberland"}},{"type":"Feature","geometry":{"type":"LineString","coordinates":[[-1.6889,55.0721],[-1.6493,55.0677]]},"properties":{"name":"Northumberland - Newcastle upon Tyne"}},{"type":"Feature","geometry":{"type":"LineString","coordinates":[[-1.7495,55.0027],[-1.7284,55.028],[-1.6803,55.0413],[-1.68,55.0488],[-1.7,55.0563],[-1.6889,55.0721]]},"properties":{"name":"Northumberland - Newcastle upon Tyne"}},{"type":"Feature","geometry":{"type":"LineString","coordinates":[[-1.5142,55.048],[-1.4937,55.0491],[-1.4556,55.0697]]},"properties":{"name":"Northumberland - North Tyneside"}},{"type":"Feature","geometry":{"type":"LineString","coordinates":[[-1.6493,55.0677],[-1.5142,55.048]]},"properties":{"name":"Northumberland - North Tyneside"}},{"type":"Feature","geometry":{"type":"LineString","coordinates":[[-1.8201,54.9047],[-1.8489,54.9125],[-1.8506,54.9197],[-1.8217,54.9294],[-1.8001,54.9722],[-1.7667,54.9844],[-1.7645,54.9972],[-1.7495,55.0027]]},"properties":{"name":"Northumberland - Gateshead"}},{"type":"Feature","geometry":{"type":"LineString","coordinates":[[-1.63,54.5083],[-1.6423,54.5233],[-1.6818,54.5311]]},"properties":{"name":"North Yorkshire - Darlington"}},{"type":"Feature","geometry":{"type":"LineString","coordinates":[[-1.5325,54.4652],[-1.5778,54.4896],[-1.5909,54.5086],[-1.6003,54.5124]]},"properties":{"name":"North Yorkshire - Darlington"}},{"type":"Feature","geometry":{"type":"LineString","coordinates":[[-1.6003,54.5124],[-1.63,54.5083]]},"properties":{"name":"North Yorkshire - Darlington"}},{"type":"Feature","geometry":{"type":"LineString","coordinates":[[-1.432,54.4811],[-1.447,54.4977],[-1.4595,54.4985]]},"properties":{"name":"North Yorkshire - Darlington"}},{"type":"Feature","geometry":{"type":"LineString","coordinates":[[-1.4595,54.4985],[-1.467,54.4941],[-1.4667,54.4827],[-1.4461,54.451],[-1.4603,54.4416]]},"properties":{"name":"North Yorkshire - Darlington"}},{"type":"Feature","geometry":{"type":"LineString","coordinates":[[-1.4603,54.4416],[-1.4723,54.448],[-1.495,54.4788],[-1.5256,54.4808]]},"properties":{"name":"North Yorkshire - Darlington"}},{"type":"Feature","geometry":{"type":"LineString","coordinates":[[-1.5256,54.4808],[-1.5203,54.4666],[-1.5325,54.4652]]},"properties":{"name":"North Yorkshire - Darlington"}},{"type":"Feature","geometry":{"type":"LineString","coordinates":[[-1.2017,54.5058],[-1.1795,54.5038]]},"properties":{"name":"Middlesbrough - North Yorkshire"}},{"type":"Feature","geometry":{"type":"LineString","coordinates":[[-1.2508,54.4866],[-1.235,54.4997],[-1.2017,54.5058]]},"properties":{"name":"Middlesbrough - North Yorkshire"}},{"type":"Feature","geometry":{"type":"LineString","coordinates":[[-1.049,54.0403],[-1.0266,54.0389],[-1.007,54.0278],[-1.0042,53.99],[-0.9875,53.9747],[-0.954,53.9718]]},"properties":{"name":"North Yorkshire - York"}},{"type":"Feature","geometry":{"type":"LineString","coordinates":[[-1.0811,53.8573],[-1.1412,53.8601],[-1.1775,53.8769],[-1.218,53.9146],[-1.2348,53.9453],[-1.232,53.9691],[-1.1775,53.9803],[-1.1468,54.0278],[-1.0923,54.0403],[-1.049,54.0403]]},"properties":{"name":"North Yorkshire - York"}},{"type":"Feature","geometry":{"type":"LineString","coordinates":[[-0.954,53.9718],[-0.928,53.9718]]},"properties":{"name":"North Yorkshire - York"}},{"type":"Feature","geometry":{"type":"LineString","coordinates":[[-0.9405,53.868],[-0.9693,53.8713]]},"properties":{"name":"North Yorkshire - York"}},{"type":"Feature","geometry":{"type":"LineString","coordinates":[[-0.9693,53.8713],[-1.0252,53.8573],[-1.0811,53.8573]]},"properties":{"name":"North Yorkshire - York"}},{"type":"Feature","geometry":{"type":"LineString","coordinates":[[-1.3821,54.4935],[-1.3697,54.4888],[-1.362,54.4675]]},"properties":{"name":"Stockton-on-Tees - North Yorkshire"}},{"type":"Feature","geometry":{"type":"LineString","coordinates":[[-1.3881,54.4888],[-1.3821,54.4935]]},"properties":{"name":"Stockton-on-Tees - North Yorkshire"}},{"type":"Feature","geometry":{"type":"LineString","coordinates":[[-1.4084,54.4924],[-1.3881,54.4888]]},"properties":{"name":"Stockton-on-Tees - North Yorkshire"}},{"type":"Feature","geometry":{"type":"LineString","coordinates":[[-1.4167,54.4777],[-1.4084,54.4924]]},"properties":{"name":"Stockton-on-Tees - North Yorkshire"}},{"type":"Feature","geometry":{"type":"LineString","coordinates":[[-1.3267,54.4622],[-1.2508,54.4866]]},"properties":{"name":"Stockton-on-Tees - North Yorkshire"}},{"type":"Feature","geometry":{"type":"LineString","coordinates":[[-1.432,54.4811],[-1.4167,54.4777]]},"properties":{"name":"Stockton-on-Tees - North Yorkshire"}},{"type":"Feature","geometry":{"type":"LineString","coordinates":[[-1.3334,54.4675],[-1.3267,54.4622]]},"properties":{"name":"Stockton-on-Tees - North Yorkshire"}},{"type":"Feature","geometry":{"type":"LineString","coordinates":[[-1.362,54.4675],[-1.3334,54.4675]]},"properties":{"name":"Stockton-on-Tees - North Yorkshire"}},{"type":"Feature","geometry":{"type":"LineString","coordinates":[[-1.7136,54.5316],[-1.6818,54.5311]]},"properties":{"name":"Durham - North Yorkshire"}},{"type":"Feature","geometry":{"type":"LineString","coordinates":[[-1.7248,54.5249],[-1.7136,54.5316]]},"properties":{"name":"Durham - North Yorkshire"}},{"type":"Feature","geometry":{"type":"LineString","coordinates":[[-1.7489,54.5305],[-1.7248,54.5249]]},"properties":{"name":"Durham - North Yorkshire"}},{"type":"Feature","geometry":{"type":"LineString","coordinates":[[-1.7873,54.4816],[-1.7673,54.5138],[-1.767,54.5286],[-1.7489,54.5305]]},"properties":{"name":"Durham - North Yorkshire"}},{"type":"Feature","geometry":{"type":"LineString","coordinates":[[-1.8359,54.5044],[-1.7873,54.4816]]},"properties":{"name":"Durham - North Yorkshire"}},{"type":"Feature","geometry":{"type":"LineString","coordinates":[[-1.9562,54.4544],[-1.9306,54.4547],[-1.8509,54.4805],[-1.8498,54.4933],[-1.8359,54.5044]]},"properties":{"name":"Durham - North Yorkshire"}},{"type":"Feature","geometry":{"type":"LineString","coordinates":[[-2.0456,54.4797],[-1.9562,54.4544]]},"properties":{"name":"Durham - North Yorkshire"}},{"type":"Feature","geometry":{"type":"LineString","coordinates":[[-2.1389,54.4496],[-2.0998,54.468],[-2.0456,54.4797]]},"properties":{"name":"Durham - North Yorkshire"}},{"type":"Feature","geometry":{"type":"LineString","coordinates":[[-2.1552,54.4556],[-2.1389,54.4496]]},"properties":{"name":"Durham - North Yorkshire"}},{"type":"Feature","geometry":{"type":"LineString","coordinates":[[-0.8383,54.4872],[-0.8378,54.5158],[-0.8295,54.53],[-0.7884,54.5472],[-0.7788,54.5574]]},"properties":{"name":"Redcar and Cleveland - North Yorkshire"}},{"type":"Feature","geometry":{"type":"LineString","coordinates":[[-1.0745,54.5049],[-1.0292,54.4924]]},"properties":{"name":"Redcar and Cleveland - North Yorkshire"}},{"type":"Feature","geometry":{"type":"LineString","coordinates":[[-1.1142,54.498],[-1.0745,54.5049]]},"properties":{"name":"Redcar and Cleveland - North Yorkshire"}},{"type":"Feature","geometry":{"type":"LineString","coordinates":[[-1.1795,54.5038],[-1.1142,54.498]]},"properties":{"name":"Redcar and Cleveland - North Yorkshire"}},{"type":"Feature","geometry":{"type":"LineString","coordinates":[[-0.9761,54.4999],[-0.9325,54.4866]]},"properties":{"name":"Redcar and Cleveland - North Yorkshire"}},{"type":"Feature","geometry":{"type":"LineString","coordinates":[[-1.0292,54.4924],[-0.9761,54.4999]]},"properties":{"name":"Redcar and Cleveland - North Yorkshire"}},{"type":"Feature","geometry":{"type":"LineString","coordinates":[[-0.8808,54.4958],[-0.8383,54.4872]]},"properties":{"name":"Redcar and Cleveland - North Yorkshire"}},{"type":"Feature","geometry":{"type":"LineString","coordinates":[[-0.9325,54.4866],[-0.8808,54.4958]]},"properties":{"name":"Redcar and Cleveland - North Yorkshire"}},{"type":"Feature","geometry":{"type":"LineString","coordinates":[[-2.1552,54.4556],[-2.1503,54.473],[-2.1581,54.4855],[-2.1631,54.528],[-2.1917,54.5313],[-2.2095,54.5522],[-2.2853,54.588],[-2.3056,54.6277],[-2.2862,54.6402],[-2.2806,54.6577],[-2.3448,54.6822],[-2.3539,54.6908],[-2.3272,54.7274],[-2.305,54.7832]]},"properties":{"name":"Cumbria - Durham"}},{"type":"Feature","geometry":{"type":"LineString","coordinates":[[-2.685,55.1908],[-2.6409,55.1321],[-2.5978,55.1236],[-2.5875,55.103],[-2.5551,55.0894],[-2.5473,55.0799]]},"properties":{"name":"Northumberland - Cumbria"}},{"type":"Feature","geometry":{"type":"LineString","coordinates":[[-2.5053,55.0869],[-2.4853,55.0794],[-2.4959,55.0719],[-2.4948,55.058],[-2.482,55.0391],[-2.567,55.0058],[-2.5678,54.986],[-2.592,54.9666],[-2.565,54.9577],[-2.5573,54.9374],[-2.5417,54.923],[-2.5595,54.9158],[-2.5703,54.893],[-2.5936,54.8827],[-2.5664,54.8583],[-2.5634,54.8469],[-2.5703,54.8363],[-2.5636,54.8236],[-2.5336,54.808],[-2.5,54.8052]]},"properties":{"name":"Northumberland - Cumbria"}},{"type":"Feature","geometry":{"type":"LineString","coordinates":[[-2.5473,55.0799],[-2.5053,55.0869]]},"properties":{"name":"Northumberland - Cumbria"}},{"type":"Feature","geometry":{"type":"LineString","coordinates":[[-2.4,54.8472],[-2.362,54.8108],[-2.305,54.7832]]},"properties":{"name":"Northumberland - Cumbria"}},{"type":"Feature","geometry":{"type":"LineString","coordinates":[[-2.5,54.8052],[-2.4,54.8472]]},"properties":{"name":"Northumberland - Cumbria"}},{"type":"Feature","geometry":{"type":"LineString","coordinates":[[-2.1684,54.4597],[-2.1552,54.4556]]},"properties":{"name":"Cumbria - North Yorkshire"}},{"type":"Feature","geometry":{"type":"LineString","coordinates":[[-2.1942,54.4466],[-2.1684,54.4597]]},"properties":{"name":"Cumbria - North Yorkshire"}},{"type":"Feature","geometry":{"type":"LineString","coordinates":[[-2.2447,54.448],[-2.1942,54.4466]]},"properties":{"name":"Cumbria - North Yorkshire"}},{"type":"Feature","geometry":{"type":"LineString","coordinates":[[-2.3295,54.2408],[-2.3039,54.2486],[-2.3003,54.2652],[-2.3114,54.2813],[-2.3056,54.2924],[-2.3061,54.3205],[-2.3472,54.3502],[-2.2834,54.3827],[-2.2956,54.4177],[-2.2767,54.4355],[-2.2447,54.448]]},"properties":{"name":"Cumbria - North Yorkshire"}},{"type":"Feature","geometry":{"type":"LineString","coordinates":[[-2.3525,54.2505],[-2.3295,54.2408]]},"properties":{"name":"Cumbria - North Yorkshire"}},{"type":"Feature","geometry":{"type":"LineString","coordinates":[[-2.4006,54.2283],[-2.3828,54.2416],[-2.3525,54.2505]]},"properties":{"name":"Cumbria - North Yorkshire"}},{"type":"Feature","geometry":{"type":"LineString","coordinates":[[-2.4475,54.2302],[-2.4006,54.2283]]},"properties":{"name":"Cumbria - North Yorkshire"}},{"type":"Feature","geometry":{"type":"LineString","coordinates":[[-2.6806,53.3788],[-2.7411,53.3883]]},"properties":{"name":"Halton - Merseyside"}},{"type":"Feature","geometry":{"type":"LineString","coordinates":[[-2.7411,53.3883],[-2.7547,53.3781]]},"properties":{"name":"Halton - Merseyside"}},{"type":"Feature","geometry":{"type":"LineString","coordinates":[[-0.9405,53.868],[-0.94,53.8919],[-0.9209,53.9438],[-0.928,53.9718]]},"properties":{"name":"York - East Riding of Yorkshire"}},{"type":"Feature","geometry":{"type":"LineString","coordinates":[[-0.928,53.9718],[-0.9181,53.9869],[-0.8893,54.0071],[-0.7339,54.0222],[-0.702,54.0083],[-0.6684,54.0071],[-0.6656,54.0249],[-0.6409,54.0322],[-0.6412,54.0588],[-0.6042,54.0677],[-0.5709,54.0847],[-0.5133,54.0833],[-0.4467,54.1072],[-0.4417,54.1141],[-0.4486,54.1235],[-0.4203,54.1386],[-0.4159,54.1627],[-0.3981,54.1699],[-0.3739,54.1655],[-0.355,54.1494],[-0.3119,54.1447],[-0.2945,54.136],[-0.2228,54.133],[-0.1999,54.1525]]},"properties":{"name":"North Yorkshire - East Riding of Yorkshire"}},{"type":"Feature","geometry":{"type":"LineString","coordinates":[[-1.0206,53.6947],[-0.9256,53.7227],[-0.9637,53.743],[-0.9342,53.7683],[-0.9312,53.7897],[-0.9203,53.8077],[-0.9411,53.8355],[-0.9405,53.868]]},"properties":{"name":"North Yorkshire - East Riding of Yorkshire"}},{"type":"Feature","geometry":{"type":"LineString","coordinates":[[-1.0939,53.7136],[-1.0206,53.6947]]},"properties":{"name":"North Yorkshire - East Riding of Yorkshire"}},{"type":"Feature","geometry":{"type":"LineString","coordinates":[[-1.0739,53.6477],[-1.1097,53.6755],[-1.095,53.6935],[-1.0939,53.7136]]},"properties":{"name":"North Yorkshire - East Riding of Yorkshire"}},{"type":"Feature","geometry":{"type":"LineString","coordinates":[[-3.0667,53.3055],[-3.0253,53.2935]]},"properties":{"name":"Halton - Cheshire West and Chester"}},{"type":"Feature","geometry":{"type":"LineString","coordinates":[[-3.0959,53.2871],[-3.0667,53.3055]]},"properties":{"name":"Halton - Cheshire West and Chester"}},{"type":"Feature","geometry":{"type":"LineString","coordinates":[[-2.945,53.2894],[-2.9264,53.3048]]},"properties":{"name":"Halton - Cheshire West and Chester"}},{"type":"Feature","geometry":{"type":"LineString","coordinates":[[-2.9745,53.2966],[-2.945,53.2894]]},"properties":{"name":"Halton - Cheshire West and Chester"}},{"type":"Feature","geometry":{"type":"LineString","coordinates":[[-3.0253,53.2935],[-2.9745,53.2966]]},"properties":{"name":"Halton - Cheshire West and Chester"}},{"type":"Feature","geometry":{"type":"LineString","coordinates":[[-2.4475,54.2302],[-2.4534,54.2172],[-2.5189,54.1602],[-2.5476,54.1511],[-2.5514,54.1283],[-2.545,54.1135],[-2.5192,54.0972],[-2.4678,54.0797],[-2.4595,54.0716],[-2.4583,54.0472],[-2.4486,54.0399],[-2.427,54.038]]},"properties":{"name":"North Yorkshire - Lancashire"}},{"type":"Feature","geometry":{"type":"LineString","coordinates":[[-2.3806,54.0455],[-2.3489,54.0369],[-2.3458,54.0219],[-2.337,54.018],[-2.3475,54.0022],[-2.3351,53.991],[-2.3,53.9891],[-2.2872,53.9711],[-2.2742,53.9699]]},"properties":{"name":"North Yorkshire - Lancashire"}},{"type":"Feature","geometry":{"type":"LineString","coordinates":[[-2.427,54.038],[-2.3806,54.0455]]},"properties":{"name":"North Yorkshire - Lancashire"}},{"type":"Feature","geometry":{"type":"LineString","coordinates":[[-2.2275,53.9827],[-2.2284,53.9727],[-2.2222,53.968],[-2.1906,53.9657],[-2.1786,53.9546],[-2.1742,53.936],[-2.105,53.9146],[-2.0975,53.8885],[-2.0661,53.8627],[-2.0326,53.8476]]},"properties":{"name":"North Yorkshire - Lancashire"}},{"type":"Feature","geometry":{"type":"LineString","coordinates":[[-2.2742,53.9699],[-2.2275,53.9827]]},"properties":{"name":"North Yorkshire - Lancashire"}},{"type":"Feature","geometry":{"type":"LineString","coordinates":[[-2.4475,54.2302],[-2.4578,54.2383]]},"properties":{"name":"Lancashire - Cumbria"}},{"type":"Feature","geometry":{"type":"LineString","coordinates":[[-2.4578,54.2383],[-2.5767,54.1961]]},"properties":{"name":"Lancashire - Cumbria"}},{"type":"Feature","geometry":{"type":"LineString","coordinates":[[-2.5767,54.1961],[-2.6281,54.1991]]},"properties":{"name":"Lancashire - Cumbria"}},{"type":"Feature","geometry":{"type":"LineString","coordinates":[[-2.6281,54.1991],[-2.6711,54.1586]]},"properties":{"name":"Lancashire - Cumbria"}},{"type":"Feature","geometry":{"type":"LineString","coordinates":[[-2.6711,54.1586],[-2.7092,54.1644],[-2.7331,54.183],[-2.7923,54.1908]]},"properties":{"name":"Lancashire - Cumbria"}},{"type":"Feature","geometry":{"type":"LineString","coordinates":[[-2.7923,54.1908],[-2.8114,54.1735],[-2.8364,54.1676]]},"properties":{"name":"Lancashire - Cumbria"}},{"type":"Feature","geometry":{"type":"LineString","coordinates":[[-0.1481,51.6891],[-0.0113,51.6772]]},"properties":{"name":"Hertfordshire - Enfield"}},{"type":"Feature","geometry":{"type":"LineString","coordinates":[[-0.1654,51.6713],[-0.1481,51.6891]]},"properties":{"name":"Hertfordshire - Enfield"}},{"type":"Feature","geometry":{"type":"LineString","coordinates":[[-0.2384,51.6722],[-0.2175,51.6541]]},"properties":{"name":"Hertfordshire - Barnet"}},{"type":"Feature","geometry":{"type":"LineString","coordinates":[[-0.2936,51.6383],[-0.2542,51.6441],[-0.2384,51.6722]]},"properties":{"name":"Hertfordshire - Barnet"}},{"type":"Feature","geometry":{"type":"LineString","coordinates":[[-0.2175,51.6541],[-0.1654,51.6713]]},"properties":{"name":"Hertfordshire - Barnet"}},{"type":"Feature","geometry":{"type":"LineString","coordinates":[[-0.03,51.6011],[-0.0296,51.6127],[-0.0174,51.621],[-0.0026,51.6466]]},"properties":{"name":"Enfield - Waltham Forest"}},{"type":"Feature","geometry":{"type":"LineString","coordinates":[[0.1485,51.6174],[0.1524,51.5989]]},"properties":{"name":"Havering - Redbridge"}},{"type":"Feature","geometry":{"type":"LineString","coordinates":[[0.0276,51.6265],[0.0181,51.6187],[0.0252,51.6084],[0.0203,51.5852],[0.0239,51.5543]]},"properties":{"name":"Redbridge - Waltham Forest"}},{"type":"Feature","geometry":{"type":"LineString","coordinates":[[-0.3603,53.7898],[-0.3229,53.7774],[-0.2991,53.7513],[-0.2956,53.7388]]},"properties":{"name":"East Riding of Yorkshire - Kingston upon Hull"}},{"type":"Feature","geometry":{"type":"LineString","coordinates":[[-0.4497,53.7143],[-0.4442,53.749],[-0.4261,53.774],[-0.3864,53.7887],[-0.3603,53.7898]]},"properties":{"name":"East Riding of Yorkshire - Kingston upon Hull"}},{"type":"Feature","geometry":{"type":"LineString","coordinates":[[-0.6992,53.6912],[-0.7003,53.6881]]},"properties":{"name":"North Lincolnshire - East Riding of Yorkshire"}},{"type":"Feature","geometry":{"type":"LineString","coordinates":[[-0.7003,53.6881],[-0.703,53.6889]]},"properties":{"name":"North Lincolnshire - East Riding of Yorkshire"}},{"type":"Feature","geometry":{"type":"LineString","coordinates":[[-0.703,53.6889],[-0.8441,53.6138],[-0.8607,53.6124]]},"properties":{"name":"North Lincolnshire - East Riding of Yorkshire"}},{"type":"Feature","geometry":{"type":"LineString","coordinates":[[-0.2821,53.6063],[-0.2748,53.6167],[-0.1981,53.6297]]},"properties":{"name":"North Lincolnshire - North East Lincolnshire"}},{"type":"Feature","geometry":{"type":"LineString","coordinates":[[-0.1461,52.0697],[-0.1337,52.0658],[-0.1356,52.0435],[-0.1187,52.035],[-0.1173,52.0239],[-0.1092,52.0194]]},"properties":{"name":"Cambridgeshire - Hertfordshire"}},{"type":"Feature","geometry":{"type":"LineString","coordinates":[[-0.0114,52.0516],[0.0514,52.0433],[0.0805,52.0024]]},"properties":{"name":"Cambridgeshire - Hertfordshire"}},{"type":"Feature","geometry":{"type":"LineString","coordinates":[[-0.1092,52.0194],[-0.0295,52.0399],[-0.0114,52.0516]]},"properties":{"name":"Cambridgeshire - Hertfordshire"}},{"type":"Feature","geometry":{"type":"LineString","coordinates":[[-0.2821,53.6063],[-0.2375,53.5896],[-0.2086,53.5661],[-0.1708,53.5647],[-0.1703,53.5575],[-0.1978,53.5355],[-0.1842,53.5013],[-0.1906,53.4774],[-0.1423,53.4508],[-0.137,53.441],[-0.1136,53.4269]]},"properties":{"name":"North East Lincolnshire - Lincolnshire"}},{"type":"Feature","geometry":{"type":"LineString","coordinates":[[-0.0239,53.513],[0.0218,53.5247]]},"properties":{"name":"North East Lincolnshire - Lincolnshire"}},{"type":"Feature","geometry":{"type":"LineString","coordinates":[[-0.0442,53.5158],[-0.0239,53.513]]},"properties":{"name":"North East Lincolnshire - Lincolnshire"}},{"type":"Feature","geometry":{"type":"LineString","coordinates":[[-0.1136,53.4269],[-0.0728,53.4424],[-0.0925,53.4619],[-0.0581,53.5102],[-0.0442,53.5158]]},"properties":{"name":"North East Lincolnshire - Lincolnshire"}},{"type":"Feature","geometry":{"type":"LineString","coordinates":[[-0.2867,53.608],[-0.2821,53.6063]]},"properties":{"name":"North Lincolnshire - Lincolnshire"}},{"type":"Feature","geometry":{"type":"LineString","coordinates":[[-0.3525,53.5558],[-0.3275,53.558],[-0.2909,53.583],[-0.2923,53.6016],[-0.2867,53.608]]},"properties":{"name":"North Lincolnshire - Lincolnshire"}},{"type":"Feature","geometry":{"type":"LineString","coordinates":[[-0.4167,53.5661],[-0.3525,53.5558]]},"properties":{"name":"North Lincolnshire - Lincolnshire"}},{"type":"Feature","geometry":{"type":"LineString","coordinates":[[-0.5689,53.4511],[-0.467,53.4724],[-0.4714,53.4863],[-0.4589,53.5038],[-0.3992,53.5099],[-0.3873,53.5166],[-0.3883,53.5246],[-0.4006,53.5314],[-0.4764,53.5344],[-0.4167,53.5661]]},"properties":{"name":"North Lincolnshire - Lincolnshire"}},{"type":"Feature","geometry":{"type":"LineString","coordinates":[[-0.7397,53.5138],[-0.6159,53.5052],[-0.6095,53.4999],[-0.6095,53.488],[-0.6214,53.465],[-0.6137,53.4561],[-0.5689,53.4511]]},"properties":{"name":"North Lincolnshire - Lincolnshire"}},{"type":"Feature","geometry":{"type":"LineString","coordinates":[[-0.7972,53.4523],[-0.7472,53.4866],[-0.7397,53.5138]]},"properties":{"name":"North Lincolnshire - Lincolnshire"}},{"type":"Feature","geometry":{"type":"LineString","coordinates":[[0.1494,52.7252],[0.1724,52.7243]]},"properties":{"name":"Lincolnshire - Cambridgeshire"}},{"type":"Feature","geometry":{"type":"LineString","coordinates":[[0.0,52.6475],[0.0322,52.648],[0.048,52.6566],[0.0572,52.6705],[0.0528,52.7005],[0.0603,52.7055],[0.0974,52.708],[0.1494,52.7252]]},"properties":{"name":"Lincolnshire - Cambridgeshire"}},{"type":"Feature","geometry":{"type":"LineString","coordinates":[[-0.0495,52.6579],[0.0,52.6475]]},"properties":{"name":"Lincolnshire - Cambridgeshire"}},{"type":"Feature","geometry":{"type":"LineString","coordinates":[[0.1724,52.7243],[0.157,52.6702],[0.1974,52.6611],[0.2016,52.6505],[0.1842,52.6369],[0.1847,52.63],[0.2459,52.6013],[0.2199,52.5844],[0.2175,52.5725],[0.2283,52.5608],[0.2183,52.5433],[0.223,52.5216],[0.2358,52.5152],[0.2339,52.5069],[0.253,52.4874],[0.2619,52.4872]]},"properties":{"name":"Norfolk - Cambridgeshire"}},{"type":"Feature","geometry":{"type":"LineString","coordinates":[[0.3285,52.5033],[0.3625,52.4905],[0.398,52.4552],[0.4472,52.4322]]},"properties":{"name":"Norfolk - Cambridgeshire"}},{"type":"Feature","geometry":{"type":"LineString","coordinates":[[0.2619,52.4872],[0.2858,52.4999],[0.3285,52.5033]]},"properties":{"name":"Norfolk - Cambridgeshire"}},{"type":"Feature","geometry":{"type":"LineString","coordinates":[[0.1997,52.7216],[0.2763,52.7563],[0.2789,52.7625],[0.2625,52.7758],[0.2788,52.805]]},"properties":{"name":"Lincolnshire - Norfolk"}},{"type":"Feature","geometry":{"type":"LineString","coordinates":[[0.1724,52.7243],[0.1997,52.7216]]},"properties":{"name":"Lincolnshire - Norfolk"}},{"type":"Feature","geometry":{"type":"LineString","coordinates":[[0.2314,51.6291],[0.2481,51.6274],[0.2705,51.5935],[0.2844,51.5838],[0.3083,51.5788],[0.3199,51.5579]]},"properties":{"name":"Essex - Havering"}},{"type":"Feature","geometry":{"type":"LineString","coordinates":[[0.1485,51.6174],[0.2314,51.6291]]},"properties":{"name":"Essex - Havering"}},{"type":"Feature","geometry":{"type":"LineString","coordinates":[[-0.0113,51.6772],[-0.007,51.666],[-0.0128,51.6499],[-0.0026,51.6466]]},"properties":{"name":"Essex - Enfield"}},{"type":"Feature","geometry":{"type":"LineString","coordinates":[[0.1417,51.8839],[0.1142,51.9514],[0.1108,51.9736],[0.0825,51.9833],[0.0805,52.0024]]},"properties":{"name":"Hertfordshire - Essex"}},{"type":"Feature","geometry":{"type":"LineString","coordinates":[[-0.0113,51.6772],[0.0,51.7331],[0.0356,51.7683],[0.158,51.7905],[0.1633,51.8058],[0.1903,51.8166],[0.173,51.8252],[0.1736,51.8483],[0.1992,51.8658],[0.1855,51.8794],[0.1899,51.8902]]},"properties":{"name":"Hertfordshire - Essex"}},{"type":"Feature","geometry":{"type":"LineString","coordinates":[[0.1899,51.8902],[0.1417,51.8839]]},"properties":{"name":"Hertfordshire - Essex"}},{"type":"Feature","geometry":{"type":"LineString","coordinates":[[0.0276,51.6265],[0.0213,51.6369],[-0.0026,51.6466]]},"properties":{"name":"Waltham Forest - Essex"}},{"type":"Feature","geometry":{"type":"LineString","coordinates":[[0.0276,51.6265],[0.0839,51.601]]},"properties":{"name":"Essex - Redbridge"}},{"type":"Feature","geometry":{"type":"LineString","coordinates":[[0.0839,51.601],[0.1122,51.6155],[0.1485,51.6174]]},"properties":{"name":"Essex - Redbridge"}},{"type":"Feature","geometry":{"type":"LineString","coordinates":[[0.2866,52.0849],[0.3253,52.0741],[0.3655,52.0441],[0.3911,52.0355]]},"properties":{"name":"Cambridgeshire - Essex"}},{"type":"Feature","geometry":{"type":"LineString","coordinates":[[0.2558,52.0769],[0.2866,52.0849]]},"properties":{"name":"Cambridgeshire - Essex"}},{"type":"Feature","geometry":{"type":"LineString","coordinates":[[0.2067,52.0816],[0.2558,52.0769]]},"properties":{"name":"Cambridgeshire - Essex"}},{"type":"Feature","geometry":{"type":"LineString","coordinates":[[0.1391,52.0419],[0.1769,52.048],[0.1936,52.0569],[0.1938,52.0764],[0.2067,52.0816]]},"properties":{"name":"Cambridgeshire - Essex"}},{"type":"Feature","geometry":{"type":"LineString","coordinates":[[0.3911,52.0355],[0.4014,52.0427],[0.3931,52.0516],[0.4089,52.0593]]},"properties":{"name":"Cambridgeshire - Essex"}},{"type":"Feature","geometry":{"type":"LineString","coordinates":[[0.1156,52.0558],[0.1391,52.0419]]},"properties":{"name":"Cambridgeshire - Essex"}},{"type":"Feature","geometry":{"type":"LineString","coordinates":[[0.0805,52.0024],[0.1083,52.0274],[0.1064,52.0549],[0.1156,52.0558]]},"properties":{"name":"Cambridgeshire - Essex"}},{"type":"Feature","geometry":{"type":"LineString","coordinates":[[-0.1286,50.8826],[-0.0112,50.8243],[0.0176,50.7849]]},"properties":{"name":"East Sussex - Brighton and Hove"}},{"type":"Feature","geometry":{"type":"LineString","coordinates":[[-0.0442,50.9808],[-0.0159,50.9819],[-0.0067,51.0224],[0.0191,51.0505],[0.0,51.0565],[-0.0056,51.07],[-0.0289,51.0775],[-0.0212,51.0905],[0.0147,51.098],[0.0172,51.1102],[0.0366,51.1113],[0.0213,51.1358]]},"properties":{"name":"West Sussex - East Sussex"}},{"type":"Feature","geometry":{"type":"LineString","coordinates":[[-0.0609,50.9933],[-0.0442,50.9808]]},"properties":{"name":"West Sussex - East Sussex"}},{"type":"Feature","geometry":{"type":"LineString","coordinates":[[-0.1286,50.8826],[-0.117,50.9269],[-0.0939,50.9494],[-0.1056,50.9702],[-0.0609,50.9933]]},"properties":{"name":"West Sussex - East Sussex"}},{"type":"Feature","geometry":{"type":"LineString","coordinates":[[-0.1289,50.8791],[-0.1409,50.8805],[-0.1528,50.8913]]},"properties":{"name":"Brighton and Hove - West Sussex"}},{"type":"Feature","geometry":{"type":"LineString","coordinates":[[-0.1528,50.8913],[-0.172,50.8852],[-0.1817,50.8725]]},"properties":{"name":"Brighton and Hove - West Sussex"}},{"type":"Feature","geometry":{"type":"LineString","coordinates":[[-0.1286,50.8826],[-0.1289,50.8791]]},"properties":{"name":"Brighton and Hove - West Sussex"}},{"type":"Feature","geometry":{"type":"LineString","coordinates":[[-0.1817,50.8725],[-0.2134,50.8749]]},"properties":{"name":"Brighton and Hove - West Sussex"}},{"type":"Feature","geometry":{"type":"LineString","coordinates":[[-0.2134,50.8749],[-0.2306,50.8674],[-0.2303,50.8569],[-0.2089,50.8301]]},"properties":{"name":"Brighton and Hove - West Sussex"}},{"type":"Feature","geometry":{"type":"LineString","coordinates":[[-0.7537,51.0887],[-0.7748,51.0811],[-0.7881,51.0605]]},"properties":{"name":"West Sussex - Hampshire"}},{"type":"Feature","geometry":{"type":"LineString","coordinates":[[-0.7881,51.0605],[-0.8286,51.0635]]},"properties":{"name":"West Sussex - Hampshire"}},{"type":"Feature","geometry":{"type":"LineString","coordinates":[[-0.8286,51.0635],[-0.8626,51.0436],[-0.8662,51.028],[-0.8909,51.0099],[-0.8931,50.9935],[-0.9308,50.9438],[-0.9217,50.9205],[-0.9525,50.8919],[-0.9506,50.8844],[-0.9233,50.8652],[-0.9225,50.8499],[-0.9298,50.84]]},"properties":{"name":"West Sussex - Hampshire"}},{"type":"Feature","geometry":{"type":"LineString","coordinates":[[-0.9948,50.8471],[-1.0563,50.8578]]},"properties":{"name":"Portsmouth - Hampshire"}},{"type":"Feature","geometry":{"type":"LineString","coordinates":[[-1.0563,50.8578],[-1.0747,50.8578],[-1.0881,50.8498]]},"properties":{"name":"Portsmouth - Hampshire"}},{"type":"Feature","geometry":{"type":"LineString","coordinates":[[0.1325,51.1441],[0.1543,51.1393],[0.1405,51.1116]]},"properties":{"name":"Kent - East Sussex"}},{"type":"Feature","geometry":{"type":"LineString","coordinates":[[0.0627,51.1358],[0.1325,51.1441]]},"properties":{"name":"Kent - East Sussex"}},{"type":"Feature","geometry":{"type":"LineString","coordinates":[[0.2214,51.1219],[0.2669,51.1102]]},"properties":{"name":"Kent - East Sussex"}},{"type":"Feature","geometry":{"type":"LineString","coordinates":[[0.1405,51.1116],[0.2214,51.1219]]},"properties":{"name":"Kent - East Sussex"}},{"type":"Feature","geometry":{"type":"LineString","coordinates":[[0.3314,51.1199],[0.3355,51.1069],[0.3592,51.1013],[0.3575,51.0863]]},"properties":{"name":"Kent - East Sussex"}},{"type":"Feature","geometry":{"type":"LineString","coordinates":[[0.2669,51.1102],[0.3314,51.1199]]},"properties":{"name":"Kent - East Sussex"}},{"type":"Feature","geometry":{"type":"LineString","coordinates":[[0.3816,51.0894],[0.4011,51.0819],[0.4166,51.0652],[0.4747,51.0477],[0.4797,51.0302],[0.5369,51.0183],[0.5697,50.9999]]},"properties":{"name":"Kent - East Sussex"}},{"type":"Feature","geometry":{"type":"LineString","coordinates":[[0.3575,51.0863],[0.3816,51.0894]]},"properties":{"name":"Kent - East Sussex"}},{"type":"Feature","geometry":{"type":"LineString","coordinates":[[0.6581,51.0138],[0.6958,50.9955]]},"properties":{"name":"Kent - East Sussex"}},{"type":"Feature","geometry":{"type":"LineString","coordinates":[[0.5697,50.9999],[0.6581,51.0138]]},"properties":{"name":"Kent - East Sussex"}},{"type":"Feature","geometry":{"type":"LineString","coordinates":[[0.7633,50.9971],[0.7866,50.9883],[0.8211,50.9441],[0.8372,50.9432]]},"properties":{"name":"Kent - East Sussex"}},{"type":"Feature","geometry":{"type":"LineString","coordinates":[[0.6958,50.9955],[0.7633,50.9971]]},"properties":{"name":"Kent - East Sussex"}},{"type":"Feature","geometry":{"type":"LineString","coordinates":[[0.8492,50.9505],[0.8666,50.9438],[0.8698,50.9251]]},"properties":{"name":"Kent - East Sussex"}},{"type":"Feature","geometry":{"type":"LineString","coordinates":[[0.8372,50.9432],[0.8492,50.9505]]},"properties":{"name":"Kent - East Sussex"}},{"type":"Feature","geometry":{"type":"LineString","coordinates":[[0.5116,51.4877],[0.4826,51.4625],[0.4795,51.4485],[0.4857,51.4377],[0.5058,51.4361],[0.512,51.4268],[0.5043,51.402],[0.4562,51.3633],[0.4454,51.3447],[0.4469,51.3385],[0.4608,51.3369]]},"properties":{"name":"Medway - Kent"}},{"type":"Feature","geometry":{"type":"LineString","coordinates":[[0.5927,51.3121],[0.6485,51.3369],[0.669,51.3911]]},"properties":{"name":"Medway - Kent"}},{"type":"Feature","geometry":{"type":"LineString","coordinates":[[0.5058,51.3478],[0.5353,51.3431],[0.5927,51.3121]]},"properties":{"name":"Medway - Kent"}},{"type":"Feature","geometry":{"type":"LineString","coordinates":[[0.4608,51.3369],[0.5058,51.3478]]},"properties":{"name":"Medway - Kent"}},{"type":"Feature","geometry":{"type":"LineString","coordinates":[[0.166,51.5001],[0.1907,51.4827]]},"properties":{"name":"Havering - Bexley"}},{"type":"Feature","geometry":{"type":"LineString","coordinates":[[0.1907,51.4827],[0.2246,51.489]]},"properties":{"name":"Havering - Bexley"}},{"type":"Feature","geometry":{"type":"LineString","coordinates":[[0.2228,51.4719],[0.1608,51.4172],[0.1662,51.3985]]},"properties":{"name":"Kent - Bexley"}},{"type":"Feature","geometry":{"type":"LineString","coordinates":[[0.4305,52.2538],[0.4955,52.2649],[0.5103,52.2746],[0.5105,52.2816],[0.4725,52.3083],[0.4341,52.3097],[0.4466,52.34],[0.4192,52.3558],[0.3897,52.3902],[0.3927,52.408],[0.4472,52.4322]]},"properties":{"name":"Cambridgeshire - Suffolk"}},{"type":"Feature","geometry":{"type":"LineString","coordinates":[[0.3675,52.2899],[0.4305,52.2538]]},"properties":{"name":"Cambridgeshire - Suffolk"}},{"type":"Feature","geometry":{"type":"LineString","coordinates":[[0.4105,52.2244],[0.3925,52.225],[0.3497,52.2577],[0.3675,52.2899]]},"properties":{"name":"Cambridgeshire - Suffolk"}},{"type":"Feature","geometry":{"type":"LineString","coordinates":[[0.4811,52.228],[0.4622,52.2397]]},"properties":{"name":"Cambridgeshire - Suffolk"}},{"type":"Feature","geometry":{"type":"LineString","coordinates":[[0.4622,52.2397],[0.4486,52.2341]]},"properties":{"name":"Cambridgeshire - Suffolk"}},{"type":"Feature","geometry":{"type":"LineString","coordinates":[[0.4486,52.2341],[0.4269,52.238]]},"properties":{"name":"Cambridgeshire - Suffolk"}},{"type":"Feature","geometry":{"type":"LineString","coordinates":[[0.4269,52.238],[0.4105,52.2244]]},"properties":{"name":"Cambridgeshire - Suffolk"}},{"type":"Feature","geometry":{"type":"LineString","coordinates":[[0.4841,52.1577],[0.4986,52.1608],[0.4983,52.1772],[0.5172,52.2105],[0.5047,52.2283]]},"properties":{"name":"Cambridgeshire - Suffolk"}},{"type":"Feature","geometry":{"type":"LineString","coordinates":[[0.5047,52.2283],[0.4811,52.228]]},"properties":{"name":"Cambridgeshire - Suffolk"}},{"type":"Feature","geometry":{"type":"LineString","coordinates":[[0.4616,52.1638],[0.4841,52.1577]]},"properties":{"name":"Cambridgeshire - Suffolk"}},{"type":"Feature","geometry":{"type":"LineString","coordinates":[[0.4089,52.0593],[0.398,52.1044],[0.4275,52.1291],[0.4317,52.1449],[0.4616,52.1638]]},"properties":{"name":"Cambridgeshire - Suffolk"}},{"type":"Feature","geometry":{"type":"LineString","coordinates":[[1.6908,52.5422],[1.7419,52.5306]]},"properties":{"name":"Norfolk - Suffolk"}},{"type":"Feature","geometry":{"type":"LineString","coordinates":[[1.6927,52.4701],[1.7025,52.4772],[1.7003,52.4877],[1.6758,52.4927],[1.6531,52.5108],[1.6633,52.5319],[1.6908,52.5422]]},"properties":{"name":"Norfolk - Suffolk"}},{"type":"Feature","geometry":{"type":"LineString","coordinates":[[1.7419,52.5306],[1.7476,52.5328]]},"properties":{"name":"Norfolk - Suffolk"}},{"type":"Feature","geometry":{"type":"LineString","coordinates":[[1.687,52.4758],[1.6927,52.4701]]},"properties":{"name":"Norfolk - Suffolk"}},{"type":"Feature","geometry":{"type":"LineString","coordinates":[[1.6406,52.4535],[1.687,52.4758]]},"properties":{"name":"Norfolk - Suffolk"}},{"type":"Feature","geometry":{"type":"LineString","coordinates":[[1.5844,52.4699],[1.6406,52.4535]]},"properties":{"name":"Norfolk - Suffolk"}},{"type":"Feature","geometry":{"type":"LineString","coordinates":[[1.5708,52.4497],[1.5736,52.4619],[1.5844,52.4699]]},"properties":{"name":"Norfolk - Suffolk"}},{"type":"Feature","geometry":{"type":"LineString","coordinates":[[1.4422,52.4613],[1.4644,52.4513]]},"properties":{"name":"Norfolk - Suffolk"}},{"type":"Feature","geometry":{"type":"LineString","coordinates":[[1.2024,52.3538],[1.2347,52.3605],[1.2744,52.3819],[1.3236,52.3836],[1.363,52.4224],[1.4406,52.4397],[1.4436,52.4424],[1.425,52.4544],[1.43,52.4613],[1.4422,52.4613]]},"properties":{"name":"Norfolk - Suffolk"}},{"type":"Feature","geometry":{"type":"LineString","coordinates":[[1.49,52.458],[1.5194,52.4511]]},"properties":{"name":"Norfolk - Suffolk"}},{"type":"Feature","geometry":{"type":"LineString","coordinates":[[1.4644,52.4513],[1.49,52.458]]},"properties":{"name":"Norfolk - Suffolk"}},{"type":"Feature","geometry":{"type":"LineString","coordinates":[[1.5441,52.4577],[1.5708,52.4497]]},"properties":{"name":"Norfolk - Suffolk"}},{"type":"Feature","geometry":{"type":"LineString","coordinates":[[1.5194,52.4511],[1.5441,52.4577]]},"properties":{"name":"Norfolk - Suffolk"}},{"type":"Feature","geometry":{"type":"LineString","coordinates":[[0.6764,52.4469],[0.7097,52.4374],[0.6711,52.4196],[0.6663,52.4127],[0.67,52.3988],[0.6933,52.3891],[0.7338,52.3877],[0.7514,52.3794]]},"properties":{"name":"Norfolk - Suffolk"}},{"type":"Feature","geometry":{"type":"LineString","coordinates":[[0.6385,52.4397],[0.6764,52.4469]]},"properties":{"name":"Norfolk - Suffolk"}},{"type":"Feature","geometry":{"type":"LineString","coordinates":[[0.5583,52.4463],[0.6385,52.4397]]},"properties":{"name":"Norfolk - Suffolk"}},{"type":"Feature","geometry":{"type":"LineString","coordinates":[[0.4919,52.4313],[0.5583,52.4463]]},"properties":{"name":"Norfolk - Suffolk"}},{"type":"Feature","geometry":{"type":"LineString","coordinates":[[0.4472,52.4322],[0.4919,52.4313]]},"properties":{"name":"Norfolk - Suffolk"}},{"type":"Feature","geometry":{"type":"LineString","coordinates":[[0.8377,52.3952],[0.8813,52.3827],[0.9313,52.3822],[0.9733,52.3599]]},"properties":{"name":"Norfolk - Suffolk"}},{"type":"Feature","geometry":{"type":"LineString","coordinates":[[0.7514,52.3794],[0.7878,52.3816],[0.8377,52.3952]]},"properties":{"name":"Norfolk - Suffolk"}},{"type":"Feature","geometry":{"type":"LineString","coordinates":[[1.035,52.3741],[1.2024,52.3538]]},"properties":{"name":"Norfolk - Suffolk"}},{"type":"Feature","geometry":{"type":"LineString","coordinates":[[0.9733,52.3599],[1.035,52.3741]]},"properties":{"name":"Norfolk - Suffolk"}},{"type":"Feature","geometry":{"type":"LineString","coordinates":[[0.6783,52.0772],[0.7011,52.0674],[0.7152,52.0441],[0.7094,52.0341],[0.7216,52.0119]]},"properties":{"name":"Suffolk - Essex"}},{"type":"Feature","geometry":{"type":"LineString","coordinates":[[0.525,52.0483],[0.6361,52.075],[0.6783,52.0772]]},"properties":{"name":"Suffolk - Essex"}},{"type":"Feature","geometry":{"type":"LineString","coordinates":[[0.4891,52.0691],[0.5014,52.0536],[0.525,52.0483]]},"properties":{"name":"Suffolk - Essex"}},{"type":"Feature","geometry":{"type":"LineString","coordinates":[[0.4089,52.0593],[0.4891,52.0691]]},"properties":{"name":"Suffolk - Essex"}},{"type":"Feature","geometry":{"type":"LineString","coordinates":[[0.7378,52.0163],[0.748,51.993],[0.7775,51.958],[0.7878,51.9547]]},"properties":{"name":"Suffolk - Essex"}},{"type":"Feature","geometry":{"type":"LineString","coordinates":[[0.7216,52.0119],[0.7378,52.0163]]},"properties":{"name":"Suffolk - Essex"}},{"type":"Feature","geometry":{"type":"LineString","coordinates":[[0.9144,51.9683],[1.0581,51.949]]},"properties":{"name":"Suffolk - Essex"}},{"type":"Feature","geometry":{"type":"LineString","coordinates":[[0.7878,51.9547],[0.9144,51.9683]]},"properties":{"name":"Suffolk - Essex"}},{"type":"Feature","geometry":{"type":"LineString","coordinates":[[1.0581,51.949],[1.0785,51.9507]]},"properties":{"name":"Suffolk - Essex"}},{"type":"Feature","geometry":{"type":"LineString","coordinates":[[0.3199,51.5579],[0.3361,51.54],[0.28,51.5269],[0.2728,51.5166]]},"properties":{"name":"Thurrock - Havering"}},{"type":"Feature","geometry":{"type":"LineString","coordinates":[[0.2728,51.5166],[0.2477,51.52]]},"properties":{"name":"Thurrock - Havering"}},{"type":"Feature","geometry":{"type":"LineString","coordinates":[[0.2477,51.52],[0.2422,51.4988],[0.2246,51.489]]},"properties":{"name":"Thurrock - Havering"}},{"type":"Feature","geometry":{"type":"LineString","coordinates":[[0.3199,51.5579],[0.4811,51.5431],[0.5447,51.5292],[0.5472,51.5177]]},"properties":{"name":"Essex - Thurrock"}},{"type":"Feature","geometry":{"type":"LineString","coordinates":[[0.2747,51.4599],[0.2228,51.4719]]},"properties":{"name":"Kent - Thurrock"}},{"type":"Feature","geometry":{"type":"LineString","coordinates":[[0.3564,51.4464],[0.3375,51.4487],[0.3223,51.4669]]},"properties":{"name":"Kent - Thurrock"}},{"type":"Feature","geometry":{"type":"LineString","coordinates":[[0.3223,51.4669],[0.2747,51.4599]]},"properties":{"name":"Kent - Thurrock"}},{"type":"Feature","geometry":{"type":"LineString","coordinates":[[0.3846,51.4531],[0.3564,51.4464]]},"properties":{"name":"Kent - Thurrock"}},{"type":"Feature","geometry":{"type":"LineString","coordinates":[[0.2246,51.489],[0.2166,51.4777],[0.2228,51.4719]]},"properties":{"name":"Thurrock - Bexley"}},{"type":"Feature","geometry":{"type":"LineString","coordinates":[[0.8283,51.5418],[0.6858,51.5772]]},"properties":{"name":"Southend-on-Sea - Essex"}},{"type":"Feature","geometry":{"type":"LineString","coordinates":[[0.6858,51.5772],[0.6486,51.5695],[0.6346,51.5431],[0.6467,51.5353]]},"properties":{"name":"Southend-on-Sea - Essex"}},{"type":"Feature","geometry":{"type":"LineString","coordinates":[[-4.4064,50.7597],[-4.4406,50.7796],[-4.4731,50.7802],[-4.4853,50.786],[-4.4803,50.7922],[-4.45,50.7994],[-4.4394,50.841],[-4.4178,50.8549],[-4.4558,50.9016],[-4.4584,50.9211],[-4.5481,50.923]]},"properties":{"name":"Cornwall - Devon"}},{"type":"Feature","geometry":{"type":"LineString","coordinates":[[-4.1898,50.4944],[-4.1823,50.5066],[-4.2036,50.5122],[-4.217,50.5336],[-4.2706,50.5424],[-4.2731,50.5649],[-4.2853,50.5799],[-4.3014,50.5877],[-4.2961,50.6255],[-4.335,50.6427],[-4.347,50.6786],[-4.3609,50.6925],[-4.3625,50.7194],[-4.3781,50.7416],[-4.377,50.7644],[-4.3948,50.7705]]},"properties":{"name":"Cornwall - Devon"}},{"type":"Feature","geometry":{"type":"LineString","coordinates":[[-4.3948,50.7705],[-4.4064,50.7597]]},"properties":{"name":"Cornwall - Devon"}},{"type":"Feature","geometry":{"type":"LineString","coordinates":[[-4.2178,50.4947],[-4.1898,50.4944]]},"properties":{"name":"Cornwall - Devon"}},{"type":"Feature","geometry":{"type":"LineString","coordinates":[[-4.2304,50.4568],[-4.2369,50.4626],[-4.2178,50.4947]]},"properties":{"name":"Cornwall - Devon"}},{"type":"Feature","geometry":{"type":"LineString","coordinates":[[-4.2037,50.4514],[-4.2138,50.465]]},"properties":{"name":"Cornwall - Devon"}},{"type":"Feature","geometry":{"type":"LineString","coordinates":[[-4.2138,50.465],[-4.2245,50.4642],[-4.2304,50.4568]]},"properties":{"name":"Cornwall - Devon"}},{"type":"Feature","geometry":{"type":"LineString","coordinates":[[-3.7122,51.2383],[-3.7201,51.2211],[-3.7175,51.2052],[-3.7242,51.1785],[-3.7703,51.1733]]},"properties":{"name":"Somerset - Devon"}},{"type":"Feature","geometry":{"type":"LineString","coordinates":[[-3.7703,51.1733],[-3.8211,51.1772]]},"properties":{"name":"Somerset - Devon"}},{"type":"Feature","geometry":{"type":"LineString","coordinates":[[-3.8211,51.1772],[-3.8273,51.1713],[-3.8259,51.1419],[-3.8128,51.1288],[-3.7748,51.111],[-3.7506,51.1069],[-3.7156,51.083],[-3.6784,51.0825],[-3.6364,51.0622]]},"properties":{"name":"Somerset - Devon"}},{"type":"Feature","geometry":{"type":"LineString","coordinates":[[-3.5961,51.063],[-3.5881,51.0547],[-3.6078,51.0244],[-3.5997,51.0119],[-3.5289,51.0072]]},"properties":{"name":"Somerset - Devon"}},{"type":"Feature","geometry":{"type":"LineString","coordinates":[[-3.6364,51.0622],[-3.5961,51.063]]},"properties":{"name":"Somerset - Devon"}},{"type":"Feature","geometry":{"type":"LineString","coordinates":[[-3.475,51.0361],[-3.4445,51.0263]]},"properties":{"name":"Somerset - Devon"}},{"type":"Feature","geometry":{"type":"LineString","coordinates":[[-3.5289,51.0072],[-3.5178,51.013],[-3.5081,51.0305],[-3.475,51.0361]]},"properties":{"name":"Somerset - Devon"}},{"type":"Feature","geometry":{"type":"LineString","coordinates":[[-3.4223,51.0294],[-3.3803,51.0175],[-3.3706,50.9808],[-3.3214,50.9788],[-3.2684,50.9474],[-3.2217,50.9438]]},"properties":{"name":"Somerset - Devon"}},{"type":"Feature","geometry":{"type":"LineString","coordinates":[[-3.4445,51.0263],[-3.4223,51.0294]]},"properties":{"name":"Somerset - Devon"}},{"type":"Feature","geometry":{"type":"LineString","coordinates":[[-3.1572,50.9486],[-3.1781,50.9147],[-3.1475,50.8969]]},"properties":{"name":"Somerset - Devon"}},{"type":"Feature","geometry":{"type":"LineString","coordinates":[[-3.2217,50.9438],[-3.1572,50.9486]]},"properties":{"name":"Somerset - Devon"}},{"type":"Feature","geometry":{"type":"LineString","coordinates":[[-3.0901,50.908],[-3.0475,50.9058],[-3.0436,50.8991],[-3.0484,50.8777],[-3.0273,50.8686],[-3.0303,50.8516]]},"properties":{"name":"Somerset - Devon"}},{"type":"Feature","geometry":{"type":"LineString","coordinates":[[-3.1475,50.8969],[-3.0901,50.908]]},"properties":{"name":"Somerset - Devon"}},{"type":"Feature","geometry":{"type":"LineString","coordinates":[[-3.0031,50.8613],[-2.9936,50.8577]]},"properties":{"name":"Somerset - Devon"}},{"type":"Feature","geometry":{"type":"LineString","coordinates":[[-3.0303,50.8516],[-3.0031,50.8613]]},"properties":{"name":"Somerset - Devon"}},{"type":"Feature","geometry":{"type":"LineString","coordinates":[[-2.9772,50.8599],[-2.9628,50.8505],[-2.9485,50.8225]]},"properties":{"name":"Somerset - Devon"}},{"type":"Feature","geometry":{"type":"LineString","coordinates":[[-2.9936,50.8577],[-2.9772,50.8599]]},"properties":{"name":"Somerset - Devon"}},{"type":"Feature","geometry":{"type":"LineString","coordinates":[[-4.1245,50.4355],[-4.0604,50.4096],[-4.0366,50.39],[-4.0387,50.3786],[-4.1008,50.36],[-4.116,50.3479]]},"properties":{"name":"Devon - Plymouth"}},{"type":"Feature","geometry":{"type":"LineString","coordinates":[[-4.1849,50.4259],[-4.1545,50.4355],[-4.1245,50.4355]]},"properties":{"name":"Devon - Plymouth"}},{"type":"Feature","geometry":{"type":"LineString","coordinates":[[-4.187,50.426],[-4.1849,50.4259]]},"properties":{"name":"Devon - Plymouth"}},{"type":"Feature","geometry":{"type":"LineString","coordinates":[[-2.812,51.3275],[-2.7127,51.3198]]},"properties":{"name":"North Somerset - Somerset"}},{"type":"Feature","geometry":{"type":"LineString","coordinates":[[-2.8372,51.2944],[-2.7859,51.3008],[-2.8156,51.3191],[-2.812,51.3275]]},"properties":{"name":"North Somerset - Somerset"}},{"type":"Feature","geometry":{"type":"LineString","coordinates":[[-2.9922,51.3219],[-2.9781,51.3124],[-2.9759,51.2933],[-2.9572,51.2902]]},"properties":{"name":"North Somerset - Somerset"}},{"type":"Feature","geometry":{"type":"LineString","coordinates":[[-2.8795,51.3016],[-2.8372,51.2944]]},"properties":{"name":"North Somerset - Somerset"}},{"type":"Feature","geometry":{"type":"LineString","coordinates":[[-2.8895,51.2863],[-2.8795,51.3016]]},"properties":{"name":"North Somerset - Somerset"}},{"type":"Feature","geometry":{"type":"LineString","coordinates":[[-2.9297,51.2991],[-2.8895,51.2863]]},"properties":{"name":"North Somerset - Somerset"}},{"type":"Feature","geometry":{"type":"LineString","coordinates":[[-2.9572,51.2902],[-2.9297,51.2991]]},"properties":{"name":"North Somerset - Somerset"}},{"type":"Feature","geometry":{"type":"LineString","coordinates":[[-2.6335,51.3821],[-2.6306,51.443],[-2.6439,51.4551],[-2.7294,51.4962]]},"properties":{"name":"North Somerset - Bristol"}},{"type":"Feature","geometry":{"type":"LineString","coordinates":[[-1.3186,50.8569],[-1.3073,50.8917],[-1.3087,50.9213],[-1.3693,50.9452]]},"properties":{"name":"Southampton - Hampshire"}},{"type":"Feature","geometry":{"type":"LineString","coordinates":[[-1.3693,50.9452],[-1.4257,50.941],[-1.4412,50.9339],[-1.4493,50.9121]]},"properties":{"name":"Southampton - Hampshire"}},{"type":"Feature","geometry":{"type":"LineString","coordinates":[[-1.9501,50.9883],[-1.9072,50.9438],[-1.8798,50.9247],[-1.8625,50.9227]]},"properties":{"name":"Hampshire - Dorset"}},{"type":"Feature","geometry":{"type":"LineString","coordinates":[[-1.837,50.9335],[-1.805,50.9294],[-1.8114,50.9055],[-1.8392,50.8913],[-1.8328,50.8658]]},"properties":{"name":"Hampshire - Dorset"}},{"type":"Feature","geometry":{"type":"LineString","coordinates":[[-1.8625,50.9227],[-1.837,50.9335]]},"properties":{"name":"Hampshire - Dorset"}},{"type":"Feature","geometry":{"type":"LineString","coordinates":[[-1.8057,50.8677],[-1.7961,50.8316],[-1.8067,50.8191],[-1.8095,50.8022],[-1.7865,50.7687]]},"properties":{"name":"Hampshire - Dorset"}},{"type":"Feature","geometry":{"type":"LineString","coordinates":[[-1.8328,50.8658],[-1.8057,50.8677]]},"properties":{"name":"Hampshire - Dorset"}},{"type":"Feature","geometry":{"type":"LineString","coordinates":[[-1.735,50.778],[-1.7342,50.7544]]},"properties":{"name":"Hampshire - Dorset"}},{"type":"Feature","geometry":{"type":"LineString","coordinates":[[-1.7865,50.7687],[-1.735,50.778]]},"properties":{"name":"Hampshire - Dorset"}},{"type":"Feature","geometry":{"type":"LineString","coordinates":[[-1.6767,50.7544],[-1.6729,50.7401]]},"properties":{"name":"Hampshire - Dorset"}},{"type":"Feature","geometry":{"type":"LineString","coordinates":[[-1.7342,50.7544],[-1.6767,50.7544]]},"properties":{"name":"Hampshire - Dorset"}},{"type":"Feature","geometry":{"type":"LineString","coordinates":[[-2.9485,50.8225],[-2.9217,50.8094],[-2.8895,50.806],[-2.8823,50.7972],[-2.9467,50.7708],[-2.9325,50.7619],[-2.9492,50.7341],[-2.9456,50.7258]]},"properties":{"name":"Dorset - Devon"}},{"type":"Feature","geometry":{"type":"LineString","coordinates":[[-2.3217,51.0833],[-2.3353,51.0647],[-2.3242,51.0422],[-2.3714,51.0066],[-2.3706,50.9989],[-2.3389,50.9894],[-2.3378,50.983],[-2.4006,50.9652]]},"properties":{"name":"Dorset - Somerset"}},{"type":"Feature","geometry":{"type":"LineString","coordinates":[[-2.4517,50.9513],[-2.4706,50.9627],[-2.4959,50.9952],[-2.542,51.0019]]},"properties":{"name":"Dorset - Somerset"}},{"type":"Feature","geometry":{"type":"LineString","coordinates":[[-2.542,51.0019],[-2.5422,50.9886],[-2.55,50.9785],[-2.5609,50.9766]]},"properties":{"name":"Dorset - Somerset"}},{"type":"Feature","geometry":{"type":"LineString","coordinates":[[-2.5609,50.9766],[-2.5737,50.9827]]},"properties":{"name":"Dorset - Somerset"}},{"type":"Feature","geometry":{"type":"LineString","coordinates":[[-2.5737,50.9827],[-2.5989,50.9763],[-2.595,50.9575],[-2.6161,50.9113],[-2.6078,50.8905],[-2.6145,50.8855]]},"properties":{"name":"Dorset - Somerset"}},{"type":"Feature","geometry":{"type":"LineString","coordinates":[[-2.4006,50.9652],[-2.4325,50.9705]]},"properties":{"name":"Dorset - Somerset"}},{"type":"Feature","geometry":{"type":"LineString","coordinates":[[-2.4325,50.9705],[-2.4411,50.9527],[-2.4517,50.9513]]},"properties":{"name":"Dorset - Somerset"}},{"type":"Feature","geometry":{"type":"LineString","coordinates":[[-2.6145,50.8855],[-2.6531,50.8866]]},"properties":{"name":"Dorset - Somerset"}},{"type":"Feature","geometry":{"type":"LineString","coordinates":[[-2.6531,50.8866],[-2.7148,50.868],[-2.7589,50.8672],[-2.7889,50.8547]]},"properties":{"name":"Dorset - Somerset"}},{"type":"Feature","geometry":{"type":"LineString","coordinates":[[-2.7889,50.8547],[-2.8078,50.8613]]},"properties":{"name":"Dorset - Somerset"}},{"type":"Feature","geometry":{"type":"LineString","coordinates":[[-2.8078,50.8613],[-2.8233,50.8527],[-2.9203,50.841],[-2.9485,50.8225]]},"properties":{"name":"Dorset - Somerset"}},{"type":"Feature","geometry":{"type":"LineString","coordinates":[[-1.8897,50.7532],[-1.8165,50.7382],[-1.7975,50.7232]]},"properties":{"name":"Dorset - Bournemouth"}},{"type":"Feature","geometry":{"type":"LineString","coordinates":[[-1.9204,50.75],[-1.8897,50.7532]]},"properties":{"name":"Dorset - Bournemouth"}},{"type":"Feature","geometry":{"type":"LineString","coordinates":[[-2.5355,51.673],[-2.4872,51.6597],[-2.4789,51.6391]]},"properties":{"name":"Gloucestershire - South Gloucestershire"}},{"type":"Feature","geometry":{"type":"LineString","coordinates":[[-2.445,51.6483],[-2.3753,51.6335],[-2.3842,51.603],[-2.3773,51.5939]]},"properties":{"name":"Gloucestershire - South Gloucestershire"}},{"type":"Feature","geometry":{"type":"LineString","coordinates":[[-2.4789,51.6391],[-2.445,51.6483]]},"properties":{"name":"Gloucestershire - South Gloucestershire"}},{"type":"Feature","geometry":{"type":"LineString","coordinates":[[-2.3081,51.6236],[-2.2862,51.6227],[-2.2731,51.6125],[-2.2872,51.5883],[-2.2716,51.5772]]},"properties":{"name":"Gloucestershire - South Gloucestershire"}},{"type":"Feature","geometry":{"type":"LineString","coordinates":[[-2.3003,51.6066],[-2.3081,51.6236]]},"properties":{"name":"Gloucestershire - South Gloucestershire"}},{"type":"Feature","geometry":{"type":"LineString","coordinates":[[-2.3439,51.6086],[-2.3003,51.6066]]},"properties":{"name":"Gloucestershire - South Gloucestershire"}},{"type":"Feature","geometry":{"type":"LineString","coordinates":[[-2.3773,51.5939],[-2.365,51.5947],[-2.3439,51.6086]]},"properties":{"name":"Gloucestershire - South Gloucestershire"}},{"type":"Feature","geometry":{"type":"LineString","coordinates":[[-2.5227,51.4188],[-2.5181,51.4724],[-2.5288,51.4805],[-2.5717,51.4872],[-2.6359,51.5086],[-2.6788,51.5313]]},"properties":{"name":"Bristol - South Gloucestershire"}},{"type":"Feature","geometry":{"type":"LineString","coordinates":[[-1.9204,50.75],[-1.9418,50.7655],[-1.9603,50.7699]]},"properties":{"name":"Poole - Dorset"}},{"type":"Feature","geometry":{"type":"LineString","coordinates":[[-1.9603,50.7699],[-1.9947,50.7699],[-2.0062,50.7629],[-2.0262,50.7251]]},"properties":{"name":"Poole - Dorset"}},{"type":"Feature","geometry":{"type":"LineString","coordinates":[[-1.9204,50.75],[-1.9285,50.74],[-1.9277,50.7267],[-1.9215,50.7196],[-1.8969,50.716]]},"properties":{"name":"Bournemouth - Poole"}},{"type":"Feature","geometry":{"type":"LineString","coordinates":[[-3.5103,50.508],[-3.5298,50.509]]},"properties":{"name":"Torbay - Devon"}},{"type":"Feature","geometry":{"type":"LineString","coordinates":[[-3.5298,50.509],[-3.5872,50.509],[-3.6097,50.4988],[-3.6425,50.4639],[-3.6487,50.4332],[-3.62,50.4065],[-3.5187,50.3762]]},"properties":{"name":"Torbay - Devon"}},{"type":"Feature","geometry":{"type":"LineString","coordinates":[[-3.5054,50.5082],[-3.5103,50.508]]},"properties":{"name":"Torbay - Devon"}},{"type":"Feature","geometry":{"type":"LineString","coordinates":[[-0.1531,51.3885],[-0.1366,51.3845]]},"properties":{"name":"Merton - Sutton"}},{"type":"Feature","geometry":{"type":"LineString","coordinates":[[-0.1955,51.3823],[-0.1531,51.3885]]},"properties":{"name":"Merton - Sutton"}},{"type":"Feature","geometry":{"type":"LineString","coordinates":[[-0.1366,51.3845],[-0.1313,51.3872]]},"properties":{"name":"Merton - Sutton"}},{"type":"Feature","geometry":{"type":"LineString","coordinates":[[-0.2248,51.3853],[-0.2123,51.3791]]},"properties":{"name":"Merton - Sutton"}},{"type":"Feature","geometry":{"type":"LineString","coordinates":[[-0.2005,51.3839],[-0.1955,51.3823]]},"properties":{"name":"Merton - Sutton"}},{"type":"Feature","geometry":{"type":"LineString","coordinates":[[-0.2123,51.3791],[-0.2005,51.3839]]},"properties":{"name":"Merton - Sutton"}},{"type":"Feature","geometry":{"type":"LineString","coordinates":[[-0.6864,51.9479],[-0.7225,51.9497],[-0.838,52.011],[-0.8674,52.0338]]},"properties":{"name":"Buckinghamshire - Milton Keynes"}},{"type":"Feature","geometry":{"type":"LineString","coordinates":[[-0.6572,51.9479],[-0.6864,51.9479]]},"properties":{"name":"Buckinghamshire - Milton Keynes"}},{"type":"Feature","geometry":{"type":"LineString","coordinates":[[-0.5795,51.8013],[-0.6539,51.8113],[-0.6764,51.8291],[-0.6745,51.843],[-0.7014,51.8497]]},"properties":{"name":"Hertfordshire - Buckinghamshire"}},{"type":"Feature","geometry":{"type":"LineString","coordinates":[[-0.7014,51.8497],[-0.7131,51.8483],[-0.73,51.8277],[-0.7097,51.8091],[-0.6967,51.808],[-0.6784,51.7958],[-0.6736,51.7694],[-0.662,51.7585],[-0.6315,51.7488]]},"properties":{"name":"Hertfordshire - Buckinghamshire"}},{"type":"Feature","geometry":{"type":"LineString","coordinates":[[-0.5336,51.8194],[-0.552,51.8216]]},"properties":{"name":"Hertfordshire - Buckinghamshire"}},{"type":"Feature","geometry":{"type":"LineString","coordinates":[[-0.552,51.8216],[-0.5795,51.8013]]},"properties":{"name":"Hertfordshire - Buckinghamshire"}},{"type":"Feature","geometry":{"type":"LineString","coordinates":[[-0.5889,51.7491],[-0.5648,51.7321]]},"properties":{"name":"Hertfordshire - Buckinghamshire"}},{"type":"Feature","geometry":{"type":"LineString","coordinates":[[-0.6315,51.7488],[-0.5889,51.7491]]},"properties":{"name":"Hertfordshire - Buckinghamshire"}},{"type":"Feature","geometry":{"type":"LineString","coordinates":[[-0.5414,51.7391],[-0.5267,51.7349],[-0.5236,51.7283],[-0.5484,51.7163],[-0.5509,51.7086],[-0.5395,51.6935],[-0.5372,51.6749]]},"properties":{"name":"Hertfordshire - Buckinghamshire"}},{"type":"Feature","geometry":{"type":"LineString","coordinates":[[-0.5648,51.7321],[-0.5414,51.7391]]},"properties":{"name":"Hertfordshire - Buckinghamshire"}},{"type":"Feature","geometry":{"type":"LineString","coordinates":[[-0.5067,51.6791],[-0.497,51.6755],[-0.4981,51.6677],[-0.5239,51.6411],[-0.5256,51.6249],[-0.5186,51.6077],[-0.4935,51.5909]]},"properties":{"name":"Hertfordshire - Buckinghamshire"}},{"type":"Feature","geometry":{"type":"LineString","coordinates":[[-0.5372,51.6749],[-0.5067,51.6791]]},"properties":{"name":"Hertfordshire - Buckinghamshire"}},{"type":"Feature","geometry":{"type":"LineString","coordinates":[[-0.3678,51.5484],[-0.4068,51.5314],[-0.4031,51.5258],[-0.3703,51.5189],[-0.3927,51.4936]]},"properties":{"name":"Ealing - Hillingdon"}},{"type":"Feature","geometry":{"type":"LineString","coordinates":[[-0.3927,51.4936],[-0.4265,51.4522]]},"properties":{"name":"Hounslow - Hillingdon"}},{"type":"Feature","geometry":{"type":"LineString","coordinates":[[-0.4265,51.4522],[-0.4414,51.4539]]},"properties":{"name":"Hounslow - Hillingdon"}},{"type":"Feature","geometry":{"type":"LineString","coordinates":[[-0.47,51.6174],[-0.4589,51.6108]]},"properties":{"name":"Hertfordshire - Hillingdon"}},{"type":"Feature","geometry":{"type":"LineString","coordinates":[[-0.4935,51.5909],[-0.4814,51.616],[-0.47,51.6174]]},"properties":{"name":"Hertfordshire - Hillingdon"}},{"type":"Feature","geometry":{"type":"LineString","coordinates":[[-0.432,51.6152],[-0.3998,51.6148]]},"properties":{"name":"Hertfordshire - Hillingdon"}},{"type":"Feature","geometry":{"type":"LineString","coordinates":[[-0.4589,51.6108],[-0.432,51.6152]]},"properties":{"name":"Hertfordshire - Hillingdon"}},{"type":"Feature","geometry":{"type":"LineString","coordinates":[[-0.4935,51.5909],[-0.4714,51.55],[-0.4845,51.4944],[-0.4972,51.4778]]},"properties":{"name":"Hillingdon - Buckinghamshire"}},{"type":"Feature","geometry":{"type":"LineString","coordinates":[[-0.179,51.5283],[-0.1884,51.5233]]},"properties":{"name":"Westminster - Brent"}},{"type":"Feature","geometry":{"type":"LineString","coordinates":[[-0.1884,51.5233],[-0.2037,51.5281]]},"properties":{"name":"Westminster - Brent"}},{"type":"Feature","geometry":{"type":"LineString","coordinates":[[-0.2037,51.5281],[-0.2111,51.522]]},"properties":{"name":"Westminster - Brent"}},{"type":"Feature","geometry":{"type":"LineString","coordinates":[[-0.2947,51.5295],[-0.3063,51.5454],[-0.3255,51.5493]]},"properties":{"name":"Ealing - Brent"}},{"type":"Feature","geometry":{"type":"LineString","coordinates":[[-0.2744,51.5263],[-0.2829,51.5321]]},"properties":{"name":"Ealing - Brent"}},{"type":"Feature","geometry":{"type":"LineString","coordinates":[[-0.2829,51.5321],[-0.2947,51.5295]]},"properties":{"name":"Ealing - Brent"}},{"type":"Feature","geometry":{"type":"LineString","coordinates":[[-0.2366,51.5265],[-0.2744,51.5263]]},"properties":{"name":"Ealing - Brent"}},{"type":"Feature","geometry":{"type":"LineString","coordinates":[[-0.2111,51.522],[-0.2366,51.5265]]},"properties":{"name":"Hammersmith and Fulham - Brent"}},{"type":"Feature","geometry":{"type":"LineString","coordinates":[[-0.2343,51.5656],[-0.2668,51.601]]},"properties":{"name":"Brent - Barnet"}},{"type":"Feature","geometry":{"type":"LineString","coordinates":[[-0.2047,51.5515],[-0.2279,51.5675]]},"properties":{"name":"Brent - Barnet"}},{"type":"Feature","geometry":{"type":"LineString","coordinates":[[-0.2279,51.5675],[-0.2343,51.5656]]},"properties":{"name":"Brent - Barnet"}},{"type":"Feature","geometry":{"type":"LineString","coordinates":[[-0.3852,51.9211],[-0.3714,51.9074],[-0.3678,51.8922],[-0.3487,51.881],[-0.3475,51.8658],[-0.3353,51.851],[-0.3645,51.826],[-0.38,51.8244]]},"properties":{"name":"Hertfordshire - Luton"}},{"type":"Feature","geometry":{"type":"LineString","coordinates":[[-0.38,51.8244],[-0.4186,51.8433],[-0.4522,51.8474]]},"properties":{"name":"Hertfordshire - Luton"}},{"type":"Feature","geometry":{"type":"LineString","coordinates":[[-0.4522,51.8474],[-0.4527,51.8474]]},"properties":{"name":"Hertfordshire - Luton"}},{"type":"Feature","geometry":{"type":"LineString","coordinates":[[-0.3255,51.5493],[-0.3678,51.5484]]},"properties":{"name":"Ealing - Harrow"}},{"type":"Feature","geometry":{"type":"LineString","coordinates":[[-0.2668,51.601],[-0.2924,51.6291],[-0.2936,51.6383]]},"properties":{"name":"Harrow - Barnet"}},{"type":"Feature","geometry":{"type":"LineString","coordinates":[[-0.2936,51.6383],[-0.3209,51.6344],[-0.3739,51.6144]]},"properties":{"name":"Harrow - Hertfordshire"}},{"type":"Feature","geometry":{"type":"LineString","coordinates":[[-0.3739,51.6144],[-0.3998,51.6148]]},"properties":{"name":"Harrow - Hertfordshire"}},{"type":"Feature","geometry":{"type":"LineString","coordinates":[[-0.3678,51.5484],[-0.3998,51.6148]]},"properties":{"name":"Hillingdon - Harrow"}},{"type":"Feature","geometry":{"type":"LineString","coordinates":[[-0.2668,51.601],[-0.2826,51.5822],[-0.3125,51.5756],[-0.3255,51.5493]]},"properties":{"name":"Brent - Harrow"}},{"type":"Feature","geometry":{"type":"LineString","coordinates":[[-0.6572,51.9479],[-0.6417,51.9619],[-0.6542,51.988],[-0.6345,52.0044],[-0.63,52.0283],[-0.6381,52.0369],[-0.6584,52.0388],[-0.64,52.0558],[-0.615,52.0627],[-0.622,52.0716],[-0.6184,52.0741],[-0.5737,52.0966]]},"properties":{"name":"Milton Keynes - Central Bedfordshire"}},{"type":"Feature","geometry":{"type":"LineString","coordinates":[[-0.5737,52.0966],[-0.5881,52.118],[-0.6316,52.1465],[-0.6212,52.1749],[-0.6545,52.1925]]},"properties":{"name":"Milton Keynes - Bedford"}},{"type":"Feature","geometry":{"type":"LineString","coordinates":[[-0.4527,51.8474],[-0.4645,51.8466],[-0.4822,51.8344],[-0.4914,51.8149],[-0.5081,51.8016]]},"properties":{"name":"Hertfordshire - Central Bedfordshire"}},{"type":"Feature","geometry":{"type":"LineString","coordinates":[[-0.5081,51.8016],[-0.5336,51.8194]]},"properties":{"name":"Hertfordshire - Central Bedfordshire"}},{"type":"Feature","geometry":{"type":"LineString","coordinates":[[-0.2548,51.9786],[-0.237,51.9963],[-0.2009,52.01],[-0.2047,52.0302],[-0.185,52.0466],[-0.1581,52.056],[-0.1461,52.0697]]},"properties":{"name":"Central Bedfordshire - Hertfordshire"}},{"type":"Feature","geometry":{"type":"LineString","coordinates":[[-0.29,51.9936],[-0.2548,51.9786]]},"properties":{"name":"Central Bedfordshire - Hertfordshire"}},{"type":"Feature","geometry":{"type":"LineString","coordinates":[[-0.3681,51.9491],[-0.3442,51.963],[-0.3525,51.9749],[-0.3478,51.9813],[-0.3114,51.9839],[-0.29,51.9936]]},"properties":{"name":"Central Bedfordshire - Hertfordshire"}},{"type":"Feature","geometry":{"type":"LineString","coordinates":[[-0.375,51.978],[-0.3681,51.9491]]},"properties":{"name":"Central Bedfordshire - Hertfordshire"}},{"type":"Feature","geometry":{"type":"LineString","coordinates":[[-0.3852,51.9211],[-0.3992,51.9349],[-0.3986,51.9547],[-0.375,51.978]]},"properties":{"name":"Central Bedfordshire - Hertfordshire"}},{"type":"Feature","geometry":{"type":"LineString","coordinates":[[-0.2531,52.1919],[-0.2339,52.1727],[-0.247,52.1605],[-0.207,52.1505],[-0.2209,52.1355],[-0.17,52.1297]]},"properties":{"name":"Cambridgeshire - Central Bedfordshire"}},{"type":"Feature","geometry":{"type":"LineString","coordinates":[[-0.132,52.1336],[-0.1306,52.1213],[-0.1461,52.0697]]},"properties":{"name":"Cambridgeshire - Central Bedfordshire"}},{"type":"Feature","geometry":{"type":"LineString","coordinates":[[-0.17,52.1297],[-0.132,52.1336]]},"properties":{"name":"Cambridgeshire - Central Bedfordshire"}},{"type":"Feature","geometry":{"type":"LineString","coordinates":[[-0.3459,52.2241],[-0.3317,52.2291]]},"properties":{"name":"Cambridgeshire - Bedford"}},{"type":"Feature","geometry":{"type":"LineString","coordinates":[[-0.6572,51.9479],[-0.6703,51.9361],[-0.6881,51.9027],[-0.6612,51.8963],[-0.6256,51.8763]]},"properties":{"name":"Central Bedfordshire - Buckinghamshire"}},{"type":"Feature","geometry":{"type":"LineString","coordinates":[[-0.603,51.8799],[-0.5611,51.8547],[-0.5342,51.8269],[-0.5336,51.8194]]},"properties":{"name":"Central Bedfordshire - Buckinghamshire"}},{"type":"Feature","geometry":{"type":"LineString","coordinates":[[-0.6256,51.8763],[-0.603,51.8799]]},"properties":{"name":"Central Bedfordshire - Buckinghamshire"}},{"type":"Feature","geometry":{"type":"LineString","coordinates":[[-0.3852,51.9211],[-0.4645,51.9136],[-0.4772,51.8902],[-0.4772,51.8776],[-0.4527,51.8474]]},"properties":{"name":"Luton - Central Bedfordshire"}},{"type":"Feature","geometry":{"type":"LineString","coordinates":[[-0.6511,52.7475],[-0.5878,52.7391]]},"properties":{"name":"Lincolnshire - Rutland"}},{"type":"Feature","geometry":{"type":"LineString","coordinates":[[-0.5637,52.7405],[-0.5264,52.7249],[-0.5156,52.7097],[-0.4153,52.6866],[-0.4203,52.6755],[-0.4497,52.6616],[-0.4953,52.6505]]},"properties":{"name":"Lincolnshire - Rutland"}},{"type":"Feature","geometry":{"type":"LineString","coordinates":[[-0.5878,52.7391],[-0.5637,52.7405]]},"properties":{"name":"Lincolnshire - Rutland"}},{"type":"Feature","geometry":{"type":"LineString","coordinates":[[-0.4953,52.6505],[-0.5131,52.6527]]},"properties":{"name":"Lincolnshire - Rutland"}},{"type":"Feature","geometry":{"type":"LineString","coordinates":[[-0.5131,52.6527],[-0.5089,52.6424],[-0.4907,52.6365]]},"properties":{"name":"Lincolnshire - Rutland"}},{"type":"Feature","geometry":{"type":"LineString","coordinates":[[-0.9194,53.4874],[-0.8909,53.4713],[-0.91,53.4605],[-0.905,53.4577],[-0.7972,53.4523]]},"properties":{"name":"North Lincolnshire - Nottinghamshire"}},{"type":"Feature","geometry":{"type":"LineString","coordinates":[[-0.7239,53.2294],[-0.7765,53.2342],[-0.7683,53.2787],[-0.745,53.3227],[-0.763,53.3625],[-0.7795,53.373],[-0.7755,53.4013],[-0.7987,53.4291],[-0.7972,53.4523]]},"properties":{"name":"Nottinghamshire - Lincolnshire"}},{"type":"Feature","geometry":{"type":"LineString","coordinates":[[-0.6645,53.2033],[-0.6367,53.2347],[-0.6448,53.2433]]},"properties":{"name":"Nottinghamshire - Lincolnshire"}},{"type":"Feature","geometry":{"type":"LineString","coordinates":[[-0.6448,53.2433],[-0.657,53.2313]]},"properties":{"name":"Nottinghamshire - Lincolnshire"}},{"type":"Feature","geometry":{"type":"LineString","coordinates":[[-0.657,53.2313],[-0.6792,53.2416]]},"properties":{"name":"Nottinghamshire - Lincolnshire"}},{"type":"Feature","geometry":{"type":"LineString","coordinates":[[-0.6792,53.2416],[-0.7048,53.241],[-0.7239,53.2294]]},"properties":{"name":"Nottinghamshire - Lincolnshire"}},{"type":"Feature","geometry":{"type":"LineString","coordinates":[[-0.6923,53.2038],[-0.6645,53.2033]]},"properties":{"name":"Nottinghamshire - Lincolnshire"}},{"type":"Feature","geometry":{"type":"LineString","coordinates":[[-0.7667,52.9612],[-0.7864,52.9866],[-0.7814,53.0061],[-0.7389,53.0363],[-0.6886,53.0497],[-0.6959,53.0702],[-0.712,53.083],[-0.7031,53.0966],[-0.7142,53.1083],[-0.7072,53.1177],[-0.7109,53.1402],[-0.7062,53.1602],[-0.7383,53.1613],[-0.745,53.1708],[-0.7308,53.1916],[-0.7064,53.1935],[-0.6923,53.2038]]},"properties":{"name":"Nottinghamshire - Lincolnshire"}},{"type":"Feature","geometry":{"type":"LineString","coordinates":[[-0.6545,52.1925],[-0.7289,52.1616]]},"properties":{"name":"Milton Keynes - Northamptonshire"}},{"type":"Feature","geometry":{"type":"LineString","coordinates":[[-0.7289,52.1616],[-0.762,52.1624]]},"properties":{"name":"Milton Keynes - Northamptonshire"}},{"type":"Feature","geometry":{"type":"LineString","coordinates":[[-0.762,52.1624],[-0.7761,52.1469]]},"properties":{"name":"Milton Keynes - Northamptonshire"}},{"type":"Feature","geometry":{"type":"LineString","coordinates":[[-0.7761,52.1469],[-0.8067,52.1522]]},"properties":{"name":"Milton Keynes - Northamptonshire"}},{"type":"Feature","geometry":{"type":"LineString","coordinates":[[-0.8067,52.1522],[-0.8259,52.1274],[-0.8784,52.116],[-0.8778,52.1061],[-0.8278,52.0722],[-0.8275,52.0644],[-0.8559,52.0585],[-0.8565,52.0405],[-0.8674,52.0338]]},"properties":{"name":"Milton Keynes - Northamptonshire"}},{"type":"Feature","geometry":{"type":"LineString","coordinates":[[-0.4588,52.3088],[-0.4614,52.3236],[-0.4856,52.3486],[-0.4845,52.3655],[-0.4259,52.3824],[-0.4164,52.3958],[-0.3828,52.4121],[-0.3356,52.4555],[-0.3481,52.4899],[-0.4072,52.5118],[-0.3984,52.5374],[-0.4152,52.5502],[-0.4144,52.5596]]},"properties":{"name":"Northamptonshire - Cambridgeshire"}},{"type":"Feature","geometry":{"type":"LineString","coordinates":[[-0.9014,52.0186],[-0.9406,52.0719],[-0.95,52.0738]]},"properties":{"name":"Buckinghamshire - Northamptonshire"}},{"type":"Feature","geometry":{"type":"LineString","coordinates":[[-0.95,52.0738],[-0.9909,52.063]]},"properties":{"name":"Buckinghamshire - Northamptonshire"}},{"type":"Feature","geometry":{"type":"LineString","coordinates":[[-0.9909,52.063],[-1.0233,52.0647]]},"properties":{"name":"Buckinghamshire - Northamptonshire"}},{"type":"Feature","geometry":{"type":"LineString","coordinates":[[-1.0233,52.0647],[-1.0367,52.0536],[-1.1189,52.035],[-1.1418,52.0177],[-1.1082,52.0092]]},"properties":{"name":"Buckinghamshire - Northamptonshire"}},{"type":"Feature","geometry":{"type":"LineString","coordinates":[[-0.8674,52.0338],[-0.9014,52.0186]]},"properties":{"name":"Buckinghamshire - Northamptonshire"}},{"type":"Feature","geometry":{"type":"LineString","coordinates":[[-0.5412,52.2458],[-0.5253,52.2605],[-0.5253,52.2833],[-0.5031,52.303],[-0.4588,52.3088]]},"properties":{"name":"Northamptonshire - Bedford"}},{"type":"Feature","geometry":{"type":"LineString","coordinates":[[-0.5906,52.2661],[-0.5775,52.2635],[-0.5586,52.248],[-0.5412,52.2458]]},"properties":{"name":"Northamptonshire - Bedford"}},{"type":"Feature","geometry":{"type":"LineString","coordinates":[[-0.6545,52.1925],[-0.6345,52.216],[-0.6414,52.2591],[-0.5906,52.2661]]},"properties":{"name":"Northamptonshire - Bedford"}},{"type":"Feature","geometry":{"type":"LineString","coordinates":[[-0.7299,52.5067],[-0.697,52.523],[-0.6817,52.543],[-0.5481,52.5905],[-0.5212,52.6238],[-0.4907,52.6365]]},"properties":{"name":"Rutland - Northamptonshire"}},{"type":"Feature","geometry":{"type":"LineString","coordinates":[[-0.131,51.5641],[-0.1108,51.5359],[-0.1107,51.5272],[-0.1025,51.5235]]},"properties":{"name":"Islington - Camden"}},{"type":"Feature","geometry":{"type":"LineString","coordinates":[[-0.1701,51.5318],[-0.1471,51.5304],[-0.1122,51.5024]]},"properties":{"name":"Camden - Westminster"}},{"type":"Feature","geometry":{"type":"LineString","coordinates":[[-0.179,51.5283],[-0.1701,51.5318]]},"properties":{"name":"Camden - Westminster"}},{"type":"Feature","geometry":{"type":"LineString","coordinates":[[-0.2047,51.5515],[-0.1858,51.5539],[-0.1627,51.5664]]},"properties":{"name":"Barnet - Camden"}},{"type":"Feature","geometry":{"type":"LineString","coordinates":[[-0.179,51.5283],[-0.2047,51.5515]]},"properties":{"name":"Brent - Camden"}},{"type":"Feature","geometry":{"type":"LineString","coordinates":[[-0.2868,52.5041],[-0.2154,52.5522],[-0.1407,52.5772],[-0.0545,52.5888],[-0.0495,52.5987],[-0.0495,52.6579]]},"properties":{"name":"Peterborough - Cambridgeshire"}},{"type":"Feature","geometry":{"type":"LineString","coordinates":[[-0.4144,52.5596],[-0.3979,52.5589],[-0.3265,52.5074],[-0.2868,52.5041]]},"properties":{"name":"Peterborough - Cambridgeshire"}},{"type":"Feature","geometry":{"type":"LineString","coordinates":[[-0.315,52.6636],[-0.262,52.6474]]},"properties":{"name":"Lincolnshire - Peterborough"}},{"type":"Feature","geometry":{"type":"LineString","coordinates":[[-0.4356,52.6366],[-0.402,52.6369],[-0.315,52.6636]]},"properties":{"name":"Lincolnshire - Peterborough"}},{"type":"Feature","geometry":{"type":"LineString","coordinates":[[-0.0514,52.6583],[-0.0495,52.6579]]},"properties":{"name":"Lincolnshire - Peterborough"}},{"type":"Feature","geometry":{"type":"LineString","coordinates":[[-0.0828,52.6499],[-0.0514,52.6583]]},"properties":{"name":"Lincolnshire - Peterborough"}},{"type":"Feature","geometry":{"type":"LineString","coordinates":[[-0.1995,52.6562],[-0.1831,52.6419]]},"properties":{"name":"Lincolnshire - Peterborough"}},{"type":"Feature","geometry":{"type":"LineString","coordinates":[[-0.262,52.6474],[-0.1995,52.6562]]},"properties":{"name":"Lincolnshire - Peterborough"}},{"type":"Feature","geometry":{"type":"LineString","coordinates":[[-0.1014,52.6519],[-0.0828,52.6499]]},"properties":{"name":"Lincolnshire - Peterborough"}},{"type":"Feature","geometry":{"type":"LineString","coordinates":[[-0.1375,52.6385],[-0.1014,52.6519]]},"properties":{"name":"Lincolnshire - Peterborough"}},{"type":"Feature","geometry":{"type":"LineString","coordinates":[[-0.1603,52.6444],[-0.1375,52.6385]]},"properties":{"name":"Lincolnshire - Peterborough"}},{"type":"Feature","geometry":{"type":"LineString","coordinates":[[-0.1831,52.6419],[-0.1603,52.6444]]},"properties":{"name":"Lincolnshire - Peterborough"}},{"type":"Feature","geometry":{"type":"LineString","coordinates":[[-0.4667,52.6432],[-0.4356,52.6366]]},"properties":{"name":"Lincolnshire - Peterborough"}},{"type":"Feature","geometry":{"type":"LineString","coordinates":[[-0.4907,52.6365],[-0.4667,52.6432]]},"properties":{"name":"Lincolnshire - Peterborough"}},{"type":"Feature","geometry":{"type":"LineString","coordinates":[[-0.4907,52.6365],[-0.4747,52.625],[-0.4662,52.6091],[-0.4739,52.568],[-0.4609,52.5619]]},"properties":{"name":"Peterborough - Northamptonshire"}},{"type":"Feature","geometry":{"type":"LineString","coordinates":[[-0.4138,52.566],[-0.4144,52.5596]]},"properties":{"name":"Peterborough - Northamptonshire"}},{"type":"Feature","geometry":{"type":"LineString","coordinates":[[-0.4609,52.5619],[-0.4138,52.566]]},"properties":{"name":"Peterborough - Northamptonshire"}},{"type":"Feature","geometry":{"type":"LineString","coordinates":[[-0.1317,51.4177],[-0.1372,51.4107],[-0.1269,51.408]]},"properties":{"name":"Lambeth - Merton"}},{"type":"Feature","geometry":{"type":"LineString","coordinates":[[-0.1279,51.4921],[-0.1277,51.4922]]},"properties":{"name":"Westminster - Lambeth"}},{"type":"Feature","geometry":{"type":"LineString","coordinates":[[-0.1122,51.5024],[-0.1277,51.4922]]},"properties":{"name":"Lambeth - Westminster"}},{"type":"Feature","geometry":{"type":"LineString","coordinates":[[-0.1279,51.4921],[-0.1223,51.476],[-0.1428,51.4575],[-0.1329,51.4441],[-0.1317,51.4177]]},"properties":{"name":"Lambeth - Wandsworth"}},{"type":"Feature","geometry":{"type":"LineString","coordinates":[[-0.1079,51.5053],[-0.1122,51.5024]]},"properties":{"name":"Lambeth - Camden"}},{"type":"Feature","geometry":{"type":"LineString","coordinates":[[-0.0848,51.5116],[-0.0669,51.5079]]},"properties":{"name":"City - Southwark"}},{"type":"Feature","geometry":{"type":"LineString","coordinates":[[-0.0973,51.5097],[-0.0848,51.5116]]},"properties":{"name":"City - Southwark"}},{"type":"Feature","geometry":{"type":"LineString","coordinates":[[-0.0231,51.4887],[-0.0236,51.4959],[-0.0669,51.5079]]},"properties":{"name":"Southwark - Tower Hamlets"}},{"type":"Feature","geometry":{"type":"LineString","coordinates":[[-0.0973,51.5097],[-0.1079,51.5053]]},"properties":{"name":"Southwark - Camden"}},{"type":"Feature","geometry":{"type":"LineString","coordinates":[[-0.1079,51.5053],[-0.0993,51.4993],[-0.0967,51.4811],[-0.0805,51.4615],[-0.092,51.4448],[-0.0746,51.4192]]},"properties":{"name":"Southwark - Lambeth"}},{"type":"Feature","geometry":{"type":"LineString","coordinates":[[-1.1264,53.6338],[-1.1117,53.6435],[-1.0739,53.6477]]},"properties":{"name":"North Yorkshire - Doncaster"}},{"type":"Feature","geometry":{"type":"LineString","coordinates":[[-1.1522,53.6411],[-1.1264,53.6338]]},"properties":{"name":"North Yorkshire - Doncaster"}},{"type":"Feature","geometry":{"type":"LineString","coordinates":[[-1.2148,53.6199],[-1.1995,53.6385],[-1.1522,53.6411]]},"properties":{"name":"North Yorkshire - Doncaster"}},{"type":"Feature","geometry":{"type":"LineString","coordinates":[[-1.23,53.6207],[-1.2148,53.6199]]},"properties":{"name":"North Yorkshire - Doncaster"}},{"type":"Feature","geometry":{"type":"LineString","coordinates":[[-0.8607,53.6124],[-0.86,53.6324],[-0.9414,53.6569],[-0.9964,53.66]]},"properties":{"name":"Doncaster - East Riding of Yorkshire"}},{"type":"Feature","geometry":{"type":"LineString","coordinates":[[-0.9964,53.66],[-1.0739,53.6477]]},"properties":{"name":"Doncaster - East Riding of Yorkshire"}},{"type":"Feature","geometry":{"type":"LineString","coordinates":[[-0.8686,53.5783],[-0.8609,53.5816],[-0.8553,53.5983],[-0.8607,53.6124]]},"properties":{"name":"Doncaster - North Lincolnshire"}},{"type":"Feature","geometry":{"type":"LineString","coordinates":[[-0.8814,53.5808],[-0.8686,53.5783]]},"properties":{"name":"Doncaster - North Lincolnshire"}},{"type":"Feature","geometry":{"type":"LineString","coordinates":[[-0.8812,53.528],[-0.872,53.5308],[-0.8728,53.5458],[-0.9045,53.5716],[-0.8814,53.5808]]},"properties":{"name":"Doncaster - North Lincolnshire"}},{"type":"Feature","geometry":{"type":"LineString","coordinates":[[-0.9148,53.533],[-0.8812,53.528]]},"properties":{"name":"Doncaster - North Lincolnshire"}},{"type":"Feature","geometry":{"type":"LineString","coordinates":[[-0.9194,53.4874],[-0.9433,53.518],[-0.9148,53.533]]},"properties":{"name":"Doncaster - North Lincolnshire"}},{"type":"Feature","geometry":{"type":"LineString","coordinates":[[-0.9194,53.4874],[-0.9698,53.463],[-0.9775,53.4344],[-1.0131,53.4083]]},"properties":{"name":"Nottinghamshire - Doncaster"}},{"type":"Feature","geometry":{"type":"LineString","coordinates":[[-1.0131,53.4083],[-1.0292,53.4138]]},"properties":{"name":"Nottinghamshire - Doncaster"}},{"type":"Feature","geometry":{"type":"LineString","coordinates":[[-1.0292,53.4138],[-1.0664,53.413],[-1.1181,53.3786]]},"properties":{"name":"Nottinghamshire - Doncaster"}},{"type":"Feature","geometry":{"type":"LineString","coordinates":[[-0.1269,51.408],[-0.1188,51.394],[-0.1313,51.3872]]},"properties":{"name":"Croydon - Merton"}},{"type":"Feature","geometry":{"type":"LineString","coordinates":[[-0.1313,51.3872],[-0.1169,51.3748],[-0.1113,51.3602],[-0.1102,51.3483],[-0.1159,51.3435]]},"properties":{"name":"Croydon - Sutton"}},{"type":"Feature","geometry":{"type":"LineString","coordinates":[[-0.1159,51.3435],[-0.1256,51.3443]]},"properties":{"name":"Croydon - Sutton"}},{"type":"Feature","geometry":{"type":"LineString","coordinates":[[-0.1256,51.3443],[-0.1368,51.3371],[-0.1395,51.3214],[-0.1637,51.3196]]},"properties":{"name":"Croydon - Sutton"}},{"type":"Feature","geometry":{"type":"LineString","coordinates":[[-0.103,51.417],[-0.0764,51.4143]]},"properties":{"name":"Lambeth - Croydon"}},{"type":"Feature","geometry":{"type":"LineString","coordinates":[[-0.1269,51.408],[-0.103,51.417]]},"properties":{"name":"Lambeth - Croydon"}},{"type":"Feature","geometry":{"type":"LineString","coordinates":[[-0.0231,51.4887],[-0.0272,51.4896]]},"properties":{"name":"Lewisham - Southwark"}},{"type":"Feature","geometry":{"type":"LineString","coordinates":[[-0.0272,51.4896],[-0.0474,51.4817],[-0.0344,51.4513],[-0.0537,51.4402],[-0.0667,51.421]]},"properties":{"name":"Lewisham - Southwark"}},{"type":"Feature","geometry":{"type":"LineString","coordinates":[[-0.1108,51.5709],[-0.0941,51.5601]]},"properties":{"name":"Haringey - Islington"}},{"type":"Feature","geometry":{"type":"LineString","coordinates":[[-0.131,51.5641],[-0.1108,51.5709]]},"properties":{"name":"Haringey - Islington"}},{"type":"Feature","geometry":{"type":"LineString","coordinates":[[-0.03,51.6011],[-0.0527,51.5736]]},"properties":{"name":"Waltham Forest - Haringey"}},{"type":"Feature","geometry":{"type":"LineString","coordinates":[[-0.131,51.5641],[-0.1489,51.567]]},"properties":{"name":"Camden - Haringey"}},{"type":"Feature","geometry":{"type":"LineString","coordinates":[[-0.1489,51.567],[-0.1627,51.5664]]},"properties":{"name":"Camden - Haringey"}},{"type":"Feature","geometry":{"type":"LineString","coordinates":[[-0.2443,51.4325],[-0.2359,51.3998],[-0.2248,51.3853]]},"properties":{"name":"Merton - Kingston upon Thames"}},{"type":"Feature","geometry":{"type":"LineString","coordinates":[[-0.2443,51.4325],[-0.2508,51.4335]]},"properties":{"name":"Kingston upon Thames - Richmond upon Thames"}},{"type":"Feature","geometry":{"type":"LineString","coordinates":[[-0.2508,51.4335],[-0.2796,51.4238]]},"properties":{"name":"Kingston upon Thames - Richmond upon Thames"}},{"type":"Feature","geometry":{"type":"LineString","coordinates":[[-0.2796,51.4238],[-0.2972,51.4301]]},"properties":{"name":"Kingston upon Thames - Richmond upon Thames"}},{"type":"Feature","geometry":{"type":"LineString","coordinates":[[-0.2972,51.4301],[-0.3031,51.4272],[-0.2983,51.4058],[-0.3067,51.3844]]},"properties":{"name":"Kingston upon Thames - Richmond upon Thames"}},{"type":"Feature","geometry":{"type":"LineString","coordinates":[[-0.2248,51.3853],[-0.2431,51.3736]]},"properties":{"name":"Sutton - Kingston upon Thames"}},{"type":"Feature","geometry":{"type":"LineString","coordinates":[[-0.011,51.5435],[0.0039,51.5137],[0.0194,51.5026]]},"properties":{"name":"Newham - Tower Hamlets"}},{"type":"Feature","geometry":{"type":"LineString","coordinates":[[-0.0106,51.5524],[0.0239,51.5543]]},"properties":{"name":"Waltham Forest - Newham"}},{"type":"Feature","geometry":{"type":"LineString","coordinates":[[0.0746,51.5421],[0.0713,51.5535],[0.0502,51.5635]]},"properties":{"name":"Newham - Redbridge"}},{"type":"Feature","geometry":{"type":"LineString","coordinates":[[0.0502,51.5635],[0.0239,51.5543]]},"properties":{"name":"Newham - Redbridge"}},{"type":"Feature","geometry":{"type":"LineString","coordinates":[[-0.0047,51.4796],[0.0031,51.4825],[0.0062,51.4998],[0.0194,51.5026]]},"properties":{"name":"Tower Hamlets - Greenwich"}},{"type":"Feature","geometry":{"type":"LineString","coordinates":[[-0.0231,51.4887],[-0.0047,51.4796]]},"properties":{"name":"Tower Hamlets - Greenwich"}},{"type":"Feature","geometry":{"type":"LineString","coordinates":[[0.1205,51.5028],[0.1212,51.4768],[0.0885,51.4669],[0.0897,51.4454],[0.0803,51.4315]]},"properties":{"name":"Bexley - Greenwich"}},{"type":"Feature","geometry":{"type":"LineString","coordinates":[[-0.0231,51.4887],[-0.0265,51.4817],[-0.0143,51.4767],[-0.0064,51.4645]]},"properties":{"name":"Greenwich - Lewisham"}},{"type":"Feature","geometry":{"type":"LineString","coordinates":[[-0.0018,51.4677],[0.0155,51.4645],[0.014,51.4542],[0.0255,51.438]]},"properties":{"name":"Greenwich - Lewisham"}},{"type":"Feature","geometry":{"type":"LineString","coordinates":[[-0.0064,51.4645],[-0.0018,51.4677]]},"properties":{"name":"Greenwich - Lewisham"}},{"type":"Feature","geometry":{"type":"LineString","coordinates":[[0.0194,51.5026],[0.0483,51.4911]]},"properties":{"name":"Newham - Greenwich"}},{"type":"Feature","geometry":{"type":"LineString","coordinates":[[0.0483,51.4911],[0.0969,51.4977]]},"properties":{"name":"Newham - Greenwich"}},{"type":"Feature","geometry":{"type":"LineString","coordinates":[[-0.0874,51.5269],[-0.0701,51.5455],[-0.0937,51.5601]]},"properties":{"name":"Islington - Hackney"}},{"type":"Feature","geometry":{"type":"LineString","coordinates":[[-0.0937,51.5601],[-0.0941,51.5601]]},"properties":{"name":"Islington - Hackney"}},{"type":"Feature","geometry":{"type":"LineString","coordinates":[[-0.011,51.5435],[-0.0324,51.5327],[-0.0653,51.5272],[-0.072,51.516]]},"properties":{"name":"Tower Hamlets - Hackney"}},{"type":"Feature","geometry":{"type":"LineString","coordinates":[[-0.0527,51.5736],[-0.0372,51.559]]},"properties":{"name":"Waltham Forest - Hackney"}},{"type":"Feature","geometry":{"type":"LineString","coordinates":[[-0.024,51.56],[-0.0106,51.5524]]},"properties":{"name":"Waltham Forest - Hackney"}},{"type":"Feature","geometry":{"type":"LineString","coordinates":[[-0.0372,51.559],[-0.024,51.56]]},"properties":{"name":"Waltham Forest - Hackney"}},{"type":"Feature","geometry":{"type":"LineString","coordinates":[[-0.0527,51.5736],[-0.0903,51.571],[-0.0941,51.5601]]},"properties":{"name":"Hackney - Haringey"}},{"type":"Feature","geometry":{"type":"LineString","coordinates":[[-0.011,51.5435],[-0.0106,51.5524]]},"properties":{"name":"Hackney - Newham"}},{"type":"Feature","geometry":{"type":"LineString","coordinates":[[0.1662,51.561],[0.1483,51.5811],[0.1524,51.5989]]},"properties":{"name":"Barking and Dagenham - Havering"}},{"type":"Feature","geometry":{"type":"LineString","coordinates":[[0.166,51.5001],[0.1705,51.5251],[0.1933,51.5507],[0.1838,51.5662]]},"properties":{"name":"Barking and Dagenham - Havering"}},{"type":"Feature","geometry":{"type":"LineString","coordinates":[[0.1838,51.5662],[0.1662,51.561]]},"properties":{"name":"Barking and Dagenham - Havering"}},{"type":"Feature","geometry":{"type":"LineString","coordinates":[[0.1203,51.5512],[0.1278,51.5547],[0.1379,51.5917],[0.1524,51.5989]]},"properties":{"name":"Redbridge - Barking and Dagenham"}},{"type":"Feature","geometry":{"type":"LineString","coordinates":[[0.1109,51.5516],[0.1203,51.5512]]},"properties":{"name":"Redbridge - Barking and Dagenham"}},{"type":"Feature","geometry":{"type":"LineString","coordinates":[[0.0994,51.5453],[0.1109,51.5516]]},"properties":{"name":"Redbridge - Barking and Dagenham"}},{"type":"Feature","geometry":{"type":"LineString","coordinates":[[0.0929,51.5469],[0.0994,51.5453]]},"properties":{"name":"Redbridge - Barking and Dagenham"}},{"type":"Feature","geometry":{"type":"LineString","coordinates":[[0.0746,51.5421],[0.0929,51.5469]]},"properties":{"name":"Redbridge - Barking and Dagenham"}},{"type":"Feature","geometry":{"type":"LineString","coordinates":[[0.1485,51.5052],[0.166,51.5001]]},"properties":{"name":"Barking and Dagenham - Bexley"}},{"type":"Feature","geometry":{"type":"LineString","coordinates":[[0.1205,51.5028],[0.1485,51.5052]]},"properties":{"name":"Barking and Dagenham - Bexley"}},{"type":"Feature","geometry":{"type":"LineString","coordinates":[[0.0969,51.4977],[0.0992,51.5182],[0.0806,51.5278],[0.0746,51.5421]]},"properties":{"name":"Newham - Barking and Dagenham"}},{"type":"Feature","geometry":{"type":"LineString","coordinates":[[0.0969,51.4977],[0.1205,51.5028]]},"properties":{"name":"Barking and Dagenham - Greenwich"}},{"type":"Feature","geometry":{"type":"LineString","coordinates":[[-0.7667,52.9612],[-0.7645,52.9438],[-0.7472,52.9355],[-0.7445,52.9283],[-0.7631,52.8947],[-0.7531,52.8825],[-0.7537,52.8708],[-0.7236,52.8658],[-0.7086,52.8483],[-0.6906,52.8166],[-0.6762,52.8069],[-0.6642,52.768],[-0.6511,52.7475]]},"properties":{"name":"Lincolnshire - Leicestershire"}},{"type":"Feature","geometry":{"type":"LineString","coordinates":[[-0.7271,52.7162],[-0.6511,52.7475]]},"properties":{"name":"Leicestershire - Rutland"}},{"type":"Feature","geometry":{"type":"LineString","coordinates":[[-0.7825,52.7187],[-0.7271,52.7162]]},"properties":{"name":"Leicestershire - Rutland"}},{"type":"Feature","geometry":{"type":"LineString","coordinates":[[-0.7299,52.5067],[-0.7649,52.5326],[-0.8001,52.5955],[-0.8051,52.7087],[-0.7825,52.7187]]},"properties":{"name":"Leicestershire - Rutland"}},{"type":"Feature","geometry":{"type":"LineString","coordinates":[[-0.7667,52.9612],[-0.7917,52.9574],[-0.8195,52.9413],[-0.8211,52.9291],[-0.8498,52.893],[-0.8962,52.8672],[-0.925,52.8622],[-0.9245,52.8494],[-0.945,52.8336],[-0.969,52.8255],[-0.9795,52.8077],[-1.0522,52.8038]]},"properties":{"name":"Leicestershire - Nottinghamshire"}},{"type":"Feature","geometry":{"type":"LineString","coordinates":[[-1.1882,52.7723],[-1.2256,52.778],[-1.2598,52.7991],[-1.2681,52.8191],[-1.2628,52.8616]]},"properties":{"name":"Leicestershire - Nottinghamshire"}},{"type":"Feature","geometry":{"type":"LineString","coordinates":[[-1.0522,52.8038],[-1.0703,52.8116]]},"properties":{"name":"Leicestershire - Nottinghamshire"}},{"type":"Feature","geometry":{"type":"LineString","coordinates":[[-1.0703,52.8116],[-1.1,52.808],[-1.1336,52.7919],[-1.1664,52.786],[-1.1882,52.7723]]},"properties":{"name":"Leicestershire - Nottinghamshire"}},{"type":"Feature","geometry":{"type":"LineString","coordinates":[[-0.8317,52.5033],[-0.8622,52.5088]]},"properties":{"name":"Northamptonshire - Leicestershire"}},{"type":"Feature","geometry":{"type":"LineString","coordinates":[[-0.8622,52.5088],[-0.8708,52.505],[-0.8925,52.4738],[-0.8703,52.4622],[-0.8845,52.4469]]},"properties":{"name":"Northamptonshire - Leicestershire"}},{"type":"Feature","geometry":{"type":"LineString","coordinates":[[-0.7612,52.4994],[-0.7892,52.5069]]},"properties":{"name":"Northamptonshire - Leicestershire"}},{"type":"Feature","geometry":{"type":"LineString","coordinates":[[-0.7892,52.5069],[-0.8317,52.5033]]},"properties":{"name":"Northamptonshire - Leicestershire"}},{"type":"Feature","geometry":{"type":"LineString","coordinates":[[-0.7299,52.5067],[-0.7612,52.4994]]},"properties":{"name":"Northamptonshire - Leicestershire"}},{"type":"Feature","geometry":{"type":"LineString","coordinates":[[-0.8845,52.4469],[-0.9628,52.4636]]},"properties":{"name":"Northamptonshire - Leicestershire"}},{"type":"Feature","geometry":{"type":"LineString","coordinates":[[-0.9628,52.4636],[-1.0336,52.4447],[-1.0329,52.4358],[-1.0223,52.4327],[-1.0452,52.4024]]},"properties":{"name":"Northamptonshire - Leicestershire"}},{"type":"Feature","geometry":{"type":"LineString","coordinates":[[-1.0452,52.4024],[-1.1006,52.4241]]},"properties":{"name":"Northamptonshire - Leicestershire"}},{"type":"Feature","geometry":{"type":"LineString","coordinates":[[-1.1006,52.4241],[-1.1342,52.4036],[-1.1567,52.3783]]},"properties":{"name":"Northamptonshire - Leicestershire"}},{"type":"Feature","geometry":{"type":"LineString","coordinates":[[-1.1567,52.3783],[-1.1866,52.3813]]},"properties":{"name":"Northamptonshire - Leicestershire"}},{"type":"Feature","geometry":{"type":"LineString","coordinates":[[-2.0168,53.3704],[-2.0186,53.3633],[-2.0011,53.3472],[-1.9981,53.3358],[-1.9906,53.2416],[-1.9709,53.2302],[-1.9769,53.2073]]},"properties":{"name":"Derbyshire - Cheshire East"}},{"type":"Feature","geometry":{"type":"LineString","coordinates":[[-1.176,53.2929],[-1.1603,53.2858],[-1.1645,53.2733],[-1.1603,53.2622],[-1.1959,53.2325],[-1.1895,53.2097],[-1.195,53.1857],[-1.1883,53.1722],[-1.23,53.1624],[-1.2439,53.1516]]},"properties":{"name":"Nottinghamshire - Derbyshire"}},{"type":"Feature","geometry":{"type":"LineString","coordinates":[[-1.2439,53.1516],[-1.2764,53.1541]]},"properties":{"name":"Nottinghamshire - Derbyshire"}},{"type":"Feature","geometry":{"type":"LineString","coordinates":[[-1.2764,53.1541],[-1.3098,53.1428],[-1.3128,53.131],[-1.292,53.0838],[-1.3212,53.0641],[-1.3297,53.0502],[-1.3214,53.013],[-1.2839,52.9858],[-1.2825,52.9461],[-1.2695,52.9191],[-1.2711,52.8988],[-1.2326,52.8807],[-1.245,52.8647],[-1.2628,52.8616]]},"properties":{"name":"Nottinghamshire - Derbyshire"}},{"type":"Feature","geometry":{"type":"LineString","coordinates":[[-1.3937,53.3252],[-1.3828,53.3216],[-1.3809,53.3069],[-1.3325,53.2988]]},"properties":{"name":"Rotherham - Derbyshire"}},{"type":"Feature","geometry":{"type":"LineString","coordinates":[[-1.2867,53.3169],[-1.2773,53.3133],[-1.282,53.2994],[-1.2425,53.2908]]},"properties":{"name":"Rotherham - Derbyshire"}},{"type":"Feature","geometry":{"type":"LineString","coordinates":[[-1.3325,53.2988],[-1.3114,53.3139],[-1.2867,53.3169]]},"properties":{"name":"Rotherham - Derbyshire"}},{"type":"Feature","geometry":{"type":"LineString","coordinates":[[-1.2425,53.2908],[-1.176,53.2929]]},"properties":{"name":"Rotherham - Derbyshire"}},{"type":"Feature","geometry":{"type":"LineString","coordinates":[[-1.5314,53.2897],[-1.4589,53.3069],[-1.432,53.3236],[-1.3937,53.3252]]},"properties":{"name":"Sheffield - Derbyshire"}},{"type":"Feature","geometry":{"type":"LineString","coordinates":[[-1.5706,53.3049],[-1.5314,53.2897]]},"properties":{"name":"Sheffield - Derbyshire"}},{"type":"Feature","geometry":{"type":"LineString","coordinates":[[-1.5875,53.3022],[-1.5706,53.3049]]},"properties":{"name":"Sheffield - Derbyshire"}},{"type":"Feature","geometry":{"type":"LineString","coordinates":[[-1.2628,52.8616],[-1.3014,52.8625]]},"properties":{"name":"Leicestershire - Derbyshire"}},{"type":"Feature","geometry":{"type":"LineString","coordinates":[[-1.3014,52.8625],[-1.3706,52.8313],[-1.3953,52.79],[-1.4272,52.7838],[-1.4525,52.7661],[-1.4498,52.7557],[-1.4747,52.7486]]},"properties":{"name":"Leicestershire - Derbyshire"}},{"type":"Feature","geometry":{"type":"LineString","coordinates":[[-1.4747,52.7486],[-1.5328,52.7497]]},"properties":{"name":"Leicestershire - Derbyshire"}},{"type":"Feature","geometry":{"type":"LineString","coordinates":[[-1.5328,52.7497],[-1.5414,52.7458],[-1.5434,52.7336],[-1.5314,52.7144],[-1.535,52.7061],[-1.5831,52.685]]},"properties":{"name":"Leicestershire - Derbyshire"}},{"type":"Feature","geometry":{"type":"LineString","coordinates":[[-2.2437,53.0859],[-2.2049,53.1136]]},"properties":{"name":"Cheshire East - Stoke-on-Trent"}},{"type":"Feature","geometry":{"type":"LineString","coordinates":[[-2.3966,52.8216],[-2.3684,52.8069],[-2.3603,52.7938],[-2.3689,52.7819],[-2.324,52.7477]]},"properties":{"name":"Staffordshire - Telford and Wrekin"}},{"type":"Feature","geometry":{"type":"LineString","coordinates":[[-1.9769,53.2073],[-2.0056,53.1861],[-2.0306,53.1847],[-2.0683,53.1657],[-2.1017,53.1657]]},"properties":{"name":"Staffordshire - Cheshire East"}},{"type":"Feature","geometry":{"type":"LineString","coordinates":[[-2.1017,53.1657],[-2.1251,53.1749]]},"properties":{"name":"Staffordshire - Cheshire East"}},{"type":"Feature","geometry":{"type":"LineString","coordinates":[[-2.1251,53.1749],[-2.14,53.1699],[-2.1309,53.1577],[-2.1348,53.1502],[-2.1578,53.1475],[-2.2049,53.1136]]},"properties":{"name":"Staffordshire - Cheshire East"}},{"type":"Feature","geometry":{"type":"LineString","coordinates":[[-2.2723,53.0774],[-2.2437,53.0859]]},"properties":{"name":"Cheshire East - Staffordshire"}},{"type":"Feature","geometry":{"type":"LineString","coordinates":[[-2.3056,53.0791],[-2.2723,53.0774]]},"properties":{"name":"Cheshire East - Staffordshire"}},{"type":"Feature","geometry":{"type":"LineString","coordinates":[[-2.3788,52.9896],[-2.3664,53.0002],[-2.3739,53.0372],[-2.3659,53.0522],[-2.3356,53.056],[-2.3056,53.0791]]},"properties":{"name":"Cheshire East - Staffordshire"}},{"type":"Feature","geometry":{"type":"LineString","coordinates":[[-1.58,52.6769],[-1.5831,52.685]]},"properties":{"name":"Staffordshire - Leicestershire"}},{"type":"Feature","geometry":{"type":"LineString","coordinates":[[-1.9525,53.2138],[-1.9323,53.1949],[-1.8242,53.163],[-1.8037,53.1485],[-1.7995,53.1186],[-1.7717,53.0902],[-1.7761,53.0708],[-1.7692,53.0416],[-1.7475,53.0222],[-1.7456,52.9999],[-1.7578,52.9825],[-1.8122,52.9613],[-1.817,52.9299],[-1.8403,52.9244],[-1.8409,52.9047],[-1.827,52.8905],[-1.8239,52.8755],[-1.755,52.866],[-1.7208,52.8452],[-1.6306,52.8411],[-1.6084,52.8305],[-1.5909,52.8108],[-1.615,52.798],[-1.6292,52.7722],[-1.6725,52.7583],[-1.7004,52.7261],[-1.6814,52.7147],[-1.6459,52.7066],[-1.64,52.685],[-1.622,52.6836]]},"properties":{"name":"Derbyshire - Staffordshire"}},{"type":"Feature","geometry":{"type":"LineString","coordinates":[[-1.9769,53.2073],[-1.9525,53.2138]]},"properties":{"name":"Derbyshire - Staffordshire"}},{"type":"Feature","geometry":{"type":"LineString","coordinates":[[-1.6078,52.6938],[-1.5997,52.6855],[-1.5831,52.685]]},"properties":{"name":"Derbyshire - Staffordshire"}},{"type":"Feature","geometry":{"type":"LineString","coordinates":[[-1.622,52.6836],[-1.6078,52.6938]]},"properties":{"name":"Derbyshire - Staffordshire"}},{"type":"Feature","geometry":{"type":"LineString","coordinates":[[-2.1441,52.9384],[-2.1119,52.9403],[-2.0952,52.9491],[-2.0904,52.9657],[-2.0982,52.9891],[-2.1489,53.0515],[-2.1918,53.0837],[-2.2049,53.1136]]},"properties":{"name":"Stoke-on-Trent - Staffordshire"}},{"type":"Feature","geometry":{"type":"LineString","coordinates":[[-2.2437,53.0859],[-2.2289,53.0554],[-2.2015,52.9637],[-2.1782,52.9452],[-2.1441,52.9384]]},"properties":{"name":"Stoke-on-Trent - Staffordshire"}},{"type":"Feature","geometry":{"type":"LineString","coordinates":[[0.0688,51.2825],[0.0938,51.2883],[0.0966,51.311],[0.1552,51.3547],[0.1691,51.3885],[0.1662,51.3985]]},"properties":{"name":"Bromley - Kent"}},{"type":"Feature","geometry":{"type":"LineString","coordinates":[[0.0544,51.2899],[0.0688,51.2825]]},"properties":{"name":"Bromley - Kent"}},{"type":"Feature","geometry":{"type":"LineString","coordinates":[[0.0803,51.4315],[0.1088,51.4137],[0.1376,51.4122],[0.1662,51.3985]]},"properties":{"name":"Bexley - Bromley"}},{"type":"Feature","geometry":{"type":"LineString","coordinates":[[-0.0746,51.4192],[-0.0764,51.4143]]},"properties":{"name":"Bromley - Lambeth"}},{"type":"Feature","geometry":{"type":"LineString","coordinates":[[-0.0667,51.421],[-0.0674,51.421]]},"properties":{"name":"Bromley - Southwark"}},{"type":"Feature","geometry":{"type":"LineString","coordinates":[[-0.0674,51.421],[-0.0746,51.4192]]},"properties":{"name":"Bromley - Southwark"}},{"type":"Feature","geometry":{"type":"LineString","coordinates":[[-0.0764,51.4143],[-0.057,51.393],[-0.0188,51.3698],[0.0131,51.3207]]},"properties":{"name":"Bromley - Croydon"}},{"type":"Feature","geometry":{"type":"LineString","coordinates":[[0.0369,51.4189],[0.0439,51.4239],[0.0255,51.438]]},"properties":{"name":"Lewisham - Bromley"}},{"type":"Feature","geometry":{"type":"LineString","coordinates":[[0.0213,51.4218],[0.0369,51.4189]]},"properties":{"name":"Lewisham - Bromley"}},{"type":"Feature","geometry":{"type":"LineString","coordinates":[[0.0001,51.4112],[0.0213,51.4218]]},"properties":{"name":"Lewisham - Bromley"}},{"type":"Feature","geometry":{"type":"LineString","coordinates":[[-0.0667,51.421],[-0.0187,51.4185],[0.0001,51.4112]]},"properties":{"name":"Lewisham - Bromley"}},{"type":"Feature","geometry":{"type":"LineString","coordinates":[[0.0372,51.4392],[0.066,51.4226]]},"properties":{"name":"Greenwich - Bromley"}},{"type":"Feature","geometry":{"type":"LineString","coordinates":[[0.0255,51.438],[0.0372,51.4392]]},"properties":{"name":"Greenwich - Bromley"}},{"type":"Feature","geometry":{"type":"LineString","coordinates":[[0.066,51.4226],[0.0803,51.4315]]},"properties":{"name":"Greenwich - Bromley"}},{"type":"Feature","geometry":{"type":"LineString","coordinates":[[-1.8139,52.0688],[-1.7784,52.0988],[-1.7578,52.1058]]},"properties":{"name":"Worcestershire - Gloucestershire"}},{"type":"Feature","geometry":{"type":"LineString","coordinates":[[-1.8431,52.073],[-1.8139,52.0688]]},"properties":{"name":"Worcestershire - Gloucestershire"}},{"type":"Feature","geometry":{"type":"LineString","coordinates":[[-1.8437,52.0077],[-1.832,52.008],[-1.8253,52.0194],[-1.8278,52.0344],[-1.8487,52.0533],[-1.8641,52.0583],[-1.8431,52.073]]},"properties":{"name":"Worcestershire - Gloucestershire"}},{"type":"Feature","geometry":{"type":"LineString","coordinates":[[-2.1149,52.0421],[-2.1433,52.0063],[-2.13,51.9952]]},"properties":{"name":"Worcestershire - Gloucestershire"}},{"type":"Feature","geometry":{"type":"LineString","coordinates":[[-2.1747,51.9877],[-2.16,51.9949],[-2.1763,52.0073],[-2.1648,52.0405],[-2.1149,52.0421]]},"properties":{"name":"Worcestershire - Gloucestershire"}},{"type":"Feature","geometry":{"type":"LineString","coordinates":[[-1.9042,52.0313],[-1.8789,52.028],[-1.8437,52.0077]]},"properties":{"name":"Worcestershire - Gloucestershire"}},{"type":"Feature","geometry":{"type":"LineString","coordinates":[[-1.9187,52.0269],[-1.9042,52.0313]]},"properties":{"name":"Worcestershire - Gloucestershire"}},{"type":"Feature","geometry":{"type":"LineString","coordinates":[[-1.9423,52.0302],[-1.9187,52.0269]]},"properties":{"name":"Worcestershire - Gloucestershire"}},{"type":"Feature","geometry":{"type":"LineString","coordinates":[[-2.0309,51.9999],[-1.9709,52.0261],[-1.9423,52.0302]]},"properties":{"name":"Worcestershire - Gloucestershire"}},{"type":"Feature","geometry":{"type":"LineString","coordinates":[[-2.3417,52.015],[-2.3078,51.9736],[-2.2517,51.9627]]},"properties":{"name":"Worcestershire - Gloucestershire"}},{"type":"Feature","geometry":{"type":"LineString","coordinates":[[-2.3516,52.0139],[-2.3417,52.015]]},"properties":{"name":"Worcestershire - Gloucestershire"}},{"type":"Feature","geometry":{"type":"LineString","coordinates":[[-2.0717,52.0077],[-2.0309,51.9999]]},"properties":{"name":"Worcestershire - Gloucestershire"}},{"type":"Feature","geometry":{"type":"LineString","coordinates":[[-2.13,51.9952],[-2.1059,52.0077],[-2.0717,52.0077]]},"properties":{"name":"Worcestershire - Gloucestershire"}},{"type":"Feature","geometry":{"type":"LineString","coordinates":[[-2.2081,51.9908],[-2.1747,51.9877]]},"properties":{"name":"Worcestershire - Gloucestershire"}},{"type":"Feature","geometry":{"type":"LineString","coordinates":[[-2.2517,51.9627],[-2.2342,51.9641],[-2.2081,51.9908]]},"properties":{"name":"Worcestershire - Gloucestershire"}},{"type":"Feature","geometry":{"type":"LineString","coordinates":[[-2.1711,52.4216],[-2.2862,52.4446]]},"properties":{"name":"Worcestershire - Staffordshire"}},{"type":"Feature","geometry":{"type":"LineString","coordinates":[[-2.1539,52.423],[-2.1711,52.4216]]},"properties":{"name":"Worcestershire - Staffordshire"}},{"type":"Feature","geometry":{"type":"LineString","coordinates":[[-2.3966,52.8216],[-2.5885,52.7676],[-2.6462,52.7585],[-2.6632,52.7427],[-2.6406,52.7212],[-2.437,52.607]]},"properties":{"name":"Telford and Wrekin - Shropshire"}},{"type":"Feature","geometry":{"type":"LineString","coordinates":[[-2.437,52.607],[-2.4246,52.607],[-2.3963,52.641],[-2.324,52.7477]]},"properties":{"name":"Telford and Wrekin - Shropshire"}},{"type":"Feature","geometry":{"type":"LineString","coordinates":[[-2.3788,52.9896],[-2.3642,52.9802],[-2.3639,52.9677],[-2.3753,52.9497],[-2.395,52.9494],[-2.4192,52.9364],[-2.4503,52.8966],[-2.4495,52.8855],[-2.4345,52.868]]},"properties":{"name":"Staffordshire - Shropshire"}},{"type":"Feature","geometry":{"type":"LineString","coordinates":[[-2.3809,52.8847],[-2.3659,52.8841],[-2.3781,52.838],[-2.4009,52.8238],[-2.3966,52.8216]]},"properties":{"name":"Staffordshire - Shropshire"}},{"type":"Feature","geometry":{"type":"LineString","coordinates":[[-2.4345,52.868],[-2.3809,52.8847]]},"properties":{"name":"Staffordshire - Shropshire"}},{"type":"Feature","geometry":{"type":"LineString","coordinates":[[-2.324,52.7477],[-2.3056,52.7338],[-2.3103,52.7005],[-2.3048,52.6866],[-2.2315,52.6691],[-2.227,52.6366],[-2.237,52.6124],[-2.2664,52.6036]]},"properties":{"name":"Staffordshire - Shropshire"}},{"type":"Feature","geometry":{"type":"LineString","coordinates":[[-2.2664,52.6036],[-2.3034,52.6088]]},"properties":{"name":"Staffordshire - Shropshire"}},{"type":"Feature","geometry":{"type":"LineString","coordinates":[[-2.3034,52.6088],[-2.3106,52.5913],[-2.2692,52.5775],[-2.2511,52.5624],[-2.2672,52.5483],[-2.2525,52.5344],[-2.255,52.5183],[-2.2842,52.505],[-2.2984,52.4838],[-2.2834,52.4547],[-2.2862,52.4446]]},"properties":{"name":"Staffordshire - Shropshire"}},{"type":"Feature","geometry":{"type":"LineString","coordinates":[[-2.3048,52.4308],[-2.2862,52.4446]]},"properties":{"name":"Shropshire - Worcestershire"}},{"type":"Feature","geometry":{"type":"LineString","coordinates":[[-2.3395,52.4344],[-2.3048,52.4308]]},"properties":{"name":"Shropshire - Worcestershire"}},{"type":"Feature","geometry":{"type":"LineString","coordinates":[[-2.4931,52.3266],[-2.4745,52.3271],[-2.4678,52.3372],[-2.4742,52.3505],[-2.4698,52.3572],[-2.4103,52.3633],[-2.3906,52.3836],[-2.3195,52.3846],[-2.3505,52.4237],[-2.3395,52.4344]]},"properties":{"name":"Shropshire - Worcestershire"}},{"type":"Feature","geometry":{"type":"LineString","coordinates":[[-2.5253,52.3397],[-2.4931,52.3266]]},"properties":{"name":"Shropshire - Worcestershire"}},{"type":"Feature","geometry":{"type":"LineString","coordinates":[[-2.5978,52.3052],[-2.5556,52.3085],[-2.547,52.3302],[-2.5253,52.3397]]},"properties":{"name":"Shropshire - Worcestershire"}},{"type":"Feature","geometry":{"type":"LineString","coordinates":[[-2.6409,52.3322],[-2.6164,52.3241],[-2.6078,52.308],[-2.5978,52.3052]]},"properties":{"name":"Shropshire - Worcestershire"}},{"type":"Feature","geometry":{"type":"LineString","coordinates":[[-1.6573,52.0269],[-1.6745,52.0311],[-1.7067,52.0652],[-1.7159,52.0849],[-1.737,52.0894],[-1.7578,52.1058]]},"properties":{"name":"Gloucestershire - Warwickshire"}},{"type":"Feature","geometry":{"type":"LineString","coordinates":[[-1.6525,51.9839],[-1.6123,52.0266],[-1.6212,52.0305]]},"properties":{"name":"Gloucestershire - Warwickshire"}},{"type":"Feature","geometry":{"type":"LineString","coordinates":[[-1.6212,52.0305],[-1.6573,52.0269]]},"properties":{"name":"Gloucestershire - Warwickshire"}},{"type":"Feature","geometry":{"type":"LineString","coordinates":[[-1.1866,52.3813],[-1.1673,52.3588],[-1.1653,52.348],[-1.1811,52.3383],[-1.2495,52.3196],[-1.2417,52.311],[-1.2026,52.3013],[-1.2242,52.2824],[-1.2089,52.2724],[-1.2081,52.2499],[-1.2659,52.2277],[-1.2653,52.2208],[-1.2453,52.2058],[-1.2487,52.1952],[-1.3031,52.1811],[-1.3212,52.1615]]},"properties":{"name":"Northamptonshire - Warwickshire"}},{"type":"Feature","geometry":{"type":"LineString","coordinates":[[-1.58,52.6769],[-1.5339,52.6416],[-1.5367,52.63],[-1.5589,52.6216],[-1.5423,52.6008],[-1.5458,52.5808],[-1.5178,52.5744],[-1.495,52.5563],[-1.4172,52.5352],[-1.3959,52.5125],[-1.2934,52.4794],[-1.2411,52.4261],[-1.2117,52.4158],[-1.1866,52.3813]]},"properties":{"name":"Leicestershire - Warwickshire"}},{"type":"Feature","geometry":{"type":"LineString","coordinates":[[-1.58,52.6769],[-1.6009,52.6561],[-1.6312,52.6427],[-1.6239,52.626],[-1.6342,52.608],[-1.6348,52.588],[-1.6434,52.5799],[-1.6656,52.5758]]},"properties":{"name":"Warwickshire - Staffordshire"}},{"type":"Feature","geometry":{"type":"LineString","coordinates":[[-1.6656,52.5758],[-1.7536,52.5794]]},"properties":{"name":"Warwickshire - Staffordshire"}},{"type":"Feature","geometry":{"type":"LineString","coordinates":[[-1.7536,52.5794],[-1.7777,52.5753]]},"properties":{"name":"Warwickshire - Staffordshire"}},{"type":"Feature","geometry":{"type":"LineString","coordinates":[[-1.8445,52.3836],[-1.8431,52.376],[-1.8528,52.3624],[-1.877,52.3447],[-1.8514,52.3233],[-1.8475,52.3099],[-1.8681,52.2988],[-1.8828,52.2741],[-1.9201,52.2661],[-1.9028,52.2305],[-1.9023,52.2105],[-1.9231,52.1952],[-1.9445,52.1647],[-1.8909,52.1336]]},"properties":{"name":"Warwickshire - Worcestershire"}},{"type":"Feature","geometry":{"type":"LineString","coordinates":[[-1.8753,52.1494],[-1.8409,52.136]]},"properties":{"name":"Warwickshire - Worcestershire"}},{"type":"Feature","geometry":{"type":"LineString","coordinates":[[-1.8909,52.1336],[-1.8753,52.1494]]},"properties":{"name":"Warwickshire - Worcestershire"}},{"type":"Feature","geometry":{"type":"LineString","coordinates":[[-1.8289,52.1425],[-1.7873,52.1294],[-1.7814,52.1166],[-1.7578,52.1058]]},"properties":{"name":"Warwickshire - Worcestershire"}},{"type":"Feature","geometry":{"type":"LineString","coordinates":[[-1.8409,52.136],[-1.8289,52.1425]]},"properties":{"name":"Warwickshire - Worcestershire"}},{"type":"Feature","geometry":{"type":"LineString","coordinates":[[-1.6525,51.9839],[-1.6569,51.9591],[-1.6189,51.9449],[-1.6128,51.9316],[-1.6461,51.91],[-1.6375,51.8938],[-1.6578,51.883],[-1.6759,51.8552],[-1.6792,51.7971],[-1.7092,51.7749],[-1.6925,51.7624],[-1.6761,51.7047],[-1.6472,51.6864],[-1.6442,51.6797],[-1.6493,51.6737]]},"properties":{"name":"Oxfordshire - Gloucestershire"}},{"type":"Feature","geometry":{"type":"LineString","coordinates":[[-1.6493,51.6737],[-1.6833,51.6786]]},"properties":{"name":"Oxfordshire - Gloucestershire"}},{"type":"Feature","geometry":{"type":"LineString","coordinates":[[-1.1082,52.0092],[-1.0531,51.9927],[-1.0825,51.9524],[-1.0739,51.9444],[-1.0472,51.9397],[-1.0758,51.9194],[-1.0817,51.8977],[-1.0628,51.8785],[-1.0628,51.8624],[-1.0489,51.8446],[-1.0472,51.833],[-1.0695,51.8238]]},"properties":{"name":"Buckinghamshire - Oxfordshire"}},{"type":"Feature","geometry":{"type":"LineString","coordinates":[[-1.0695,51.8238],[-1.1162,51.838]]},"properties":{"name":"Buckinghamshire - Oxfordshire"}},{"type":"Feature","geometry":{"type":"LineString","coordinates":[[-1.1162,51.838],[-1.1283,51.8274],[-1.1136,51.8138],[-1.1087,51.7797],[-1.0797,51.773],[-1.0659,51.7513],[-1.0403,51.7433]]},"properties":{"name":"Buckinghamshire - Oxfordshire"}},{"type":"Feature","geometry":{"type":"LineString","coordinates":[[-0.9656,51.7561],[-0.912,51.7405],[-0.8845,51.7163],[-0.8764,51.7005],[-0.8831,51.6844],[-0.8767,51.6644]]},"properties":{"name":"Buckinghamshire - Oxfordshire"}},{"type":"Feature","geometry":{"type":"LineString","coordinates":[[-0.9909,51.7494],[-0.9656,51.7561]]},"properties":{"name":"Buckinghamshire - Oxfordshire"}},{"type":"Feature","geometry":{"type":"LineString","coordinates":[[-1.0181,51.7524],[-0.9909,51.7494]]},"properties":{"name":"Buckinghamshire - Oxfordshire"}},{"type":"Feature","geometry":{"type":"LineString","coordinates":[[-1.0403,51.7433],[-1.0181,51.7524]]},"properties":{"name":"Buckinghamshire - Oxfordshire"}},{"type":"Feature","geometry":{"type":"LineString","coordinates":[[-0.8767,51.6644],[-0.9125,51.67]]},"properties":{"name":"Buckinghamshire - Oxfordshire"}},{"type":"Feature","geometry":{"type":"LineString","coordinates":[[-0.9125,51.67],[-0.9214,51.6672],[-0.9264,51.6486],[-0.9423,51.645],[-0.9306,51.6347],[-0.9445,51.6191],[-0.9331,51.6002]]},"properties":{"name":"Buckinghamshire - Oxfordshire"}},{"type":"Feature","geometry":{"type":"LineString","coordinates":[[-0.917,51.6024],[-0.912,51.5897],[-0.9286,51.5813],[-0.932,51.5705],[-0.8871,51.5481]]},"properties":{"name":"Buckinghamshire - Oxfordshire"}},{"type":"Feature","geometry":{"type":"LineString","coordinates":[[-0.9331,51.6002],[-0.917,51.6024]]},"properties":{"name":"Buckinghamshire - Oxfordshire"}},{"type":"Feature","geometry":{"type":"LineString","coordinates":[[-1.2561,51.9763],[-1.265,51.9797],[-1.2967,52.0388],[-1.2939,52.0713],[-1.3067,52.0774],[-1.2372,52.096],[-1.3212,52.1615]]},"properties":{"name":"Oxfordshire - Northamptonshire"}},{"type":"Feature","geometry":{"type":"LineString","coordinates":[[-1.1082,52.0092],[-1.1384,51.9897],[-1.1622,51.988],[-1.1837,51.9783]]},"properties":{"name":"Oxfordshire - Northamptonshire"}},{"type":"Feature","geometry":{"type":"LineString","coordinates":[[-1.1837,51.9783],[-1.2342,51.9802]]},"properties":{"name":"Oxfordshire - Northamptonshire"}},{"type":"Feature","geometry":{"type":"LineString","coordinates":[[-1.2342,51.9802],[-1.2561,51.9763]]},"properties":{"name":"Oxfordshire - Northamptonshire"}},{"type":"Feature","geometry":{"type":"LineString","coordinates":[[-1.3795,52.0919],[-1.3578,52.0952],[-1.3511,52.1044],[-1.3736,52.1183],[-1.3414,52.1344],[-1.3337,52.1522],[-1.3212,52.1615]]},"properties":{"name":"Warwickshire - Oxfordshire"}},{"type":"Feature","geometry":{"type":"LineString","coordinates":[[-1.4262,52.1088],[-1.4075,52.1077],[-1.3795,52.0919]]},"properties":{"name":"Warwickshire - Oxfordshire"}},{"type":"Feature","geometry":{"type":"LineString","coordinates":[[-1.604,51.9549],[-1.5934,51.9558],[-1.5862,51.9672],[-1.5498,51.9691],[-1.5456,51.9847],[-1.5181,51.9883],[-1.4959,52.0405],[-1.4953,52.0607],[-1.4751,52.0766],[-1.4703,52.0886],[-1.4406,52.0908],[-1.4375,52.1075],[-1.4262,52.1088]]},"properties":{"name":"Warwickshire - Oxfordshire"}},{"type":"Feature","geometry":{"type":"LineString","coordinates":[[-1.6525,51.9839],[-1.604,51.9549]]},"properties":{"name":"Warwickshire - Oxfordshire"}},{"type":"Feature","geometry":{"type":"LineString","coordinates":[[-2.4609,52.0197],[-2.4414,52.0133],[-2.4295,51.9944],[-2.4131,51.9894]]},"properties":{"name":"Herefordshire - Gloucestershire"}},{"type":"Feature","geometry":{"type":"LineString","coordinates":[[-2.5197,51.8588],[-2.5058,51.8799],[-2.4703,51.8827],[-2.4345,51.8966],[-2.4309,51.9036],[-2.4339,51.9155],[-2.4548,51.9299],[-2.4603,51.9477],[-2.4814,51.958],[-2.4789,51.9749],[-2.4675,51.9866],[-2.4722,51.9972],[-2.4609,52.0197]]},"properties":{"name":"Herefordshire - Gloucestershire"}},{"type":"Feature","geometry":{"type":"LineString","coordinates":[[-2.4131,51.9894],[-2.3933,51.9947],[-2.3689,52.0122],[-2.3516,52.0139]]},"properties":{"name":"Herefordshire - Gloucestershire"}},{"type":"Feature","geometry":{"type":"LineString","coordinates":[[-2.5506,51.8616],[-2.5197,51.8588]]},"properties":{"name":"Herefordshire - Gloucestershire"}},{"type":"Feature","geometry":{"type":"LineString","coordinates":[[-2.5855,51.8446],[-2.5786,51.8544],[-2.5506,51.8616]]},"properties":{"name":"Herefordshire - Gloucestershire"}},{"type":"Feature","geometry":{"type":"LineString","coordinates":[[-2.6295,51.8535],[-2.62,51.8377]]},"properties":{"name":"Herefordshire - Gloucestershire"}},{"type":"Feature","geometry":{"type":"LineString","coordinates":[[-2.6485,51.8214],[-2.642,51.8472],[-2.6295,51.8535]]},"properties":{"name":"Herefordshire - Gloucestershire"}},{"type":"Feature","geometry":{"type":"LineString","coordinates":[[-2.5981,51.8466],[-2.5855,51.8446]]},"properties":{"name":"Herefordshire - Gloucestershire"}},{"type":"Feature","geometry":{"type":"LineString","coordinates":[[-2.62,51.8377],[-2.5981,51.8466]]},"properties":{"name":"Herefordshire - Gloucestershire"}},{"type":"Feature","geometry":{"type":"LineString","coordinates":[[-2.6409,52.3322],[-2.643,52.3227],[-2.6314,52.2919],[-2.616,52.2777],[-2.6185,52.2521],[-2.607,52.2417]]},"properties":{"name":"Worcestershire - Herefordshire"}},{"type":"Feature","geometry":{"type":"LineString","coordinates":[[-2.4745,52.2649],[-2.4475,52.2585],[-2.4604,52.2366],[-2.4578,52.2302],[-2.4154,52.2199],[-2.4064,52.2058],[-2.4102,52.1569],[-2.4051,52.1427],[-2.3922,52.1312],[-2.3601,52.1221],[-2.3498,52.1067],[-2.3516,52.0139]]},"properties":{"name":"Worcestershire - Herefordshire"}},{"type":"Feature","geometry":{"type":"LineString","coordinates":[[-2.607,52.2417],[-2.5273,52.243],[-2.4887,52.2649],[-2.4745,52.2649]]},"properties":{"name":"Worcestershire - Herefordshire"}},{"type":"Feature","geometry":{"type":"LineString","coordinates":[[-2.695,52.3036],[-2.7461,52.3244],[-2.7278,52.341],[-2.732,52.3513],[-2.7814,52.3527],[-2.8034,52.3802],[-2.8389,52.3913]]},"properties":{"name":"Herefordshire - Shropshire"}},{"type":"Feature","geometry":{"type":"LineString","coordinates":[[-2.8389,52.3913],[-2.872,52.3752]]},"properties":{"name":"Herefordshire - Shropshire"}},{"type":"Feature","geometry":{"type":"LineString","coordinates":[[-2.872,52.3752],[-2.9022,52.3808]]},"properties":{"name":"Herefordshire - Shropshire"}},{"type":"Feature","geometry":{"type":"LineString","coordinates":[[-2.9022,52.3808],[-2.9048,52.3738],[-2.895,52.3622],[-2.917,52.3572],[-2.9328,52.3447],[-2.9574,52.3412]]},"properties":{"name":"Herefordshire - Shropshire"}},{"type":"Feature","geometry":{"type":"LineString","coordinates":[[-2.6409,52.3322],[-2.6525,52.3361]]},"properties":{"name":"Herefordshire - Shropshire"}},{"type":"Feature","geometry":{"type":"LineString","coordinates":[[-2.6525,52.3361],[-2.6653,52.3297],[-2.6751,52.3063],[-2.695,52.3036]]},"properties":{"name":"Herefordshire - Shropshire"}},{"type":"Feature","geometry":{"type":"LineString","coordinates":[[-2.69,53.4716],[-2.752,53.5111]]},"properties":{"name":"Merseyside - Wigan"}},{"type":"Feature","geometry":{"type":"LineString","coordinates":[[-2.6495,53.4724],[-2.6751,53.4808]]},"properties":{"name":"Merseyside - Wigan"}},{"type":"Feature","geometry":{"type":"LineString","coordinates":[[-2.6751,53.4808],[-2.69,53.4716]]},"properties":{"name":"Merseyside - Wigan"}},{"type":"Feature","geometry":{"type":"LineString","coordinates":[[-2.5664,53.4356],[-2.5997,53.4583],[-2.6039,53.4724]]},"properties":{"name":"Merseyside - Wigan"}},{"type":"Feature","geometry":{"type":"LineString","coordinates":[[-2.6039,53.4724],[-2.6495,53.4724]]},"properties":{"name":"Merseyside - Wigan"}},{"type":"Feature","geometry":{"type":"LineString","coordinates":[[-2.0168,53.3704],[-2.0045,53.3741],[-1.9814,53.3983],[-2.0117,53.4125]]},"properties":{"name":"Stockport - Derbyshire"}},{"type":"Feature","geometry":{"type":"LineString","coordinates":[[-2.6662,53.441],[-2.6397,53.4405],[-2.6161,53.4305]]},"properties":{"name":"Merseyside - Warrington"}},{"type":"Feature","geometry":{"type":"LineString","coordinates":[[-2.6806,53.3788],[-2.6481,53.3913],[-2.645,53.4016],[-2.662,53.4102],[-2.6625,53.4227],[-2.6709,53.4311],[-2.6662,53.441]]},"properties":{"name":"Merseyside - Warrington"}},{"type":"Feature","geometry":{"type":"LineString","coordinates":[[-2.6161,53.4305],[-2.5664,53.4356]]},"properties":{"name":"Merseyside - Warrington"}},{"type":"Feature","geometry":{"type":"LineString","coordinates":[[-2.485,53.4622],[-2.5222,53.4624]]},"properties":{"name":"Warrington - Wigan"}},{"type":"Feature","geometry":{"type":"LineString","coordinates":[[-2.5222,53.4624],[-2.5664,53.4356]]},"properties":{"name":"Warrington - Wigan"}},{"type":"Feature","geometry":{"type":"LineString","coordinates":[[-1.032,51.3547],[-1.0603,51.3732],[-1.0775,51.3763]]},"properties":{"name":"Hampshire - West Berkshire"}},{"type":"Feature","geometry":{"type":"LineString","coordinates":[[-1.0775,51.3763],[-1.1111,51.3713],[-1.1106,51.3574],[-1.12,51.3547]]},"properties":{"name":"Hampshire - West Berkshire"}},{"type":"Feature","geometry":{"type":"LineString","coordinates":[[-1.12,51.3547],[-1.2453,51.3689],[-1.3995,51.3705]]},"properties":{"name":"Hampshire - West Berkshire"}},{"type":"Feature","geometry":{"type":"LineString","coordinates":[[-1.3995,51.3705],[-1.4367,51.3524],[-1.4276,51.3402],[-1.4331,51.3347],[-1.487,51.3324]]},"properties":{"name":"Hampshire - West Berkshire"}},{"type":"Feature","geometry":{"type":"LineString","coordinates":[[-0.9667,51.3572],[-0.9964,51.3622]]},"properties":{"name":"Hampshire - Wokingham"}},{"type":"Feature","geometry":{"type":"LineString","coordinates":[[-0.9964,51.3622],[-1.032,51.3547]]},"properties":{"name":"Hampshire - Wokingham"}},{"type":"Feature","geometry":{"type":"LineString","coordinates":[[-0.8529,51.3501],[-0.9192,51.3602]]},"properties":{"name":"Hampshire - Wokingham"}},{"type":"Feature","geometry":{"type":"LineString","coordinates":[[-0.9192,51.3602],[-0.9667,51.3572]]},"properties":{"name":"Hampshire - Wokingham"}},{"type":"Feature","geometry":{"type":"LineString","coordinates":[[-0.7653,51.3313],[-0.8197,51.3488],[-0.8529,51.3501]]},"properties":{"name":"Hampshire - Bracknell Forest"}},{"type":"Feature","geometry":{"type":"LineString","coordinates":[[-0.8463,51.5425],[-0.8822,51.551]]},"properties":{"name":"Wokingham - Buckinghamshire"}},{"type":"Feature","geometry":{"type":"LineString","coordinates":[[-0.8822,51.551],[-0.8871,51.5481]]},"properties":{"name":"Wokingham - Buckinghamshire"}},{"type":"Feature","geometry":{"type":"LineString","coordinates":[[-0.6617,51.4916],[-0.7013,51.5071],[-0.6856,51.5493],[-0.6968,51.5592],[-0.719,51.5633]]},"properties":{"name":"Royal Borough of Windsor and Maidenhead - Buckinghamshire"}},{"type":"Feature","geometry":{"type":"LineString","coordinates":[[-0.719,51.5633],[-0.7607,51.5555]]},"properties":{"name":"Royal Borough of Windsor and Maidenhead - Buckinghamshire"}},{"type":"Feature","geometry":{"type":"LineString","coordinates":[[-0.7607,51.5555],[-0.7743,51.5568]]},"properties":{"name":"Royal Borough of Windsor and Maidenhead - Buckinghamshire"}},{"type":"Feature","geometry":{"type":"LineString","coordinates":[[-0.7743,51.5568],[-0.8463,51.5425]]},"properties":{"name":"Royal Borough of Windsor and Maidenhead - Buckinghamshire"}},{"type":"Feature","geometry":{"type":"LineString","coordinates":[[-0.6362,51.4937],[-0.6617,51.4916]]},"properties":{"name":"Royal Borough of Windsor and Maidenhead - Buckinghamshire"}},{"type":"Feature","geometry":{"type":"LineString","coordinates":[[-0.5856,51.5205],[-0.6167,51.5302]]},"properties":{"name":"Slough - Buckinghamshire"}},{"type":"Feature","geometry":{"type":"LineString","coordinates":[[-0.6167,51.5302],[-0.6445,51.5263],[-0.6497,51.52],[-0.6362,51.4937]]},"properties":{"name":"Slough - Buckinghamshire"}},{"type":"Feature","geometry":{"type":"LineString","coordinates":[[-0.5576,51.5041],[-0.5614,51.5219],[-0.5686,51.5271]]},"properties":{"name":"Slough - Buckinghamshire"}},{"type":"Feature","geometry":{"type":"LineString","coordinates":[[-0.5686,51.5271],[-0.5856,51.5205]]},"properties":{"name":"Slough - Buckinghamshire"}},{"type":"Feature","geometry":{"type":"LineString","coordinates":[[-0.5128,51.4758],[-0.5236,51.5063]]},"properties":{"name":"Slough - Buckinghamshire"}},{"type":"Feature","geometry":{"type":"LineString","coordinates":[[-0.5236,51.5063],[-0.5576,51.5041]]},"properties":{"name":"Slough - Buckinghamshire"}},{"type":"Feature","geometry":{"type":"LineString","coordinates":[[-0.9872,51.4531],[-1.0416,51.4822],[-1.0811,51.4891]]},"properties":{"name":"Reading - Oxfordshire"}},{"type":"Feature","geometry":{"type":"LineString","coordinates":[[-0.9645,51.4547],[-0.9872,51.4531]]},"properties":{"name":"Reading - Oxfordshire"}},{"type":"Feature","geometry":{"type":"LineString","coordinates":[[-1.2644,51.5324],[-1.3073,51.5533]]},"properties":{"name":"West Berkshire - Oxfordshire"}},{"type":"Feature","geometry":{"type":"LineString","coordinates":[[-1.3073,51.5533],[-1.3389,51.5372]]},"properties":{"name":"West Berkshire - Oxfordshire"}},{"type":"Feature","geometry":{"type":"LineString","coordinates":[[-1.4489,51.5327],[-1.4867,51.5469],[-1.5342,51.5505]]},"properties":{"name":"West Berkshire - Oxfordshire"}},{"type":"Feature","geometry":{"type":"LineString","coordinates":[[-1.5342,51.5505],[-1.5675,51.5458],[-1.5845,51.5174]]},"properties":{"name":"West Berkshire - Oxfordshire"}},{"type":"Feature","geometry":{"type":"LineString","coordinates":[[-1.3389,51.5372],[-1.3656,51.5449]]},"properties":{"name":"West Berkshire - Oxfordshire"}},{"type":"Feature","geometry":{"type":"LineString","coordinates":[[-1.3656,51.5449],[-1.3881,51.536]]},"properties":{"name":"West Berkshire - Oxfordshire"}},{"type":"Feature","geometry":{"type":"LineString","coordinates":[[-1.3881,51.536],[-1.4184,51.5402]]},"properties":{"name":"West Berkshire - Oxfordshire"}},{"type":"Feature","geometry":{"type":"LineString","coordinates":[[-1.4184,51.5402],[-1.4489,51.5327]]},"properties":{"name":"West Berkshire - Oxfordshire"}},{"type":"Feature","geometry":{"type":"LineString","coordinates":[[-1.1842,51.523],[-1.2269,51.5333]]},"properties":{"name":"West Berkshire - Oxfordshire"}},{"type":"Feature","geometry":{"type":"LineString","coordinates":[[-1.2269,51.5333],[-1.2644,51.5324]]},"properties":{"name":"West Berkshire - Oxfordshire"}},{"type":"Feature","geometry":{"type":"LineString","coordinates":[[-1.0811,51.4891],[-1.1232,51.5031],[-1.1466,51.5305]]},"properties":{"name":"West Berkshire - Oxfordshire"}},{"type":"Feature","geometry":{"type":"LineString","coordinates":[[-1.1466,51.5305],[-1.1842,51.523]]},"properties":{"name":"West Berkshire - Oxfordshire"}},{"type":"Feature","geometry":{"type":"LineString","coordinates":[[-0.8871,51.5481],[-0.8732,51.5075],[-0.8805,51.4975],[-0.9069,51.4764],[-0.9645,51.4547]]},"properties":{"name":"Wokingham - Oxfordshire"}},{"type":"Feature","geometry":{"type":"LineString","coordinates":[[-0.3844,51.4137],[-0.4003,51.4249],[-0.4317,51.4302],[-0.4403,51.438],[-0.4414,51.4539]]},"properties":{"name":"Surrey - Hounslow"}},{"type":"Feature","geometry":{"type":"LineString","coordinates":[[-0.3067,51.3844],[-0.3117,51.3924],[-0.3492,51.3985],[-0.3844,51.4137]]},"properties":{"name":"Surrey - Richmond upon Thames"}},{"type":"Feature","geometry":{"type":"LineString","coordinates":[[0.0627,51.1358],[0.0213,51.1358]]},"properties":{"name":"East Sussex - Surrey"}},{"type":"Feature","geometry":{"type":"LineString","coordinates":[[-0.7653,51.3313],[-0.7297,51.2916],[-0.7253,51.2696],[-0.7311,51.2438],[-0.7484,51.2316]]},"properties":{"name":"Surrey - Hampshire"}},{"type":"Feature","geometry":{"type":"LineString","coordinates":[[-0.7484,51.2316],[-0.7995,51.2391]]},"properties":{"name":"Surrey - Hampshire"}},{"type":"Feature","geometry":{"type":"LineString","coordinates":[[-0.7995,51.2391],[-0.8164,51.2369],[-0.8292,51.226],[-0.84,51.2039],[-0.8245,51.1827],[-0.8236,51.1516],[-0.7909,51.1469],[-0.78,51.1235],[-0.747,51.1113],[-0.7442,51.1041],[-0.7537,51.0887]]},"properties":{"name":"Surrey - Hampshire"}},{"type":"Feature","geometry":{"type":"LineString","coordinates":[[-0.1192,51.1344],[-0.1361,51.138],[-0.1414,51.1522],[-0.182,51.1613]]},"properties":{"name":"West Sussex - Surrey"}},{"type":"Feature","geometry":{"type":"LineString","coordinates":[[-0.182,51.1613],[-0.3025,51.1166],[-0.3517,51.115],[-0.4206,51.0969],[-0.4756,51.0952],[-0.5031,51.0858]]},"properties":{"name":"West Sussex - Surrey"}},{"type":"Feature","geometry":{"type":"LineString","coordinates":[[-0.0534,51.1352],[-0.0761,51.1413]]},"properties":{"name":"West Sussex - Surrey"}},{"type":"Feature","geometry":{"type":"LineString","coordinates":[[-0.0761,51.1413],[-0.1192,51.1344]]},"properties":{"name":"West Sussex - Surrey"}},{"type":"Feature","geometry":{"type":"LineString","coordinates":[[0.0213,51.1358],[0.0,51.1365]]},"properties":{"name":"West Sussex - Surrey"}},{"type":"Feature","geometry":{"type":"LineString","coordinates":[[0.0,51.1365],[-0.0534,51.1352]]},"properties":{"name":"West Sussex - Surrey"}},{"type":"Feature","geometry":{"type":"LineString","coordinates":[[-0.5031,51.0858],[-0.5212,51.0888]]},"properties":{"name":"West Sussex - Surrey"}},{"type":"Feature","geometry":{"type":"LineString","coordinates":[[-0.5212,51.0888],[-0.5414,51.0791],[-0.6017,51.0761]]},"properties":{"name":"West Sussex - Surrey"}},{"type":"Feature","geometry":{"type":"LineString","coordinates":[[-0.6881,51.0708],[-0.7311,51.078],[-0.7537,51.0887]]},"properties":{"name":"West Sussex - Surrey"}},{"type":"Feature","geometry":{"type":"LineString","coordinates":[[-0.6017,51.0761],[-0.6267,51.0844]]},"properties":{"name":"West Sussex - Surrey"}},{"type":"Feature","geometry":{"type":"LineString","coordinates":[[-0.6267,51.0844],[-0.6881,51.0708]]},"properties":{"name":"West Sussex - Surrey"}},{"type":"Feature","geometry":{"type":"LineString","coordinates":[[0.0544,51.2899],[0.0639,51.2422],[0.0444,51.2099],[0.0603,51.1816],[0.0566,51.168],[0.0627,51.1358]]},"properties":{"name":"Kent - Surrey"}},{"type":"Feature","geometry":{"type":"LineString","coordinates":[[-0.2195,51.3283],[-0.2181,51.353],[-0.2431,51.3736]]},"properties":{"name":"Surrey - Sutton"}},{"type":"Feature","geometry":{"type":"LineString","coordinates":[[-0.1637,51.3196],[-0.1784,51.3391],[-0.1886,51.3397]]},"properties":{"name":"Surrey - Sutton"}},{"type":"Feature","geometry":{"type":"LineString","coordinates":[[-0.1886,51.3397],[-0.2195,51.3283]]},"properties":{"name":"Surrey - Sutton"}},{"type":"Feature","geometry":{"type":"LineString","coordinates":[[-0.5128,51.4758],[-0.4972,51.4778]]},"properties":{"name":"Buckinghamshire - Surrey"}},{"type":"Feature","geometry":{"type":"LineString","coordinates":[[-0.4414,51.4539],[-0.4737,51.4588],[-0.4972,51.4778]]},"properties":{"name":"Surrey - Hillingdon"}},{"type":"Feature","geometry":{"type":"LineString","coordinates":[[0.0131,51.3207],[0.0,51.3295],[-0.0267,51.3308]]},"properties":{"name":"Surrey - Croydon"}},{"type":"Feature","geometry":{"type":"LineString","coordinates":[[-0.0267,51.3308],[-0.0467,51.3155]]},"properties":{"name":"Surrey - Croydon"}},{"type":"Feature","geometry":{"type":"LineString","coordinates":[[-0.1281,51.2891],[-0.1511,51.303],[-0.1637,51.3196]]},"properties":{"name":"Surrey - Croydon"}},{"type":"Feature","geometry":{"type":"LineString","coordinates":[[-0.0467,51.3155],[-0.0656,51.3163]]},"properties":{"name":"Surrey - Croydon"}},{"type":"Feature","geometry":{"type":"LineString","coordinates":[[-0.0656,51.3163],[-0.0847,51.311],[-0.102,51.2927],[-0.1281,51.2891]]},"properties":{"name":"Surrey - Croydon"}},{"type":"Feature","geometry":{"type":"LineString","coordinates":[[-0.3067,51.3844],[-0.2981,51.3705],[-0.315,51.3471],[-0.3122,51.3241]]},"properties":{"name":"Kingston upon Thames - Surrey"}},{"type":"Feature","geometry":{"type":"LineString","coordinates":[[-0.3122,51.3241],[-0.2934,51.3289],[-0.2683,51.3616],[-0.2431,51.3736]]},"properties":{"name":"Kingston upon Thames - Surrey"}},{"type":"Feature","geometry":{"type":"LineString","coordinates":[[0.0131,51.3207],[0.0225,51.2897]]},"properties":{"name":"Bromley - Surrey"}},{"type":"Feature","geometry":{"type":"LineString","coordinates":[[0.0483,51.295],[0.0544,51.2899]]},"properties":{"name":"Bromley - Surrey"}},{"type":"Feature","geometry":{"type":"LineString","coordinates":[[0.0225,51.2897],[0.0483,51.295]]},"properties":{"name":"Bromley - Surrey"}},{"type":"Feature","geometry":{"type":"LineString","coordinates":[[-0.6987,51.3669],[-0.7209,51.3638],[-0.7653,51.3313]]},"properties":{"name":"Surrey - Bracknell Forest"}},{"type":"Feature","geometry":{"type":"LineString","coordinates":[[-0.5757,51.4456],[-0.5989,51.4036],[-0.6198,51.3877],[-0.6581,51.3822],[-0.6987,51.3669]]},"properties":{"name":"Surrey - Royal Borough of Windsor and Maidenhead"}},{"type":"Feature","geometry":{"type":"LineString","coordinates":[[-0.5128,51.4758],[-0.5212,51.4502],[-0.5184,51.4394],[-0.5316,51.4337]]},"properties":{"name":"Surrey - Slough"}},{"type":"Feature","geometry":{"type":"LineString","coordinates":[[-0.5316,51.4337],[-0.5757,51.4456]]},"properties":{"name":"Surrey - Slough"}},{"type":"Feature","geometry":{"type":"LineString","coordinates":[[-2.4466,53.7726],[-2.4181,53.7655],[-2.3566,53.6646]]},"properties":{"name":"Lancashire - Blackburn with Darwen"}},{"type":"Feature","geometry":{"type":"LineString","coordinates":[[-2.5044,53.627],[-2.5265,53.6535],[-2.5256,53.738],[-2.4963,53.7619],[-2.4466,53.7726]]},"properties":{"name":"Lancashire - Blackburn with Darwen"}},{"type":"Feature","geometry":{"type":"LineString","coordinates":[[-1.6833,51.6786],[-1.7011,51.681]]},"properties":{"name":"Swindon - Gloucestershire"}},{"type":"Feature","geometry":{"type":"LineString","coordinates":[[-1.7011,51.681],[-1.7245,51.6627],[-1.7497,51.6588]]},"properties":{"name":"Swindon - Gloucestershire"}},{"type":"Feature","geometry":{"type":"LineString","coordinates":[[-1.6833,51.6786],[-1.6839,51.6505],[-1.6545,51.6319],[-1.6597,51.6111],[-1.6778,51.5997],[-1.6753,51.5727],[-1.6684,51.568]]},"properties":{"name":"Oxfordshire - Swindon"}},{"type":"Feature","geometry":{"type":"LineString","coordinates":[[-1.6467,51.5685],[-1.6028,51.5202],[-1.5845,51.5174]]},"properties":{"name":"Oxfordshire - Swindon"}},{"type":"Feature","geometry":{"type":"LineString","coordinates":[[-1.6684,51.568],[-1.6467,51.5685]]},"properties":{"name":"Oxfordshire - Swindon"}},{"type":"Feature","geometry":{"type":"LineString","coordinates":[[-1.5845,51.5174],[-1.5804,51.503]]},"properties":{"name":"West Berkshire - Swindon"}},{"type":"Feature","geometry":{"type":"LineString","coordinates":[[-2.2901,51.3249],[-2.3458,51.2999],[-2.405,51.2994],[-2.4231,51.2822],[-2.4581,51.273]]},"properties":{"name":"Somerset - Bath and North East Somerset"}},{"type":"Feature","geometry":{"type":"LineString","coordinates":[[-2.6209,51.283],[-2.6339,51.2885],[-2.6392,51.2986],[-2.6628,51.3027],[-2.6684,51.3119],[-2.7127,51.3198]]},"properties":{"name":"Somerset - Bath and North East Somerset"}},{"type":"Feature","geometry":{"type":"LineString","coordinates":[[-2.4581,51.273],[-2.4884,51.2758],[-2.4931,51.2894],[-2.5395,51.2999]]},"properties":{"name":"Somerset - Bath and North East Somerset"}},{"type":"Feature","geometry":{"type":"LineString","coordinates":[[-2.5395,51.2999],[-2.567,51.296],[-2.5914,51.283],[-2.6209,51.283]]},"properties":{"name":"Somerset - Bath and North East Somerset"}},{"type":"Feature","geometry":{"type":"LineString","coordinates":[[-2.5227,51.4188],[-2.5395,51.3935],[-2.5623,51.3801],[-2.6065,51.3801]]},"properties":{"name":"Bath and North East Somerset - Bristol"}},{"type":"Feature","geometry":{"type":"LineString","coordinates":[[-2.6065,51.3801],[-2.6335,51.3821]]},"properties":{"name":"Bath and North East Somerset - Bristol"}},{"type":"Feature","geometry":{"type":"LineString","coordinates":[[-2.6335,51.3821],[-2.6466,51.3493],[-2.6801,51.3413]]},"properties":{"name":"Bath and North East Somerset - North Somerset"}},{"type":"Feature","geometry":{"type":"LineString","coordinates":[[-2.6801,51.3413],[-2.7015,51.3534]]},"properties":{"name":"Bath and North East Somerset - North Somerset"}},{"type":"Feature","geometry":{"type":"LineString","coordinates":[[-2.7015,51.3534],[-2.7095,51.3534],[-2.7149,51.3426],[-2.7127,51.3198]]},"properties":{"name":"Bath and North East Somerset - North Somerset"}},{"type":"Feature","geometry":{"type":"LineString","coordinates":[[-2.2807,51.4203],[-2.3977,51.4029]]},"properties":{"name":"Bath and North East Somerset - South Gloucestershire"}},{"type":"Feature","geometry":{"type":"LineString","coordinates":[[-2.474,51.4042],[-2.5034,51.4055],[-2.5227,51.4188]]},"properties":{"name":"Bath and North East Somerset - South Gloucestershire"}},{"type":"Feature","geometry":{"type":"LineString","coordinates":[[-2.3977,51.4029],[-2.4418,51.4042]]},"properties":{"name":"Bath and North East Somerset - South Gloucestershire"}},{"type":"Feature","geometry":{"type":"LineString","coordinates":[[-2.4418,51.4042],[-2.474,51.4042]]},"properties":{"name":"Bath and North East Somerset - South Gloucestershire"}},{"type":"Feature","geometry":{"type":"LineString","coordinates":[[-1.8061,51.698],[-1.7959,51.6944],[-1.7774,51.6604],[-1.7583,51.6574]]},"properties":{"name":"Gloucestershire - Wiltshire"}},{"type":"Feature","geometry":{"type":"LineString","coordinates":[[-1.8328,51.6566],[-1.8167,51.6697],[-1.8061,51.698]]},"properties":{"name":"Gloucestershire - Wiltshire"}},{"type":"Feature","geometry":{"type":"LineString","coordinates":[[-1.8664,51.6733],[-1.8328,51.6566]]},"properties":{"name":"Gloucestershire - Wiltshire"}},{"type":"Feature","geometry":{"type":"LineString","coordinates":[[-1.8748,51.6408],[-1.8692,51.6463],[-1.8872,51.6624],[-1.8881,51.6725],[-1.8664,51.6733]]},"properties":{"name":"Gloucestershire - Wiltshire"}},{"type":"Feature","geometry":{"type":"LineString","coordinates":[[-2.0573,51.6641],[-1.9881,51.6458],[-1.9684,51.6344]]},"properties":{"name":"Gloucestershire - Wiltshire"}},{"type":"Feature","geometry":{"type":"LineString","coordinates":[[-2.1489,51.5894],[-2.1011,51.6202],[-2.0573,51.6641]]},"properties":{"name":"Gloucestershire - Wiltshire"}},{"type":"Feature","geometry":{"type":"LineString","coordinates":[[-1.94,51.663],[-1.8748,51.6408]]},"properties":{"name":"Gloucestershire - Wiltshire"}},{"type":"Feature","geometry":{"type":"LineString","coordinates":[[-1.9684,51.6344],[-1.9487,51.6399],[-1.9495,51.6602],[-1.94,51.663]]},"properties":{"name":"Gloucestershire - Wiltshire"}},{"type":"Feature","geometry":{"type":"LineString","coordinates":[[-1.7583,51.6574],[-1.7497,51.6588]]},"properties":{"name":"Gloucestershire - Wiltshire"}},{"type":"Feature","geometry":{"type":"LineString","coordinates":[[-2.1917,51.5983],[-2.1489,51.5894]]},"properties":{"name":"Gloucestershire - Wiltshire"}},{"type":"Feature","geometry":{"type":"LineString","coordinates":[[-2.2716,51.5772],[-2.24,51.5791],[-2.1917,51.5983]]},"properties":{"name":"Gloucestershire - Wiltshire"}},{"type":"Feature","geometry":{"type":"LineString","coordinates":[[-1.5384,51.2449],[-1.5278,51.2524],[-1.5392,51.2755],[-1.52,51.3025],[-1.5267,51.3297],[-1.487,51.3324]]},"properties":{"name":"Wiltshire - Hampshire"}},{"type":"Feature","geometry":{"type":"LineString","coordinates":[[-1.5797,51.2577],[-1.5384,51.2449]]},"properties":{"name":"Wiltshire - Hampshire"}},{"type":"Feature","geometry":{"type":"LineString","coordinates":[[-1.6281,51.2341],[-1.6,51.2524],[-1.5797,51.2577]]},"properties":{"name":"Wiltshire - Hampshire"}},{"type":"Feature","geometry":{"type":"LineString","coordinates":[[-1.6806,51.24],[-1.6281,51.2341]]},"properties":{"name":"Wiltshire - Hampshire"}},{"type":"Feature","geometry":{"type":"LineString","coordinates":[[-1.655,50.9502],[-1.6106,50.9597],[-1.5997,50.9769],[-1.6214,50.9947],[-1.5967,51.0175],[-1.6028,51.0263],[-1.622,51.0341],[-1.6203,51.0541],[-1.6314,51.0861],[-1.622,51.1082],[-1.6289,51.1172],[-1.6528,51.1263],[-1.6478,51.15],[-1.655,51.1713],[-1.6853,51.2052],[-1.6965,51.2366],[-1.6806,51.24]]},"properties":{"name":"Wiltshire - Hampshire"}},{"type":"Feature","geometry":{"type":"LineString","coordinates":[[-1.8376,51.0091],[-1.8108,50.9927],[-1.6981,50.975],[-1.655,50.9502]]},"properties":{"name":"Wiltshire - Hampshire"}},{"type":"Feature","geometry":{"type":"LineString","coordinates":[[-1.8578,50.9947],[-1.8473,51.0072],[-1.8376,51.0091]]},"properties":{"name":"Wiltshire - Hampshire"}},{"type":"Feature","geometry":{"type":"LineString","coordinates":[[-1.8689,51.0058],[-1.8647,51.0041],[-1.8686,50.9961],[-1.8578,50.9947]]},"properties":{"name":"Wiltshire - Hampshire"}},{"type":"Feature","geometry":{"type":"LineString","coordinates":[[-1.9501,50.9883],[-1.9264,50.9995],[-1.8689,51.0058]]},"properties":{"name":"Wiltshire - Hampshire"}},{"type":"Feature","geometry":{"type":"LineString","coordinates":[[-2.2803,51.3266],[-2.267,51.3163],[-2.2747,51.3066],[-2.2711,51.2958],[-2.2428,51.2852],[-2.2362,51.2641],[-2.2525,51.2447],[-2.2662,51.2088],[-2.3489,51.1177],[-2.3475,51.0949],[-2.3217,51.0833]]},"properties":{"name":"Wiltshire - Somerset"}},{"type":"Feature","geometry":{"type":"LineString","coordinates":[[-2.2901,51.3249],[-2.2803,51.3266]]},"properties":{"name":"Wiltshire - Somerset"}},{"type":"Feature","geometry":{"type":"LineString","coordinates":[[-2.0992,50.9558],[-2.1234,50.9811],[-2.1442,50.986],[-2.1942,51.0438],[-2.2242,51.0655],[-2.3217,51.0833]]},"properties":{"name":"Dorset - Wiltshire"}},{"type":"Feature","geometry":{"type":"LineString","coordinates":[[-1.9501,50.9883],[-1.9703,50.9927]]},"properties":{"name":"Dorset - Wiltshire"}},{"type":"Feature","geometry":{"type":"LineString","coordinates":[[-1.9703,50.9927],[-1.9962,50.9775],[-2.0334,50.9716],[-2.0589,50.9599],[-2.0992,50.9558]]},"properties":{"name":"Dorset - Wiltshire"}},{"type":"Feature","geometry":{"type":"LineString","coordinates":[[-2.3109,51.48],[-2.3206,51.4838],[-2.3133,51.4938],[-2.2453,51.5186],[-2.262,51.5472],[-2.2614,51.5677],[-2.2716,51.5772]]},"properties":{"name":"South Gloucestershire - Wiltshire"}},{"type":"Feature","geometry":{"type":"LineString","coordinates":[[-2.2807,51.4203],[-2.2875,51.4597],[-2.2822,51.4749],[-2.287,51.4813]]},"properties":{"name":"South Gloucestershire - Wiltshire"}},{"type":"Feature","geometry":{"type":"LineString","coordinates":[[-2.287,51.4813],[-2.3109,51.48]]},"properties":{"name":"South Gloucestershire - Wiltshire"}},{"type":"Feature","geometry":{"type":"LineString","coordinates":[[-1.487,51.3324],[-1.4858,51.3438],[-1.497,51.3544],[-1.4981,51.3661],[-1.5334,51.3774],[-1.5634,51.4122],[-1.5533,51.4202],[-1.522,51.4258],[-1.5211,51.4341],[-1.5284,51.4513],[-1.5506,51.4614],[-1.5764,51.4888],[-1.5804,51.503]]},"properties":{"name":"Wiltshire - West Berkshire"}},{"type":"Feature","geometry":{"type":"LineString","coordinates":[[-1.7497,51.6588],[-1.7566,51.6422],[-1.8312,51.5659],[-1.8399,51.5234],[-1.8347,51.5078],[-1.8104,51.48],[-1.761,51.4627],[-1.7306,51.4601]]},"properties":{"name":"Swindon - Wiltshire"}},{"type":"Feature","geometry":{"type":"LineString","coordinates":[[-1.7306,51.4601],[-1.6977,51.4601],[-1.6005,51.4904],[-1.5804,51.503]]},"properties":{"name":"Swindon - Wiltshire"}},{"type":"Feature","geometry":{"type":"LineString","coordinates":[[-2.2807,51.4203],[-2.277,51.3991],[-2.287,51.3861],[-2.28,51.3724],[-2.3337,51.3469],[-2.2967,51.3402],[-2.2901,51.3249]]},"properties":{"name":"Wiltshire - Bath and North East Somerset"}},{"type":"Feature","geometry":{"type":"LineString","coordinates":[[-2.1514,53.6965],[-2.1492,53.7052],[-2.1598,53.7255],[-2.1214,53.7552],[-2.1206,53.7913],[-2.0956,53.8105],[-2.0473,53.8244],[-2.0326,53.8476]]},"properties":{"name":"Lancashire - Calderdale"}},{"type":"Feature","geometry":{"type":"LineString","coordinates":[[-1.8972,53.533],[-1.8708,53.5322],[-1.8161,53.5161]]},"properties":{"name":"Kirklees - Derbyshire"}},{"type":"Feature","geometry":{"type":"LineString","coordinates":[[-1.171,52.8723],[-1.1041,52.9189],[-1.103,52.9402],[-1.1162,52.9615],[-1.1355,52.9818],[-1.1609,52.995]]},"properties":{"name":"Nottingham - Nottinghamshire"}},{"type":"Feature","geometry":{"type":"LineString","coordinates":[[-1.1609,52.995],[-1.1923,52.992],[-1.2176,52.9696],[-1.2278,52.9443],[-1.2288,52.9159],[-1.2126,52.8926],[-1.2004,52.8794],[-1.171,52.8723]]},"properties":{"name":"Nottingham - Nottinghamshire"}},{"type":"Feature","geometry":{"type":"LineString","coordinates":[[-1.1221,52.5653],[-1.0642,52.5955],[-1.0567,52.6231],[-1.0718,52.6483],[-1.1196,52.6559]]},"properties":{"name":"Leicester - Leicestershire"}},{"type":"Feature","geometry":{"type":"LineString","coordinates":[[-1.1196,52.6559],[-1.1598,52.6559],[-1.1799,52.6382],[-1.1674,52.5753],[-1.1221,52.5653]]},"properties":{"name":"Leicester - Leicestershire"}},{"type":"Feature","geometry":{"type":"LineString","coordinates":[[-1.4316,52.8418],[-1.4057,52.872],[-1.3971,52.8925],[-1.4015,52.9098],[-1.4532,52.9346],[-1.4867,52.9378]]},"properties":{"name":"Derby - Derbyshire"}},{"type":"Feature","geometry":{"type":"LineString","coordinates":[[-1.4867,52.9378],[-1.5384,52.8979],[-1.546,52.8764],[-1.4942,52.8472],[-1.4316,52.8418]]},"properties":{"name":"Derby - Derbyshire"}},{"type":"Feature","geometry":{"type":"LineString","coordinates":[[4.1978,51.6379],[4.2802,51.6482]]},"properties":{"name":"Zuid-Holland - Noord-Brabant"}},{"type":"Feature","geometry":{"type":"LineString","coordinates":[[4.1307,51.6583],[4.197,51.6377]]},"properties":{"name":"Zuid-Holland - Zeeland"}},{"type":"Feature","geometry":{"type":"LineString","coordinates":[[4.1109,51.647],[4.1307,51.6583]]},"properties":{"name":"Zuid-Holland - Zeeland"}},{"type":"Feature","geometry":{"type":"LineString","coordinates":[[4.197,51.6377],[4.1978,51.6379]]},"properties":{"name":"Zuid-Holland - Zeeland"}},{"type":"Feature","geometry":{"type":"LineString","coordinates":[[-5.3045,56.6402],[-5.3045,56.6402]]},"properties":{"name":"Argyll and Bute - Highland"}},{"type":"Feature","geometry":{"type":"LineString","coordinates":[[-0.1025,51.5235],[-0.0874,51.5269]]},"properties":{"name":"Islington - City"}},{"type":"Feature","geometry":{"type":"LineString","coordinates":[[4.196,48.7107],[4.116,48.6928]]},"properties":{"name":"Aube - Marne"}},{"type":"Feature","geometry":{"type":"LineString","coordinates":[[4.116,48.6928],[4.0979,48.6959]]},"properties":{"name":"Aube - Marne"}},{"type":"Feature","geometry":{"type":"LineString","coordinates":[[4.0979,48.6959],[4.0786,48.6945],[4.0573,48.6673],[4.0096,48.6579],[3.8885,48.5776],[3.8692,48.5703],[3.8548,48.5502],[3.8484,48.5258]]},"properties":{"name":"Aube - Marne"}},{"type":"Feature","geometry":{"type":"LineString","coordinates":[[3.6002,48.5782],[3.5656,48.6148]]},"properties":{"name":"Aube - Marne"}},{"type":"Feature","geometry":{"type":"LineString","coordinates":[[3.5656,48.6148],[3.5378,48.6134]]},"properties":{"name":"Aube - Marne"}},{"type":"Feature","geometry":{"type":"LineString","coordinates":[[3.6356,48.5413],[3.6239,48.5791]]},"properties":{"name":"Aube - Marne"}},{"type":"Feature","geometry":{"type":"LineString","coordinates":[[3.6239,48.5791],[3.6002,48.5782]]},"properties":{"name":"Aube - Marne"}},{"type":"Feature","geometry":{"type":"LineString","coordinates":[[3.8484,48.5258],[3.7481,48.5402],[3.716,48.5687]]},"properties":{"name":"Aube - Marne"}},{"type":"Feature","geometry":{"type":"LineString","coordinates":[[3.716,48.5687],[3.7012,48.5558],[3.6356,48.5413]]},"properties":{"name":"Aube - Marne"}},{"type":"Feature","geometry":{"type":"LineString","coordinates":[[2.2354,48.8338],[2.2268,48.8528],[2.2332,48.8691],[2.2666,48.9011]]},"properties":{"name":"Hauts-de-Seine - Paris"}},{"type":"Feature","geometry":{"type":"LineString","coordinates":[[2.2548,48.8385],[2.2354,48.8338]]},"properties":{"name":"Hauts-de-Seine - Paris"}},{"type":"Feature","geometry":{"type":"LineString","coordinates":[[2.2666,48.9011],[2.3273,48.9307],[2.3298,48.9483],[2.3188,48.9581]]},"properties":{"name":"Hauts-de-Seine - Seine-Saint-Denis"}},{"type":"Feature","geometry":{"type":"LineString","coordinates":[[2.3188,48.9581],[2.2546,48.9449],[2.2139,48.9208],[2.1837,48.9129],[2.1516,48.8829]]},"properties":{"name":"Hauts-de-Seine - Val-d'Oise"}},{"type":"Feature","geometry":{"type":"LineString","coordinates":[[1.7241,49.0466],[1.705,49.0471],[1.6991,49.069],[1.6199,49.0826]]},"properties":{"name":"Yvelines - Val-d'Oise"}},{"type":"Feature","geometry":{"type":"LineString","coordinates":[[1.8812,48.9984],[1.8666,49.0183],[1.8505,49.0618],[1.8232,49.0725],[1.8026,49.0727]]},"properties":{"name":"Yvelines - Val-d'Oise"}},{"type":"Feature","geometry":{"type":"LineString","coordinates":[[1.8026,49.0727],[1.7241,49.0466]]},"properties":{"name":"Yvelines - Val-d'Oise"}},{"type":"Feature","geometry":{"type":"LineString","coordinates":[[2.0244,48.9428],[2.0083,48.9466],[2.0002,48.9598],[2.0077,48.9791],[1.99,49.0014],[1.9599,49.0139]]},"properties":{"name":"Yvelines - Val-d'Oise"}},{"type":"Feature","geometry":{"type":"LineString","coordinates":[[1.9599,49.0139],[1.8812,48.9984]]},"properties":{"name":"Yvelines - Val-d'Oise"}},{"type":"Feature","geometry":{"type":"LineString","coordinates":[[2.1516,48.8829],[2.1249,48.8862],[2.1217,48.9107],[2.1362,48.9385],[2.1723,48.96],[2.1774,48.985],[2.1453,48.9972],[2.0933,49.0002]]},"properties":{"name":"Yvelines - Val-d'Oise"}},{"type":"Feature","geometry":{"type":"LineString","coordinates":[[2.0933,49.0002],[2.0728,48.9952],[2.0417,48.9518],[2.0244,48.9428]]},"properties":{"name":"Yvelines - Val-d'Oise"}},{"type":"Feature","geometry":{"type":"LineString","coordinates":[[0.5924,49.4383],[0.5729,49.444],[0.5402,49.4732],[0.5019,49.4936]]},"properties":{"name":"Eure - Seine-Maritime"}},{"type":"Feature","geometry":{"type":"LineString","coordinates":[[0.5019,49.4936],[0.4932,49.4936]]},"properties":{"name":"Eure - Seine-Maritime"}},{"type":"Feature","geometry":{"type":"LineString","coordinates":[[0.6338,49.4446],[0.5924,49.4383]]},"properties":{"name":"Eure - Seine-Maritime"}},{"type":"Feature","geometry":{"type":"LineString","coordinates":[[-3.6385,48.6878],[-3.6382,48.6268],[-3.6318,48.6113],[-3.5784,48.5628],[-3.568,48.5407],[-3.5746,48.5145],[-3.5967,48.4872],[-3.5972,48.4737],[-3.5902,48.4673],[-3.5613,48.4605],[-3.5551,48.4512],[-3.5593,48.4307],[-3.578,48.4207]]},"properties":{"name":"C\u00f4tes-d'Armor - Finist\u00e8re"}},{"type":"Feature","geometry":{"type":"LineString","coordinates":[[-3.578,48.4207],[-3.5996,48.4212]]},"properties":{"name":"C\u00f4tes-d'Armor - Finist\u00e8re"}},{"type":"Feature","geometry":{"type":"LineString","coordinates":[[-3.5996,48.4212],[-3.613,48.4131],[-3.6136,48.3924],[-3.5668,48.3736],[-3.5563,48.337],[-3.523,48.2817],[-3.5299,48.2591],[-3.5542,48.2218],[-3.5432,48.1936],[-3.5649,48.1857]]},"properties":{"name":"C\u00f4tes-d'Armor - Finist\u00e8re"}},{"type":"Feature","geometry":{"type":"LineString","coordinates":[[-1.9824,48.2803],[-1.9615,48.3003],[-1.9655,48.3334],[-1.9615,48.3421],[-1.9367,48.3475],[-1.9318,48.3562],[-1.952,48.4298],[-1.9089,48.4894],[-1.9251,48.5448],[-1.9334,48.5504]]},"properties":{"name":"C\u00f4tes-d'Armor - Ille-et-Vilaine"}},{"type":"Feature","geometry":{"type":"LineString","coordinates":[[-1.9334,48.5504],[-1.9485,48.5383]]},"properties":{"name":"C\u00f4tes-d'Armor - Ille-et-Vilaine"}},{"type":"Feature","geometry":{"type":"LineString","coordinates":[[-2.066,48.2952],[-1.9824,48.2803]]},"properties":{"name":"C\u00f4tes-d'Armor - Ille-et-Vilaine"}},{"type":"Feature","geometry":{"type":"LineString","coordinates":[[-2.2873,48.1337],[-2.2319,48.1641],[-2.2178,48.2002],[-2.186,48.2226],[-2.1704,48.2558],[-2.1172,48.2608],[-2.066,48.2952]]},"properties":{"name":"C\u00f4tes-d'Armor - Ille-et-Vilaine"}},{"type":"Feature","geometry":{"type":"LineString","coordinates":[[1.0061,48.1307],[1.0189,48.1293],[1.0267,48.1192],[1.0363,48.0822],[1.0971,48.068],[1.1626,48.0127]]},"properties":{"name":"Eure-et-Loir - Loir-et-Cher"}},{"type":"Feature","geometry":{"type":"LineString","coordinates":[[0.8326,48.0945],[0.8673,48.1032],[0.9309,48.1055],[1.0061,48.1307]]},"properties":{"name":"Eure-et-Loir - Loir-et-Cher"}},{"type":"Feature","geometry":{"type":"LineString","coordinates":[[1.834,48.0821],[1.8726,48.0977],[1.8897,48.1153],[1.9185,48.1665],[1.9635,48.1784],[1.9713,48.1865],[1.9765,48.2005],[1.9651,48.2461],[1.9884,48.2767]]},"properties":{"name":"Eure-et-Loir - Loiret"}},{"type":"Feature","geometry":{"type":"LineString","coordinates":[[1.8094,48.0869],[1.834,48.0821]]},"properties":{"name":"Eure-et-Loir - Loiret"}},{"type":"Feature","geometry":{"type":"LineString","coordinates":[[1.7293,48.0667],[1.8094,48.0869]]},"properties":{"name":"Eure-et-Loir - Loiret"}},{"type":"Feature","geometry":{"type":"LineString","coordinates":[[1.6745,48.0745],[1.7293,48.0667]]},"properties":{"name":"Eure-et-Loir - Loiret"}},{"type":"Feature","geometry":{"type":"LineString","coordinates":[[1.5842,48.0326],[1.5994,48.0353],[1.6471,48.0724],[1.6745,48.0745]]},"properties":{"name":"Eure-et-Loir - Loiret"}},{"type":"Feature","geometry":{"type":"LineString","coordinates":[[1.553,48.0425],[1.5842,48.0326]]},"properties":{"name":"Eure-et-Loir - Loiret"}},{"type":"Feature","geometry":{"type":"LineString","coordinates":[[1.5159,48.0179],[1.5374,48.0405],[1.553,48.0425]]},"properties":{"name":"Eure-et-Loir - Loiret"}},{"type":"Feature","geometry":{"type":"LineString","coordinates":[[-1.1188,49.3462],[-1.1183,49.3266],[-1.1371,49.2981],[-1.1228,49.2762],[-1.0089,49.1974],[-0.9832,49.1961]]},"properties":{"name":"Calvados - Manche"}},{"type":"Feature","geometry":{"type":"LineString","coordinates":[[-0.9171,49.2115],[-0.9098,49.2023],[-0.9224,49.163],[-0.8843,49.1084],[-0.8708,49.0411],[-0.8626,49.0264],[-0.8948,49.0149],[-0.9508,48.971],[-0.9983,48.9513]]},"properties":{"name":"Calvados - Manche"}},{"type":"Feature","geometry":{"type":"LineString","coordinates":[[-0.9832,49.1961],[-0.9171,49.2115]]},"properties":{"name":"Calvados - Manche"}},{"type":"Feature","geometry":{"type":"LineString","coordinates":[[-0.9983,48.9513],[-1.0419,48.9591]]},"properties":{"name":"Calvados - Manche"}},{"type":"Feature","geometry":{"type":"LineString","coordinates":[[-1.0419,48.9591],[-1.0565,48.9531],[-1.0646,48.9407],[-1.0642,48.9268],[-1.0369,48.9058],[-1.0378,48.8983],[-1.0595,48.881],[-1.1002,48.8692],[-1.1312,48.85],[-1.1439,48.8363],[-1.1469,48.8218],[-1.1082,48.8154],[-1.0922,48.7872],[-1.045,48.7752],[-0.996,48.7737]]},"properties":{"name":"Calvados - Manche"}},{"type":"Feature","geometry":{"type":"LineString","coordinates":[[-0.9567,48.783],[-0.8974,48.7724],[-0.8409,48.7523]]},"properties":{"name":"Calvados - Manche"}},{"type":"Feature","geometry":{"type":"LineString","coordinates":[[-0.996,48.7737],[-0.9567,48.783]]},"properties":{"name":"Calvados - Manche"}},{"type":"Feature","geometry":{"type":"LineString","coordinates":[[4.0553,49.4073],[4.166,49.4014],[4.1966,49.3946],[4.2945,49.3439]]},"properties":{"name":"Ardennes - Marne"}},{"type":"Feature","geometry":{"type":"LineString","coordinates":[[-3.674,48.0536],[-3.7305,48.1012],[-3.7325,48.1131],[-3.7248,48.1317],[-3.7082,48.1433],[-3.5649,48.1857]]},"properties":{"name":"Finist\u00e8re - Morbihan"}},{"type":"Feature","geometry":{"type":"LineString","coordinates":[[-3.1011,48.2075],[-3.0161,48.1981],[-3.0048,48.1669],[-2.9997,48.1606],[-2.987,48.1603]]},"properties":{"name":"C\u00f4tes-d'Armor - Morbihan"}},{"type":"Feature","geometry":{"type":"LineString","coordinates":[[-3.2918,48.1442],[-3.1627,48.1559],[-3.1378,48.1717],[-3.1227,48.2028],[-3.1011,48.2075]]},"properties":{"name":"C\u00f4tes-d'Armor - Morbihan"}},{"type":"Feature","geometry":{"type":"LineString","coordinates":[[-3.5649,48.1857],[-3.5432,48.1802]]},"properties":{"name":"C\u00f4tes-d'Armor - Morbihan"}},{"type":"Feature","geometry":{"type":"LineString","coordinates":[[-3.4487,48.1842],[-3.4369,48.1785],[-3.4352,48.1611],[-3.4196,48.1508]]},"properties":{"name":"C\u00f4tes-d'Armor - Morbihan"}},{"type":"Feature","geometry":{"type":"LineString","coordinates":[[-3.5432,48.1802],[-3.4487,48.1842]]},"properties":{"name":"C\u00f4tes-d'Armor - Morbihan"}},{"type":"Feature","geometry":{"type":"LineString","coordinates":[[-2.9439,48.1716],[-2.917,48.1687],[-2.8499,48.1413],[-2.7958,48.1294],[-2.7699,48.0937]]},"properties":{"name":"C\u00f4tes-d'Armor - Morbihan"}},{"type":"Feature","geometry":{"type":"LineString","coordinates":[[-2.987,48.1603],[-2.9439,48.1716]]},"properties":{"name":"C\u00f4tes-d'Armor - Morbihan"}},{"type":"Feature","geometry":{"type":"LineString","coordinates":[[-3.3405,48.1684],[-3.3186,48.1504],[-3.2918,48.1442]]},"properties":{"name":"C\u00f4tes-d'Armor - Morbihan"}},{"type":"Feature","geometry":{"type":"LineString","coordinates":[[-3.4196,48.1508],[-3.3405,48.1684]]},"properties":{"name":"C\u00f4tes-d'Armor - Morbihan"}},{"type":"Feature","geometry":{"type":"LineString","coordinates":[[-2.4253,48.1674],[-2.391,48.1565],[-2.356,48.1174]]},"properties":{"name":"C\u00f4tes-d'Armor - Morbihan"}},{"type":"Feature","geometry":{"type":"LineString","coordinates":[[-2.6383,48.0345],[-2.6036,48.0488],[-2.5494,48.0855],[-2.5379,48.1001],[-2.533,48.1459],[-2.5239,48.1604],[-2.4253,48.1674]]},"properties":{"name":"C\u00f4tes-d'Armor - Morbihan"}},{"type":"Feature","geometry":{"type":"LineString","coordinates":[[-2.356,48.1174],[-2.2873,48.1337]]},"properties":{"name":"C\u00f4tes-d'Armor - Morbihan"}},{"type":"Feature","geometry":{"type":"LineString","coordinates":[[-2.6725,48.1292],[-2.6593,48.1236],[-2.6599,48.0404],[-2.6383,48.0345]]},"properties":{"name":"C\u00f4tes-d'Armor - Morbihan"}},{"type":"Feature","geometry":{"type":"LineString","coordinates":[[-2.7699,48.0937],[-2.7588,48.095],[-2.7303,48.1149],[-2.6725,48.1292]]},"properties":{"name":"C\u00f4tes-d'Armor - Morbihan"}},{"type":"Feature","geometry":{"type":"LineString","coordinates":[[-2.2873,48.1337],[-2.2603,48.112],[-2.2448,48.0854],[-2.2229,48.0782]]},"properties":{"name":"Ille-et-Vilaine - Morbihan"}},{"type":"Feature","geometry":{"type":"LineString","coordinates":[[-2.2051,48.0807],[-2.1779,48.0732],[-2.1778,48.0634],[-2.1913,48.0525],[-2.2576,48.0389],[-2.2718,48.0236],[-2.2711,48.0054]]},"properties":{"name":"Ille-et-Vilaine - Morbihan"}},{"type":"Feature","geometry":{"type":"LineString","coordinates":[[-2.2229,48.0782],[-2.2051,48.0807]]},"properties":{"name":"Ille-et-Vilaine - Morbihan"}},{"type":"Feature","geometry":{"type":"LineString","coordinates":[[3.1186,49.7058],[3.121,49.6862],[3.1074,49.6262],[3.1323,49.5802],[3.1229,49.4918],[3.1355,49.4717],[3.1613,49.4598],[3.1694,49.4373],[3.1651,49.4271],[3.1447,49.4204]]},"properties":{"name":"Aisne - Oise"}},{"type":"Feature","geometry":{"type":"LineString","coordinates":[[3.1447,49.4204],[3.1189,49.4288]]},"properties":{"name":"Aisne - Oise"}},{"type":"Feature","geometry":{"type":"LineString","coordinates":[[3.1189,49.4288],[3.1004,49.4189],[3.0705,49.3508],[3.0416,49.3377],[2.9916,49.3353],[2.9642,49.3213],[3.0108,49.2842],[3.0198,49.2629],[3.0066,49.2435],[2.9652,49.2244],[2.9697,49.2009],[2.9852,49.1874]]},"properties":{"name":"Aisne - Oise"}},{"type":"Feature","geometry":{"type":"LineString","coordinates":[[3.0476,49.1974],[3.1026,49.1884],[3.1286,49.1705],[3.1307,49.156],[3.1231,49.1407],[3.0797,49.1062]]},"properties":{"name":"Aisne - Oise"}},{"type":"Feature","geometry":{"type":"LineString","coordinates":[[2.9852,49.1874],[3.0476,49.1974]]},"properties":{"name":"Aisne - Oise"}},{"type":"Feature","geometry":{"type":"LineString","coordinates":[[-0.8627,48.5018],[-0.8405,48.5257],[-0.7857,48.5596],[-0.7559,48.6028],[-0.7521,48.6118],[-0.7667,48.6599],[-0.7368,48.6861],[-0.82,48.7268],[-0.8425,48.7285],[-0.8409,48.7523]]},"properties":{"name":"Manche - Orne"}},{"type":"Feature","geometry":{"type":"LineString","coordinates":[[0.2844,48.9706],[0.2936,48.9571],[0.3285,48.9447]]},"properties":{"name":"Calvados - Orne"}},{"type":"Feature","geometry":{"type":"LineString","coordinates":[[0.2279,48.9408],[0.2512,48.9502],[0.2678,48.9693],[0.2844,48.9706]]},"properties":{"name":"Calvados - Orne"}},{"type":"Feature","geometry":{"type":"LineString","coordinates":[[0.3798,48.9635],[0.3952,48.9629],[0.4172,48.9461]]},"properties":{"name":"Calvados - Orne"}},{"type":"Feature","geometry":{"type":"LineString","coordinates":[[0.3285,48.9447],[0.345,48.9462],[0.3798,48.9635]]},"properties":{"name":"Calvados - Orne"}},{"type":"Feature","geometry":{"type":"LineString","coordinates":[[0.1276,48.9521],[0.1552,48.9252]]},"properties":{"name":"Calvados - Orne"}},{"type":"Feature","geometry":{"type":"LineString","coordinates":[[-0.1404,48.8255],[0.0565,48.9026],[0.1051,48.9479],[0.1276,48.9521]]},"properties":{"name":"Calvados - Orne"}},{"type":"Feature","geometry":{"type":"LineString","coordinates":[[0.1926,48.9413],[0.2279,48.9408]]},"properties":{"name":"Calvados - Orne"}},{"type":"Feature","geometry":{"type":"LineString","coordinates":[[0.1552,48.9252],[0.1926,48.9413]]},"properties":{"name":"Calvados - Orne"}},{"type":"Feature","geometry":{"type":"LineString","coordinates":[[-0.4413,48.8734],[-0.4109,48.87],[-0.3452,48.8277]]},"properties":{"name":"Calvados - Orne"}},{"type":"Feature","geometry":{"type":"LineString","coordinates":[[-0.6129,48.8319],[-0.4902,48.8521],[-0.4413,48.8734]]},"properties":{"name":"Calvados - Orne"}},{"type":"Feature","geometry":{"type":"LineString","coordinates":[[-0.3103,48.8562],[-0.1404,48.8255]]},"properties":{"name":"Calvados - Orne"}},{"type":"Feature","geometry":{"type":"LineString","coordinates":[[-0.3452,48.8277],[-0.3355,48.8306],[-0.3248,48.8525],[-0.3103,48.8562]]},"properties":{"name":"Calvados - Orne"}},{"type":"Feature","geometry":{"type":"LineString","coordinates":[[-0.684,48.8442],[-0.6129,48.8319]]},"properties":{"name":"Calvados - Orne"}},{"type":"Feature","geometry":{"type":"LineString","coordinates":[[-0.8409,48.7523],[-0.8205,48.7575],[-0.7757,48.7876],[-0.7086,48.7996],[-0.6949,48.8089],[-0.7029,48.8333],[-0.684,48.8442]]},"properties":{"name":"Calvados - Orne"}},{"type":"Feature","geometry":{"type":"LineString","coordinates":[[0.4172,48.9461],[0.4172,48.9461]]},"properties":{"name":"Eure - Eure"}},{"type":"Feature","geometry":{"type":"LineString","coordinates":[[2.0633,51.0143],[2.1057,50.9837],[2.1874,50.8784],[2.2223,50.8057],[2.2455,50.7918],[2.2733,50.7852]]},"properties":{"name":"Nord - Pas-de-Calais"}},{"type":"Feature","geometry":{"type":"LineString","coordinates":[[2.3624,50.7867],[2.3817,50.7822],[2.3934,50.7708],[2.3535,50.7373],[2.3522,50.7268],[2.3691,50.7095],[2.3627,50.6893],[2.3715,50.6743],[2.4251,50.6668],[2.4892,50.6333],[2.7263,50.6258]]},"properties":{"name":"Nord - Pas-de-Calais"}},{"type":"Feature","geometry":{"type":"LineString","coordinates":[[2.2733,50.7852],[2.3624,50.7867]]},"properties":{"name":"Nord - Pas-de-Calais"}},{"type":"Feature","geometry":{"type":"LineString","coordinates":[[2.8031,50.6684],[2.8395,50.6566],[2.8698,50.6312],[2.8233,50.6191],[2.8051,50.5995],[2.806,50.578],[2.7882,50.5478],[2.8012,50.5312],[2.8242,50.525]]},"properties":{"name":"Nord - Pas-de-Calais"}},{"type":"Feature","geometry":{"type":"LineString","coordinates":[[2.7263,50.6258],[2.7526,50.6349],[2.7834,50.6609],[2.8031,50.6684]]},"properties":{"name":"Nord - Pas-de-Calais"}},{"type":"Feature","geometry":{"type":"LineString","coordinates":[[2.8597,50.5325],[2.8771,50.531],[2.9108,50.5039]]},"properties":{"name":"Nord - Pas-de-Calais"}},{"type":"Feature","geometry":{"type":"LineString","coordinates":[[2.8242,50.525],[2.8597,50.5325]]},"properties":{"name":"Nord - Pas-de-Calais"}},{"type":"Feature","geometry":{"type":"LineString","coordinates":[[2.9579,50.508],[2.9935,50.4948],[3.0149,50.4535],[3.0495,50.4493],[3.0588,50.4426],[3.0555,50.4263],[3.0068,50.3999],[3.0019,50.3813],[3.0605,50.3289],[3.0588,50.3084],[3.0206,50.2786],[3.0198,50.2674],[3.043,50.2569]]},"properties":{"name":"Nord - Pas-de-Calais"}},{"type":"Feature","geometry":{"type":"LineString","coordinates":[[2.9108,50.5039],[2.9579,50.508]]},"properties":{"name":"Nord - Pas-de-Calais"}},{"type":"Feature","geometry":{"type":"LineString","coordinates":[[3.0977,50.2705],[3.1348,50.2612],[3.1634,50.2399],[3.1693,50.2244],[3.1261,50.183],[3.0891,50.0738],[3.0883,50.05]]},"properties":{"name":"Nord - Pas-de-Calais"}},{"type":"Feature","geometry":{"type":"LineString","coordinates":[[3.043,50.2569],[3.0977,50.2705]]},"properties":{"name":"Nord - Pas-de-Calais"}},{"type":"Feature","geometry":{"type":"LineString","coordinates":[[3.0202,50.1211],[3.0724,50.1308],[3.0627,50.1739]]},"properties":{"name":"Nord - Pas-de-Calais"}},{"type":"Feature","geometry":{"type":"LineString","coordinates":[[3.0627,50.1739],[3.0508,50.162],[3.0206,50.1501]]},"properties":{"name":"Nord - Pas-de-Calais"}},{"type":"Feature","geometry":{"type":"LineString","coordinates":[[3.0206,50.1501],[3.0037,50.1501]]},"properties":{"name":"Nord - Pas-de-Calais"}},{"type":"Feature","geometry":{"type":"LineString","coordinates":[[3.0037,50.1501],[3.0014,50.1234],[3.0202,50.1211]]},"properties":{"name":"Nord - Pas-de-Calais"}},{"type":"Feature","geometry":{"type":"LineString","coordinates":[[-0.3338,48.0144],[-0.3424,48.0266],[-0.3329,48.0441],[-0.2574,48.0567],[-0.2299,48.0731],[-0.2219,48.0969],[-0.2368,48.1338],[-0.2315,48.1639],[-0.1553,48.2004],[-0.1383,48.2293],[-0.1534,48.3376],[-0.1475,48.3528],[-0.1244,48.3705],[-0.0527,48.3806]]},"properties":{"name":"Mayenne - Sarthe"}},{"type":"Feature","geometry":{"type":"LineString","coordinates":[[1.6772,49.3987],[1.539,49.4398],[1.3925,49.4539]]},"properties":{"name":"Eure - Seine-Maritime"}},{"type":"Feature","geometry":{"type":"LineString","coordinates":[[1.3925,49.4539],[1.3501,49.442],[1.3232,49.4179],[1.2793,49.3552],[1.2665,49.3481]]},"properties":{"name":"Eure - Seine-Maritime"}},{"type":"Feature","geometry":{"type":"LineString","coordinates":[[0.7098,49.4025],[0.664,49.4077],[0.6338,49.4446]]},"properties":{"name":"Eure - Seine-Maritime"}},{"type":"Feature","geometry":{"type":"LineString","coordinates":[[0.92,49.3386],[0.9191,49.3613],[0.9066,49.3714],[0.8671,49.3846],[0.8047,49.4199]]},"properties":{"name":"Eure - Seine-Maritime"}},{"type":"Feature","geometry":{"type":"LineString","coordinates":[[0.8047,49.4199],[0.7098,49.4025]]},"properties":{"name":"Eure - Seine-Maritime"}},{"type":"Feature","geometry":{"type":"LineString","coordinates":[[1.718,49.411],[1.6772,49.3987]]},"properties":{"name":"Eure - Seine-Maritime"}},{"type":"Feature","geometry":{"type":"LineString","coordinates":[[1.2665,49.3481],[1.1939,49.3516]]},"properties":{"name":"Eure - Seine-Maritime"}},{"type":"Feature","geometry":{"type":"LineString","coordinates":[[1.1939,49.3516],[1.1511,49.3357],[1.1274,49.3131],[1.0627,49.3013],[1.0459,49.2917],[1.0373,49.2783],[1.0445,49.2618],[1.0225,49.2563]]},"properties":{"name":"Eure - Seine-Maritime"}},{"type":"Feature","geometry":{"type":"LineString","coordinates":[[0.8595,49.3453],[0.92,49.3386]]},"properties":{"name":"Eure - Seine-Maritime"}},{"type":"Feature","geometry":{"type":"LineString","coordinates":[[1.0225,49.2563],[1.0034,49.258],[0.939,49.2939],[0.8736,49.3151],[0.8595,49.3453]]},"properties":{"name":"Eure - Seine-Maritime"}},{"type":"Feature","geometry":{"type":"LineString","coordinates":[[1.8562,49.7014],[1.8469,49.7065],[1.8365,49.7403],[1.7545,49.7656]]},"properties":{"name":"Oise - Somme"}},{"type":"Feature","geometry":{"type":"LineString","coordinates":[[2.0664,49.6845],[1.9722,49.7153]]},"properties":{"name":"Oise - Somme"}},{"type":"Feature","geometry":{"type":"LineString","coordinates":[[1.9722,49.7153],[1.8562,49.7014]]},"properties":{"name":"Oise - Somme"}},{"type":"Feature","geometry":{"type":"LineString","coordinates":[[3.1186,49.7058],[3.0524,49.7138]]},"properties":{"name":"Oise - Somme"}},{"type":"Feature","geometry":{"type":"LineString","coordinates":[[3.0524,49.7138],[3.053,49.6947],[3.0427,49.6858]]},"properties":{"name":"Oise - Somme"}},{"type":"Feature","geometry":{"type":"LineString","coordinates":[[2.936,49.693],[2.902,49.7087]]},"properties":{"name":"Oise - Somme"}},{"type":"Feature","geometry":{"type":"LineString","coordinates":[[2.902,49.7087],[2.8848,49.7087],[2.8425,49.6648],[2.804,49.6574],[2.7969,49.6467],[2.7982,49.6223],[2.7798,49.6141]]},"properties":{"name":"Oise - Somme"}},{"type":"Feature","geometry":{"type":"LineString","coordinates":[[3.0427,49.6858],[3.0267,49.6859],[2.9829,49.7029]]},"properties":{"name":"Oise - Somme"}},{"type":"Feature","geometry":{"type":"LineString","coordinates":[[2.9829,49.7029],[2.936,49.693]]},"properties":{"name":"Oise - Somme"}},{"type":"Feature","geometry":{"type":"LineString","coordinates":[[2.4878,49.6262],[2.4666,49.6314],[2.4376,49.6528],[2.3577,49.6644],[2.3066,49.6892],[2.2386,49.6978]]},"properties":{"name":"Oise - Somme"}},{"type":"Feature","geometry":{"type":"LineString","coordinates":[[2.2386,49.6978],[2.0664,49.6845]]},"properties":{"name":"Oise - Somme"}},{"type":"Feature","geometry":{"type":"LineString","coordinates":[[2.5761,49.6001],[2.5098,49.6307]]},"properties":{"name":"Oise - Somme"}},{"type":"Feature","geometry":{"type":"LineString","coordinates":[[2.5098,49.6307],[2.4878,49.6262]]},"properties":{"name":"Oise - Somme"}},{"type":"Feature","geometry":{"type":"LineString","coordinates":[[2.7798,49.6141],[2.7387,49.6253]]},"properties":{"name":"Oise - Somme"}},{"type":"Feature","geometry":{"type":"LineString","coordinates":[[2.7387,49.6253],[2.6986,49.6216],[2.6446,49.575]]},"properties":{"name":"Oise - Somme"}},{"type":"Feature","geometry":{"type":"LineString","coordinates":[[2.6446,49.575],[2.6338,49.5799],[2.6213,49.6101],[2.6095,49.612]]},"properties":{"name":"Oise - Somme"}},{"type":"Feature","geometry":{"type":"LineString","coordinates":[[2.6095,49.612],[2.5761,49.6001]]},"properties":{"name":"Oise - Somme"}},{"type":"Feature","geometry":{"type":"LineString","coordinates":[[3.157,50.0187],[3.1931,49.9756],[3.1533,49.9413],[3.1175,49.8827],[3.0841,49.8611],[3.085,49.8143],[3.057,49.7883],[3.0568,49.7785],[3.1004,49.7659],[3.1186,49.7058]]},"properties":{"name":"Aisne - Somme"}},{"type":"Feature","geometry":{"type":"LineString","coordinates":[[2.0017,48.5585],[2.0171,48.5641],[2.0363,48.5975],[2.0281,48.6526],[2.0313,48.6697],[2.0458,48.6868],[2.0902,48.6977],[2.1146,48.7491],[2.1236,48.756],[2.2265,48.7761]]},"properties":{"name":"Yvelines - Essonne"}},{"type":"Feature","geometry":{"type":"LineString","coordinates":[[1.9664,48.5593],[2.0017,48.5585]]},"properties":{"name":"Yvelines - Essonne"}},{"type":"Feature","geometry":{"type":"LineString","coordinates":[[1.9193,48.4445],[1.9489,48.5489],[1.9664,48.5593]]},"properties":{"name":"Yvelines - Essonne"}},{"type":"Feature","geometry":{"type":"LineString","coordinates":[[2.3907,48.3136],[2.3906,48.3131]]},"properties":{"name":"Loiret - Loiret"}},{"type":"Feature","geometry":{"type":"LineString","coordinates":[[2.5717,48.692],[2.576,48.6733],[2.524,48.6297],[2.5212,48.5799],[2.4965,48.5165],[2.5028,48.4411],[2.5054,48.433],[2.5262,48.4207],[2.3933,48.3277],[2.3907,48.3136]]},"properties":{"name":"Seien-et-Marne - Essonne"}},{"type":"Feature","geometry":{"type":"LineString","coordinates":[[2.3026,48.7301],[2.29,48.7312],[2.2675,48.7552],[2.2265,48.7761]]},"properties":{"name":"Essonne - Hauts-de-Seine"}},{"type":"Feature","geometry":{"type":"LineString","coordinates":[[2.3208,48.7487],[2.3026,48.7301]]},"properties":{"name":"Essonne - Hauts-de-Seine"}},{"type":"Feature","geometry":{"type":"LineString","coordinates":[[2.2265,48.7761],[2.166,48.8178],[2.1525,48.8415],[2.1516,48.8829]]},"properties":{"name":"Yvelines - Hauts-de-Seine"}},{"type":"Feature","geometry":{"type":"LineString","coordinates":[[2.2548,48.8385],[2.332,48.8171]]},"properties":{"name":"Paris - Hauts-de-Seine"}},{"type":"Feature","geometry":{"type":"LineString","coordinates":[[2.3766,48.9012],[2.3916,48.897],[2.4291,48.8691],[2.4734,48.8592]]},"properties":{"name":"Seine-Saint-Denis - Paris"}},{"type":"Feature","geometry":{"type":"LineString","coordinates":[[2.2666,48.9011],[2.3766,48.9012]]},"properties":{"name":"Seine-Saint-Denis - Paris"}},{"type":"Feature","geometry":{"type":"LineString","coordinates":[[2.4734,48.8592],[2.4736,48.8592]]},"properties":{"name":"Seine-Saint-Denis - Val-de-Marne"}},{"type":"Feature","geometry":{"type":"LineString","coordinates":[[2.5531,49.0098],[2.5743,49.0007],[2.5789,48.9914],[2.5703,48.9706],[2.5923,48.9336],[2.5924,48.9188],[2.5711,48.858],[2.5924,48.8075]]},"properties":{"name":"Seien-et-Marne - Seine-Saint-Denis"}},{"type":"Feature","geometry":{"type":"LineString","coordinates":[[2.3887,48.7216],[2.3706,48.7245],[2.3208,48.7487]]},"properties":{"name":"Essonne - Val-de-Marne"}},{"type":"Feature","geometry":{"type":"LineString","coordinates":[[2.5547,48.6895],[2.5302,48.7036],[2.5084,48.7304],[2.4946,48.7338]]},"properties":{"name":"Essonne - Val-de-Marne"}},{"type":"Feature","geometry":{"type":"LineString","coordinates":[[2.4946,48.7338],[2.3887,48.7216]]},"properties":{"name":"Essonne - Val-de-Marne"}},{"type":"Feature","geometry":{"type":"LineString","coordinates":[[2.5717,48.692],[2.5547,48.6895]]},"properties":{"name":"Essonne - Val-de-Marne"}},{"type":"Feature","geometry":{"type":"LineString","coordinates":[[2.3208,48.7487],[2.3189,48.7829],[2.332,48.8171]]},"properties":{"name":"Hauts-de-Seine - Val-de-Marne"}},{"type":"Feature","geometry":{"type":"LineString","coordinates":[[2.4434,48.8158],[2.4573,48.8213],[2.4734,48.8592]]},"properties":{"name":"Paris - Val-de-Marne"}},{"type":"Feature","geometry":{"type":"LineString","coordinates":[[2.332,48.8171],[2.4434,48.8158]]},"properties":{"name":"Paris - Val-de-Marne"}},{"type":"Feature","geometry":{"type":"LineString","coordinates":[[2.4734,48.8592],[2.4741,48.8613]]},"properties":{"name":"Seine-Saint-Denis - Seine-Saint-Denis"}},{"type":"Feature","geometry":{"type":"LineString","coordinates":[[2.4736,48.8592],[2.515,48.8499],[2.5924,48.8075]]},"properties":{"name":"Seine-Saint-Denis - Val-de-Marne"}},{"type":"Feature","geometry":{"type":"LineString","coordinates":[[2.5924,48.8075],[2.599,48.7483],[2.5937,48.7298],[2.5712,48.7052],[2.5717,48.692]]},"properties":{"name":"Seien-et-Marne - Val-de-Marne"}},{"type":"Feature","geometry":{"type":"LineString","coordinates":[[2.5833,49.0845],[2.572,49.0675],[2.5664,49.0296],[2.5531,49.0098]]},"properties":{"name":"Seien-et-Marne - Val-d'Oise"}},{"type":"Feature","geometry":{"type":"LineString","coordinates":[[2.5531,49.0098],[2.525,48.9985],[2.4735,48.9626],[2.4412,48.9554]]},"properties":{"name":"Seine-Saint-Denis - Val-d'Oise"}},{"type":"Feature","geometry":{"type":"LineString","coordinates":[[2.4412,48.9554],[2.3463,48.9723]]},"properties":{"name":"Seine-Saint-Denis - Val-d'Oise"}},{"type":"Feature","geometry":{"type":"LineString","coordinates":[[2.3463,48.9723],[2.3188,48.9581]]},"properties":{"name":"Seine-Saint-Denis - Val-d'Oise"}},{"type":"Feature","geometry":{"type":"LineString","coordinates":[[0.2943,49.4347],[0.3039,49.3927],[0.305,49.3131],[0.3254,49.2879],[0.3652,49.2811],[0.3765,49.2686],[0.3636,49.2577],[0.3371,49.2491],[0.3352,49.2378],[0.3439,49.2237],[0.3846,49.1951],[0.3956,49.1698],[0.4209,49.1373],[0.4226,49.1304],[0.4081,49.1062],[0.4149,49.0763],[0.4032,49.0724]]},"properties":{"name":"Eure - Calvados"}},{"type":"Feature","geometry":{"type":"LineString","coordinates":[[0.4032,49.0724],[0.3856,49.0743]]},"properties":{"name":"Eure - Calvados"}},{"type":"Feature","geometry":{"type":"LineString","coordinates":[[0.3856,49.0743],[0.3735,49.0655],[0.3779,49.0507],[0.4178,49.025],[0.4305,49.0091],[0.4279,48.9656],[0.4172,48.9461]]},"properties":{"name":"Eure - Calvados"}},{"type":"Feature","geometry":{"type":"LineString","coordinates":[[1.6897,49.6881],[1.6807,49.689],[1.6854,49.7096],[1.7282,49.7526],[1.7545,49.7656]]},"properties":{"name":"Seine-Maritime - Oise"}},{"type":"Feature","geometry":{"type":"LineString","coordinates":[[1.726,49.5031],[1.7125,49.5099],[1.6967,49.5774],[1.6936,49.627],[1.6809,49.6451],[1.7191,49.6643],[1.7304,49.6767],[1.7349,49.6853],[1.7294,49.6938],[1.7208,49.6945]]},"properties":{"name":"Seine-Maritime - Oise"}},{"type":"Feature","geometry":{"type":"LineString","coordinates":[[1.7208,49.6945],[1.6897,49.6881]]},"properties":{"name":"Seine-Maritime - Oise"}},{"type":"Feature","geometry":{"type":"LineString","coordinates":[[1.718,49.411],[1.7166,49.4238],[1.7375,49.4646],[1.7616,49.478],[1.7679,49.4899],[1.7695,49.4988],[1.7616,49.5084],[1.7518,49.5093]]},"properties":{"name":"Seine-Maritime - Oise"}},{"type":"Feature","geometry":{"type":"LineString","coordinates":[[1.7518,49.5093],[1.726,49.5031]]},"properties":{"name":"Seine-Maritime - Oise"}},{"type":"Feature","geometry":{"type":"LineString","coordinates":[[-1.4335,48.4629],[-1.4987,48.4949],[-1.5288,48.5307],[-1.5897,48.6418]]},"properties":{"name":"Ille-et-Vilaine - Manche"}},{"type":"Feature","geometry":{"type":"LineString","coordinates":[[-1.0791,48.4987],[-1.1207,48.5158],[-1.2478,48.537]]},"properties":{"name":"Ille-et-Vilaine - Manche"}},{"type":"Feature","geometry":{"type":"LineString","coordinates":[[-1.2478,48.537],[-1.2657,48.5355],[-1.303,48.5041],[-1.3357,48.495],[-1.3817,48.4704],[-1.4335,48.4629]]},"properties":{"name":"Ille-et-Vilaine - Manche"}},{"type":"Feature","geometry":{"type":"LineString","coordinates":[[1.595,50.3727],[1.6309,50.3477],[1.6683,50.3378]]},"properties":{"name":"Pas-de-Calais - Somme"}},{"type":"Feature","geometry":{"type":"LineString","coordinates":[[1.7826,50.3573],[1.8196,50.3547],[1.8871,50.3138]]},"properties":{"name":"Pas-de-Calais - Somme"}},{"type":"Feature","geometry":{"type":"LineString","coordinates":[[1.6683,50.3378],[1.7826,50.3573]]},"properties":{"name":"Pas-de-Calais - Somme"}},{"type":"Feature","geometry":{"type":"LineString","coordinates":[[1.9386,50.329],[1.9521,50.3199],[1.936,50.2964],[2.0461,50.2562],[2.0566,50.2485],[2.0578,50.2352],[2.0693,50.2185],[2.0852,50.2079],[2.1129,50.2031]]},"properties":{"name":"Pas-de-Calais - Somme"}},{"type":"Feature","geometry":{"type":"LineString","coordinates":[[1.8871,50.3138],[1.9386,50.329]]},"properties":{"name":"Pas-de-Calais - Somme"}},{"type":"Feature","geometry":{"type":"LineString","coordinates":[[2.3252,50.2402],[2.3644,50.2142]]},"properties":{"name":"Pas-de-Calais - Somme"}},{"type":"Feature","geometry":{"type":"LineString","coordinates":[[2.2288,50.2094],[2.3016,50.22],[2.3252,50.2402]]},"properties":{"name":"Pas-de-Calais - Somme"}},{"type":"Feature","geometry":{"type":"LineString","coordinates":[[2.3959,50.2278],[2.456,50.2087],[2.4679,50.1942],[2.3941,50.1594],[2.3771,50.142],[2.3745,50.1229],[2.3801,50.1098],[2.4057,50.0938]]},"properties":{"name":"Pas-de-Calais - Somme"}},{"type":"Feature","geometry":{"type":"LineString","coordinates":[[2.3644,50.2142],[2.3959,50.2278]]},"properties":{"name":"Pas-de-Calais - Somme"}},{"type":"Feature","geometry":{"type":"LineString","coordinates":[[2.2127,50.2104],[2.2288,50.2094]]},"properties":{"name":"Pas-de-Calais - Somme"}},{"type":"Feature","geometry":{"type":"LineString","coordinates":[[2.1129,50.2031],[2.2127,50.2104]]},"properties":{"name":"Pas-de-Calais - Somme"}},{"type":"Feature","geometry":{"type":"LineString","coordinates":[[2.55,50.1344],[2.5743,50.1294],[2.5678,50.112],[2.5728,50.1059],[2.6285,50.0975],[2.691,50.078]]},"properties":{"name":"Pas-de-Calais - Somme"}},{"type":"Feature","geometry":{"type":"LineString","coordinates":[[2.5042,50.1228],[2.55,50.1344]]},"properties":{"name":"Pas-de-Calais - Somme"}},{"type":"Feature","geometry":{"type":"LineString","coordinates":[[2.7106,50.1286],[2.743,50.1089],[2.7628,50.0846],[2.7639,50.072],[2.7427,50.0477],[2.756,50.0379]]},"properties":{"name":"Pas-de-Calais - Somme"}},{"type":"Feature","geometry":{"type":"LineString","coordinates":[[2.691,50.078],[2.6988,50.0842],[2.6991,50.1205],[2.7106,50.1286]]},"properties":{"name":"Pas-de-Calais - Somme"}},{"type":"Feature","geometry":{"type":"LineString","coordinates":[[2.4812,50.1276],[2.5042,50.1228]]},"properties":{"name":"Pas-de-Calais - Somme"}},{"type":"Feature","geometry":{"type":"LineString","coordinates":[[2.4057,50.0938],[2.4147,50.0959],[2.4423,50.1248],[2.4812,50.1276]]},"properties":{"name":"Pas-de-Calais - Somme"}},{"type":"Feature","geometry":{"type":"LineString","coordinates":[[3.0113,50.0766],[3.0883,50.05]]},"properties":{"name":"Pas-de-Calais - Somme"}},{"type":"Feature","geometry":{"type":"LineString","coordinates":[[2.86,50.018],[2.9063,50.0343],[2.9646,50.0381],[2.9747,50.0477],[2.9736,50.0678],[2.9787,50.0726],[3.0113,50.0766]]},"properties":{"name":"Pas-de-Calais - Somme"}},{"type":"Feature","geometry":{"type":"LineString","coordinates":[[2.8324,50.0711],[2.8493,50.0575],[2.8489,50.0285],[2.86,50.018]]},"properties":{"name":"Pas-de-Calais - Somme"}},{"type":"Feature","geometry":{"type":"LineString","coordinates":[[2.756,50.0379],[2.8324,50.0711]]},"properties":{"name":"Pas-de-Calais - Somme"}},{"type":"Feature","geometry":{"type":"LineString","coordinates":[[-0.0527,48.3806],[-0.0567,48.4316],[-0.0622,48.4394],[-0.0701,48.4472],[-0.103,48.4533],[-0.1544,48.4899],[-0.1665,48.5145],[-0.1582,48.5328],[-0.1629,48.5399],[-0.2335,48.5613]]},"properties":{"name":"Mayenne - Orne"}},{"type":"Feature","geometry":{"type":"LineString","coordinates":[[-0.2335,48.5613],[-0.2445,48.5529],[-0.2414,48.5393],[-0.2489,48.5268],[-0.2713,48.5181]]},"properties":{"name":"Mayenne - Orne"}},{"type":"Feature","geometry":{"type":"LineString","coordinates":[[-0.2713,48.5181],[-0.294,48.5185]]},"properties":{"name":"Mayenne - Orne"}},{"type":"Feature","geometry":{"type":"LineString","coordinates":[[-0.294,48.5185],[-0.3191,48.5123],[-0.3379,48.4937],[-0.3526,48.4919]]},"properties":{"name":"Mayenne - Orne"}},{"type":"Feature","geometry":{"type":"LineString","coordinates":[[-0.3526,48.4919],[-0.4704,48.5071]]},"properties":{"name":"Mayenne - Orne"}},{"type":"Feature","geometry":{"type":"LineString","coordinates":[[-0.4704,48.5071],[-0.501,48.5012],[-0.5543,48.4683],[-0.641,48.4546]]},"properties":{"name":"Mayenne - Orne"}},{"type":"Feature","geometry":{"type":"LineString","coordinates":[[-0.8096,48.4512],[-0.8462,48.4922],[-0.8627,48.5018]]},"properties":{"name":"Mayenne - Orne"}},{"type":"Feature","geometry":{"type":"LineString","coordinates":[[-0.641,48.4546],[-0.6504,48.4565],[-0.6646,48.4727],[-0.6744,48.4732]]},"properties":{"name":"Mayenne - Orne"}},{"type":"Feature","geometry":{"type":"LineString","coordinates":[[-0.6744,48.4732],[-0.7305,48.4619],[-0.7356,48.4502],[-0.7544,48.4413]]},"properties":{"name":"Mayenne - Orne"}},{"type":"Feature","geometry":{"type":"LineString","coordinates":[[-0.7544,48.4413],[-0.7858,48.457]]},"properties":{"name":"Mayenne - Orne"}},{"type":"Feature","geometry":{"type":"LineString","coordinates":[[-0.7858,48.457],[-0.8096,48.4512]]},"properties":{"name":"Mayenne - Orne"}},{"type":"Feature","geometry":{"type":"LineString","coordinates":[[4.032,49.3598],[4.0511,49.3752],[4.0553,49.4073]]},"properties":{"name":"Aisne - Marne"}},{"type":"Feature","geometry":{"type":"LineString","coordinates":[[3.9019,49.3812],[3.9636,49.3621]]},"properties":{"name":"Aisne - Marne"}},{"type":"Feature","geometry":{"type":"LineString","coordinates":[[3.7026,49.1463],[3.734,49.1541],[3.7423,49.1607],[3.7456,49.1753],[3.7052,49.2017],[3.6753,49.21],[3.6657,49.273],[3.6501,49.3028],[3.7034,49.3245],[3.8575,49.3473],[3.859,49.3712],[3.8655,49.3767],[3.9019,49.3812]]},"properties":{"name":"Aisne - Marne"}},{"type":"Feature","geometry":{"type":"LineString","coordinates":[[3.996,49.3707],[4.032,49.3598]]},"properties":{"name":"Aisne - Marne"}},{"type":"Feature","geometry":{"type":"LineString","coordinates":[[3.9636,49.3621],[3.996,49.3707]]},"properties":{"name":"Aisne - Marne"}},{"type":"Feature","geometry":{"type":"LineString","coordinates":[[3.6596,49.1512],[3.7026,49.1463]]},"properties":{"name":"Aisne - Marne"}},{"type":"Feature","geometry":{"type":"LineString","coordinates":[[3.6042,49.0318],[3.5875,49.0368],[3.5864,49.0603],[3.6085,49.0712],[3.6261,49.0903],[3.6255,49.1384],[3.6359,49.1467],[3.6596,49.1512]]},"properties":{"name":"Aisne - Marne"}},{"type":"Feature","geometry":{"type":"LineString","coordinates":[[3.4779,48.8501],[3.5118,48.8927],[3.5741,48.9335],[3.5906,48.959],[3.6199,48.9741],[3.6708,49.0155],[3.6652,49.0297],[3.6368,49.0343]]},"properties":{"name":"Aisne - Marne"}},{"type":"Feature","geometry":{"type":"LineString","coordinates":[[3.6368,49.0343],[3.6042,49.0318]]},"properties":{"name":"Aisne - Marne"}},{"type":"Feature","geometry":{"type":"LineString","coordinates":[[3.3954,48.4117],[3.4129,48.4021],[3.4213,48.3698],[3.4273,48.3666]]},"properties":{"name":"Aube - Yonne"}},{"type":"Feature","geometry":{"type":"LineString","coordinates":[[3.4449,48.37],[3.5097,48.3474],[3.5999,48.2672],[3.6067,48.2575],[3.6132,48.2172],[3.5875,48.1939],[3.5816,48.181],[3.6798,48.1422]]},"properties":{"name":"Aube - Yonne"}},{"type":"Feature","geometry":{"type":"LineString","coordinates":[[3.4273,48.3666],[3.4449,48.37]]},"properties":{"name":"Aube - Yonne"}},{"type":"Feature","geometry":{"type":"LineString","coordinates":[[3.7173,48.1623],[3.7409,48.1507],[3.7523,48.1281],[3.7832,48.1042],[3.8587,48.0153],[3.8523,48.0064],[3.8305,48.0011]]},"properties":{"name":"Aube - Yonne"}},{"type":"Feature","geometry":{"type":"LineString","coordinates":[[3.6798,48.1422],[3.6976,48.1459],[3.7082,48.1605],[3.7173,48.1623]]},"properties":{"name":"Aube - Yonne"}},{"type":"Feature","geometry":{"type":"LineString","coordinates":[[1.4928,48.9395],[1.4883,48.9733],[1.4515,48.9862],[1.4554,49.0149],[1.4445,49.0427],[1.454,49.0486],[1.5812,49.0686],[1.6199,49.0826]]},"properties":{"name":"Eure - Yvelines"}},{"type":"Feature","geometry":{"type":"LineString","coordinates":[[1.6981,49.2307],[1.7125,49.2215],[1.7254,49.1958],[1.7375,49.1895],[1.7921,49.1859],[1.8857,49.1678]]},"properties":{"name":"Oise - Val-d'Oise"}},{"type":"Feature","geometry":{"type":"LineString","coordinates":[[2.0716,49.2119],[2.1346,49.185]]},"properties":{"name":"Oise - Val-d'Oise"}},{"type":"Feature","geometry":{"type":"LineString","coordinates":[[1.8857,49.1678],[1.9875,49.1775],[2.0716,49.2119]]},"properties":{"name":"Oise - Val-d'Oise"}},{"type":"Feature","geometry":{"type":"LineString","coordinates":[[2.1498,49.1855],[2.253,49.1614]]},"properties":{"name":"Oise - Val-d'Oise"}},{"type":"Feature","geometry":{"type":"LineString","coordinates":[[2.1346,49.185],[2.1498,49.1855]]},"properties":{"name":"Oise - Val-d'Oise"}},{"type":"Feature","geometry":{"type":"LineString","coordinates":[[2.3187,49.1796],[2.5188,49.1122]]},"properties":{"name":"Oise - Val-d'Oise"}},{"type":"Feature","geometry":{"type":"LineString","coordinates":[[2.253,49.1614],[2.3187,49.1796]]},"properties":{"name":"Oise - Val-d'Oise"}},{"type":"Feature","geometry":{"type":"LineString","coordinates":[[2.5357,49.1178],[2.5833,49.0845]]},"properties":{"name":"Oise - Val-d'Oise"}},{"type":"Feature","geometry":{"type":"LineString","coordinates":[[2.5188,49.1122],[2.5357,49.1178]]},"properties":{"name":"Oise - Val-d'Oise"}},{"type":"Feature","geometry":{"type":"LineString","coordinates":[[3.3464,48.3715],[3.3954,48.4117]]},"properties":{"name":"Seien-et-Marne - Yonne"}},{"type":"Feature","geometry":{"type":"LineString","coordinates":[[3.3078,48.3779],[3.3464,48.3715]]},"properties":{"name":"Seien-et-Marne - Yonne"}},{"type":"Feature","geometry":{"type":"LineString","coordinates":[[3.2065,48.3662],[3.3078,48.3779]]},"properties":{"name":"Seien-et-Marne - Yonne"}},{"type":"Feature","geometry":{"type":"LineString","coordinates":[[3.1306,48.3723],[3.2065,48.3662]]},"properties":{"name":"Seien-et-Marne - Yonne"}},{"type":"Feature","geometry":{"type":"LineString","coordinates":[[3.0924,48.3609],[3.1306,48.3723]]},"properties":{"name":"Seien-et-Marne - Yonne"}},{"type":"Feature","geometry":{"type":"LineString","coordinates":[[3.0423,48.3618],[3.0924,48.3609]]},"properties":{"name":"Seien-et-Marne - Yonne"}},{"type":"Feature","geometry":{"type":"LineString","coordinates":[[2.9256,48.1559],[2.9406,48.1995],[3.0023,48.2293],[3.0279,48.262],[3.0299,48.2683],[3.0135,48.2941],[3.0132,48.3142],[3.0318,48.3545],[3.0423,48.3618]]},"properties":{"name":"Seien-et-Marne - Yonne"}},{"type":"Feature","geometry":{"type":"LineString","coordinates":[[3.4545,48.8154],[3.4716,48.8233],[3.4779,48.8501]]},"properties":{"name":"Seien-et-Marne - Marne"}},{"type":"Feature","geometry":{"type":"LineString","coordinates":[[3.4208,48.8159],[3.4545,48.8154]]},"properties":{"name":"Seien-et-Marne - Marne"}},{"type":"Feature","geometry":{"type":"LineString","coordinates":[[3.4044,48.7496],[3.3955,48.7539],[3.3988,48.7702],[3.4256,48.7905],[3.4064,48.8086],[3.4208,48.8159]]},"properties":{"name":"Seien-et-Marne - Marne"}},{"type":"Feature","geometry":{"type":"LineString","coordinates":[[3.4674,48.6388],[3.4562,48.6501],[3.4633,48.6856],[3.4513,48.7244],[3.4158,48.7507]]},"properties":{"name":"Seien-et-Marne - Marne"}},{"type":"Feature","geometry":{"type":"LineString","coordinates":[[3.4158,48.7507],[3.4044,48.7496]]},"properties":{"name":"Seien-et-Marne - Marne"}},{"type":"Feature","geometry":{"type":"LineString","coordinates":[[3.5378,48.6134],[3.5082,48.6417],[3.4953,48.6437]]},"properties":{"name":"Seien-et-Marne - Marne"}},{"type":"Feature","geometry":{"type":"LineString","coordinates":[[3.4953,48.6437],[3.4674,48.6388]]},"properties":{"name":"Seien-et-Marne - Marne"}},{"type":"Feature","geometry":{"type":"LineString","coordinates":[[1.4928,48.9395],[1.4481,48.9173],[1.4453,48.9096],[1.4542,48.8806],[1.4442,48.8638],[1.3724,48.8308],[1.3341,48.7802],[1.249,48.7497]]},"properties":{"name":"Eure-et-Loir - Eure"}},{"type":"Feature","geometry":{"type":"LineString","coordinates":[[1.1839,48.7557],[1.1537,48.7604],[1.1143,48.7791]]},"properties":{"name":"Eure-et-Loir - Eure"}},{"type":"Feature","geometry":{"type":"LineString","coordinates":[[1.1143,48.7791],[1.105,48.7741],[1.1029,48.7559],[1.0855,48.7502]]},"properties":{"name":"Eure-et-Loir - Eure"}},{"type":"Feature","geometry":{"type":"LineString","coordinates":[[1.249,48.7497],[1.2189,48.7578]]},"properties":{"name":"Eure-et-Loir - Eure"}},{"type":"Feature","geometry":{"type":"LineString","coordinates":[[1.2189,48.7578],[1.1839,48.7557]]},"properties":{"name":"Eure-et-Loir - Eure"}},{"type":"Feature","geometry":{"type":"LineString","coordinates":[[1.0855,48.7502],[1.0648,48.7516]]},"properties":{"name":"Eure-et-Loir - Eure"}},{"type":"Feature","geometry":{"type":"LineString","coordinates":[[1.0648,48.7516],[1.0389,48.7477],[1.0094,48.7209],[0.9885,48.7164]]},"properties":{"name":"Eure-et-Loir - Eure"}},{"type":"Feature","geometry":{"type":"LineString","coordinates":[[0.9885,48.7164],[0.9786,48.7172]]},"properties":{"name":"Eure-et-Loir - Eure"}},{"type":"Feature","geometry":{"type":"LineString","coordinates":[[0.9786,48.7172],[0.8727,48.699],[0.8164,48.6651]]},"properties":{"name":"Eure-et-Loir - Eure"}},{"type":"Feature","geometry":{"type":"LineString","coordinates":[[0.7984,48.186],[0.8175,48.195],[0.8274,48.209],[0.7968,48.2532],[0.7979,48.2895],[0.7751,48.3129],[0.7838,48.3314],[0.9165,48.3687],[0.9503,48.3929],[0.9798,48.4331],[0.9787,48.441],[0.9491,48.4695],[0.9511,48.5157],[0.8926,48.562],[0.8504,48.583],[0.8228,48.6206],[0.8164,48.6651]]},"properties":{"name":"Orne - Eure-et-Loir"}},{"type":"Feature","geometry":{"type":"LineString","coordinates":[[1.8752,48.4441],[1.801,48.4678],[1.7738,48.4858],[1.7638,48.5012],[1.7647,48.5286],[1.7578,48.5522],[1.7094,48.582],[1.6981,48.612],[1.6348,48.6429],[1.6114,48.6637],[1.6025,48.6814],[1.5789,48.6929],[1.5781,48.7107],[1.5993,48.73],[1.6064,48.7486],[1.5705,48.768],[1.566,48.7874],[1.5752,48.8318],[1.5704,48.8454],[1.4928,48.9395]]},"properties":{"name":"Eure-et-Loir - Yvelines"}},{"type":"Feature","geometry":{"type":"LineString","coordinates":[[1.9193,48.4445],[1.9111,48.4492]]},"properties":{"name":"Eure-et-Loir - Yvelines"}},{"type":"Feature","geometry":{"type":"LineString","coordinates":[[1.9111,48.4492],[1.8752,48.4441]]},"properties":{"name":"Eure-et-Loir - Yvelines"}},{"type":"Feature","geometry":{"type":"LineString","coordinates":[[0.4634,48.3028],[0.4161,48.3158],[0.3905,48.3329],[0.374,48.3697],[0.3784,48.4323],[0.3715,48.4485],[0.3099,48.4716],[0.2806,48.4741]]},"properties":{"name":"Sarthe - Orne"}},{"type":"Feature","geometry":{"type":"LineString","coordinates":[[0.2806,48.4741],[0.1925,48.4602],[0.1526,48.4455],[0.1155,48.4128],[0.08,48.405],[0.0671,48.3839],[0.0472,48.3788]]},"properties":{"name":"Sarthe - Orne"}},{"type":"Feature","geometry":{"type":"LineString","coordinates":[[0.0472,48.3788],[0.0065,48.3855]]},"properties":{"name":"Sarthe - Orne"}},{"type":"Feature","geometry":{"type":"LineString","coordinates":[[0.0065,48.3855],[-0.0527,48.3806]]},"properties":{"name":"Sarthe - Orne"}},{"type":"Feature","geometry":{"type":"LineString","coordinates":[[0.6379,48.2488],[0.6004,48.2498],[0.5011,48.2711],[0.4983,48.2965],[0.4857,48.3069]]},"properties":{"name":"Sarthe - Orne"}},{"type":"Feature","geometry":{"type":"LineString","coordinates":[[0.4857,48.3069],[0.4634,48.3028]]},"properties":{"name":"Sarthe - Orne"}},{"type":"Feature","geometry":{"type":"LineString","coordinates":[[0.7706,48.1808],[0.7262,48.1947],[0.6671,48.2479],[0.6454,48.2534]]},"properties":{"name":"Sarthe - Orne"}},{"type":"Feature","geometry":{"type":"LineString","coordinates":[[0.6454,48.2534],[0.6379,48.2488]]},"properties":{"name":"Sarthe - Orne"}},{"type":"Feature","geometry":{"type":"LineString","coordinates":[[0.7984,48.186],[0.7706,48.1808]]},"properties":{"name":"Sarthe - Orne"}},{"type":"Feature","geometry":{"type":"LineString","coordinates":[[3.6969,50.0601],[3.8539,50.043],[3.8958,50.0198]]},"properties":{"name":"Nord - Aisne"}},{"type":"Feature","geometry":{"type":"LineString","coordinates":[[3.6162,50.0367],[3.6969,50.0601]]},"properties":{"name":"Nord - Aisne"}},{"type":"Feature","geometry":{"type":"LineString","coordinates":[[3.5644,50.0501],[3.6162,50.0367]]},"properties":{"name":"Nord - Aisne"}},{"type":"Feature","geometry":{"type":"LineString","coordinates":[[3.4486,50.0154],[3.4779,50.0191],[3.5644,50.0501]]},"properties":{"name":"Nord - Aisne"}},{"type":"Feature","geometry":{"type":"LineString","coordinates":[[3.9621,50.0426],[3.9835,50.0371],[3.9841,50.0037],[3.9909,49.9946],[4.0994,49.969]]},"properties":{"name":"Nord - Aisne"}},{"type":"Feature","geometry":{"type":"LineString","coordinates":[[3.8958,50.0198],[3.9621,50.0426]]},"properties":{"name":"Nord - Aisne"}},{"type":"Feature","geometry":{"type":"LineString","coordinates":[[3.362,50.0324],[3.4486,50.0154]]},"properties":{"name":"Nord - Aisne"}},{"type":"Feature","geometry":{"type":"LineString","coordinates":[[3.3162,50.0183],[3.362,50.0324]]},"properties":{"name":"Nord - Aisne"}},{"type":"Feature","geometry":{"type":"LineString","coordinates":[[3.2259,50.029],[3.3162,50.0183]]},"properties":{"name":"Nord - Aisne"}},{"type":"Feature","geometry":{"type":"LineString","coordinates":[[3.157,50.0187],[3.2259,50.029]]},"properties":{"name":"Nord - Aisne"}},{"type":"Feature","geometry":{"type":"LineString","coordinates":[[4.0994,49.969],[4.1317,49.975]]},"properties":{"name":"Nord - Aisne"}},{"type":"Feature","geometry":{"type":"LineString","coordinates":[[3.0883,50.05],[3.157,50.0187]]},"properties":{"name":"Nord - Somme"}},{"type":"Feature","geometry":{"type":"LineString","coordinates":[[-9.0403,53.3319],[-8.9219,53.2989],[-8.9097,53.2616]]},"properties":{"name":"Galway - Galway"}},{"type":"Feature","geometry":{"type":"LineString","coordinates":[[-9.1199,53.2619],[-9.117,53.2867],[-9.0403,53.3319]]},"properties":{"name":"Galway - Galway"}},{"type":"Feature","geometry":{"type":"LineString","coordinates":[[-8.9097,53.2616],[-8.9426,53.2618]]},"properties":{"name":"Galway - Galway"}},{"type":"Feature","geometry":{"type":"LineString","coordinates":[[-8.5875,52.6236],[-8.5635,52.6415],[-8.568,52.6765]]},"properties":{"name":"Limerick - Limerick"}},{"type":"Feature","geometry":{"type":"LineString","coordinates":[[-8.6658,52.6529],[-8.6453,52.6295],[-8.5875,52.6236]]},"properties":{"name":"Limerick - Limerick"}},{"type":"Feature","geometry":{"type":"LineString","coordinates":[[-8.3885,51.8935],[-8.4419,51.9179],[-8.4938,51.9239]]},"properties":{"name":"Cork - Cork"}},{"type":"Feature","geometry":{"type":"LineString","coordinates":[[-8.4938,51.9239],[-8.5316,51.902],[-8.5436,51.8681],[-8.5097,51.8541],[-8.4599,51.8522]]},"properties":{"name":"Cork - Cork"}},{"type":"Feature","geometry":{"type":"LineString","coordinates":[[-8.4599,51.8522],[-8.414,51.8522],[-8.3961,51.8768]]},"properties":{"name":"Cork - Cork"}},{"type":"Feature","geometry":{"type":"LineString","coordinates":[[-7.153,52.2715],[-7.1383,52.2289],[-7.1004,52.207]]},"properties":{"name":"Waterford - Waterford"}},{"type":"Feature","geometry":{"type":"LineString","coordinates":[[-7.0307,52.207],[-7.0028,52.2229],[-7.0341,52.2571]]},"properties":{"name":"Waterford - Waterford"}},{"type":"Feature","geometry":{"type":"LineString","coordinates":[[-7.0526,52.2109],[-7.0307,52.207]]},"properties":{"name":"Waterford - Waterford"}},{"type":"Feature","geometry":{"type":"LineString","coordinates":[[-7.1004,52.207],[-7.0526,52.2109]]},"properties":{"name":"Waterford - Waterford"}},{"type":"Feature","geometry":{"type":"LineString","coordinates":[[-6.3475,53.3595],[-6.3649,53.3545],[-6.3774,53.342],[-6.3711,53.3345]]},"properties":{"name":"Dublin - South Dublin"}},{"type":"Feature","geometry":{"type":"LineString","coordinates":[[-6.3437,53.3383],[-6.3338,53.3271],[-6.2964,53.3208],[-6.2727,53.3096]]},"properties":{"name":"Dublin - South Dublin"}},{"type":"Feature","geometry":{"type":"LineString","coordinates":[[-6.3711,53.3345],[-6.3437,53.3383]]},"properties":{"name":"Dublin - South Dublin"}},{"type":"Feature","geometry":{"type":"LineString","coordinates":[[-6.1498,53.3865],[-6.1569,53.4193],[-6.2167,53.423]]},"properties":{"name":"Dublin - Fingal"}},{"type":"Feature","geometry":{"type":"LineString","coordinates":[[-6.2167,53.423],[-6.2316,53.4093],[-6.2553,53.4081]]},"properties":{"name":"Dublin - Fingal"}},{"type":"Feature","geometry":{"type":"LineString","coordinates":[[-6.2553,53.4081],[-6.2827,53.4143]]},"properties":{"name":"Dublin - Fingal"}},{"type":"Feature","geometry":{"type":"LineString","coordinates":[[-6.2827,53.4143],[-6.3437,53.3732],[-6.3475,53.3595]]},"properties":{"name":"Dublin - Fingal"}},{"type":"Feature","geometry":{"type":"LineString","coordinates":[[-6.2727,53.3096],[-6.2378,53.3171],[-6.1805,53.3173]]},"properties":{"name":"Dublin - D\u00fan Laoghaire\u2013Rathdown"}},{"type":"Feature","geometry":{"type":"LineString","coordinates":[[-6.2727,53.3096],[-6.264,53.2897],[-6.269,53.276],[-6.2827,53.2648],[-6.2856,53.2171]]},"properties":{"name":"D\u00fan Laoghaire\u2013Rathdown - South Dublin"}},{"type":"Feature","geometry":{"type":"LineString","coordinates":[[-6.3475,53.3595],[-6.3612,53.3732]]},"properties":{"name":"South Dublin - Fingal"}},{"type":"Feature","geometry":{"type":"LineString","coordinates":[[-6.3612,53.3732],[-6.3898,53.3694]]},"properties":{"name":"South Dublin - Fingal"}},{"type":"Feature","geometry":{"type":"LineString","coordinates":[[-6.3898,53.3694],[-6.406,53.3732]]},"properties":{"name":"South Dublin - Fingal"}},{"type":"Feature","geometry":{"type":"LineString","coordinates":[[-6.406,53.3732],[-6.4272,53.3732],[-6.4521,53.3632]]},"properties":{"name":"South Dublin - Fingal"}},{"type":"Feature","geometry":{"type":"LineString","coordinates":[[-6.4521,53.3632],[-6.4715,53.3697]]},"properties":{"name":"South Dublin - Fingal"}},{"type":"Feature","geometry":{"type":"LineString","coordinates":[[-7.841,52.5562],[-7.6982,52.5996],[-7.6422,52.6535],[-7.636,52.677],[-7.6471,52.6967],[-7.6477,52.7159],[-7.6296,52.7315]]},"properties":{"name":"North Tipperary - South Tipperary"}},{"type":"Feature","geometry":{"type":"LineString","coordinates":[[-8.0996,52.6762],[-7.9565,52.5747],[-7.9249,52.5623],[-7.936,52.5284],[-7.9307,52.5227]]},"properties":{"name":"North Tipperary - South Tipperary"}},{"type":"Feature","geometry":{"type":"LineString","coordinates":[[-8.1874,52.6654],[-8.1411,52.6762],[-8.0996,52.6762]]},"properties":{"name":"North Tipperary - South Tipperary"}},{"type":"Feature","geometry":{"type":"LineString","coordinates":[[-7.9073,52.5638],[-7.841,52.5562]]},"properties":{"name":"North Tipperary - South Tipperary"}},{"type":"Feature","geometry":{"type":"LineString","coordinates":[[-7.9307,52.5227],[-7.9217,52.5273],[-7.9073,52.5638]]},"properties":{"name":"North Tipperary - South Tipperary"}},{"type":"Feature","geometry":{"type":"LineString","coordinates":[[-3.0176,53.932],[-2.9674,53.8962],[-2.9453,53.8476],[-2.9541,53.8078],[-3.0215,53.7458]]},"properties":{"name":"Lancashire - Blackpool"}},{"type":"Feature","geometry":{"type":"LineString","coordinates":[[-1.7495,55.0027],[-1.6568,54.9766],[-1.5322,54.9539]]},"properties":{"name":"Newcastle upon Tyne - Gateshead"}},{"type":"Feature","geometry":{"type":"LineString","coordinates":[[-1.5322,54.9539],[-1.5192,54.9398],[-1.5257,54.9214]]},"properties":{"name":"South Tyneside - Gateshead"}},{"type":"Feature","geometry":{"type":"LineString","coordinates":[[-1.5257,54.9214],[-1.5571,54.9192],[-1.5773,54.886]]},"properties":{"name":"Sunderland - Gateshead"}},{"type":"Feature","geometry":{"type":"LineString","coordinates":[[-1.5322,54.9539],[-1.49,54.9831]]},"properties":{"name":"Newcastle upon Tyne - South Tyneside"}},{"type":"Feature","geometry":{"type":"LineString","coordinates":[[-1.49,54.9831],[-1.4129,55.0003]]},"properties":{"name":"North Tyneside - South Tyneside"}},{"type":"Feature","geometry":{"type":"LineString","coordinates":[[-1.6493,55.0677],[-1.6265,55.0449],[-1.49,54.9831]]},"properties":{"name":"North Tyneside - Newcastle upon Tyne"}},{"type":"Feature","geometry":{"type":"LineString","coordinates":[[-1.5257,54.9214],[-1.4575,54.9095]]},"properties":{"name":"South Tyneside - Sunderland"}},{"type":"Feature","geometry":{"type":"LineString","coordinates":[[-1.3968,54.9203],[-1.3603,54.9171]]},"properties":{"name":"South Tyneside - Sunderland"}},{"type":"Feature","geometry":{"type":"LineString","coordinates":[[-1.4575,54.9095],[-1.3968,54.9203]]},"properties":{"name":"South Tyneside - Sunderland"}},{"type":"Feature","geometry":{"type":"LineString","coordinates":[[-1.7564,53.7388],[-1.7389,53.7037],[-1.8227,53.6706],[-2.0239,53.6394]]},"properties":{"name":"Kirklees - Calderdale"}},{"type":"Feature","geometry":{"type":"LineString","coordinates":[[-1.6472,53.7641],[-1.6258,53.7895],[-1.6765,53.7934],[-1.6765,53.8538],[-1.7286,53.9027]]},"properties":{"name":"Bradford - Leeds"}},{"type":"Feature","geometry":{"type":"LineString","coordinates":[[-1.581,53.7018],[-1.5888,53.6608],[-1.6199,53.6491],[-1.6141,53.6062],[-1.6003,53.5741]]},"properties":{"name":"Wakefield - Kirklees"}},{"type":"Feature","geometry":{"type":"LineString","coordinates":[[-1.4152,53.694],[-1.3314,53.7174],[-1.3069,53.738]]},"properties":{"name":"Leeds - Wakefield"}},{"type":"Feature","geometry":{"type":"LineString","coordinates":[[-1.5283,53.7115],[-1.4152,53.694]]},"properties":{"name":"Leeds - Wakefield"}},{"type":"Feature","geometry":{"type":"LineString","coordinates":[[-1.581,53.7018],[-1.5283,53.7115]]},"properties":{"name":"Leeds - Wakefield"}},{"type":"Feature","geometry":{"type":"LineString","coordinates":[[-1.4061,53.411],[-1.3949,53.3832],[-1.3937,53.3252]]},"properties":{"name":"Rotherham - Sheffield"}},{"type":"Feature","geometry":{"type":"LineString","coordinates":[[-1.8161,53.5161],[-1.5897,53.4973],[-1.5591,53.4694],[-1.5118,53.4667]]},"properties":{"name":"Barnsley - Sheffield"}},{"type":"Feature","geometry":{"type":"LineString","coordinates":[[-1.4645,53.4694],[-1.4478,53.4305],[-1.4283,53.411]]},"properties":{"name":"Barnsley - Sheffield"}},{"type":"Feature","geometry":{"type":"LineString","coordinates":[[-1.5118,53.4667],[-1.4645,53.4694]]},"properties":{"name":"Barnsley - Sheffield"}},{"type":"Feature","geometry":{"type":"LineString","coordinates":[[-1.4283,53.411],[-1.4061,53.411]]},"properties":{"name":"Barnsley - Sheffield"}},{"type":"Feature","geometry":{"type":"LineString","coordinates":[[-1.4061,53.411],[-1.4061,53.4444],[-1.3699,53.4694],[-1.3254,53.4778]]},"properties":{"name":"Barnsley - Rotherham"}},{"type":"Feature","geometry":{"type":"LineString","coordinates":[[-1.3254,53.4778],[-1.2947,53.514],[-1.3254,53.5418],[-1.3445,53.5808]]},"properties":{"name":"Barnsley - Doncaster"}},{"type":"Feature","geometry":{"type":"LineString","coordinates":[[-1.3254,53.4778],[-1.2586,53.4694],[-1.2419,53.4333],[-1.1806,53.3999],[-1.1181,53.3786]]},"properties":{"name":"Doncaster - Rotherham"}},{"type":"Feature","geometry":{"type":"LineString","coordinates":[[-2.5114,53.5382],[-2.485,53.4622]]},"properties":{"name":"Salford - Wigan"}},{"type":"Feature","geometry":{"type":"LineString","coordinates":[[-2.4412,53.5538],[-2.3721,53.5343]]},"properties":{"name":"Bolton - Salford"}},{"type":"Feature","geometry":{"type":"LineString","coordinates":[[-2.5114,53.5382],[-2.4412,53.5538]]},"properties":{"name":"Bolton - Salford"}},{"type":"Feature","geometry":{"type":"LineString","coordinates":[[-2.3721,53.5343],[-2.3355,53.5343]]},"properties":{"name":"Bolton - Salford"}},{"type":"Feature","geometry":{"type":"LineString","coordinates":[[-2.3204,53.4524],[-2.3678,53.4588]]},"properties":{"name":"Trafford - Salford"}},{"type":"Feature","geometry":{"type":"LineString","coordinates":[[-2.3678,53.4588],[-2.4088,53.4524],[-2.4467,53.4188]]},"properties":{"name":"Trafford - Salford"}},{"type":"Feature","geometry":{"type":"LineString","coordinates":[[-2.3204,53.4524],[-2.3031,53.4265],[-2.3312,53.3876],[-2.3167,53.3599]]},"properties":{"name":"Manchester - Trafford"}},{"type":"Feature","geometry":{"type":"LineString","coordinates":[[-2.1823,53.5257],[-2.1521,53.5667],[-1.9881,53.6147]]},"properties":{"name":"Rochdale - Oldham"}},{"type":"Feature","geometry":{"type":"LineString","coordinates":[[-1.9778,53.4688],[-2.0334,53.4933],[-2.1046,53.5085]]},"properties":{"name":"Tameside - Oldham"}},{"type":"Feature","geometry":{"type":"LineString","coordinates":[[-2.1046,53.5085],[-2.1607,53.4826],[-2.2039,53.4761]]},"properties":{"name":"Tameside - Oldham"}},{"type":"Feature","geometry":{"type":"LineString","coordinates":[[-2.2254,53.4373],[-2.124,53.4092]]},"properties":{"name":"Tameside - Stockport"}},{"type":"Feature","geometry":{"type":"LineString","coordinates":[[-2.124,53.4092],[-2.0117,53.4125]]},"properties":{"name":"Tameside - Stockport"}},{"type":"Feature","geometry":{"type":"LineString","coordinates":[[-2.2513,53.5494],[-2.1823,53.5257]]},"properties":{"name":"Rochdale - Manchester"}},{"type":"Feature","geometry":{"type":"LineString","coordinates":[[-2.3355,53.5343],[-2.3053,53.5041]]},"properties":{"name":"Bury - Salford"}},{"type":"Feature","geometry":{"type":"LineString","coordinates":[[-2.8961,53.5224],[-2.9078,53.5051],[-2.9328,53.4933]]},"properties":{"name":"Knowsley - Sefton"}},{"type":"Feature","geometry":{"type":"LineString","coordinates":[[-2.9328,53.4933],[-3.0482,53.481]]},"properties":{"name":"Liverpool - Sefton"}},{"type":"Feature","geometry":{"type":"LineString","coordinates":[[-2.9328,53.4933],[-2.8986,53.4656],[-2.8868,53.4315],[-2.9052,53.4196],[-2.8986,53.4065],[-2.8736,53.3973],[-2.8759,53.3312]]},"properties":{"name":"Knowsley - Liverpool"}},{"type":"Feature","geometry":{"type":"LineString","coordinates":[[-2.8156,53.4911],[-2.8039,53.467],[-2.7934,53.4025],[-2.7547,53.3781]]},"properties":{"name":"Merseyside - Knowsley"}},{"type":"Feature","geometry":{"type":"LineString","coordinates":[[-1.6195,52.4444],[-1.64,52.3508]]},"properties":{"name":"Coventry - Solihull"}},{"type":"Feature","geometry":{"type":"LineString","coordinates":[[-1.7411,52.4975],[-1.7902,52.4934],[-1.789,52.4768],[-1.7665,52.4626],[-1.7713,52.4176],[-1.808,52.4117],[-1.8354,52.3806]]},"properties":{"name":"Solihull - Birmingham"}},{"type":"Feature","geometry":{"type":"LineString","coordinates":[[-2.0758,52.478],[-2.0901,52.4887],[-2.0664,52.5171],[-2.0794,52.5456],[-2.0782,52.5574]]},"properties":{"name":"Dudley - Sandwell"}},{"type":"Feature","geometry":{"type":"LineString","coordinates":[[-2.0261,52.4638],[-2.0391,52.4804]]},"properties":{"name":"Dudley - Sandwell"}},{"type":"Feature","geometry":{"type":"LineString","coordinates":[[-2.0391,52.4804],[-2.0758,52.478]]},"properties":{"name":"Dudley - Sandwell"}},{"type":"Feature","geometry":{"type":"LineString","coordinates":[[-2.0557,52.5681],[-2.0344,52.5859],[-2.0509,52.6174]]},"properties":{"name":"Wolverhampton - Walsall"}},{"type":"Feature","geometry":{"type":"LineString","coordinates":[[-2.0557,52.5681],[-2.0415,52.5539]]},"properties":{"name":"Walsall - Sandwell"}},{"type":"Feature","geometry":{"type":"LineString","coordinates":[[-1.9893,52.5657],[-1.9218,52.5598],[-1.9028,52.5468]]},"properties":{"name":"Walsall - Sandwell"}},{"type":"Feature","geometry":{"type":"LineString","coordinates":[[-2.0415,52.5539],[-1.9893,52.5657]]},"properties":{"name":"Walsall - Sandwell"}},{"type":"Feature","geometry":{"type":"LineString","coordinates":[[-1.9028,52.5468],[-1.9147,52.5278],[-1.9443,52.5219],[-1.9644,52.4946],[-1.9455,52.4828],[-1.9633,52.4626],[-1.9952,52.4591]]},"properties":{"name":"Birmingham - Sandwell"}},{"type":"Feature","geometry":{"type":"LineString","coordinates":[[-1.9952,52.4591],[-2.0261,52.4638]]},"properties":{"name":"Birmingham - Sandwell"}},{"type":"Feature","geometry":{"type":"LineString","coordinates":[[-0.3935,52.0665],[-0.3385,52.105],[-0.344,52.1435],[-0.3247,52.1792],[-0.2531,52.1919]]},"properties":{"name":"Bedford - Central Bedfordshire"}},{"type":"Feature","geometry":{"type":"LineString","coordinates":[[-0.5737,52.0966],[-0.5035,52.072]]},"properties":{"name":"Bedford - Central Bedfordshire"}},{"type":"Feature","geometry":{"type":"LineString","coordinates":[[-0.4595,52.0775],[-0.3935,52.0665]]},"properties":{"name":"Bedford - Central Bedfordshire"}},{"type":"Feature","geometry":{"type":"LineString","coordinates":[[-0.5035,52.072],[-0.4595,52.0775]]},"properties":{"name":"Bedford - Central Bedfordshire"}},{"type":"Feature","geometry":{"type":"LineString","coordinates":[[-0.6036,51.4941],[-0.5791,51.4755],[-0.5757,51.4456]]},"properties":{"name":"Slough - Royal Borough of Windsor and Maidenhead"}},{"type":"Feature","geometry":{"type":"LineString","coordinates":[[-0.6362,51.4937],[-0.6036,51.4941]]},"properties":{"name":"Slough - Royal Borough of Windsor and Maidenhead"}},{"type":"Feature","geometry":{"type":"LineString","coordinates":[[-0.828,51.4697],[-0.8115,51.4367],[-0.8142,51.3982],[-0.8417,51.3707],[-0.8529,51.3501]]},"properties":{"name":"Bracknell Forest - Wokingham"}},{"type":"Feature","geometry":{"type":"LineString","coordinates":[[-0.828,51.4697],[-0.7125,51.4532],[-0.6822,51.4312],[-0.6795,51.4037],[-0.7152,51.3927],[-0.6987,51.3669]]},"properties":{"name":"Royal Borough of Windsor and Maidenhead - Bracknell Forest"}},{"type":"Feature","geometry":{"type":"LineString","coordinates":[[-0.9645,51.4547],[-0.9848,51.4229],[-1.026,51.4119],[-1.0535,51.4119]]},"properties":{"name":"Wokingham - Reading"}},{"type":"Feature","geometry":{"type":"LineString","coordinates":[[-1.0535,51.4119],[-1.0838,51.4339],[-1.0811,51.4891]]},"properties":{"name":"West Berkshire - Reading"}},{"type":"Feature","geometry":{"type":"LineString","coordinates":[[-0.1305,51.6078],[-0.12,51.6279],[-0.166,51.6514],[-0.1654,51.6713]]},"properties":{"name":"Barnet - Enfield"}},{"type":"Feature","geometry":{"type":"LineString","coordinates":[[-0.1305,51.6078],[-0.03,51.6011]]},"properties":{"name":"Enfield - Haringey"}},{"type":"Feature","geometry":{"type":"LineString","coordinates":[[-0.1385,51.5954],[-0.1305,51.6078]]},"properties":{"name":"Barnet - Haringey"}},{"type":"Feature","geometry":{"type":"LineString","coordinates":[[-0.146,51.6012],[-0.1385,51.5954]]},"properties":{"name":"Barnet - Haringey"}},{"type":"Feature","geometry":{"type":"LineString","coordinates":[[-0.1627,51.5664],[-0.1592,51.5787],[-0.1472,51.5836],[-0.146,51.6012]]},"properties":{"name":"Barnet - Haringey"}},{"type":"Feature","geometry":{"type":"LineString","coordinates":[[-2.509,53.3309],[-2.4753,53.2829],[-2.4216,53.2575],[-2.4103,53.232],[-2.4499,53.1812]]},"properties":{"name":"Cheshire East - Cheshire West and Chester"}},{"type":"Feature","geometry":{"type":"LineString","coordinates":[[-2.4499,53.1812],[-2.4866,53.1868]]},"properties":{"name":"Cheshire East - Cheshire West and Chester"}},{"type":"Feature","geometry":{"type":"LineString","coordinates":[[-2.4866,53.1868],[-2.4923,53.1699],[-2.4894,53.1473],[-2.6534,53.0907],[-2.6675,53.0483],[-2.6194,53.0286],[-2.6228,52.9858]]},"properties":{"name":"Cheshire East - Cheshire West and Chester"}},{"type":"Feature","geometry":{"type":"LineString","coordinates":[[-2.5694,53.3123],[-2.6279,53.2942]]},"properties":{"name":"Cheshire West and Chester - Halton"}},{"type":"Feature","geometry":{"type":"LineString","coordinates":[[-2.7353,53.2914],[-2.7755,53.2999]]},"properties":{"name":"Cheshire West and Chester - Halton"}},{"type":"Feature","geometry":{"type":"LineString","coordinates":[[-2.6279,53.2942],[-2.6957,53.297]]},"properties":{"name":"Cheshire West and Chester - Halton"}},{"type":"Feature","geometry":{"type":"LineString","coordinates":[[-2.6957,53.297],[-2.7353,53.2914]]},"properties":{"name":"Cheshire West and Chester - Halton"}},{"type":"Feature","geometry":{"type":"LineString","coordinates":[[-2.4288,53.3803],[-2.4471,53.355],[-2.509,53.3309]]},"properties":{"name":"Cheshire East - Warrington"}},{"type":"Feature","geometry":{"type":"LineString","coordinates":[[-2.509,53.3309],[-2.555,53.3123],[-2.5694,53.3123]]},"properties":{"name":"Cheshire West and Chester - Warrington"}},{"type":"Feature","geometry":{"type":"LineString","coordinates":[[-2.5694,53.3123],[-2.6057,53.3381],[-2.6629,53.3574],[-2.6806,53.3788]]},"properties":{"name":"Halton - Warrington"}},{"type":"Feature","geometry":{"type":"LineString","coordinates":[[-2.0239,53.6394],[-2.017,53.6186],[-1.9881,53.6147]]},"properties":{"name":"Kirklees - Rochdale"}},{"type":"Feature","geometry":{"type":"LineString","coordinates":[[-1.9881,53.6147],[-1.977,53.5938],[-1.8972,53.533]]},"properties":{"name":"Kirklees - Oldham"}},{"type":"Feature","geometry":{"type":"LineString","coordinates":[[-2.1514,53.6965],[-2.1317,53.6822]]},"properties":{"name":"Calderdale - Rochdale"}},{"type":"Feature","geometry":{"type":"LineString","coordinates":[[-2.0464,53.6841],[-2.0314,53.6633],[-2.035,53.6469],[-2.0239,53.6394]]},"properties":{"name":"Calderdale - Rochdale"}},{"type":"Feature","geometry":{"type":"LineString","coordinates":[[-2.0986,53.6719],[-2.0464,53.6841]]},"properties":{"name":"Calderdale - Rochdale"}},{"type":"Feature","geometry":{"type":"LineString","coordinates":[[-2.1181,53.683],[-2.0986,53.6719]]},"properties":{"name":"Calderdale - Rochdale"}},{"type":"Feature","geometry":{"type":"LineString","coordinates":[[-2.1317,53.6822],[-2.1181,53.683]]},"properties":{"name":"Calderdale - Rochdale"}},{"type":"Feature","geometry":{"type":"LineString","coordinates":[[-1.9778,53.4688],[-1.9636,53.4947],[-1.9189,53.5008],[-1.8972,53.533]]},"properties":{"name":"Oldham - Derbyshire"}},{"type":"Feature","geometry":{"type":"LineString","coordinates":[[-2.0117,53.4125],[-2.0092,53.4274],[-1.9825,53.4438],[-1.9778,53.4688]]},"properties":{"name":"Tameside - Derbyshire"}},{"type":"Feature","geometry":{"type":"LineString","coordinates":[[-2.4288,53.3803],[-2.3648,53.3624],[-2.3167,53.3599]]},"properties":{"name":"Trafford - Cheshire East"}},{"type":"Feature","geometry":{"type":"LineString","coordinates":[[-2.0495,53.3522],[-2.0353,53.3677],[-2.0168,53.3704]]},"properties":{"name":"Stockport - Cheshire East"}},{"type":"Feature","geometry":{"type":"LineString","coordinates":[[-2.0808,53.3611],[-2.0495,53.3522]]},"properties":{"name":"Stockport - Cheshire East"}},{"type":"Feature","geometry":{"type":"LineString","coordinates":[[-2.1595,53.3213],[-2.1403,53.3277],[-2.1306,53.3525],[-2.12,53.3594],[-2.0808,53.3611]]},"properties":{"name":"Stockport - Cheshire East"}},{"type":"Feature","geometry":{"type":"LineString","coordinates":[[-2.2384,53.3549],[-2.2036,53.3538],[-2.1761,53.3455],[-2.1745,53.3308],[-2.1595,53.3213]]},"properties":{"name":"Stockport - Cheshire East"}},{"type":"Feature","geometry":{"type":"LineString","coordinates":[[-2.2603,53.3449],[-2.2384,53.3549]]},"properties":{"name":"Stockport - Cheshire East"}},{"type":"Feature","geometry":{"type":"LineString","coordinates":[[-2.3167,53.3599],[-2.2834,53.3422]]},"properties":{"name":"Manchester - Cheshire East"}},{"type":"Feature","geometry":{"type":"LineString","coordinates":[[-2.2834,53.3422],[-2.2603,53.3449]]},"properties":{"name":"Manchester - Cheshire East"}},{"type":"Feature","geometry":{"type":"LineString","coordinates":[[-2.4288,53.3803],[-2.4606,53.3883],[-2.4445,53.4072],[-2.4467,53.4188]]},"properties":{"name":"Warrington - Trafford"}},{"type":"Feature","geometry":{"type":"LineString","coordinates":[[-2.4467,53.4188],[-2.485,53.4622]]},"properties":{"name":"Warrington - Salford"}},{"type":"Feature","geometry":{"type":"LineString","coordinates":[[-2.787,53.3366],[-2.7719,53.3489],[-2.7722,53.365],[-2.7547,53.3781]]},"properties":{"name":"Knowsley - Halton"}},{"type":"Feature","geometry":{"type":"LineString","coordinates":[[-2.8034,53.3438],[-2.787,53.3366]]},"properties":{"name":"Knowsley - Halton"}},{"type":"Feature","geometry":{"type":"LineString","coordinates":[[-2.8103,53.3217],[-2.8034,53.3438]]},"properties":{"name":"Knowsley - Halton"}},{"type":"Feature","geometry":{"type":"LineString","coordinates":[[-2.5589,53.5991],[-2.5189,53.5559],[-2.5114,53.5382]]},"properties":{"name":"Bolton - Wigan"}},{"type":"Feature","geometry":{"type":"LineString","coordinates":[[-2.5044,53.627],[-2.5589,53.5991]]},"properties":{"name":"Bolton - Lancashire"}},{"type":"Feature","geometry":{"type":"LineString","coordinates":[[-2.5589,53.5991],[-2.59,53.613]]},"properties":{"name":"Wigan - Lancashire"}},{"type":"Feature","geometry":{"type":"LineString","coordinates":[[-2.59,53.613],[-2.6233,53.5955]]},"properties":{"name":"Wigan - Lancashire"}},{"type":"Feature","geometry":{"type":"LineString","coordinates":[[-2.6233,53.5955],[-2.635,53.6069]]},"properties":{"name":"Wigan - Lancashire"}},{"type":"Feature","geometry":{"type":"LineString","coordinates":[[-2.635,53.6069],[-2.6867,53.5997],[-2.6964,53.5758],[-2.6925,53.5608],[-2.713,53.53],[-2.752,53.5111]]},"properties":{"name":"Wigan - Lancashire"}},{"type":"Feature","geometry":{"type":"LineString","coordinates":[[-2.3764,53.6349],[-2.365,53.6419],[-2.3566,53.6646]]},"properties":{"name":"Blackburn with Darwen - Bury"}},{"type":"Feature","geometry":{"type":"LineString","coordinates":[[-2.4345,53.6441],[-2.3764,53.6349]]},"properties":{"name":"Blackburn with Darwen - Bolton"}},{"type":"Feature","geometry":{"type":"LineString","coordinates":[[-2.4636,53.6241],[-2.4345,53.6441]]},"properties":{"name":"Blackburn with Darwen - Bolton"}},{"type":"Feature","geometry":{"type":"LineString","coordinates":[[-2.5042,53.6272],[-2.4636,53.6241]]},"properties":{"name":"Blackburn with Darwen - Bolton"}},{"type":"Feature","geometry":{"type":"LineString","coordinates":[[-2.5044,53.627],[-2.5042,53.6272]]},"properties":{"name":"Blackburn with Darwen - Bolton"}},{"type":"Feature","geometry":{"type":"LineString","coordinates":[[-2.2581,53.6141],[-2.2511,53.6202],[-2.255,53.6472],[-2.2459,53.6613],[-2.1514,53.6965]]},"properties":{"name":"Lancashire - Rochdale"}},{"type":"Feature","geometry":{"type":"LineString","coordinates":[[-2.3536,53.6669],[-2.3292,53.6577]]},"properties":{"name":"Lancashire - Bury"}},{"type":"Feature","geometry":{"type":"LineString","coordinates":[[-2.2923,53.6666],[-2.28,53.6652],[-2.275,53.6266],[-2.2581,53.6141]]},"properties":{"name":"Lancashire - Bury"}},{"type":"Feature","geometry":{"type":"LineString","coordinates":[[-2.3292,53.6577],[-2.2923,53.6666]]},"properties":{"name":"Lancashire - Bury"}},{"type":"Feature","geometry":{"type":"LineString","coordinates":[[-2.3566,53.6646],[-2.3536,53.6669]]},"properties":{"name":"Lancashire - Bury"}},{"type":"Feature","geometry":{"type":"LineString","coordinates":[[-2.8961,53.5224],[-2.8389,53.5094],[-2.8156,53.4911]]},"properties":{"name":"Lancashire - Knowsley"}},{"type":"Feature","geometry":{"type":"LineString","coordinates":[[-2.9485,53.7094],[-2.9328,53.6605],[-2.9636,53.6261]]},"properties":{"name":"Lancashire - Sefton"}},{"type":"Feature","geometry":{"type":"LineString","coordinates":[[-2.9636,53.6261],[-2.9853,53.6302]]},"properties":{"name":"Lancashire - Sefton"}},{"type":"Feature","geometry":{"type":"LineString","coordinates":[[-2.9853,53.6302],[-2.9953,53.6269],[-2.9964,53.6136],[-3.0189,53.5936],[-3.0117,53.5775],[-3.0173,53.5661],[-3.0305,53.5602],[-3.0317,53.5419],[-2.9586,53.5158]]},"properties":{"name":"Lancashire - Sefton"}},{"type":"Feature","geometry":{"type":"LineString","coordinates":[[-2.9545,53.5458],[-2.8961,53.5224]]},"properties":{"name":"Lancashire - Sefton"}},{"type":"Feature","geometry":{"type":"LineString","coordinates":[[-2.9586,53.5158],[-2.967,53.5402],[-2.9545,53.5458]]},"properties":{"name":"Lancashire - Sefton"}},{"type":"Feature","geometry":{"type":"LineString","coordinates":[[-2.7761,53.5288],[-2.7656,53.5272],[-2.752,53.5111]]},"properties":{"name":"Lancashire - Merseyside"}},{"type":"Feature","geometry":{"type":"LineString","coordinates":[[-2.8156,53.4911],[-2.805,53.4935],[-2.8017,53.5169],[-2.7761,53.5288]]},"properties":{"name":"Lancashire - Merseyside"}},{"type":"Feature","geometry":{"type":"LineString","coordinates":[[-2.3788,52.9896],[-2.4236,52.9786],[-2.4309,52.9649],[-2.4495,52.9569],[-2.4789,52.9541]]},"properties":{"name":"Shropshire - Cheshire East"}},{"type":"Feature","geometry":{"type":"LineString","coordinates":[[-2.5778,52.9536],[-2.5895,52.9769],[-2.6228,52.9858]]},"properties":{"name":"Shropshire - Cheshire East"}},{"type":"Feature","geometry":{"type":"LineString","coordinates":[[-2.4789,52.9541],[-2.5128,52.9616]]},"properties":{"name":"Shropshire - Cheshire East"}},{"type":"Feature","geometry":{"type":"LineString","coordinates":[[-2.5128,52.9616],[-2.5272,52.9472]]},"properties":{"name":"Shropshire - Cheshire East"}},{"type":"Feature","geometry":{"type":"LineString","coordinates":[[-2.5272,52.9472],[-2.5581,52.9563]]},"properties":{"name":"Shropshire - Cheshire East"}},{"type":"Feature","geometry":{"type":"LineString","coordinates":[[-2.5581,52.9563],[-2.5778,52.9536]]},"properties":{"name":"Shropshire - Cheshire East"}},{"type":"Feature","geometry":{"type":"LineString","coordinates":[[-2.6228,52.9858],[-2.7277,52.9665]]},"properties":{"name":"Shropshire - Cheshire West and Chester"}},{"type":"Feature","geometry":{"type":"LineString","coordinates":[[-1.8461,53.9314],[-1.8718,53.9404],[-1.8771,53.9626]]},"properties":{"name":"Bradford - North Yorkshire"}},{"type":"Feature","geometry":{"type":"LineString","coordinates":[[-1.8771,53.9626],[-1.902,53.9549]]},"properties":{"name":"Bradford - North Yorkshire"}},{"type":"Feature","geometry":{"type":"LineString","coordinates":[[-1.902,53.9549],[-1.9436,53.9577]]},"properties":{"name":"Bradford - North Yorkshire"}},{"type":"Feature","geometry":{"type":"LineString","coordinates":[[-1.9436,53.9577],[-1.9553,53.9505],[-1.9509,53.9319],[-1.9736,53.9172],[-1.9639,53.8972],[-1.9661,53.8764],[-1.9778,53.8694]]},"properties":{"name":"Bradford - North Yorkshire"}},{"type":"Feature","geometry":{"type":"LineString","coordinates":[[-1.7286,53.9027],[-1.7434,53.9166],[-1.7637,53.9192],[-1.7786,53.935],[-1.7978,53.943]]},"properties":{"name":"Bradford - North Yorkshire"}},{"type":"Feature","geometry":{"type":"LineString","coordinates":[[-1.7978,53.943],[-1.8356,53.9399],[-1.8461,53.9314]]},"properties":{"name":"Bradford - North Yorkshire"}},{"type":"Feature","geometry":{"type":"LineString","coordinates":[[-1.3069,53.738],[-1.3042,53.7496],[-1.2873,53.7585],[-1.2887,53.7702],[-1.3075,53.7902],[-1.3053,53.8197],[-1.3261,53.8463],[-1.342,53.8522],[-1.3445,53.8588],[-1.3056,53.8608],[-1.3078,53.8947],[-1.2914,53.915],[-1.2942,53.9255],[-1.3337,53.9449]]},"properties":{"name":"Leeds - North Yorkshire"}},{"type":"Feature","geometry":{"type":"LineString","coordinates":[[-1.3337,53.9449],[-1.3867,53.9394],[-1.4234,53.9244],[-1.433,53.9107],[-1.4547,53.9061]]},"properties":{"name":"Leeds - North Yorkshire"}},{"type":"Feature","geometry":{"type":"LineString","coordinates":[[-1.4547,53.9061],[-1.5072,53.9107],[-1.5178,53.9261],[-1.5345,53.9352]]},"properties":{"name":"Leeds - North Yorkshire"}},{"type":"Feature","geometry":{"type":"LineString","coordinates":[[-1.5345,53.9352],[-1.5486,53.9247],[-1.5492,53.9085],[-1.5834,53.9008]]},"properties":{"name":"Leeds - North Yorkshire"}},{"type":"Feature","geometry":{"type":"LineString","coordinates":[[-1.5834,53.9008],[-1.6414,53.9071]]},"properties":{"name":"Leeds - North Yorkshire"}},{"type":"Feature","geometry":{"type":"LineString","coordinates":[[-1.6414,53.9071],[-1.6959,53.9013]]},"properties":{"name":"Leeds - North Yorkshire"}},{"type":"Feature","geometry":{"type":"LineString","coordinates":[[-1.6959,53.9013],[-1.7286,53.9027]]},"properties":{"name":"Leeds - North Yorkshire"}},{"type":"Feature","geometry":{"type":"LineString","coordinates":[[-1.9778,53.8694],[-2.0028,53.8699]]},"properties":{"name":"Calderdale - North Yorkshire"}},{"type":"Feature","geometry":{"type":"LineString","coordinates":[[-2.0028,53.8699],[-2.0326,53.8476]]},"properties":{"name":"Calderdale - North Yorkshire"}},{"type":"Feature","geometry":{"type":"LineString","coordinates":[[-1.23,53.6207],[-1.247,53.6355],[-1.2473,53.6633],[-1.2269,53.6944],[-1.2117,53.6991],[-1.2111,53.7102],[-1.2595,53.7177],[-1.2884,53.7374],[-1.3069,53.738]]},"properties":{"name":"Wakefield - North Yorkshire"}},{"type":"Feature","geometry":{"type":"LineString","coordinates":[[-1.3053,53.5761],[-1.2434,53.5969],[-1.23,53.6207]]},"properties":{"name":"Wakefield - Doncaster"}},{"type":"Feature","geometry":{"type":"LineString","coordinates":[[-1.3445,53.5808],[-1.3053,53.5761]]},"properties":{"name":"Wakefield - Doncaster"}},{"type":"Feature","geometry":{"type":"LineString","coordinates":[[-1.5606,53.6066],[-1.5353,53.5936]]},"properties":{"name":"Wakefield - Barnsley"}},{"type":"Feature","geometry":{"type":"LineString","coordinates":[[-1.6003,53.5741],[-1.5842,53.5977],[-1.5606,53.6066]]},"properties":{"name":"Wakefield - Barnsley"}},{"type":"Feature","geometry":{"type":"LineString","coordinates":[[-1.4481,53.6008],[-1.4239,53.5949]]},"properties":{"name":"Wakefield - Barnsley"}},{"type":"Feature","geometry":{"type":"LineString","coordinates":[[-1.485,53.5922],[-1.4481,53.6008]]},"properties":{"name":"Wakefield - Barnsley"}},{"type":"Feature","geometry":{"type":"LineString","coordinates":[[-1.3678,53.5988],[-1.3525,53.5938],[-1.3445,53.5808]]},"properties":{"name":"Wakefield - Barnsley"}},{"type":"Feature","geometry":{"type":"LineString","coordinates":[[-1.4239,53.5949],[-1.3678,53.5988]]},"properties":{"name":"Wakefield - Barnsley"}},{"type":"Feature","geometry":{"type":"LineString","coordinates":[[-1.5036,53.5961],[-1.485,53.5922]]},"properties":{"name":"Wakefield - Barnsley"}},{"type":"Feature","geometry":{"type":"LineString","coordinates":[[-1.5353,53.5936],[-1.5036,53.5961]]},"properties":{"name":"Wakefield - Barnsley"}},{"type":"Feature","geometry":{"type":"LineString","coordinates":[[-1.6745,53.55],[-1.6153,53.5633],[-1.6003,53.5741]]},"properties":{"name":"Kirklees - Barnsley"}},{"type":"Feature","geometry":{"type":"LineString","coordinates":[[-1.7147,53.5547],[-1.6745,53.55]]},"properties":{"name":"Kirklees - Barnsley"}},{"type":"Feature","geometry":{"type":"LineString","coordinates":[[-1.8161,53.5161],[-1.8067,53.5319],[-1.7717,53.5352],[-1.7147,53.5547]]},"properties":{"name":"Kirklees - Barnsley"}},{"type":"Feature","geometry":{"type":"LineString","coordinates":[[-1.8161,53.5161],[-1.7956,53.4969],[-1.7873,53.4686],[-1.7312,53.441],[-1.7342,53.4108],[-1.7017,53.4036],[-1.6906,53.3874],[-1.6464,53.3766],[-1.6536,53.3591],[-1.6503,53.3519],[-1.5819,53.3302],[-1.6148,53.308],[-1.5875,53.3022]]},"properties":{"name":"Sheffield - Derbyshire"}},{"type":"Feature","geometry":{"type":"LineString","coordinates":[[-1.1181,53.3786],[-1.1139,53.3561],[-1.1211,53.3455],[-1.1447,53.3377],[-1.135,53.3258],[-1.1661,53.3063],[-1.176,53.2929]]},"properties":{"name":"Nottinghamshire - Rotherham"}},{"type":"Feature","geometry":{"type":"LineString","coordinates":[[-1.8556,52.5755],[-1.8753,52.5864],[-1.8803,52.6047],[-1.8964,52.6174],[-1.8972,52.6494],[-1.9345,52.6652]]},"properties":{"name":"Walsall - Staffordshire"}},{"type":"Feature","geometry":{"type":"LineString","coordinates":[[-1.9345,52.6652],[-1.947,52.6588],[-1.9459,52.643],[-1.9525,52.6375],[-2.0259,52.6161]]},"properties":{"name":"Walsall - Staffordshire"}},{"type":"Feature","geometry":{"type":"LineString","coordinates":[[-2.0259,52.6161],[-2.0509,52.6174]]},"properties":{"name":"Walsall - Staffordshire"}},{"type":"Feature","geometry":{"type":"LineString","coordinates":[[-2.0664,52.608],[-2.0975,52.6341]]},"properties":{"name":"Wolverhampton - Staffordshire"}},{"type":"Feature","geometry":{"type":"LineString","coordinates":[[-2.0975,52.6341],[-2.1397,52.625],[-2.1442,52.6127],[-2.1806,52.5999],[-2.2006,52.5794],[-2.1745,52.5674],[-2.1575,52.5464]]},"properties":{"name":"Wolverhampton - Staffordshire"}},{"type":"Feature","geometry":{"type":"LineString","coordinates":[[-2.0509,52.6174],[-2.0664,52.608]]},"properties":{"name":"Wolverhampton - Staffordshire"}},{"type":"Feature","geometry":{"type":"LineString","coordinates":[[-2.135,52.5483],[-2.1261,52.5444]]},"properties":{"name":"Wolverhampton - Staffordshire"}},{"type":"Feature","geometry":{"type":"LineString","coordinates":[[-2.1575,52.5464],[-2.135,52.5483]]},"properties":{"name":"Wolverhampton - Staffordshire"}},{"type":"Feature","geometry":{"type":"LineString","coordinates":[[-1.7777,52.5753],[-1.7898,52.5872],[-1.8151,52.5908]]},"properties":{"name":"Birmingham - Staffordshire"}},{"type":"Feature","geometry":{"type":"LineString","coordinates":[[-1.8151,52.5908],[-1.8556,52.5755]]},"properties":{"name":"Birmingham - Staffordshire"}},{"type":"Feature","geometry":{"type":"LineString","coordinates":[[-2.1261,52.5444],[-2.1345,52.5152],[-2.1775,52.5011],[-2.1589,52.4774],[-2.1539,52.423]]},"properties":{"name":"Dudley - Staffordshire"}},{"type":"Feature","geometry":{"type":"LineString","coordinates":[[-1.6617,52.4247],[-1.7411,52.4975]]},"properties":{"name":"Solihull - Warwickshire"}},{"type":"Feature","geometry":{"type":"LineString","coordinates":[[-1.6195,52.4444],[-1.6617,52.4247]]},"properties":{"name":"Solihull - Warwickshire"}},{"type":"Feature","geometry":{"type":"LineString","coordinates":[[-2.0217,52.4244],[-2.0306,52.4369]]},"properties":{"name":"Worcestershire - Birmingham"}},{"type":"Feature","geometry":{"type":"LineString","coordinates":[[-1.9831,52.3774],[-1.9958,52.3788],[-2.002,52.3927],[-1.9831,52.4177],[-2.0067,52.4274]]},"properties":{"name":"Worcestershire - Birmingham"}},{"type":"Feature","geometry":{"type":"LineString","coordinates":[[-2.0067,52.4274],[-2.0217,52.4244]]},"properties":{"name":"Worcestershire - Birmingham"}},{"type":"Feature","geometry":{"type":"LineString","coordinates":[[-1.8445,52.3836],[-1.9006,52.3927]]},"properties":{"name":"Worcestershire - Birmingham"}},{"type":"Feature","geometry":{"type":"LineString","coordinates":[[-1.9006,52.3927],[-1.9245,52.3849]]},"properties":{"name":"Worcestershire - Birmingham"}},{"type":"Feature","geometry":{"type":"LineString","coordinates":[[-1.9245,52.3849],[-1.9548,52.3869]]},"properties":{"name":"Worcestershire - Birmingham"}},{"type":"Feature","geometry":{"type":"LineString","coordinates":[[-1.9548,52.3869],[-1.9831,52.3774]]},"properties":{"name":"Worcestershire - Birmingham"}},{"type":"Feature","geometry":{"type":"LineString","coordinates":[[-2.0306,52.4369],[-2.0475,52.4341],[-2.0584,52.4224]]},"properties":{"name":"Worcestershire - Dudley"}},{"type":"Feature","geometry":{"type":"LineString","coordinates":[[-2.0584,52.4224],[-2.0828,52.436]]},"properties":{"name":"Worcestershire - Dudley"}},{"type":"Feature","geometry":{"type":"LineString","coordinates":[[-2.0828,52.436],[-2.1189,52.4222]]},"properties":{"name":"Worcestershire - Dudley"}},{"type":"Feature","geometry":{"type":"LineString","coordinates":[[-2.1189,52.4222],[-2.1539,52.423]]},"properties":{"name":"Worcestershire - Dudley"}},{"type":"Feature","geometry":{"type":"LineString","coordinates":[[-2.0782,52.5574],[-2.0557,52.5681]]},"properties":{"name":"Wolverhampton - Sandwell"}},{"type":"Feature","geometry":{"type":"LineString","coordinates":[[-2.0782,52.5574],[-2.0995,52.5645]]},"properties":{"name":"Dudley - Wolverhampton"}},{"type":"Feature","geometry":{"type":"LineString","coordinates":[[-2.0995,52.5645],[-2.1173,52.5598],[-2.1261,52.5444]]},"properties":{"name":"Dudley - Wolverhampton"}},{"type":"Feature","geometry":{"type":"LineString","coordinates":[[-2.0306,52.4369],[-2.0261,52.4638]]},"properties":{"name":"Dudley - Birmingham"}},{"type":"Feature","geometry":{"type":"LineString","coordinates":[[-1.9028,52.5468],[-1.872,52.5586],[-1.8556,52.5755]]},"properties":{"name":"Walsall - Birmingham"}},{"type":"Feature","geometry":{"type":"LineString","coordinates":[[-1.8354,52.3806],[-1.8225,52.3763],[-1.797,52.3522],[-1.7592,52.3372]]},"properties":{"name":"Solihull - Warwickshire"}},{"type":"Feature","geometry":{"type":"LineString","coordinates":[[-1.7147,52.3552],[-1.6825,52.3424]]},"properties":{"name":"Solihull - Warwickshire"}},{"type":"Feature","geometry":{"type":"LineString","coordinates":[[-1.7592,52.3372],[-1.7517,52.3475],[-1.7147,52.3552]]},"properties":{"name":"Solihull - Warwickshire"}},{"type":"Feature","geometry":{"type":"LineString","coordinates":[[-1.6825,52.3424],[-1.6714,52.3488],[-1.64,52.3508]]},"properties":{"name":"Solihull - Warwickshire"}},{"type":"Feature","geometry":{"type":"LineString","coordinates":[[-1.4628,52.3658],[-1.4317,52.3836],[-1.4428,52.4352],[-1.6195,52.4444]]},"properties":{"name":"Coventry - Warwickshire"}},{"type":"Feature","geometry":{"type":"LineString","coordinates":[[-1.5895,52.3744],[-1.5628,52.3722],[-1.537,52.3558]]},"properties":{"name":"Coventry - Warwickshire"}},{"type":"Feature","geometry":{"type":"LineString","coordinates":[[-1.64,52.3508],[-1.6014,52.3619],[-1.5895,52.3744]]},"properties":{"name":"Coventry - Warwickshire"}},{"type":"Feature","geometry":{"type":"LineString","coordinates":[[-1.5109,52.3674],[-1.4628,52.3658]]},"properties":{"name":"Coventry - Warwickshire"}},{"type":"Feature","geometry":{"type":"LineString","coordinates":[[-1.537,52.3558],[-1.5109,52.3674]]},"properties":{"name":"Coventry - Warwickshire"}},{"type":"Feature","geometry":{"type":"LineString","coordinates":[[-1.8445,52.3836],[-1.8354,52.3806]]},"properties":{"name":"Birmingham - Warwickshire"}},{"type":"Feature","geometry":{"type":"LineString","coordinates":[[-1.7411,52.4975],[-1.7334,52.5116],[-1.7777,52.5753]]},"properties":{"name":"Birmingham - Warwickshire"}},{"type":"Feature","geometry":{"type":"LineString","coordinates":[[-2.3355,53.5343],[-2.3764,53.6349]]},"properties":{"name":"Bolton - Bury"}},{"type":"Feature","geometry":{"type":"LineString","coordinates":[[-2.2581,53.6141],[-2.2513,53.5494]]},"properties":{"name":"Rochdale - Bury"}},{"type":"Feature","geometry":{"type":"LineString","coordinates":[[-2.2513,53.5494],[-2.3053,53.5041]]},"properties":{"name":"Manchester - Bury"}},{"type":"Feature","geometry":{"type":"LineString","coordinates":[[-2.3053,53.5041],[-2.2988,53.4718],[-2.3204,53.4524]]},"properties":{"name":"Manchester - Salford"}},{"type":"Feature","geometry":{"type":"LineString","coordinates":[[-2.2603,53.3449],[-2.2664,53.3704],[-2.2341,53.4006],[-2.2254,53.4373]]},"properties":{"name":"Manchester - Stockport"}},{"type":"Feature","geometry":{"type":"LineString","coordinates":[[-2.2039,53.4761],[-2.1823,53.5257]]},"properties":{"name":"Manchester - Oldham"}},{"type":"Feature","geometry":{"type":"LineString","coordinates":[[-2.2254,53.4373],[-2.2254,53.4588],[-2.2039,53.4761]]},"properties":{"name":"Manchester - Tameside"}},{"type":"Feature","geometry":{"type":"LineString","coordinates":[[-1.6472,53.7641],[-1.581,53.7018]]},"properties":{"name":"Leeds - Kirklees"}},{"type":"Feature","geometry":{"type":"LineString","coordinates":[[-1.7564,53.7388],[-1.7213,53.7544],[-1.6472,53.7641]]},"properties":{"name":"Bradford - Kirklees"}},{"type":"Feature","geometry":{"type":"LineString","coordinates":[[-1.9778,53.8694],[-1.9221,53.8226],[-1.8792,53.8187],[-1.8383,53.7992],[-1.7915,53.7719],[-1.7564,53.7388]]},"properties":{"name":"Bradford - Calderdale"}},{"type":"Feature","geometry":{"type":"LineString","coordinates":[[-1.0535,51.4119],[-1.037,51.3844],[-1.032,51.3547]]},"properties":{"name":"Wokingham - West Berkshire"}},{"type":"Feature","geometry":{"type":"LineString","coordinates":[[-0.8463,51.5425],[-0.8307,51.5054],[-0.828,51.4697]]},"properties":{"name":"Royal Borough of Windsor and Maidenhead - Wokingham"}},{"type":"Feature","geometry":{"type":"LineString","coordinates":[[-0.4588,52.3088],[-0.4295,52.2974],[-0.4189,52.278],[-0.3711,52.2677],[-0.3684,52.2419],[-0.3459,52.2241]]},"properties":{"name":"Cambridgeshire - Bedford"}},{"type":"Feature","geometry":{"type":"LineString","coordinates":[[-0.3317,52.2291],[-0.2934,52.2241],[-0.292,52.2027],[-0.2531,52.1919]]},"properties":{"name":"Cambridgeshire - Bedford"}},{"type":"Feature","geometry":{"type":"LineString","coordinates":[[-0.8994,48.4969],[-0.9362,48.5073]]},"properties":{"name":"Mayenne - Manche"}},{"type":"Feature","geometry":{"type":"LineString","coordinates":[[-0.9362,48.5073],[-0.9949,48.4933],[-1.0287,48.4931]]},"properties":{"name":"Mayenne - Manche"}},{"type":"Feature","geometry":{"type":"LineString","coordinates":[[-0.8627,48.5018],[-0.8994,48.4969]]},"properties":{"name":"Mayenne - Manche"}},{"type":"Feature","geometry":{"type":"LineString","coordinates":[[-1.0287,48.4931],[-1.0791,48.4987]]},"properties":{"name":"Mayenne - Manche"}},{"type":"Feature","geometry":{"type":"LineString","coordinates":[[-1.0791,48.4987],[-1.0823,48.4231],[-1.0698,48.3182],[-1.1017,48.2674],[-1.0836,48.2353],[-1.0703,48.1743],[-1.0716,48.1636],[-1.0823,48.1524],[-1.0704,48.0906],[-1.0418,48.0623],[-1.042,48.0002]]},"properties":{"name":"Mayenne - Ille-et-Vilaine"}},{"type":"Feature","geometry":{"type":"LineString","coordinates":[[0.7984,48.186],[0.8471,48.161],[0.8982,48.156],[0.9129,48.1472],[0.903,48.1343],[0.8356,48.1075],[0.8326,48.0945]]},"properties":{"name":"Eure-et-Loir - Sarthe"}},{"type":"Feature","geometry":{"type":"LineString","coordinates":[[0.8326,48.0945],[0.8522,48.0762],[0.804,48.0676],[0.7973,48.0545],[0.8147,48.0294],[0.8395,48.0274],[0.8429,48.0114]]},"properties":{"name":"Loir-et-Cher - Sarthe"}},{"type":"Feature","geometry":{"type":"LineString","coordinates":[[0.4172,48.9461],[0.4172,48.9461]]},"properties":{"name":"Eure - Calvados"}},{"type":"Feature","geometry":{"type":"LineString","coordinates":[[0.4172,48.9461],[0.3957,48.9132],[0.397,48.9058],[0.4214,48.8836],[0.4404,48.8807]]},"properties":{"name":"Eure - Orne"}},{"type":"Feature","geometry":{"type":"LineString","coordinates":[[0.4635,48.8817],[0.5503,48.8673]]},"properties":{"name":"Eure - Orne"}},{"type":"Feature","geometry":{"type":"LineString","coordinates":[[0.4404,48.8807],[0.4635,48.8817]]},"properties":{"name":"Eure - Orne"}},{"type":"Feature","geometry":{"type":"LineString","coordinates":[[0.5919,48.878],[0.6049,48.8677],[0.6137,48.8463],[0.66,48.8034],[0.6867,48.7913],[0.7238,48.7845],[0.7472,48.7701],[0.7596,48.7516],[0.7584,48.7437],[0.7295,48.7134],[0.73,48.7063],[0.7481,48.6993],[0.7689,48.6788],[0.8164,48.6651]]},"properties":{"name":"Eure - Orne"}},{"type":"Feature","geometry":{"type":"LineString","coordinates":[[0.5503,48.8673],[0.5919,48.878]]},"properties":{"name":"Eure - Orne"}},{"type":"Feature","geometry":{"type":"LineString","coordinates":[[3.1179,48.0008],[3.108,48.0324],[3.0451,48.0764],[3.0227,48.1318],[2.9946,48.1467],[2.9387,48.1559]]},"properties":{"name":"Loiret - Yonne"}},{"type":"Feature","geometry":{"type":"LineString","coordinates":[[2.9387,48.1559],[2.9256,48.1559]]},"properties":{"name":"Loiret - Yonne"}},{"type":"Feature","geometry":{"type":"LineString","coordinates":[[4.2159,49.9544],[4.2159,49.9544]]},"properties":{"name":"Hainaut - Hainaut"}},{"type":"Feature","geometry":{"type":"LineString","coordinates":[[4.094,49.6389],[4.1176,49.6487],[4.141,49.6739],[4.2212,49.7202],[4.2349,49.7367],[4.2285,49.7614],[4.2098,49.7782],[4.2174,49.8135],[4.2479,49.8545],[4.2502,49.8702],[4.217,49.9168],[4.2159,49.9544]]},"properties":{"name":"Aisne - Ardennes"}},{"type":"Feature","geometry":{"type":"LineString","coordinates":[[4.0736,49.6395],[4.094,49.6389]]},"properties":{"name":"Aisne - Ardennes"}},{"type":"Feature","geometry":{"type":"LineString","coordinates":[[4.0553,49.4073],[4.0472,49.4218],[4.0339,49.4267],[4.0435,49.4403],[4.0722,49.4476],[4.042,49.4961],[4.0719,49.5226],[4.0656,49.5498],[4.0732,49.5673],[4.0464,49.6257],[4.0736,49.6395]]},"properties":{"name":"Aisne - Ardennes"}},{"type":"Feature","geometry":{"type":"LineString","coordinates":[[3.3954,48.4117],[3.3918,48.4211],[3.4011,48.4496],[3.391,48.4745],[3.4206,48.4985],[3.4041,48.5193],[3.4059,48.5247],[3.4613,48.5398],[3.4763,48.5697],[3.4936,48.5877],[3.5378,48.6134]]},"properties":{"name":"Seien-et-Marne - Aube"}},{"type":"Feature","geometry":{"type":"LineString","coordinates":[[1.7545,49.7656],[1.7503,49.7837],[1.7102,49.835],[1.6954,49.8742],[1.6809,49.8885],[1.5164,50.0007],[1.3731,50.0657]]},"properties":{"name":"Seine-Maritime - Somme"}},{"type":"Feature","geometry":{"type":"LineString","coordinates":[[1.7678,49.2458],[1.7834,49.2512],[1.7499,49.311],[1.7212,49.3821],[1.718,49.411]]},"properties":{"name":"Eure - Oise"}},{"type":"Feature","geometry":{"type":"LineString","coordinates":[[1.7256,49.2704],[1.7678,49.2458]]},"properties":{"name":"Eure - Oise"}},{"type":"Feature","geometry":{"type":"LineString","coordinates":[[1.6981,49.2307],[1.6922,49.2523],[1.7051,49.2656],[1.7256,49.2704]]},"properties":{"name":"Eure - Oise"}},{"type":"Feature","geometry":{"type":"LineString","coordinates":[[1.6199,49.0826],[1.6681,49.1907],[1.6981,49.2307]]},"properties":{"name":"Eure - Val-d'Oise"}},{"type":"Feature","geometry":{"type":"LineString","coordinates":[[3.0797,49.1062],[3.1491,49.0871],[3.1741,49.0557],[3.1656,49.0237],[3.1691,49.0103],[3.3319,48.9174]]},"properties":{"name":"Aisne - Seien-et-Marne"}},{"type":"Feature","geometry":{"type":"LineString","coordinates":[[3.3564,48.9247],[3.3673,48.9148],[3.3746,48.8805],[3.3831,48.8708],[3.4186,48.8529],[3.4495,48.8469]]},"properties":{"name":"Aisne - Seien-et-Marne"}},{"type":"Feature","geometry":{"type":"LineString","coordinates":[[3.3319,48.9174],[3.3564,48.9247]]},"properties":{"name":"Aisne - Seien-et-Marne"}},{"type":"Feature","geometry":{"type":"LineString","coordinates":[[3.4495,48.8469],[3.4779,48.8501]]},"properties":{"name":"Aisne - Seien-et-Marne"}},{"type":"Feature","geometry":{"type":"LineString","coordinates":[[3.0453,49.0923],[3.0797,49.1062]]},"properties":{"name":"Oise - Seien-et-Marne"}},{"type":"Feature","geometry":{"type":"LineString","coordinates":[[2.6265,49.0978],[2.651,49.0941],[2.6806,49.0758]]},"properties":{"name":"Oise - Seien-et-Marne"}},{"type":"Feature","geometry":{"type":"LineString","coordinates":[[2.5833,49.0845],[2.6265,49.0978]]},"properties":{"name":"Oise - Seien-et-Marne"}},{"type":"Feature","geometry":{"type":"LineString","coordinates":[[3.0298,49.0931],[3.0453,49.0923]]},"properties":{"name":"Oise - Seien-et-Marne"}},{"type":"Feature","geometry":{"type":"LineString","coordinates":[[2.9786,49.0781],[3.0298,49.0931]]},"properties":{"name":"Oise - Seien-et-Marne"}},{"type":"Feature","geometry":{"type":"LineString","coordinates":[[2.9536,49.0889],[2.9786,49.0781]]},"properties":{"name":"Oise - Seien-et-Marne"}},{"type":"Feature","geometry":{"type":"LineString","coordinates":[[2.8594,49.075],[2.9536,49.0889]]},"properties":{"name":"Oise - Seien-et-Marne"}},{"type":"Feature","geometry":{"type":"LineString","coordinates":[[2.7947,49.0867],[2.8594,49.075]]},"properties":{"name":"Oise - Seien-et-Marne"}},{"type":"Feature","geometry":{"type":"LineString","coordinates":[[2.7557,49.0678],[2.7947,49.0867]]},"properties":{"name":"Oise - Seien-et-Marne"}},{"type":"Feature","geometry":{"type":"LineString","coordinates":[[2.7121,49.0821],[2.7557,49.0678]]},"properties":{"name":"Oise - Seien-et-Marne"}},{"type":"Feature","geometry":{"type":"LineString","coordinates":[[2.6806,49.0758],[2.7121,49.0821]]},"properties":{"name":"Oise - Seien-et-Marne"}},{"type":"Feature","geometry":{"type":"LineString","coordinates":[[2.3907,48.3136],[2.3906,48.3136]]},"properties":{"name":"Loiret - Essonne"}},{"type":"Feature","geometry":{"type":"LineString","coordinates":[[2.4976,48.1529],[2.5075,48.1572],[2.5002,48.1812],[2.5137,48.2066],[2.4932,48.2247],[2.4369,48.2498],[2.4201,48.2921],[2.3995,48.3145]]},"properties":{"name":"Loiret - Seien-et-Marne"}},{"type":"Feature","geometry":{"type":"LineString","coordinates":[[2.3995,48.3145],[2.3907,48.3136]]},"properties":{"name":"Loiret - Seien-et-Marne"}},{"type":"Feature","geometry":{"type":"LineString","coordinates":[[2.8111,48.1308],[2.7955,48.1332],[2.8032,48.1514],[2.7883,48.16]]},"properties":{"name":"Loiret - Seien-et-Marne"}},{"type":"Feature","geometry":{"type":"LineString","coordinates":[[2.7883,48.16],[2.7458,48.1544],[2.7187,48.134],[2.6848,48.1226]]},"properties":{"name":"Loiret - Seien-et-Marne"}},{"type":"Feature","geometry":{"type":"LineString","coordinates":[[2.4725,48.1569],[2.4976,48.1529]]},"properties":{"name":"Loiret - Seien-et-Marne"}},{"type":"Feature","geometry":{"type":"LineString","coordinates":[[2.4818,48.1217],[2.4505,48.1341],[2.4556,48.1523],[2.4725,48.1569]]},"properties":{"name":"Loiret - Seien-et-Marne"}},{"type":"Feature","geometry":{"type":"LineString","coordinates":[[2.9256,48.1559],[2.8111,48.1308]]},"properties":{"name":"Loiret - Seien-et-Marne"}},{"type":"Feature","geometry":{"type":"LineString","coordinates":[[2.6848,48.1226],[2.548,48.1301]]},"properties":{"name":"Loiret - Seien-et-Marne"}},{"type":"Feature","geometry":{"type":"LineString","coordinates":[[2.548,48.1301],[2.4818,48.1217]]},"properties":{"name":"Loiret - Seien-et-Marne"}},{"type":"Feature","geometry":{"type":"LineString","coordinates":[[2.2559,48.3056],[2.244,48.3085],[2.2305,48.3263],[2.2076,48.3391]]},"properties":{"name":"Loiret - Essonne"}},{"type":"Feature","geometry":{"type":"LineString","coordinates":[[2.2076,48.3391],[2.1906,48.3346],[2.1675,48.3097],[2.1335,48.2991],[1.9884,48.2767]]},"properties":{"name":"Loiret - Essonne"}},{"type":"Feature","geometry":{"type":"LineString","coordinates":[[2.3604,48.3105],[2.316,48.328]]},"properties":{"name":"Loiret - Essonne"}},{"type":"Feature","geometry":{"type":"LineString","coordinates":[[2.316,48.328],[2.2816,48.3106],[2.2559,48.3056]]},"properties":{"name":"Loiret - Essonne"}},{"type":"Feature","geometry":{"type":"LineString","coordinates":[[2.3906,48.3136],[2.3604,48.3105]]},"properties":{"name":"Loiret - Essonne"}},{"type":"Feature","geometry":{"type":"LineString","coordinates":[[1.9884,48.2767],[1.9723,48.2842],[1.9717,48.2949],[1.9997,48.3199],[1.9987,48.3255],[1.9772,48.3359],[1.9681,48.3466],[1.9582,48.3825],[1.9231,48.4131],[1.9193,48.4445]]},"properties":{"name":"Eure-et-Loir - Essonne"}},{"type":"Feature","geometry":{"type":"LineString","coordinates":[[-0.072,51.516],[-0.0874,51.5269]]},"properties":{"name":"City - Hackney"}},{"type":"Feature","geometry":{"type":"LineString","coordinates":[[-0.1025,51.5235],[-0.0973,51.5097]]},"properties":{"name":"City - Camden"}},{"type":"Feature","geometry":{"type":"LineString","coordinates":[[-7.4404,52.516],[-7.4515,52.5247],[-7.4494,52.5811],[-7.4685,52.5923],[-7.475,52.6197],[-7.5033,52.6399],[-7.5605,52.7081],[-7.6296,52.7315]]},"properties":{"name":"South Tipperary - Kilkenny"}},{"type":"Feature","geometry":{"type":"LineString","coordinates":[[-7.6296,52.7315],[-7.6527,52.7536],[-7.6682,52.7798]]},"properties":{"name":"North Tipperary - Kilkenny"}},{"type":"Feature","geometry":{"type":"LineString","coordinates":[[-7.3646,52.3356],[-7.3899,52.3821],[-7.3863,52.4205],[-7.3916,52.4313],[-7.4579,52.4715],[-7.4536,52.4805],[-7.4213,52.4967],[-7.4191,52.5123],[-7.4246,52.5175]]},"properties":{"name":"South Tipperary - Kilkenny"}},{"type":"Feature","geometry":{"type":"LineString","coordinates":[[-7.4246,52.5175],[-7.4404,52.516]]},"properties":{"name":"South Tipperary - Kilkenny"}},{"type":"Feature","geometry":{"type":"LineString","coordinates":[[-8.477,52.7551],[-8.4633,52.7358],[-8.4497,52.6879],[-8.3334,52.683]]},"properties":{"name":"North Tipperary - Limerick"}},{"type":"Feature","geometry":{"type":"LineString","coordinates":[[-8.3016,52.6908],[-8.2834,52.6882],[-8.2676,52.681],[-8.2562,52.6668],[-8.2405,52.6631]]},"properties":{"name":"North Tipperary - Limerick"}},{"type":"Feature","geometry":{"type":"LineString","coordinates":[[-8.3334,52.683],[-8.3016,52.6908]]},"properties":{"name":"North Tipperary - Limerick"}},{"type":"Feature","geometry":{"type":"LineString","coordinates":[[-8.2405,52.6631],[-8.1874,52.6654]]},"properties":{"name":"North Tipperary - Limerick"}},{"type":"Feature","geometry":{"type":"LineString","coordinates":[[-8.1874,52.6654],[-8.2116,52.5956],[-8.2276,52.5773],[-8.2255,52.5257],[-8.2319,52.5145],[-8.2459,52.5108]]},"properties":{"name":"South Tipperary - Limerick"}},{"type":"Feature","geometry":{"type":"LineString","coordinates":[[-8.2459,52.5108],[-8.269,52.5133]]},"properties":{"name":"South Tipperary - Limerick"}},{"type":"Feature","geometry":{"type":"LineString","coordinates":[[-8.269,52.5133],[-8.3136,52.5002],[-8.3146,52.4792],[-8.3228,52.4714]]},"properties":{"name":"South Tipperary - Limerick"}},{"type":"Feature","geometry":{"type":"LineString","coordinates":[[-8.3228,52.4714],[-8.3316,52.4748],[-8.3343,52.4994],[-8.3466,52.5037]]},"properties":{"name":"South Tipperary - Limerick"}},{"type":"Feature","geometry":{"type":"LineString","coordinates":[[-8.3466,52.5037],[-8.3786,52.4877],[-8.3857,52.4782],[-8.3928,52.4517],[-8.3698,52.4376]]},"properties":{"name":"South Tipperary - Limerick"}},{"type":"Feature","geometry":{"type":"LineString","coordinates":[[-8.3649,52.4379],[-8.3378,52.4345]]},"properties":{"name":"South Tipperary - Limerick"}},{"type":"Feature","geometry":{"type":"LineString","coordinates":[[-8.3698,52.4376],[-8.3649,52.4379]]},"properties":{"name":"South Tipperary - Limerick"}},{"type":"Feature","geometry":{"type":"LineString","coordinates":[[-8.3256,52.4352],[-8.2622,52.4064]]},"properties":{"name":"South Tipperary - Limerick"}},{"type":"Feature","geometry":{"type":"LineString","coordinates":[[-8.3378,52.4345],[-8.3256,52.4352]]},"properties":{"name":"South Tipperary - Limerick"}},{"type":"Feature","geometry":{"type":"LineString","coordinates":[[-8.2433,52.4073],[-8.208,52.3704],[-8.1685,52.3616],[-8.178,52.3241],[-8.1552,52.3124],[-8.1586,52.3029],[-8.1846,52.2812]]},"properties":{"name":"South Tipperary - Limerick"}},{"type":"Feature","geometry":{"type":"LineString","coordinates":[[-8.2622,52.4064],[-8.2433,52.4073]]},"properties":{"name":"South Tipperary - Limerick"}}]}