{"type":"FeatureCollection","features":[{"type":"Feature","geometry":{"type":"LineString","coordinates":[[-1.14482,51.22221],[-1.14674,51.22173],[-1.14887,51.2212],[-1.15161,51.2205],[-1.15321,51.2201],[-1.15567,51.21947],[-1.15723,51.21905],[-1.15848,51.21867],[-1.15961,51.2183],[-1.16137,51.21769],[-1.16293,51.21711],[-1.16465,51.21641],[-1.16542,51.21606],[-1.16694,51.21536],[-1.16838,51.21462],[-1.16937,51.21406],[-1.17109,51.21308]]},"properties":{"highway":"motorway","maxspeed":"70 mph","operator":"National Highways","ref":"M3"}},{"type":"Feature","geometry":{"type":"LineString","coordinates":[[-1.17123,51.21323],[-1.16958,51.21415],[-1.167,51.2155],[-1.16507,51.2164],[-1.16372,51.21695],[-1.16232,51.2175],[-1.15974,51.21841],[-1.15798,51.21897],[-1.15552,51.21965],[-1.15328,51.22022],[-1.15157,51.22064],[-1.14981,51.2211],[-1.14487,51.22234]]},"properties":{"highway":"motorway","maxspeed":"70 mph","operator":"National Highways","ref":"M3"}},{"type":"Feature","geometry":{"type":"LineString","coordinates":[[-1.14112,51.23521],[-1.1413,51.23514],[-1.1416,51.235],[-1.14242,51.23446],[-1.14299,51.23404],[-1.14336,51.23374],[-1.14367,51.23346],[-1.14376,51.23336],[-1.14378,51.23333],[-1.14392,51.2332]]},"properties":{"highway":"primary","maxspeed":"50 mph","name":"Winchester Road","ref":"A30"}},{"type":"Feature","geometry":{"type":"LineString","coordinates":[[-1.15904,51.21943],[-1.1589,51.21963],[-1.15882,51.2198],[-1.15882,51.22004],[-1.15882,51.22024]]},"properties":{"highway":"primary","maxspeed":"50 mph","name":"Winchester Road","ref":"A30"}},{"type":"Feature","geometry":{"type":"LineString","coordinates":[[-1.1116,51.24934],[-1.11168,51.24934],[-1.11175,51.24933],[-1.11182,51.24933]]},"properties":{"highway":"primary","maxspeed":"30 mph","name":"Brighton Hill Roundabout","ref":"A30"}},{"type":"Feature","geometry":{"type":"LineString","coordinates":[[-1.17155,51.21281],[-1.17193,51.21258],[-1.17321,51.21183]]},"properties":{"highway":"motorway","maxspeed":"70 mph","operator":"National Highways","ref":"M3"}},{"type":"Feature","geometry":{"type":"LineString","coordinates":[[-1.25105,51.12398],[-1.25061,51.12498],[-1.25034,51.12563],[-1.25005,51.12637],[-1.24979,51.12706],[-1.24953,51.12779],[-1.24926,51.12859],[-1.24911,51.12906],[-1.24893,51.12972],[-1.24819,51.13233],[-1.24783,51.13358],[-1.24734,51.13507],[-1.24576,51.13942],[-1.24452,51.14245],[-1.24389,51.14392],[-1.24209,51.14755],[-1.24166,51.1484],[-1.24114,51.14943],[-1.24018,51.15119],[-1.23938,51.15259],[-1.2385,51.15403],[-1.23747,51.15567],[-1.23708,51.15628],[-1.23696,51.15647],[-1.23606,51.15781],[-1.2356,51.15849],[-1.23382,51.16099],[-1.2325,51.16276],[-1.23207,51.16336],[-1.2304,51.1655],[-1.23019,51.16577],[-1.22963,51.16645],[-1.22782,51.16862],[-1.22629,51.17038],[-1.22587,51.17083],[-1.22527,51.1715],[-1.2247,51.1721],[-1.22416,51.17267],[-1.223,51.17389],[-1.22241,51.17453],[-1.22083,51.17611],[-1.21991,51.17704],[-1.21808,51.1789],[-1.21725,51.17972],[-1.21606,51.18093],[-1.2153,51.18172],[-1.21414,51.18289],[-1.21301,51.18403],[-1.21204,51.18509],[-1.21147,51.1857],[-1.21101,51.18622],[-1.20952,51.18797],[-1.20812,51.1896],[-1.20733,51.19039],[-1.20629,51.19139],[-1.2056,51.192],[-1.20479,51.19263],[-1.20429,51.19303],[-1.20359,51.19356],[-1.20299,51.19397],[-1.20243,51.19436],[-1.20171,51.19484],[-1.20113,51.1952],[-1.20016,51.19575],[-1.19876,51.19654],[-1.19736,51.19729],[-1.19635,51.19782]]},"properties":{"highway":"motorway","maxspeed":"70 mph","operator":"National Highways","ref":"M3"}},{"type":"Feature","geometry":{"type":"LineString","coordinates":[[-1.1963,51.19771],[-1.19885,51.19635],[-1.20079,51.19528],[-1.20221,51.19438],[-1.2029,51.19391],[-1.20368,51.19334],[-1.20451,51.19272],[-1.20496,51.19233],[-1.20548,51.19192],[-1.20598,51.19146],[-1.20672,51.19082],[-1.20741,51.19014],[-1.20808,51.18942],[-1.20952,51.18773],[-1.21175,51.18512],[-1.21389,51.18285],[-1.21573,51.18102],[-1.21911,51.17763],[-1.22058,51.17609],[-1.2226,51.17404],[-1.22293,51.17372],[-1.22499,51.17148],[-1.22605,51.17032],[-1.22768,51.16855],[-1.22826,51.16787],[-1.22867,51.1674],[-1.22923,51.16672],[-1.22978,51.16602],[-1.23043,51.1652],[-1.23101,51.16444],[-1.23152,51.16375],[-1.23212,51.16296],[-1.23265,51.16225],[-1.2333,51.16136],[-1.23388,51.16055],[-1.23453,51.15966],[-1.23512,51.15884],[-1.23567,51.15804],[-1.23623,51.15722],[-1.23672,51.15649],[-1.23674,51.15645],[-1.23726,51.15562],[-1.23774,51.15483],[-1.23834,51.15387],[-1.23884,51.15306],[-1.23929,51.1523],[-1.23976,51.15152],[-1.24026,51.15063],[-1.24068,51.14983],[-1.2411,51.14902],[-1.2415,51.14825],[-1.24193,51.1474],[-1.2424,51.14648],[-1.24283,51.1456],[-1.24325,51.14476],[-1.24349,51.14427],[-1.24383,51.14356],[-1.24412,51.14291],[-1.24437,51.14234],[-1.24471,51.14154],[-1.24499,51.14088],[-1.24521,51.14033],[-1.24548,51.13965],[-1.24575,51.13896],[-1.24609,51.13809],[-1.24639,51.13726],[-1.24665,51.13655],[-1.24694,51.13572],[-1.24717,51.13504],[-1.24743,51.13425],[-1.24765,51.1335],[-1.2479,51.13276],[-1.2481,51.13207],[-1.24828,51.13143],[-1.24851,51.1306],[-1.24874,51.1298],[-1.24895,51.12907],[-1.2491,51.12857],[-1.24936,51.12779],[-1.24962,51.12705],[-1.24986,51.12636],[-1.25013,51.12567],[-1.25042,51.12499],[-1.25074,51.12429],[-1.25089,51.12394]]},"properties":{"highway":"motorway","maxspeed":"70 mph","operator":"National Highways","ref":"M3"}},{"type":"Feature","geometry":{"type":"LineString","coordinates":[[-1.14487,51.22234],[-1.14146,51.2232],[-1.13957,51.22374],[-1.13861,51.22404],[-1.13666,51.22468],[-1.13428,51.22557],[-1.13262,51.22626],[-1.13004,51.22746],[-1.12853,51.2282],[-1.12523,51.22991],[-1.12444,51.23031],[-1.12289,51.2311],[-1.11942,51.23282],[-1.11684,51.23413],[-1.1148,51.23517],[-1.11138,51.23688],[-1.10948,51.23779]]},"properties":{"highway":"motorway","maxspeed":"70 mph","operator":"National Highways","ref":"M3"}},{"type":"Feature","geometry":{"type":"LineString","coordinates":[[-1.02808,51.30836],[-1.02799,51.30841],[-1.02778,51.30855],[-1.02756,51.3087],[-1.02726,51.30892],[-1.02711,51.30906],[-1.0269,51.30925],[-1.02669,51.3095],[-1.02651,51.30972],[-1.02619,51.31016],[-1.02596,51.3105]]},"properties":{"highway":"trunk","maxspeed":"50 mph","ref":"A33"}},{"type":"Feature","geometry":{"type":"LineString","coordinates":[[-0.95919,51.27125],[-0.95917,51.27121],[-0.95914,51.27117],[-0.95912,51.27111],[-0.95911,51.27104],[-0.9591,51.27095],[-0.95911,51.27086]]},"properties":{"highway":"primary","maxspeed":"60 mph","name":"Hook Interchange"}},{"type":"Feature","geometry":{"type":"LineString","coordinates":[[-1.24017,51.19205],[-1.23731,51.19262],[-1.23332,51.19335],[-1.23172,51.19362],[-1.2306,51.19381],[-1.22983,51.19394],[-1.22891,51.19415],[-1.22775,51.19443],[-1.22718,51.19457],[-1.22631,51.19485],[-1.2257,51.19504],[-1.22465,51.19539],[-1.22332,51.19579],[-1.22168,51.19624],[-1.22156,51.19627],[-1.21839,51.19704],[-1.21725,51.19731],[-1.21476,51.19791],[-1.21366,51.19817],[-1.21202,51.1986]]},"properties":{"highway":"trunk","maxspeed":"70 mph","operator":"National Highways","ref":"A303"}},{"type":"Feature","geometry":{"type":"LineString","coordinates":[[-1.02402,51.31687],[-1.02396,51.31696],[-1.02393,51.31704],[-1.02391,51.31713],[-1.02384,51.31729],[-1.02378,51.31739]]},"properties":{"highway":"trunk","maxspeed":"50 mph","ref":"A33"}},{"type":"Feature","geometry":{"type":"LineString","coordinates":[[-1.04228,51.3011],[-1.04231,51.30109],[-1.04234,51.30108],[-1.04238,51.30107],[-1.04241,51.30106],[-1.04246,51.30105],[-1.0425,51.30105],[-1.04254,51.30106],[-1.04257,51.30106],[-1.0426,51.30108],[-1.04263,51.30109],[-1.04267,51.30111]]},"properties":{"highway":"trunk","maxspeed":"40 mph","name":"Taylor's Farm Roundabout"}},{"type":"Feature","geometry":{"type":"LineString","coordinates":[[-1.04557,51.29328],[-1.04543,51.29346],[-1.04538,51.29352],[-1.04532,51.2936],[-1.04524,51.2937],[-1.04516,51.29382]]},"properties":{"highway":"trunk","maxspeed":"50 mph","ref":"A33"}},{"type":"Feature","geometry":{"type":"LineString","coordinates":[[-1.04194,51.30186],[-1.04196,51.30176],[-1.04202,51.3017],[-1.0421,51.30163],[-1.04212,51.30161],[-1.04223,51.30151],[-1.04227,51.30146],[-1.04228,51.30143],[-1.04229,51.30138],[-1.04229,51.30132]]},"properties":{"highway":"trunk","maxspeed":"40 mph","ref":"A33"}},{"type":"Feature","geometry":{"type":"LineString","coordinates":[[-1.07222,51.27521],[-1.07194,51.27494],[-1.07168,51.27468],[-1.07147,51.27443],[-1.07128,51.27421],[-1.07111,51.27399],[-1.07103,51.27387]]},"properties":{"highway":"trunk","layer":"3","maxspeed":"70 mph","name":"Ringway East","ref":"A339"}},{"type":"Feature","geometry":{"type":"LineString","coordinates":[[-1.10099,51.27819],[-1.10087,51.27808],[-1.10055,51.27736],[-1.10051,51.27718],[-1.10049,51.27702],[-1.1005,51.27693],[-1.10052,51.27686]]},"properties":{"highway":"primary","maxspeed":"30 mph","name":"Aldermaston Road Roundabout"}},{"type":"Feature","geometry":{"type":"LineString","coordinates":[[-1.02442,51.3128],[-1.02436,51.31298],[-1.02429,51.31319],[-1.02425,51.31334],[-1.02421,51.31351],[-1.02418,51.31366],[-1.02416,51.31376],[-1.02415,51.31387],[-1.02413,51.31407],[-1.02408,51.3148],[-1.02405,51.31511],[-1.02402,51.31541],[-1.02398,51.31572],[-1.02395,51.31598]]},"properties":{"highway":"trunk","maxspeed":"50 mph","ref":"A33"}},{"type":"Feature","geometry":{"type":"LineString","coordinates":[[-1.06624,51.26252],[-1.06629,51.26252],[-1.06636,51.26251],[-1.06643,51.26252],[-1.06651,51.26252],[-1.06659,51.26253]]},"properties":{"highway":"trunk","maxspeed":"50 mph","name":"Black Dam Roundabout"}},{"type":"Feature","geometry":{"type":"LineString","coordinates":[[-1.06187,51.28527],[-1.06209,51.28538],[-1.06232,51.28544],[-1.06256,51.28546],[-1.06293,51.28545],[-1.06333,51.28543],[-1.06401,51.28535],[-1.06443,51.28529],[-1.06485,51.2852],[-1.06623,51.28489],[-1.06677,51.28478],[-1.06713,51.28472],[-1.0678,51.28464],[-1.06851,51.28461]]},"properties":{"highway":"trunk","maxspeed":"50 mph","name":"Reading Road","ref":"A33"}},{"type":"Feature","geometry":{"type":"LineString","coordinates":[[-1.06857,51.28469],[-1.06784,51.28474],[-1.06732,51.2848],[-1.06677,51.28489],[-1.06649,51.28496],[-1.06437,51.28541],[-1.06407,51.28546],[-1.06361,51.28551]]},"properties":{"highway":"trunk","maxspeed":"50 mph","name":"Reading Road","ref":"A33"}},{"type":"Feature","geometry":{"type":"LineString","coordinates":[[-1.06133,51.28583],[-1.06126,51.28581],[-1.0612,51.28578],[-1.06115,51.28576],[-1.0611,51.28573],[-1.06106,51.2857],[-1.06102,51.28567],[-1.06099,51.28564],[-1.06096,51.2856],[-1.06094,51.28558],[-1.06093,51.28554],[-1.06092,51.28549],[-1.06092,51.28546],[-1.06093,51.28544]]},"properties":{"highway":"trunk","maxspeed":"50 mph","name":"Binfields Roundabout","ref":"A33"}},{"type":"Feature","geometry":{"type":"LineString","coordinates":[[-1.06851,51.28461],[-1.06943,51.28456],[-1.06965,51.28452]]},"properties":{"highway":"trunk","maxspeed":"50 mph","name":"Reading Road","ref":"A33"}},{"type":"Feature","geometry":{"type":"LineString","coordinates":[[-1.11421,51.29653],[-1.11423,51.29661],[-1.11406,51.29681],[-1.11399,51.29694],[-1.11395,51.29701]]},"properties":{"highway":"primary","maxspeed":"30 mph","name":"Aldermaston Road","ref":"A340"}},{"type":"Feature","geometry":{"type":"LineString","coordinates":[[-1.10851,51.26572],[-1.1085,51.26575],[-1.10849,51.26577],[-1.10848,51.2658]]},"properties":{"highway":"primary","maxspeed":"50 mph","name":"Thornycroft Roundabout"}},{"type":"Feature","geometry":{"type":"LineString","coordinates":[[-1.07016,51.28473],[-1.07,51.28477],[-1.06988,51.2848],[-1.06979,51.28479],[-1.06971,51.28478]]},"properties":{"highway":"trunk","maxspeed":"50 mph","name":"Crockford Roundabout","ref":"A33"}},{"type":"Feature","geometry":{"type":"LineString","coordinates":[[-1.07506,51.27786],[-1.07482,51.27801]]},"properties":{"highway":"trunk","maxspeed":"30 mph","name":"Reading Road","ref":"A33"}},{"type":"Feature","geometry":{"type":"LineString","coordinates":[[-1.09584,51.27842],[-1.09518,51.2785],[-1.09304,51.27877],[-1.09068,51.279],[-1.08977,51.27908],[-1.08909,51.27913],[-1.08596,51.27933],[-1.08543,51.27935],[-1.08402,51.27936],[-1.0833,51.27933],[-1.08233,51.27926],[-1.08104,51.27908],[-1.08004,51.27893],[-1.07945,51.2788]]},"properties":{"highway":"trunk","maxspeed":"70 mph","name":"Ringway North","ref":"A339"}},{"type":"Feature","geometry":{"type":"LineString","coordinates":[[-1.07933,51.27859],[-1.08016,51.27879],[-1.08087,51.27892],[-1.08166,51.27904],[-1.08236,51.27912],[-1.08283,51.27917],[-1.08345,51.27921],[-1.08436,51.27922],[-1.08486,51.27921],[-1.08551,51.27919],[-1.08931,51.279],[-1.08982,51.27896],[-1.09085,51.27887],[-1.09353,51.27857],[-1.09517,51.27836],[-1.09639,51.2782],[-1.0968,51.27815],[-1.09753,51.27805],[-1.10039,51.2776]]},"properties":{"highway":"trunk","maxspeed":"70 mph","name":"Ringway North","ref":"A339"}},{"type":"Feature","geometry":{"type":"LineString","coordinates":[[-1.13522,51.3486],[-1.13527,51.34858],[-1.13533,51.34857],[-1.13538,51.34858],[-1.13544,51.3486],[-1.13546,51.34862],[-1.13547,51.34863],[-1.13549,51.34866],[-1.13548,51.3487],[-1.13547,51.34872],[-1.13543,51.34875]]},"properties":{"highway":"primary","maxspeed":"30 mph","name":"Tadley Hill roundabout"}},{"type":"Feature","geometry":{"type":"LineString","coordinates":[[-1.10289,51.27718],[-1.10499,51.27681],[-1.10727,51.27648]]},"properties":{"highway":"trunk","maxspeed":"70 mph","name":"Ringway North","ref":"A339"}},{"type":"Feature","geometry":{"type":"LineString","coordinates":[[-1.02409,51.31683],[-1.02406,51.31685],[-1.02402,51.31687],[-1.02397,51.31688],[-1.02391,51.31689],[-1.02382,51.3169],[-1.02373,51.31689],[-1.02363,51.31688],[-1.02356,51.31686],[-1.02351,51.31684],[-1.02348,51.31682],[-1.02345,51.31679],[-1.02343,51.31676],[-1.02342,51.31673],[-1.02341,51.3167],[-1.02342,51.31666],[-1.02344,51.31662],[-1.02345,51.31659],[-1.02348,51.31656],[-1.02353,51.31654],[-1.02358,51.31652]]},"properties":{"highway":"trunk","maxspeed":"50 mph"}},{"type":"Feature","geometry":{"type":"LineString","coordinates":[[-1.06069,51.28582],[-1.06058,51.28583],[-1.06046,51.28585],[-1.06032,51.28587],[-1.06023,51.28589],[-1.06013,51.28592],[-1.05996,51.28598],[-1.05978,51.28604],[-1.05952,51.28614],[-1.05923,51.28626],[-1.05897,51.28637],[-1.05875,51.28647],[-1.05857,51.28656],[-1.0584,51.28666],[-1.0582,51.28676],[-1.05801,51.28688],[-1.05737,51.28726],[-1.05713,51.2874],[-1.05679,51.2876],[-1.05659,51.28771],[-1.05625,51.28788],[-1.05596,51.28802],[-1.05574,51.28811],[-1.05543,51.28825],[-1.05511,51.28836],[-1.05485,51.28846],[-1.05458,51.28855],[-1.05429,51.28863]]},"properties":{"highway":"trunk","maxspeed":"50 mph","name":"Reading Road","ref":"A33"}},{"type":"Feature","geometry":{"type":"LineString","coordinates":[[-1.06598,51.26344],[-1.06581,51.26341],[-1.06566,51.26338],[-1.06558,51.26335],[-1.06548,51.2633],[-1.06538,51.26326],[-1.06528,51.26322],[-1.06518,51.26318],[-1.06509,51.26315],[-1.065,51.26312],[-1.06492,51.2631],[-1.06485,51.26308],[-1.06474,51.26306],[-1.06461,51.26304],[-1.0645,51.26303],[-1.06439,51.26302],[-1.06429,51.26302],[-1.06418,51.26302],[-1.06405,51.26303],[-1.06404,51.26303],[-1.06377,51.26301]]},"properties":{"highway":"primary","maxspeed":"50 mph","ref":"A30"}},{"type":"Feature","geometry":{"type":"LineString","coordinates":[[-1.07945,51.2788],[-1.07884,51.27864],[-1.07826,51.27847],[-1.07712,51.2781],[-1.07582,51.27756],[-1.07553,51.27744],[-1.07488,51.27709],[-1.07452,51.27689],[-1.07404,51.2766],[-1.07364,51.27633],[-1.07321,51.27603],[-1.07289,51.27579],[-1.07257,51.27553],[-1.07222,51.27521]]},"properties":{"highway":"trunk","maxspeed":"70 mph","ref":"A339"}},{"type":"Feature","geometry":{"type":"LineString","coordinates":[[-1.07222,51.27495],[-1.0725,51.27524],[-1.07268,51.2754],[-1.07292,51.2756],[-1.07325,51.27586],[-1.07364,51.27615],[-1.07407,51.27643],[-1.07485,51.27688],[-1.0756,51.27727],[-1.0761,51.27751],[-1.07719,51.27794],[-1.07779,51.27817],[-1.07856,51.27841],[-1.07896,51.27852],[-1.07933,51.27859]]},"properties":{"highway":"trunk","maxspeed":"70 mph","ref":"A339"}},{"type":"Feature","geometry":{"type":"LineString","coordinates":[[-1.06377,51.26301],[-1.06331,51.26308],[-1.06187,51.26328]]},"properties":{"highway":"primary","maxspeed":"50 mph","ref":"A30"}},{"type":"Feature","geometry":{"type":"LineString","coordinates":[[-1.14662,51.35928],[-1.14645,51.35914],[-1.14637,51.35907]]},"properties":{"highway":"primary","maxspeed":"40 mph","name":"Aldermaston Road","ref":"A340"}},{"type":"Feature","geometry":{"type":"LineString","coordinates":[[-1.14662,51.35928],[-1.14685,51.35939],[-1.14695,51.35941],[-1.14702,51.35942],[-1.14711,51.35943],[-1.14721,51.35943]]},"properties":{"highway":"primary","maxspeed":"40 mph","name":"Aldermaston Road","ref":"A340"}},{"type":"Feature","geometry":{"type":"LineString","coordinates":[[-1.08246,51.26704],[-1.08214,51.26698],[-1.08185,51.26691],[-1.08155,51.26691],[-1.0809,51.26694],[-1.08016,51.26699],[-1.07966,51.26704],[-1.07929,51.26712],[-1.07899,51.2672],[-1.07855,51.26729]]},"properties":{"highway":"primary","maxspeed":"70 mph","name":"Churchill Way East","ref":"A3010"}},{"type":"Feature","geometry":{"type":"LineString","coordinates":[[-1.12145,51.31942],[-1.12142,51.31937],[-1.12111,51.31875],[-1.12093,51.3184],[-1.12076,51.31811],[-1.12066,51.31797],[-1.12043,51.31765],[-1.12003,51.31718],[-1.11967,51.31677],[-1.11924,51.31632],[-1.11892,51.31597],[-1.11873,51.31573],[-1.11851,51.31545],[-1.11784,51.3146],[-1.11727,51.31376],[-1.11718,51.31354],[-1.11673,51.31258],[-1.11649,51.31193],[-1.11589,51.31044],[-1.11524,51.30869],[-1.11512,51.30828],[-1.11486,51.30743],[-1.11457,51.30621],[-1.11423,51.30509],[-1.11387,51.30432],[-1.11292,51.30261],[-1.11284,51.30239],[-1.11282,51.30231]]},"properties":{"highway":"primary","maxspeed":"60 mph","name":"Aldermaston Road","ref":"A340"}},{"type":"Feature","geometry":{"type":"LineString","coordinates":[[-1.12791,51.33959],[-1.12789,51.33899],[-1.1279,51.33841],[-1.12796,51.33757],[-1.12801,51.33679],[-1.12798,51.33626],[-1.12796,51.33611],[-1.12786,51.33495]]},"properties":{"highway":"primary","maxspeed":"40 mph","name":"Aldermaston Road","ref":"A340"}},{"type":"Feature","geometry":{"type":"LineString","coordinates":[[-1.08159,51.25806],[-1.08123,51.258],[-1.08076,51.25798],[-1.07977,51.25798],[-1.079,51.25799],[-1.07794,51.25805],[-1.07735,51.25809],[-1.07697,51.25815],[-1.07666,51.2582],[-1.07615,51.25832],[-1.07573,51.25844],[-1.07506,51.25867],[-1.07466,51.25885],[-1.07416,51.25911],[-1.07373,51.25937],[-1.07345,51.25957],[-1.073,51.25989],[-1.07255,51.26024],[-1.07158,51.261],[-1.07078,51.26165],[-1.07036,51.26194],[-1.06987,51.26223],[-1.06954,51.26246]]},"properties":{"highway":"primary","maxspeed":"70 mph","name":"Ringway South","ref":"A30"}},{"type":"Feature","geometry":{"type":"LineString","coordinates":[[-1.08244,51.26667],[-1.08248,51.26665],[-1.08258,51.26661]]},"properties":{"highway":"primary","maxspeed":"30 mph","name":"Eastrop Roundabout"}},{"type":"Feature","geometry":{"type":"LineString","coordinates":[[-1.0736,51.26746],[-1.07448,51.26737],[-1.07536,51.26729],[-1.07633,51.26719],[-1.07742,51.2671],[-1.07891,51.26698],[-1.079,51.26697],[-1.07966,51.26692],[-1.08092,51.26685],[-1.08159,51.26682]]},"properties":{"highway":"primary","maxspeed":"70 mph","name":"Churchill Way East","ref":"A3010"}},{"type":"Feature","geometry":{"type":"LineString","coordinates":[[-1.08411,51.26667],[-1.08421,51.26668],[-1.08433,51.2667],[-1.08454,51.26676],[-1.08473,51.2668],[-1.08484,51.26681]]},"properties":{"highway":"primary","maxspeed":"40 mph","name":"Churchill Way","ref":"A3010"}},{"type":"Feature","geometry":{"type":"LineString","coordinates":[[-1.09199,51.26667],[-1.09185,51.26664],[-1.0917,51.26663]]},"properties":{"highway":"primary","maxspeed":"30 mph","name":"Churchill Way","ref":"A3010"}},{"type":"Feature","geometry":{"type":"LineString","coordinates":[[-1.09283,51.26633],[-1.093,51.26637],[-1.09301,51.26637],[-1.09321,51.26641],[-1.09383,51.2664]]},"properties":{"highway":"primary","maxspeed":"30 mph","name":"Churchill Way West","ref":"A3010"}},{"type":"Feature","geometry":{"type":"LineString","coordinates":[[-1.10767,51.26611],[-1.10717,51.26605],[-1.10693,51.26602],[-1.10671,51.26601],[-1.10624,51.26599],[-1.1062,51.26598],[-1.10576,51.266],[-1.10529,51.26601],[-1.10511,51.26602],[-1.10189,51.26627],[-1.10043,51.26636],[-1.09959,51.2664],[-1.09928,51.26641],[-1.09908,51.26641]]},"properties":{"highway":"primary","maxspeed":"50 mph","name":"Churchill Way West","ref":"A3010"}},{"type":"Feature","geometry":{"type":"LineString","coordinates":[[-1.13264,51.24073],[-1.13273,51.24071],[-1.13281,51.2407],[-1.13294,51.24069],[-1.13309,51.24071],[-1.13318,51.24073],[-1.13329,51.24076],[-1.13338,51.24082],[-1.13349,51.24093],[-1.13351,51.241],[-1.1335,51.24112]]},"properties":{"highway":"primary","maxspeed":"40 mph","name":"Kempshott Roundabout","ref":"A30"}},{"type":"Feature","geometry":{"type":"LineString","coordinates":[[-1.11185,51.25055],[-1.11178,51.25062],[-1.11174,51.25066],[-1.1115,51.2508]]},"properties":{"highway":"primary","maxspeed":"30 mph","name":"Winchester Road","ref":"A30"}},{"type":"Feature","geometry":{"type":"LineString","coordinates":[[-1.105,51.25429],[-1.10537,51.25409],[-1.10559,51.25397],[-1.10565,51.25394],[-1.1059,51.25381],[-1.10747,51.25298],[-1.10783,51.25279],[-1.10859,51.25235],[-1.10864,51.25232],[-1.10882,51.25221]]},"properties":{"highway":"primary","maxspeed":"40 mph","name":"Winchester Road","ref":"A30"}},{"type":"Feature","geometry":{"type":"LineString","coordinates":[[-0.95415,51.26637],[-0.95412,51.26641],[-0.95408,51.26643],[-0.954,51.26646],[-0.95391,51.26649],[-0.95383,51.2665],[-0.95372,51.26651],[-0.95367,51.2665],[-0.95358,51.26648],[-0.9535,51.26645],[-0.95344,51.26642],[-0.95336,51.26633],[-0.95334,51.26625],[-0.95335,51.26619],[-0.95337,51.26614],[-0.9534,51.2661]]},"properties":{"highway":"primary","maxspeed":"60 mph","name":"Lord Derby Roundabout"}},{"type":"Feature","geometry":{"type":"LineString","coordinates":[[-0.95399,51.266],[-0.95424,51.26603],[-0.95442,51.26608],[-0.95447,51.2661],[-0.95472,51.26619]]},"properties":{"highway":"primary","maxspeed":"70 mph","ref":"A287"}},{"type":"Feature","geometry":{"type":"LineString","coordinates":[[-0.95929,51.27059],[-0.95934,51.27049],[-0.95937,51.27041],[-0.95941,51.27031],[-0.95941,51.27021],[-0.9594,51.27015],[-0.95938,51.27007],[-0.95934,51.26998],[-0.95929,51.26991]]},"properties":{"highway":"primary","maxspeed":"70 mph","ref":"A287"}},{"type":"Feature","geometry":{"type":"LineString","coordinates":[[-0.92601,51.25656],[-0.92601,51.25658],[-0.92601,51.25659],[-0.92601,51.25661],[-0.926,51.25662],[-0.926,51.25663],[-0.92598,51.25665],[-0.92596,51.25667],[-0.92594,51.25669],[-0.92592,51.25671],[-0.92589,51.25673],[-0.92586,51.25674],[-0.92583,51.25675],[-0.9258,51.25676],[-0.92576,51.25677],[-0.92572,51.25678],[-0.92569,51.25678],[-0.92565,51.25678],[-0.92561,51.25678],[-0.92554,51.25677],[-0.92552,51.25676],[-0.92549,51.25676],[-0.92547,51.25675],[-0.92545,51.25674],[-0.92543,51.25673],[-0.92541,51.25672],[-0.92539,51.25671],[-0.92538,51.25669],[-0.92536,51.25668],[-0.92535,51.25667],[-0.92534,51.25665],[-0.92532,51.25663],[-0.92531,51.2566],[-0.92531,51.25657],[-0.92531,51.25654],[-0.92532,51.25651],[-0.92533,51.25649],[-0.92535,51.25646],[-0.92537,51.25643],[-0.9254,51.25641],[-0.92543,51.25639],[-0.92547,51.25637],[-0.92551,51.25636],[-0.92555,51.25635],[-0.92559,51.25634],[-0.92564,51.25634],[-0.92567,51.25634],[-0.9257,51.25634],[-0.92572,51.25634],[-0.92575,51.25635],[-0.92578,51.25635],[-0.92581,51.25636],[-0.92583,51.25637],[-0.92586,51.25638],[-0.92588,51.25639],[-0.9259,51.2564],[-0.92592,51.25641],[-0.92594,51.25643],[-0.92596,51.25644],[-0.92597,51.25646],[-0.92599,51.25647],[-0.926,51.25649],[-0.92601,51.25651],[-0.92601,51.25653],[-0.92601,51.25654],[-0.92601,51.25656]]},"properties":{"highway":"primary","maxspeed":"60 mph","name":"Broad Oak Roundabout"}},{"type":"Feature","geometry":{"type":"LineString","coordinates":[[-0.926,51.25663],[-0.92598,51.25679],[-0.92603,51.25708]]},"properties":{"highway":"primary","maxspeed":"60 mph","ref":"A287"}},{"type":"Feature","geometry":{"type":"LineString","coordinates":[[-0.92461,51.2561],[-0.92487,51.25616],[-0.9251,51.25623],[-0.92527,51.25627],[-0.92535,51.25628],[-0.92545,51.2563],[-0.92558,51.25632],[-0.92564,51.25634]]},"properties":{"highway":"primary","maxspeed":"60 mph","name":"Farnham Road","ref":"A287"}},{"type":"Feature","geometry":{"type":"LineString","coordinates":[[-1.11404,51.27568],[-1.11465,51.2757],[-1.11615,51.27577],[-1.11717,51.27584],[-1.1178,51.27588],[-1.11844,51.27597],[-1.119,51.27605],[-1.11961,51.27617],[-1.12055,51.27636],[-1.12082,51.27642],[-1.1215,51.27659],[-1.1224,51.27686],[-1.12382,51.27736],[-1.1241,51.27747],[-1.12442,51.27759],[-1.12475,51.27772],[-1.1249,51.27776],[-1.12498,51.27777],[-1.12508,51.27779]]},"properties":{"highway":"trunk","maxspeed":"70 mph","ref":"A339"}},{"type":"Feature","geometry":{"type":"LineString","coordinates":[[-0.96261,51.28255],[-0.96261,51.28256],[-0.9626,51.28258],[-0.96258,51.28259],[-0.96257,51.28259],[-0.96255,51.2826],[-0.96252,51.2826],[-0.9625,51.2826],[-0.96247,51.2826],[-0.96245,51.2826],[-0.96243,51.28259],[-0.96241,51.28257],[-0.9624,51.28255],[-0.9624,51.28253],[-0.9624,51.28252],[-0.96241,51.2825],[-0.96243,51.28249],[-0.96245,51.28248],[-0.96248,51.28247]]},"properties":{"highway":"primary","maxspeed":"30 mph","ref":"A30"}},{"type":"Feature","geometry":{"type":"LineString","coordinates":[[-1.06477,51.26295],[-1.06496,51.26293],[-1.06506,51.26293],[-1.06512,51.26292],[-1.06519,51.26291],[-1.06525,51.26289],[-1.06535,51.26285],[-1.06559,51.26276]]},"properties":{"highway":"primary","maxspeed":"50 mph","ref":"A30"}},{"type":"Feature","geometry":{"type":"LineString","coordinates":[[-1.07948,51.25425],[-1.07945,51.25422],[-1.07933,51.25403],[-1.07909,51.2537]]},"properties":{"highway":"primary","maxspeed":"40 mph","name":"Hackwood Road","ref":"A339"}},{"type":"Feature","geometry":{"type":"LineString","coordinates":[[-1.07931,51.24741],[-1.07929,51.24833],[-1.07925,51.24877],[-1.07916,51.24935],[-1.07909,51.24982]]},"properties":{"highway":"primary","maxspeed":"50 mph","name":"Alton Road","ref":"A339"}},{"type":"Feature","geometry":{"type":"LineString","coordinates":[[-1.07931,51.24741],[-1.07933,51.24725],[-1.07932,51.24661],[-1.07927,51.24622],[-1.07921,51.24585],[-1.0791,51.24553],[-1.07902,51.24528],[-1.07872,51.24438],[-1.07844,51.24318],[-1.07834,51.24286],[-1.07832,51.24263],[-1.0783,51.24226],[-1.07836,51.24171],[-1.07841,51.24135],[-1.07834,51.24096],[-1.0783,51.24053],[-1.0785,51.24002],[-1.07872,51.23964],[-1.07884,51.23933],[-1.07888,51.23911],[-1.07887,51.23903],[-1.07886,51.23894],[-1.07884,51.23879],[-1.07879,51.23849],[-1.07874,51.2382],[-1.07872,51.23806],[-1.07865,51.23774],[-1.07854,51.2375],[-1.07839,51.2372],[-1.07798,51.23648],[-1.07747,51.23549],[-1.07737,51.2353],[-1.07684,51.2343],[-1.07669,51.23405],[-1.07663,51.23397],[-1.07653,51.23385],[-1.07642,51.23373],[-1.07629,51.23361],[-1.07618,51.23353],[-1.07609,51.23347],[-1.07597,51.2334],[-1.07586,51.23333],[-1.07573,51.23328],[-1.07559,51.23321],[-1.07545,51.23317],[-1.07517,51.23308],[-1.07475,51.23298],[-1.07432,51.23289],[-1.07362,51.23275],[-1.07347,51.23271],[-1.07329,51.23266],[-1.07315,51.23263],[-1.07302,51.23259],[-1.0729,51.23254],[-1.07275,51.23249],[-1.07258,51.23242],[-1.07203,51.23221],[-1.07179,51.23213],[-1.0717,51.2321],[-1.07157,51.23208],[-1.0714,51.23205],[-1.0713,51.23203],[-1.07116,51.23202],[-1.07101,51.23201],[-1.07083,51.23201],[-1.07064,51.23202],[-1.07035,51.23205],[-1.06996,51.2321],[-1.06841,51.23231],[-1.06795,51.23235],[-1.06766,51.23236],[-1.06749,51.23236],[-1.06736,51.23235],[-1.06723,51.23233],[-1.06703,51.2323],[-1.06682,51.23224],[-1.06664,51.23216],[-1.0664,51.23201],[-1.06623,51.23188],[-1.06606,51.23171],[-1.06582,51.23139],[-1.06557,51.23097],[-1.06539,51.23071],[-1.06521,51.2305],[-1.06499,51.23026],[-1.0649,51.23013],[-1.06482,51.22995],[-1.06474,51.22971],[-1.0647,51.22955],[-1.06461,51.22933],[-1.06433,51.22901],[-1.06417,51.22886],[-1.06414,51.22873],[-1.06412,51.22867],[-1.06403,51.22836],[-1.06392,51.22806],[-1.06374,51.22764],[-1.0637,51.2275],[-1.06368,51.22744],[-1.06367,51.22737]]},"properties":{"highway":"primary","maxspeed":"50 mph","ref":"A339"}},{"type":"Feature","geometry":{"type":"LineString","coordinates":[[-1.07945,51.25447],[-1.07947,51.25439],[-1.07948,51.25425]]},"properties":{"highway":"primary","maxspeed":"30 mph","name":"Hackwood Road","ref":"A339"}},{"type":"Feature","geometry":{"type":"LineString","coordinates":[[-1.07948,51.25425],[-1.07959,51.25432],[-1.07964,51.25435]]},"properties":{"highway":"primary","maxspeed":"30 mph","name":"Hackwood Road","ref":"A339"}},{"type":"Feature","geometry":{"type":"LineString","coordinates":[[-1.06502,51.22574],[-1.06505,51.22571],[-1.06508,51.22567],[-1.06513,51.2256],[-1.06517,51.22551],[-1.06522,51.2254],[-1.06524,51.22522],[-1.06525,51.22514],[-1.06524,51.22504],[-1.06522,51.22495],[-1.06515,51.2248],[-1.06506,51.22464],[-1.06495,51.22444],[-1.06483,51.22425],[-1.06455,51.22376],[-1.06442,51.22352],[-1.06431,51.22331],[-1.06415,51.22309],[-1.06408,51.22298],[-1.06394,51.22285],[-1.06379,51.22272],[-1.06354,51.22252],[-1.06298,51.22208],[-1.06276,51.22191],[-1.06266,51.22181],[-1.06256,51.22169],[-1.06239,51.22136],[-1.06211,51.22071],[-1.06199,51.22045],[-1.06191,51.22026],[-1.06181,51.2199],[-1.06175,51.21971],[-1.06169,51.21954],[-1.06162,51.21941],[-1.06153,51.21927],[-1.06105,51.21876],[-1.06053,51.21809],[-1.06004,51.21741],[-1.05984,51.21719],[-1.05958,51.21698],[-1.05818,51.21599],[-1.05801,51.21588],[-1.0578,51.21573],[-1.05739,51.21541],[-1.0571,51.21516],[-1.05684,51.21495],[-1.05639,51.21459],[-1.05621,51.21444],[-1.05602,51.21426],[-1.05584,51.21407],[-1.05569,51.21391],[-1.05555,51.21377],[-1.05515,51.21333],[-1.05486,51.21301],[-1.05465,51.21279],[-1.05342,51.2115],[-1.05323,51.2113]]},"properties":{"highway":"primary","maxspeed":"50 mph","ref":"A339"}},{"type":"Feature","geometry":{"type":"LineString","coordinates":[[-1.04115,51.19943],[-1.04145,51.19847],[-1.04176,51.1974]]},"properties":{"highway":"primary","maxspeed":"50 mph","ref":"A339"}},{"type":"Feature","geometry":{"type":"LineString","coordinates":[[-1.02378,51.31739],[-1.02373,51.31722],[-1.02366,51.31704],[-1.02361,51.31695],[-1.02356,51.31686]]},"properties":{"highway":"trunk","maxspeed":"50 mph","ref":"A33"}},{"type":"Feature","geometry":{"type":"LineString","coordinates":[[-0.97244,51.27433],[-0.97205,51.27433],[-0.9716,51.27428],[-0.97094,51.2742],[-0.96944,51.27394],[-0.96852,51.27378],[-0.96553,51.27326],[-0.9641,51.27299],[-0.96299,51.27269],[-0.96231,51.27247],[-0.9619,51.27231],[-0.96161,51.27219],[-0.9615,51.27216],[-0.96137,51.27213],[-0.9612,51.27211],[-0.96104,51.27211]]},"properties":{"highway":"primary","maxspeed":"70 mph","ref":"A287"}},{"type":"Feature","geometry":{"type":"LineString","coordinates":[[-0.96155,51.27171],[-0.96165,51.27192],[-0.96174,51.27202],[-0.96195,51.27215],[-0.96235,51.2723],[-0.9631,51.27256],[-0.96382,51.27277],[-0.96424,51.27287],[-0.96507,51.27303],[-0.96784,51.27351],[-0.9686,51.27364],[-0.969,51.27371],[-0.96988,51.27386],[-0.97208,51.27423],[-0.97244,51.27433]]},"properties":{"highway":"primary","maxspeed":"70 mph","ref":"A287"}},{"type":"Feature","geometry":{"type":"LineString","coordinates":[[-0.97835,51.27546],[-0.97823,51.27536]]},"properties":{"highway":"primary","maxspeed":"40 mph","ref":"A287"}},{"type":"Feature","geometry":{"type":"LineString","coordinates":[[-1.02378,51.31739],[-1.02376,51.31748],[-1.02372,51.3176],[-1.02366,51.31776],[-1.02359,51.31793],[-1.02351,51.31813],[-1.02344,51.31829],[-1.02338,51.31843],[-1.02329,51.31857],[-1.0232,51.3187],[-1.02311,51.31883],[-1.02301,51.31897],[-1.02287,51.31914],[-1.02264,51.3194],[-1.02241,51.31962],[-1.02218,51.31983],[-1.02193,51.32005]]},"properties":{"highway":"trunk","maxspeed":"50 mph","ref":"A33"}},{"type":"Feature","geometry":{"type":"LineString","coordinates":[[-1.19025,51.20345],[-1.1908,51.20302],[-1.19095,51.2029]]},"properties":{"highway":"primary","maxspeed":"60 mph","ref":"A33"}},{"type":"Feature","geometry":{"type":"LineString","coordinates":[[-1.08138,51.25728],[-1.08143,51.25716],[-1.08143,51.25704],[-1.08136,51.25689],[-1.08083,51.25618],[-1.0808,51.25614],[-1.08071,51.25601]]},"properties":{"highway":"primary","maxspeed":"30 mph","name":"Hackwood Road","ref":"A339"}},{"type":"Feature","geometry":{"type":"LineString","coordinates":[[-1.07992,51.25462],[-1.07992,51.25473]]},"properties":{"highway":"primary","maxspeed":"30 mph","name":"Hackwood Road","ref":"A339"}},{"type":"Feature","geometry":{"type":"LineString","coordinates":[[-1.15067,51.35968],[-1.15041,51.35974],[-1.15037,51.35975],[-1.15008,51.35985]]},"properties":{"highway":"primary","maxspeed":"40 mph","name":"Aldermaston Road","ref":"A340"}},{"type":"Feature","geometry":{"type":"LineString","coordinates":[[-0.95492,51.28673],[-0.95492,51.28676],[-0.95492,51.28678],[-0.95491,51.2868],[-0.95489,51.28682],[-0.95488,51.28683],[-0.95486,51.28684],[-0.95484,51.28686],[-0.95481,51.28687],[-0.95479,51.28687],[-0.95476,51.28688],[-0.95473,51.28688],[-0.9547,51.28688],[-0.95467,51.28688],[-0.95464,51.28687],[-0.95461,51.28686],[-0.95458,51.28685],[-0.95456,51.28683],[-0.95454,51.28681],[-0.95453,51.28679],[-0.95452,51.28677],[-0.95451,51.28675],[-0.95452,51.28673],[-0.95452,51.28671],[-0.95454,51.28669],[-0.95455,51.28668],[-0.95457,51.28666],[-0.95459,51.28665],[-0.95461,51.28664],[-0.95464,51.28663],[-0.95467,51.28663],[-0.95469,51.28663],[-0.95472,51.28662],[-0.95475,51.28663],[-0.95478,51.28663],[-0.95481,51.28664],[-0.95484,51.28665],[-0.95487,51.28667],[-0.95489,51.28668],[-0.95491,51.28671],[-0.95492,51.28673]]},"properties":{"highway":"primary","maxspeed":"30 mph"}},{"type":"Feature","geometry":{"type":"LineString","coordinates":[[-0.98621,51.27352],[-0.98601,51.27353],[-0.9854,51.27359],[-0.98483,51.27364],[-0.9847,51.27366],[-0.98378,51.27377],[-0.98314,51.27386],[-0.98239,51.27397],[-0.9823,51.27398],[-0.98207,51.27403],[-0.98177,51.2741],[-0.98142,51.27418],[-0.98106,51.27428],[-0.98081,51.27436],[-0.98057,51.27445],[-0.98012,51.27461]]},"properties":{"highway":"primary","maxspeed":"50 mph","ref":"A30"}},{"type":"Feature","geometry":{"type":"LineString","coordinates":[[-1.0327,51.26465],[-1.0326,51.26472],[-1.03246,51.26482],[-1.0324,51.26486],[-1.03234,51.26491],[-1.03226,51.26497],[-1.03213,51.26507],[-1.032,51.26518]]},"properties":{"highway":"primary","maxspeed":"70 mph","name":"London Road","ref":"A30"}},{"type":"Feature","geometry":{"type":"LineString","coordinates":[[-1.14146,51.2354],[-1.14146,51.23544],[-1.14146,51.23548],[-1.14145,51.23553],[-1.14143,51.23556],[-1.1414,51.2356],[-1.14135,51.23563],[-1.1413,51.23566],[-1.14123,51.23568],[-1.14117,51.23569],[-1.1411,51.2357],[-1.14101,51.2357],[-1.14094,51.23569],[-1.1409,51.23567],[-1.14085,51.23566],[-1.14081,51.23564],[-1.14078,51.23561],[-1.14076,51.23558],[-1.14073,51.23554],[-1.14072,51.23551],[-1.14071,51.23548],[-1.14071,51.23545]]},"properties":{"highway":"primary","maxspeed":"50 mph","name":"Hatch Warren Roundabout"}},{"type":"Feature","geometry":{"type":"LineString","coordinates":[[-1.07962,51.25477],[-1.07959,51.25478],[-1.07948,51.25479],[-1.07942,51.25477]]},"properties":{"highway":"primary","maxspeed":"30 mph","name":"Venture Roundabout"}},{"type":"Feature","geometry":{"type":"LineString","coordinates":[[-1.16727,51.21938],[-1.16673,51.21987],[-1.16632,51.22025],[-1.16535,51.22102],[-1.16489,51.22141]]},"properties":{"highway":"primary","maxspeed":"50 mph","ref":"A30"}},{"type":"Feature","geometry":{"type":"LineString","coordinates":[[-1.1028,51.25517],[-1.10283,51.25509],[-1.10288,51.25504],[-1.10317,51.25483],[-1.10331,51.25474],[-1.10344,51.25469],[-1.10355,51.25465],[-1.10369,51.25463]]},"properties":{"highway":"primary","maxspeed":"30 mph","name":"Winchester Road Roundabout"}},{"type":"Feature","geometry":{"type":"LineString","coordinates":[[-0.98621,51.27352],[-0.98655,51.27346],[-0.9867,51.27344],[-0.98715,51.27341]]},"properties":{"highway":"primary","maxspeed":"50 mph","name":"London Road","ref":"A30"}},{"type":"Feature","geometry":{"type":"LineString","coordinates":[[-1.08314,51.25733],[-1.08294,51.2574],[-1.08283,51.25746],[-1.08275,51.25751],[-1.08267,51.25764]]},"properties":{"highway":"primary","maxspeed":"30 mph","name":"Ringway South","ref":"A30"}},{"type":"Feature","geometry":{"type":"LineString","coordinates":[[-1.10436,51.25504],[-1.10443,51.25523],[-1.10462,51.2556]]},"properties":{"highway":"primary","maxspeed":"30 mph","name":"Ringway West","ref":"A340"}},{"type":"Feature","geometry":{"type":"LineString","coordinates":[[-1.10264,51.27806],[-1.10273,51.2783],[-1.1028,51.27841]]},"properties":{"highway":"primary","maxspeed":"50 mph","name":"Aldermaston Road","ref":"A340"}},{"type":"Feature","geometry":{"type":"LineString","coordinates":[[-1.14359,51.35692],[-1.14341,51.35677],[-1.14333,51.35671],[-1.14325,51.35664],[-1.1432,51.3566],[-1.14311,51.35654],[-1.14299,51.35644],[-1.1429,51.35635]]},"properties":{"highway":"primary","maxspeed":"30 mph","name":"Mulfords Hill","ref":"A340"}},{"type":"Feature","geometry":{"type":"LineString","coordinates":[[-1.13522,51.3486],[-1.13468,51.34833],[-1.1345,51.34806],[-1.13415,51.34729],[-1.13407,51.34698],[-1.13404,51.34671],[-1.13402,51.34617],[-1.13398,51.34593],[-1.13389,51.34509],[-1.13377,51.34485],[-1.13356,51.34464],[-1.13351,51.34461],[-1.13336,51.3445]]},"properties":{"highway":"primary","maxspeed":"30 mph","name":"Tadley Hill","ref":"A340"}},{"type":"Feature","geometry":{"type":"LineString","coordinates":[[-1.16184,51.36046],[-1.16185,51.36049],[-1.16185,51.36052],[-1.16185,51.36054],[-1.16184,51.36057],[-1.16183,51.36059],[-1.1618,51.36062],[-1.16178,51.36064],[-1.16174,51.36066],[-1.1617,51.36067],[-1.16166,51.36069],[-1.16161,51.36069],[-1.16155,51.3607],[-1.16149,51.36069],[-1.16144,51.36068],[-1.16139,51.36066],[-1.16135,51.36064],[-1.16132,51.36062],[-1.1613,51.36059],[-1.16128,51.36056],[-1.16127,51.36053],[-1.16128,51.36049],[-1.16129,51.36046],[-1.16131,51.36043],[-1.16135,51.3604],[-1.16138,51.36038],[-1.16142,51.36036],[-1.16147,51.36035],[-1.16152,51.36034],[-1.16157,51.36034],[-1.16161,51.36034],[-1.16165,51.36034],[-1.16169,51.36035],[-1.16172,51.36037],[-1.16175,51.36038],[-1.16178,51.3604],[-1.16179,51.36041],[-1.16182,51.36043],[-1.16184,51.36046]]},"properties":{"highway":"primary","maxspeed":"40 mph","ref":"A340"}},{"type":"Feature","geometry":{"type":"LineString","coordinates":[[-1.08881,51.26664],[-1.08901,51.26663],[-1.0892,51.26662],[-1.08937,51.26661],[-1.08982,51.26658],[-1.09069,51.26655],[-1.09141,51.26651],[-1.09154,51.26651],[-1.09167,51.2665],[-1.09175,51.26649],[-1.09194,51.26641]]},"properties":{"highway":"primary","maxspeed":"40 mph","name":"Churchill Way","ref":"A3010"}},{"type":"Feature","geometry":{"type":"LineString","coordinates":[[-1.08883,51.26677],[-1.08674,51.26686]]},"properties":{"highway":"primary","maxspeed":"40 mph","name":"Churchill Way","ref":"A3010","tunnel":"building_passage"}},{"type":"Feature","geometry":{"type":"LineString","coordinates":[[-1.08674,51.26686],[-1.08667,51.26686],[-1.08661,51.26686],[-1.08554,51.2669]]},"properties":{"highway":"primary","maxspeed":"40 mph","name":"Churchill Way","ref":"A3010"}},{"type":"Feature","geometry":{"type":"LineString","coordinates":[[-1.08673,51.26674],[-1.08686,51.26674],[-1.08694,51.26673],[-1.08881,51.26664]]},"properties":{"highway":"primary","maxspeed":"40 mph","name":"Churchill Way","ref":"A3010","tunnel":"building_passage"}},{"type":"Feature","geometry":{"type":"LineString","coordinates":[[-1.15067,51.35968],[-1.15096,51.3597],[-1.15241,51.35983],[-1.15333,51.35989],[-1.15349,51.3599]]},"properties":{"highway":"primary","maxspeed":"40 mph","ref":"A340"}},{"type":"Feature","geometry":{"type":"LineString","coordinates":[[-1.15001,51.35962],[-1.15026,51.35964],[-1.15033,51.35965],[-1.15067,51.35968]]},"properties":{"highway":"primary","maxspeed":"40 mph","name":"Aldermaston Road","ref":"A340"}},{"type":"Feature","geometry":{"type":"LineString","coordinates":[[-1.14706,51.35963],[-1.14704,51.35955],[-1.14704,51.35953],[-1.14706,51.3595],[-1.14711,51.35946],[-1.14721,51.35943]]},"properties":{"highway":"primary","maxspeed":"40 mph","name":"Aldermaston Road"}},{"type":"Feature","geometry":{"type":"LineString","coordinates":[[-1.13336,51.3445],[-1.13325,51.34443],[-1.13312,51.34434],[-1.13309,51.34432],[-1.13306,51.34429],[-1.13297,51.34421]]},"properties":{"highway":"primary","maxspeed":"30 mph","name":"Main Road","ref":"A340"}},{"type":"Feature","geometry":{"type":"LineString","coordinates":[[-0.94119,51.28826],[-0.94142,51.28816],[-0.94158,51.28811],[-0.94199,51.28802],[-0.94252,51.28791],[-0.94302,51.2878],[-0.94331,51.28775],[-0.94354,51.28771],[-0.94366,51.28768],[-0.94373,51.28767]]},"properties":{"highway":"primary","maxspeed":"40 mph","name":"London Road","ref":"A30"}},{"type":"Feature","geometry":{"type":"LineString","coordinates":[[-1.10043,51.27771],[-1.0983,51.27805],[-1.09752,51.27817],[-1.09672,51.2783]]},"properties":{"highway":"trunk","maxspeed":"70 mph","name":"Ringway North","ref":"A339"}},{"type":"Feature","geometry":{"type":"LineString","coordinates":[[-1.10227,51.27741],[-1.10103,51.27761]]},"properties":{"highway":"trunk","maxspeed":"70 mph","name":"Ringway North","ref":"A339"}},{"type":"Feature","geometry":{"type":"LineString","coordinates":[[-0.91846,51.28351],[-0.91899,51.2832],[-0.92051,51.2823],[-0.92202,51.28149],[-0.92334,51.28083],[-0.92474,51.28017],[-0.92592,51.27964],[-0.92737,51.27903],[-0.92841,51.27862]]},"properties":{"highway":"motorway","maxspeed":"70 mph","operator":"National Highways","ref":"M3"}},{"type":"Feature","geometry":{"type":"LineString","coordinates":[[-0.92913,51.27851],[-0.92854,51.27873]]},"properties":{"bridge":"yes","highway":"motorway","layer":"1","maxspeed":"70 mph","operator":"National Highways","ref":"M3"}},{"type":"Feature","geometry":{"type":"LineString","coordinates":[[-1.16134,51.36089],[-1.16127,51.36098],[-1.16118,51.36108],[-1.16095,51.36131],[-1.16059,51.36165],[-1.16041,51.36184],[-1.16031,51.3619]]},"properties":{"highway":"primary","maxspeed":"40 mph","ref":"A340"}},{"type":"Feature","geometry":{"type":"LineString","coordinates":[[-1.19026,51.20405],[-1.19063,51.20403],[-1.19104,51.20401],[-1.19162,51.20399],[-1.19215,51.20392],[-1.19259,51.20382],[-1.19328,51.20356],[-1.19444,51.20317],[-1.1958,51.20268],[-1.19605,51.2026],[-1.19656,51.20243],[-1.19725,51.20224],[-1.19767,51.20215],[-1.19802,51.20209],[-1.19832,51.20205],[-1.19875,51.20201],[-1.1994,51.20195],[-1.20013,51.2019]]},"properties":{"highway":"primary","maxspeed":"60 mph","name":"Stockbridge Road","ref":"A30"}},{"type":"Feature","geometry":{"type":"LineString","coordinates":[[-1.17174,51.21294],[-1.17123,51.21323]]},"properties":{"bridge":"yes","highway":"motorway","layer":"1","maxspeed":"70 mph","operator":"National Highways","ref":"M3"}},{"type":"Feature","geometry":{"type":"LineString","coordinates":[[-1.17109,51.21308],[-1.17155,51.21281]]},"properties":{"bridge":"yes","highway":"motorway","layer":"1","maxspeed":"70 mph","operator":"National Highways","ref":"M3"}},{"type":"Feature","geometry":{"type":"LineString","coordinates":[[-1.15918,51.21887],[-1.15924,51.21901],[-1.15924,51.21908],[-1.15923,51.2192],[-1.15914,51.21933],[-1.15904,51.21943],[-1.15887,51.21951],[-1.15865,51.21958],[-1.15839,51.21959],[-1.15819,51.21958],[-1.15815,51.21957],[-1.15805,51.21955],[-1.15797,51.21952],[-1.15781,51.21944],[-1.15766,51.21932]]},"properties":{"highway":"primary","maxspeed":"60 mph","name":"Dummer Interchange"}},{"type":"Feature","geometry":{"type":"LineString","coordinates":[[-1.15873,51.21828],[-1.15918,51.21887]]},"properties":{"bridge":"yes","highway":"primary","layer":"1","maxspeed":"60 mph","name":"Dummer Interchange"}},{"type":"Feature","geometry":{"type":"LineString","coordinates":[[-1.15766,51.21932],[-1.15725,51.21877]]},"properties":{"bridge":"yes","highway":"primary","layer":"1","maxspeed":"60 mph","name":"Dummer Interchange"}},{"type":"Feature","geometry":{"type":"LineString","coordinates":[[-1.15725,51.21877],[-1.1572,51.21865],[-1.1572,51.21853],[-1.15724,51.21841],[-1.15736,51.21824],[-1.15758,51.21811],[-1.15776,51.21807],[-1.15789,51.21804],[-1.1581,51.21804],[-1.15827,51.21805],[-1.15837,51.21808]]},"properties":{"highway":"primary","maxspeed":"60 mph","name":"Dummer Interchange"}},{"type":"Feature","geometry":{"type":"LineString","coordinates":[[-1.15941,51.22337],[-1.15922,51.22339],[-1.15884,51.22342],[-1.15844,51.22343],[-1.15836,51.22343],[-1.15829,51.22342],[-1.15821,51.2234],[-1.15814,51.22337],[-1.15802,51.22332],[-1.1579,51.22325],[-1.15782,51.22323],[-1.15776,51.2232],[-1.15772,51.22318],[-1.15767,51.22314]]},"properties":{"highway":"primary","maxspeed":"50 mph"}},{"type":"Feature","geometry":{"type":"LineString","coordinates":[[-1.07457,51.27663],[-1.07479,51.27648],[-1.07485,51.27644],[-1.07505,51.27633],[-1.07513,51.2763],[-1.07521,51.27628]]},"properties":{"highway":"trunk","maxspeed":"30 mph","name":"Reading Road Roundabout","ref":"A33"}},{"type":"Feature","geometry":{"type":"LineString","coordinates":[[-1.07426,51.27684],[-1.07457,51.27663]]},"properties":{"bridge":"yes","highway":"trunk","layer":"1","maxspeed":"30 mph","name":"Reading Road Roundabout","ref":"A33"}},{"type":"Feature","geometry":{"type":"LineString","coordinates":[[-1.07589,51.27732],[-1.07562,51.27757]]},"properties":{"bridge":"yes","highway":"trunk","layer":"1","maxspeed":"30 mph","name":"Reading Road Roundabout","ref":"A33"}},{"type":"Feature","geometry":{"type":"LineString","coordinates":[[-1.07562,51.27757],[-1.07549,51.27768],[-1.07545,51.27771],[-1.07527,51.27782]]},"properties":{"highway":"trunk","maxspeed":"30 mph","name":"Reading Road Roundabout","ref":"A33"}},{"type":"Feature","geometry":{"type":"LineString","coordinates":[[-1.06891,51.26761],[-1.06869,51.26701]]},"properties":{"bridge":"yes","highway":"trunk","layer":"1","maxspeed":"70 mph","name":"Ringway East","ref":"A339"}},{"type":"Feature","geometry":{"type":"LineString","coordinates":[[-1.06919,51.26764],[-1.06933,51.26807],[-1.06947,51.26856],[-1.06961,51.26906],[-1.0697,51.26941],[-1.06977,51.26975],[-1.06978,51.2698],[-1.06989,51.27024],[-1.06994,51.27045],[-1.06997,51.2706]]},"properties":{"highway":"trunk","maxspeed":"70 mph","name":"Ringway East","ref":"A339"}},{"type":"Feature","geometry":{"type":"LineString","coordinates":[[-1.0686,51.26676],[-1.06856,51.26665],[-1.06852,51.26652],[-1.06844,51.26631],[-1.06837,51.26611],[-1.06828,51.2659],[-1.06814,51.26559],[-1.06795,51.26523],[-1.06776,51.26489],[-1.06751,51.26458],[-1.06734,51.26437],[-1.06713,51.2641]]},"properties":{"highway":"trunk","maxspeed":"50 mph","name":"Ringway East","ref":"A339"}},{"type":"Feature","geometry":{"type":"LineString","coordinates":[[-1.06898,51.26707],[-1.06919,51.26764]]},"properties":{"bridge":"yes","highway":"trunk","layer":"1","maxspeed":"70 mph","name":"Ringway East","ref":"A339"}},{"type":"Feature","geometry":{"type":"LineString","coordinates":[[-1.18463,51.205],[-1.18418,51.20528]]},"properties":{"bridge":"yes","highway":"motorway","layer":"1","maxspeed":"70 mph","operator":"National Highways","ref":"M3"}},{"type":"Feature","geometry":{"type":"LineString","coordinates":[[-1.18459,51.20492],[-1.18834,51.20246],[-1.19075,51.20097]]},"properties":{"highway":"motorway","maxspeed":"70 mph","operator":"National Highways","ref":"M3"}},{"type":"Feature","geometry":{"type":"LineString","coordinates":[[-1.18413,51.20521],[-1.18459,51.20492]]},"properties":{"bridge":"yes","highway":"motorway","layer":"1","maxspeed":"70 mph","operator":"National Highways","ref":"M3"}},{"type":"Feature","geometry":{"type":"LineString","coordinates":[[-1.16004,51.36217],[-1.16001,51.36217],[-1.15998,51.36218],[-1.15996,51.36217],[-1.15994,51.36217],[-1.15992,51.36216],[-1.1599,51.36216],[-1.15989,51.36215],[-1.15987,51.36213],[-1.15986,51.36211],[-1.15986,51.3621],[-1.15987,51.36208],[-1.15988,51.36206],[-1.15989,51.36205],[-1.15991,51.36204],[-1.15994,51.36203],[-1.15997,51.36202],[-1.15999,51.36202],[-1.16002,51.36203],[-1.16005,51.36203],[-1.16007,51.36205],[-1.16009,51.36206],[-1.1601,51.36208],[-1.16011,51.36209],[-1.1601,51.36211],[-1.1601,51.36213],[-1.16008,51.36214],[-1.16006,51.36216],[-1.16004,51.36217]]},"properties":{"highway":"primary","maxspeed":"40 mph","ref":"A340"}},{"type":"Feature","geometry":{"type":"LineString","coordinates":[[-1.16004,51.36217],[-1.15998,51.36225],[-1.15994,51.3623]]},"properties":{"highway":"primary","maxspeed":"40 mph","ref":"A340"}},{"type":"Feature","geometry":{"type":"LineString","coordinates":[[-1.12866,51.34074],[-1.12853,51.34067],[-1.1283,51.34045],[-1.12806,51.3401]]},"properties":{"highway":"primary","maxspeed":"30 mph","name":"Dix Hill","ref":"A340"}},{"type":"Feature","geometry":{"type":"LineString","coordinates":[[-1.16161,51.36069],[-1.16155,51.36073],[-1.1615,51.36076],[-1.16146,51.3608],[-1.16141,51.36084],[-1.16134,51.36089]]},"properties":{"highway":"primary","maxspeed":"40 mph","ref":"A340"}},{"type":"Feature","geometry":{"type":"LineString","coordinates":[[-1.19447,51.20021],[-1.19488,51.19994],[-1.19532,51.19972],[-1.196,51.19946],[-1.19658,51.19925],[-1.19707,51.19903],[-1.19869,51.1982],[-1.19918,51.19793],[-1.19964,51.19762],[-1.2,51.19737],[-1.20038,51.19706],[-1.20072,51.19661],[-1.20108,51.19608],[-1.20126,51.1958]]},"properties":{"highway":"primary","maxspeed":"60 mph","ref":"A33"}},{"type":"Feature","geometry":{"type":"LineString","coordinates":[[-1.19075,51.20097],[-1.19145,51.20049]]},"properties":{"bridge":"yes","highway":"motorway","layer":"1","maxspeed":"70 mph","operator":"National Highways","ref":"M3"}},{"type":"Feature","geometry":{"type":"LineString","coordinates":[[-1.19098,51.20096],[-1.19003,51.20155],[-1.18875,51.20237],[-1.1877,51.20306],[-1.18578,51.20426],[-1.18463,51.205]]},"properties":{"highway":"motorway","maxspeed":"70 mph","operator":"National Highways","ref":"M3"}},{"type":"Feature","geometry":{"type":"LineString","coordinates":[[-1.1918,51.20045],[-1.19098,51.20096]]},"properties":{"bridge":"yes","highway":"motorway","layer":"1","maxspeed":"70 mph","operator":"National Highways","ref":"M3"}},{"type":"Feature","geometry":{"type":"LineString","coordinates":[[-1.19145,51.20049],[-1.19244,51.19986],[-1.1934,51.19928],[-1.19482,51.19848],[-1.19587,51.19793]]},"properties":{"highway":"motorway","maxspeed":"70 mph","operator":"National Highways","ref":"M3"}},{"type":"Feature","geometry":{"type":"LineString","coordinates":[[-1.18418,51.20528],[-1.18228,51.20651],[-1.18099,51.20732],[-1.17958,51.20817],[-1.17858,51.2088]]},"properties":{"highway":"motorway","maxspeed":"70 mph","operator":"National Highways","ref":"M3"}},{"type":"Feature","geometry":{"type":"LineString","coordinates":[[-1.1581,51.36024],[-1.15817,51.36023],[-1.15843,51.36025],[-1.15873,51.36026]]},"properties":{"highway":"primary","maxspeed":"40 mph","ref":"A340"}},{"type":"Feature","geometry":{"type":"LineString","coordinates":[[-1.15801,51.36024],[-1.15805,51.36023],[-1.1581,51.36024],[-1.15814,51.36026],[-1.15817,51.36028],[-1.15819,51.36031],[-1.15819,51.36034],[-1.15817,51.36037],[-1.15815,51.36039],[-1.15812,51.36041],[-1.15808,51.36042],[-1.15803,51.36042],[-1.15798,51.36041],[-1.15795,51.3604],[-1.15791,51.36038],[-1.1579,51.36035],[-1.15789,51.36032],[-1.1579,51.36029],[-1.15793,51.36027],[-1.15796,51.36025],[-1.15801,51.36024]]},"properties":{"highway":"primary","maxspeed":"40 mph","ref":"A340"}},{"type":"Feature","geometry":{"type":"LineString","coordinates":[[-1.15791,51.36038],[-1.15776,51.36033],[-1.15759,51.36025]]},"properties":{"highway":"primary","maxspeed":"40 mph","ref":"A340"}},{"type":"Feature","geometry":{"type":"LineString","coordinates":[[-0.94562,51.28743],[-0.94548,51.28748],[-0.94514,51.28754],[-0.94481,51.28762]]},"properties":{"highway":"primary","maxspeed":"40 mph","name":"London Road","ref":"A30"}},{"type":"Feature","geometry":{"type":"LineString","coordinates":[[-1.11281,51.30189],[-1.11292,51.30142],[-1.11336,51.30009],[-1.1135,51.29967],[-1.11354,51.29953],[-1.11362,51.29938],[-1.11378,51.29915],[-1.11401,51.29889],[-1.11437,51.2985],[-1.11448,51.29837],[-1.11453,51.29831],[-1.11456,51.29822],[-1.11458,51.29812],[-1.11458,51.298],[-1.11455,51.29787],[-1.11449,51.29778],[-1.11444,51.2977],[-1.11432,51.2976],[-1.11419,51.29748],[-1.11409,51.29738]]},"properties":{"highway":"primary","maxspeed":"30 mph","name":"West End","ref":"A340"}},{"type":"Feature","geometry":{"type":"LineString","coordinates":[[-1.12862,51.32793],[-1.12852,51.32764],[-1.12844,51.32749],[-1.12843,51.32746],[-1.12825,51.32717],[-1.1281,51.32693],[-1.12795,51.32673],[-1.12758,51.32636],[-1.12729,51.32611],[-1.12679,51.32572],[-1.12579,51.32493],[-1.12548,51.32458],[-1.12528,51.32433],[-1.12491,51.32381],[-1.12475,51.32358],[-1.12399,51.32257],[-1.12383,51.32234],[-1.12373,51.3222],[-1.12364,51.32207],[-1.12361,51.32203]]},"properties":{"highway":"primary","maxspeed":"40 mph","name":"Aldermaston Road","ref":"A340"}},{"type":"Feature","geometry":{"type":"LineString","coordinates":[[-1.15001,51.35962],[-1.15009,51.35968],[-1.15012,51.35976],[-1.15008,51.35985]]},"properties":{"highway":"primary","maxspeed":"40 mph","name":"Aldermaston Road","ref":"A340"}},{"type":"Feature","geometry":{"type":"LineString","coordinates":[[-1.12493,51.27799],[-1.12483,51.27794],[-1.12463,51.27784],[-1.12424,51.27767],[-1.12356,51.2774],[-1.12277,51.27712],[-1.12222,51.27693],[-1.12164,51.27676],[-1.12076,51.27654],[-1.11981,51.27633],[-1.11887,51.27617],[-1.11779,51.27603],[-1.11669,51.27592],[-1.11615,51.27588],[-1.11437,51.27579],[-1.11363,51.27577],[-1.11341,51.27575],[-1.11315,51.27576],[-1.11294,51.2758],[-1.1128,51.27584]]},"properties":{"highway":"trunk","maxspeed":"70 mph","ref":"A339"}},{"type":"Feature","geometry":{"type":"LineString","coordinates":[[-1.09343,51.26652],[-1.09313,51.26657],[-1.09299,51.2666],[-1.09284,51.26668]]},"properties":{"highway":"primary","maxspeed":"30 mph","name":"Churchill Way West","ref":"A3010"}},{"type":"Feature","geometry":{"type":"LineString","coordinates":[[-1.09383,51.2664],[-1.09658,51.26633]]},"properties":{"highway":"primary","maxspeed":"50 mph","name":"Churchill Way West","ref":"A3010"}},{"type":"Feature","geometry":{"type":"LineString","coordinates":[[-1.05263,51.26339],[-1.05182,51.26329],[-1.05093,51.26318],[-1.05026,51.2631],[-1.04983,51.26306],[-1.0496,51.26304],[-1.04942,51.26302],[-1.0492,51.26301],[-1.04903,51.263],[-1.04886,51.263],[-1.04873,51.26301],[-1.04866,51.26301]]},"properties":{"highway":"primary","maxspeed":"40 mph","name":"London Road","ref":"A30"}},{"type":"Feature","geometry":{"type":"LineString","coordinates":[[-1.07042,51.28392],[-1.07054,51.28372],[-1.07064,51.28353],[-1.07068,51.28345],[-1.07073,51.28335],[-1.07083,51.28301],[-1.07092,51.2826],[-1.07103,51.28219],[-1.07118,51.28172],[-1.07134,51.28142],[-1.07149,51.28118],[-1.07189,51.28078],[-1.07214,51.28052],[-1.0729,51.27987],[-1.07342,51.27939],[-1.07389,51.27889]]},"properties":{"highway":"trunk","maxspeed":"50 mph","name":"Reading Road","ref":"A33"}},{"type":"Feature","geometry":{"type":"LineString","coordinates":[[-1.06966,51.28475],[-1.06934,51.28469],[-1.06916,51.28467],[-1.06895,51.28468]]},"properties":{"highway":"trunk","maxspeed":"50 mph","name":"Reading Road","ref":"A33"}},{"type":"Feature","geometry":{"type":"LineString","coordinates":[[-1.02596,51.3105],[-1.02566,51.31088],[-1.02536,51.31127],[-1.02504,51.31172],[-1.02485,51.31198],[-1.02477,51.31209],[-1.02464,51.31231]]},"properties":{"highway":"trunk","maxspeed":"50 mph","ref":"A33"}},{"type":"Feature","geometry":{"type":"LineString","coordinates":[[-1.19242,51.30505],[-1.19198,51.30474],[-1.19108,51.30418],[-1.19053,51.30389],[-1.19001,51.30361],[-1.18954,51.30336],[-1.18852,51.30272],[-1.18803,51.30241],[-1.18762,51.30216],[-1.18732,51.30189],[-1.18693,51.30146],[-1.18671,51.30123],[-1.18656,51.30109],[-1.18643,51.30099],[-1.18631,51.30091],[-1.18615,51.30081],[-1.18569,51.30055],[-1.18541,51.3004],[-1.18519,51.30029],[-1.18465,51.30001],[-1.18344,51.29936],[-1.18241,51.29884],[-1.18174,51.29848],[-1.18126,51.29824],[-1.18059,51.29806],[-1.17949,51.29784],[-1.17812,51.29759]]},"properties":{"highway":"trunk","maxspeed":"50 mph","name":"Kingsclere Road","ref":"A339"}},{"type":"Feature","geometry":{"type":"LineString","coordinates":[[-0.95958,51.27182],[-0.95919,51.27125]]},"properties":{"bridge":"yes","highway":"primary","layer":"1","maxspeed":"60 mph","name":"Hook Interchange"}},{"type":"Feature","geometry":{"type":"LineString","coordinates":[[-0.96114,51.27072],[-0.96151,51.27126]]},"properties":{"bridge":"yes","highway":"primary","layer":"1","maxspeed":"60 mph","name":"Hook Interchange"}},{"type":"Feature","geometry":{"type":"LineString","coordinates":[[-1.02193,51.32005],[-1.02174,51.3202]]},"properties":{"bridge":"yes","highway":"trunk","layer":"1","maxspeed":"50 mph","ref":"A33"}},{"type":"Feature","geometry":{"type":"LineString","coordinates":[[-1.02358,51.31652],[-1.02368,51.31643],[-1.02375,51.31635],[-1.0238,51.31627],[-1.02383,51.3162]]},"properties":{"highway":"trunk","maxspeed":"50 mph","ref":"A33"}},{"type":"Feature","geometry":{"type":"LineString","coordinates":[[-1.02395,51.31598],[-1.024,51.31612],[-1.02398,51.31624],[-1.02398,51.31634],[-1.024,51.31643],[-1.02403,51.31653]]},"properties":{"highway":"trunk","maxspeed":"50 mph","ref":"A33"}},{"type":"Feature","geometry":{"type":"LineString","coordinates":[[-1.21188,51.19851],[-1.21473,51.19783],[-1.21838,51.19693],[-1.22159,51.19612],[-1.22274,51.19579],[-1.22352,51.19555],[-1.22557,51.19495],[-1.2267,51.1946],[-1.22764,51.19435],[-1.22838,51.19417],[-1.22956,51.1939],[-1.23132,51.19357],[-1.23326,51.1932],[-1.23367,51.19313],[-1.2366,51.1926],[-1.23892,51.19216],[-1.24008,51.19194],[-1.24172,51.19162],[-1.24224,51.19152],[-1.24577,51.19085],[-1.24805,51.19043],[-1.24852,51.19035],[-1.24978,51.19016],[-1.25093,51.19006],[-1.25189,51.19],[-1.25261,51.18998]]},"properties":{"highway":"trunk","maxspeed":"70 mph","operator":"National Highways","ref":"A303"}},{"type":"Feature","geometry":{"type":"LineString","coordinates":[[-1.04582,51.29302],[-1.04568,51.29317]]},"properties":{"bridge":"yes","highway":"trunk","maxspeed":"50 mph","ref":"A33"}},{"type":"Feature","geometry":{"type":"LineString","coordinates":[[-1.10665,51.26421],[-1.10651,51.26381],[-1.10631,51.26281],[-1.10614,51.26181],[-1.10594,51.26059],[-1.10584,51.26008],[-1.10568,51.2593],[-1.10553,51.25879],[-1.10531,51.25816],[-1.1051,51.25776],[-1.10472,51.25707],[-1.10448,51.25667],[-1.1042,51.25627],[-1.10413,51.25616],[-1.10395,51.25593],[-1.10383,51.25579]]},"properties":{"highway":"primary","maxspeed":"70 mph","name":"Ringway West","ref":"A340"}},{"type":"Feature","geometry":{"type":"LineString","coordinates":[[-1.10727,51.26487],[-1.10738,51.26506],[-1.10747,51.26515],[-1.10752,51.26519],[-1.10762,51.26524],[-1.10772,51.2653],[-1.10783,51.26536]]},"properties":{"highway":"primary","maxspeed":"50 mph","name":"Ringway West","ref":"A340"}},{"type":"Feature","geometry":{"type":"LineString","coordinates":[[-1.0715,51.26083],[-1.07252,51.26],[-1.07328,51.25941],[-1.07361,51.25919],[-1.07383,51.25906],[-1.0741,51.25891],[-1.07442,51.25874],[-1.07511,51.25844],[-1.07551,51.2583],[-1.07593,51.25818],[-1.07657,51.25803],[-1.07688,51.25797],[-1.0772,51.25792],[-1.07815,51.25781],[-1.07966,51.25764],[-1.08088,51.25747],[-1.08096,51.25745]]},"properties":{"highway":"primary","maxspeed":"70 mph","name":"Ringway South","ref":"A30"}},{"type":"Feature","geometry":{"type":"LineString","coordinates":[[-1.07482,51.27801],[-1.07467,51.27816],[-1.07417,51.27881],[-1.07344,51.27957],[-1.07211,51.28075]]},"properties":{"highway":"trunk","maxspeed":"50 mph","name":"Reading Road","ref":"A33"}},{"type":"Feature","geometry":{"type":"LineString","coordinates":[[-1.05059,51.28948],[-1.05033,51.28957],[-1.05008,51.28965],[-1.04983,51.28976],[-1.04955,51.2899],[-1.04933,51.29002],[-1.04908,51.29017],[-1.04885,51.29031],[-1.04867,51.29044],[-1.04853,51.29054],[-1.04834,51.2907],[-1.04817,51.29087],[-1.04798,51.29107],[-1.04776,51.29134],[-1.04755,51.29158],[-1.04738,51.29175],[-1.04724,51.29189],[-1.04709,51.29201],[-1.04693,51.29216],[-1.04671,51.29232],[-1.04653,51.29245]]},"properties":{"highway":"trunk","maxspeed":"50 mph","name":"Reading Road","ref":"A33"}},{"type":"Feature","geometry":{"type":"LineString","coordinates":[[-1.04237,51.3001],[-1.04235,51.30035],[-1.04235,51.30065],[-1.04234,51.30082]]},"properties":{"highway":"trunk","maxspeed":"40 mph","ref":"A33"}},{"type":"Feature","geometry":{"type":"LineString","coordinates":[[-1.04194,51.30186],[-1.04188,51.30194],[-1.04182,51.30202],[-1.04177,51.30211],[-1.04171,51.30219],[-1.04159,51.30235]]},"properties":{"highway":"trunk","maxspeed":"40 mph","ref":"A33"}},{"type":"Feature","geometry":{"type":"LineString","coordinates":[[-1.06187,51.26328],[-1.06147,51.26339],[-1.0604,51.26356],[-1.05974,51.26366],[-1.05937,51.26371],[-1.05904,51.26375],[-1.05871,51.26378],[-1.05844,51.2638]]},"properties":{"highway":"primary","maxspeed":"70 mph","ref":"A30"}},{"type":"Feature","geometry":{"type":"LineString","coordinates":[[-1.05747,51.2638],[-1.05711,51.26381],[-1.05684,51.26381],[-1.05664,51.26381],[-1.0564,51.2638],[-1.05618,51.26379],[-1.05589,51.26377],[-1.05564,51.26374],[-1.05518,51.26369],[-1.05461,51.26362],[-1.05407,51.26356],[-1.05345,51.26348],[-1.05263,51.26339]]},"properties":{"highway":"primary","maxspeed":"60 mph","ref":"A30"}},{"type":"Feature","geometry":{"type":"LineString","coordinates":[[-1.05747,51.2638],[-1.05775,51.26375],[-1.0579,51.26373],[-1.05817,51.26371],[-1.05843,51.26368],[-1.05881,51.26364],[-1.05957,51.26353],[-1.05988,51.26349],[-1.06061,51.2634],[-1.06111,51.26333],[-1.06146,51.26329],[-1.06187,51.26328]]},"properties":{"highway":"primary","maxspeed":"70 mph","ref":"A30"}},{"type":"Feature","geometry":{"type":"LineString","coordinates":[[-0.94119,51.28826],[-0.94083,51.28835],[-0.94051,51.28843],[-0.94002,51.28856],[-0.9397,51.28866],[-0.9394,51.28875],[-0.93904,51.28887],[-0.93862,51.28901],[-0.93815,51.28918],[-0.93758,51.28938],[-0.93718,51.28952]]},"properties":{"highway":"primary","maxspeed":"40 mph","name":"London Road","ref":"A30"}},{"type":"Feature","geometry":{"type":"LineString","coordinates":[[-0.94562,51.28743],[-0.94594,51.28739],[-0.94621,51.28736],[-0.94649,51.28734],[-0.94678,51.28732],[-0.94703,51.2873],[-0.94742,51.28729],[-0.94777,51.28727],[-0.94831,51.28725],[-0.94848,51.28724],[-0.94897,51.28721],[-0.94931,51.28719],[-0.94942,51.28718],[-0.9497,51.28717],[-0.95023,51.28714],[-0.95104,51.2871],[-0.9514,51.28709],[-0.95242,51.28704],[-0.95275,51.28702],[-0.95319,51.287],[-0.95344,51.28699]]},"properties":{"highway":"primary","maxspeed":"40 mph","name":"London Road","ref":"A30"}},{"type":"Feature","geometry":{"type":"LineString","coordinates":[[-0.97055,51.27917],[-0.97007,51.27941],[-0.96957,51.27965],[-0.96909,51.27987],[-0.96834,51.28022],[-0.96792,51.28042],[-0.96764,51.28055],[-0.96739,51.28066],[-0.96728,51.28071],[-0.9671,51.28078],[-0.96683,51.28088],[-0.96669,51.28093]]},"properties":{"highway":"primary","maxspeed":"30 mph","name":"London Road","ref":"A30"}},{"type":"Feature","geometry":{"type":"LineString","coordinates":[[-0.97142,51.27876],[-0.97055,51.27917]]},"properties":{"bridge":"yes","highway":"primary","layer":"2","maxspeed":"40 mph","name":"Black Bridge","ref":"A30"}},{"type":"Feature","geometry":{"type":"LineString","coordinates":[[-1.08159,51.26682],[-1.0819,51.2668]]},"properties":{"highway":"primary","maxspeed":"70 mph","name":"Churchill Way East","ref":"A3010"}},{"type":"Feature","geometry":{"type":"LineString","coordinates":[[-1.15727,51.22324],[-1.15739,51.22324],[-1.15745,51.22318],[-1.1575,51.22313],[-1.15754,51.22311],[-1.15759,51.2231],[-1.15764,51.22309]]},"properties":{"highway":"primary","maxspeed":"50 mph","ref":"A30"}},{"type":"Feature","geometry":{"type":"LineString","coordinates":[[-1.19635,51.19782],[-1.19588,51.19806]]},"properties":{"bridge":"yes","highway":"motorway","layer":"1","maxspeed":"70 mph","operator":"National Highways","ref":"M3"}},{"type":"Feature","geometry":{"type":"LineString","coordinates":[[-1.19588,51.19806],[-1.19491,51.19859],[-1.1939,51.19916],[-1.1929,51.19974],[-1.1918,51.20045]]},"properties":{"highway":"motorway","maxspeed":"70 mph","operator":"National Highways","ref":"M3"}},{"type":"Feature","geometry":{"type":"LineString","coordinates":[[-1.19587,51.19793],[-1.1963,51.19771]]},"properties":{"bridge":"yes","highway":"motorway","layer":"1","maxspeed":"70 mph","operator":"National Highways","ref":"M3"}},{"type":"Feature","geometry":{"type":"LineString","coordinates":[[-1.20426,51.19364],[-1.20442,51.19347],[-1.20525,51.19294],[-1.20565,51.19269],[-1.20632,51.19224],[-1.20677,51.19192],[-1.20721,51.19157],[-1.20795,51.19093],[-1.20896,51.18992],[-1.20947,51.18937],[-1.21165,51.18694],[-1.21324,51.18507],[-1.21409,51.18413],[-1.217,51.18087],[-1.21883,51.17894],[-1.21978,51.17803],[-1.22005,51.17777],[-1.22032,51.17751],[-1.22148,51.17629],[-1.22524,51.17224],[-1.23004,51.16717],[-1.23047,51.16666],[-1.23267,51.16408],[-1.23295,51.16378]]},"properties":{"highway":"primary","maxspeed":"70 mph","ref":"A33"}},{"type":"Feature","geometry":{"type":"LineString","coordinates":[[-1.16134,51.36089],[-1.16135,51.3608],[-1.16136,51.36075],[-1.16136,51.3607],[-1.16135,51.36064]]},"properties":{"highway":"primary","maxspeed":"40 mph","ref":"A340"}},{"type":"Feature","geometry":{"type":"LineString","coordinates":[[-1.17604,51.21237],[-1.17588,51.21253],[-1.17468,51.21343],[-1.17349,51.21433],[-1.173,51.21471],[-1.1718,51.21566],[-1.17156,51.2158]]},"properties":{"highway":"primary","maxspeed":"70 mph","name":"Winchester Road","ref":"A30"}},{"type":"Feature","geometry":{"type":"LineString","coordinates":[[-1.17156,51.2158],[-1.17149,51.21588],[-1.17066,51.21657]]},"properties":{"highway":"primary","maxspeed":"60 mph","ref":"A30"}},{"type":"Feature","geometry":{"type":"LineString","coordinates":[[-1.17156,51.2158],[-1.17173,51.21563],[-1.1722,51.21522],[-1.1729,51.21466],[-1.1734,51.21427],[-1.17462,51.21335],[-1.17578,51.2125],[-1.17604,51.21237]]},"properties":{"highway":"primary","maxspeed":"70 mph","name":"Winchester Road","ref":"A30"}},{"type":"Feature","geometry":{"type":"LineString","coordinates":[[-0.97798,51.34246],[-0.97775,51.34247],[-0.97751,51.34247],[-0.97725,51.34247]]},"properties":{"highway":"trunk","maxspeed":"50 mph","name":"Basingstoke Road","ref":"A33"}},{"type":"Feature","geometry":{"type":"LineString","coordinates":[[-0.92776,51.25891],[-0.92806,51.25914]]},"properties":{"bridge":"yes","highway":"primary","layer":"1","maxspeed":"60 mph","ref":"A287"}},{"type":"Feature","geometry":{"type":"LineString","coordinates":[[-0.9496,51.26532],[-0.95138,51.26594],[-0.95234,51.26622]]},"properties":{"highway":"primary","maxspeed":"60 mph","ref":"A287"}},{"type":"Feature","geometry":{"type":"LineString","coordinates":[[-0.94921,51.26518],[-0.9496,51.26532]]},"properties":{"bridge":"yes","highway":"primary","layer":"1","maxspeed":"60 mph","ref":"A287"}},{"type":"Feature","geometry":{"type":"LineString","coordinates":[[-0.92818,51.25925],[-0.92844,51.25939],[-0.92915,51.25983]]},"properties":{"highway":"primary","maxspeed":"70 mph","ref":"A287"}},{"type":"Feature","geometry":{"type":"LineString","coordinates":[[-0.94417,51.28778],[-0.94394,51.28784]]},"properties":{"bridge":"yes","highway":"primary","layer":"1","maxspeed":"40 mph","name":"London Road","ref":"A30"}},{"type":"Feature","geometry":{"type":"LineString","coordinates":[[-0.94394,51.28784],[-0.94372,51.28789],[-0.94353,51.28793],[-0.94317,51.28799],[-0.9429,51.28802],[-0.94266,51.28805],[-0.94233,51.28809]]},"properties":{"highway":"primary","maxspeed":"40 mph","name":"London Road","ref":"A30"}},{"type":"Feature","geometry":{"type":"LineString","coordinates":[[-0.94373,51.28767],[-0.94399,51.28763]]},"properties":{"bridge":"yes","highway":"primary","layer":"1","maxspeed":"40 mph","name":"London Road","ref":"A30"}},{"type":"Feature","geometry":{"type":"LineString","coordinates":[[-0.94399,51.28763],[-0.94419,51.2876],[-0.9445,51.28755],[-0.94478,51.28751]]},"properties":{"highway":"primary","maxspeed":"40 mph","name":"London Road","ref":"A30"}},{"type":"Feature","geometry":{"type":"LineString","coordinates":[[-0.93062,51.26071],[-0.92995,51.26039]]},"properties":{"highway":"primary","maxspeed":"70 mph","ref":"A287"}},{"type":"Feature","geometry":{"type":"LineString","coordinates":[[-0.93075,51.2606],[-0.93148,51.26091],[-0.93222,51.26118],[-0.93295,51.26141],[-0.93371,51.26162],[-0.93399,51.26169],[-0.93421,51.26177]]},"properties":{"highway":"primary","maxspeed":"70 mph","ref":"A287"}},{"type":"Feature","geometry":{"type":"LineString","coordinates":[[-1.06861,51.26611],[-1.06867,51.26631],[-1.06873,51.26647],[-1.06885,51.26671],[-1.06898,51.26707]]},"properties":{"highway":"trunk","maxspeed":"70 mph","name":"Ringway East","ref":"A339"}},{"type":"Feature","geometry":{"type":"LineString","coordinates":[[-1.07894,51.25162],[-1.08382,51.24938],[-1.08791,51.24751],[-1.08975,51.24668],[-1.0928,51.24526],[-1.09624,51.24367],[-1.10038,51.24176],[-1.10398,51.24013],[-1.10562,51.23938],[-1.10798,51.2383],[-1.10893,51.23785]]},"properties":{"highway":"motorway","maxspeed":"70 mph","operator":"National Highways","ref":"M3"}},{"type":"Feature","geometry":{"type":"LineString","coordinates":[[-1.06895,51.28468],[-1.06857,51.28469]]},"properties":{"highway":"trunk","maxspeed":"50 mph","name":"Reading Road","ref":"A33"}},{"type":"Feature","geometry":{"type":"LineString","coordinates":[[-1.0627,51.28555],[-1.06235,51.28558],[-1.06229,51.28558],[-1.06214,51.28563],[-1.06205,51.28566],[-1.06196,51.28569]]},"properties":{"highway":"trunk","maxspeed":"50 mph","name":"Reading Road","ref":"A33"}},{"type":"Feature","geometry":{"type":"LineString","coordinates":[[-1.19185,51.20226],[-1.19378,51.20076]]},"properties":{"highway":"primary","maxspeed":"60 mph","ref":"A33"}},{"type":"Feature","geometry":{"type":"LineString","coordinates":[[-1.14029,51.23598],[-1.13907,51.23682],[-1.13789,51.23763],[-1.13552,51.23928],[-1.13425,51.24017]]},"properties":{"highway":"primary","maxspeed":"50 mph","name":"Winchester Road","ref":"A30"}},{"type":"Feature","geometry":{"type":"LineString","coordinates":[[-1.19378,51.20076],[-1.19447,51.20021]]},"properties":{"bridge":"yes","highway":"primary","layer":"1","maxspeed":"60 mph","ref":"A33"}},{"type":"Feature","geometry":{"type":"LineString","coordinates":[[-1.14029,51.23598],[-1.1405,51.23579],[-1.14058,51.23573],[-1.14063,51.23568],[-1.14066,51.23565],[-1.14069,51.23561],[-1.14073,51.23554]]},"properties":{"highway":"primary","maxspeed":"50 mph","name":"Winchester Road","ref":"A30"}},{"type":"Feature","geometry":{"type":"LineString","coordinates":[[-1.19095,51.2029],[-1.19185,51.20226]]},"properties":{"bridge":"yes","highway":"primary","layer":"1","maxspeed":"60 mph","ref":"A33"}},{"type":"Feature","geometry":{"type":"LineString","coordinates":[[-1.11577,51.29391],[-1.11636,51.29276],[-1.11653,51.29245],[-1.11669,51.29209],[-1.11687,51.29157],[-1.11697,51.29108],[-1.11698,51.29079],[-1.11702,51.2905],[-1.11698,51.29025],[-1.11692,51.29003],[-1.1168,51.28966],[-1.11659,51.28929],[-1.11633,51.2888],[-1.11582,51.28791],[-1.11565,51.28759],[-1.11558,51.28743],[-1.11553,51.28732],[-1.11545,51.28711],[-1.11542,51.28703],[-1.1154,51.287]]},"properties":{"highway":"primary","maxspeed":"50 mph","name":"Aldermaston Road","ref":"A340"}},{"type":"Feature","geometry":{"type":"LineString","coordinates":[[-1.07855,51.26729],[-1.07816,51.26734],[-1.07695,51.26744],[-1.07601,51.26749],[-1.07531,51.26752],[-1.07495,51.26752],[-1.0746,51.26754]]},"properties":{"highway":"primary","maxspeed":"70 mph","name":"Churchill Way East","ref":"A3010"}},{"type":"Feature","geometry":{"type":"LineString","coordinates":[[-1.15759,51.36025],[-1.15778,51.36025],[-1.15796,51.36025]]},"properties":{"highway":"primary","maxspeed":"40 mph","ref":"A340"}},{"type":"Feature","geometry":{"type":"LineString","coordinates":[[-1.15873,51.36026],[-1.15854,51.36029],[-1.1584,51.36031],[-1.15824,51.36036],[-1.15817,51.36037]]},"properties":{"highway":"primary","maxspeed":"40 mph","ref":"A340"}},{"type":"Feature","geometry":{"type":"LineString","coordinates":[[-1.17858,51.2088],[-1.1776,51.20938],[-1.17615,51.21026],[-1.17174,51.21294]]},"properties":{"highway":"motorway","maxspeed":"70 mph","operator":"National Highways","ref":"M3"}},{"type":"Feature","geometry":{"type":"LineString","coordinates":[[-1.06603,51.25745],[-1.06667,51.2572],[-1.06925,51.25605],[-1.07071,51.25535]]},"properties":{"highway":"motorway","maxspeed":"70 mph","operator":"National Highways","ref":"M3"}},{"type":"Feature","geometry":{"type":"LineString","coordinates":[[-1.06467,51.25814],[-1.06405,51.25837]]},"properties":{"bridge":"yes","highway":"motorway","layer":"1","maxspeed":"70 mph","operator":"National Highways","ref":"M3"}},{"type":"Feature","geometry":{"type":"LineString","coordinates":[[-1.06552,51.25765],[-1.06603,51.25745]]},"properties":{"bridge":"yes","highway":"motorway","layer":"1","maxspeed":"70 mph","operator":"National Highways","ref":"M3"}},{"type":"Feature","geometry":{"type":"LineString","coordinates":[[-1.06612,51.25758],[-1.06563,51.25777]]},"properties":{"bridge":"yes","highway":"motorway","layer":"1","maxspeed":"70 mph","operator":"National Highways","ref":"M3"}},{"type":"Feature","geometry":{"type":"LineString","coordinates":[[-1.06403,51.25821],[-1.06453,51.25802]]},"properties":{"bridge":"yes","highway":"motorway","layer":"1","maxspeed":"70 mph","operator":"National Highways","ref":"M3"}},{"type":"Feature","geometry":{"type":"LineString","coordinates":[[-1.06394,51.25763],[-1.06395,51.25759],[-1.06397,51.25754],[-1.064,51.25748],[-1.06404,51.25742],[-1.06409,51.25737],[-1.06415,51.25732],[-1.06422,51.25727],[-1.06429,51.25723],[-1.06435,51.2572],[-1.06444,51.25717],[-1.0645,51.25716],[-1.06456,51.25714],[-1.06463,51.25713],[-1.06471,51.25712],[-1.06477,51.25712],[-1.06484,51.25712],[-1.06489,51.25712],[-1.06495,51.25713],[-1.06501,51.25713],[-1.06506,51.25714],[-1.06512,51.25715],[-1.06518,51.25717],[-1.06526,51.2572],[-1.06534,51.25724],[-1.06543,51.25728],[-1.06548,51.25731],[-1.06555,51.25737],[-1.06566,51.25748],[-1.06597,51.25778],[-1.06604,51.25786],[-1.06611,51.25794],[-1.06614,51.25798],[-1.06617,51.25803],[-1.06619,51.25808],[-1.0662,51.25812],[-1.0662,51.25817],[-1.0662,51.25821],[-1.06619,51.25827],[-1.06617,51.25831]]},"properties":{"highway":"motorway","maxspeed":"70 mph","name":"Black Dam Roundabout","operator":"National Highways","ref":"M3"}},{"type":"Feature","geometry":{"type":"LineString","coordinates":[[-1.04228,51.3011],[-1.04231,51.30093],[-1.04234,51.30082]]},"properties":{"highway":"trunk","maxspeed":"40 mph","ref":"A33"}},{"type":"Feature","geometry":{"type":"LineString","coordinates":[[-1.04259,51.30136],[-1.04247,51.30147],[-1.04238,51.30155],[-1.04228,51.30162],[-1.04218,51.3017],[-1.04215,51.30173],[-1.04208,51.30178],[-1.04194,51.30186]]},"properties":{"highway":"trunk","maxspeed":"40 mph","ref":"A33"}},{"type":"Feature","geometry":{"type":"LineString","coordinates":[[-1.04234,51.30082],[-1.04239,51.30089],[-1.04242,51.30093],[-1.04245,51.30098],[-1.0425,51.30102],[-1.04254,51.30106]]},"properties":{"highway":"trunk","maxspeed":"40 mph","ref":"A33"}},{"type":"Feature","geometry":{"type":"LineString","coordinates":[[-1.06563,51.25777],[-1.06467,51.25814]]},"properties":{"highway":"motorway","maxspeed":"70 mph","operator":"National Highways","ref":"M3"}},{"type":"Feature","geometry":{"type":"LineString","coordinates":[[-1.06453,51.25802],[-1.06477,51.25793],[-1.06512,51.25781],[-1.06552,51.25765]]},"properties":{"highway":"motorway","maxspeed":"70 mph","operator":"National Highways","ref":"M3"}},{"type":"Feature","geometry":{"type":"LineString","coordinates":[[-1.05777,51.26017],[-1.057,51.26033],[-1.05532,51.26063],[-1.0536,51.26092],[-1.05204,51.26113],[-1.05032,51.26132],[-1.04886,51.26143],[-1.04744,51.26152],[-1.04613,51.26161],[-1.04471,51.2617],[-1.04359,51.26176],[-1.04221,51.26185],[-1.04102,51.26192],[-1.03947,51.26204],[-1.03781,51.26219],[-1.03627,51.26236],[-1.03512,51.2625],[-1.03396,51.26265],[-1.03256,51.26285],[-1.03123,51.26306],[-1.03053,51.26317],[-1.02927,51.2634],[-1.02813,51.26361],[-1.02719,51.26379],[-1.02576,51.26407],[-1.02397,51.26444],[-1.02182,51.26486],[-1.01983,51.26523],[-1.01834,51.26548],[-1.01568,51.26589],[-1.0141,51.2661],[-1.01205,51.26636],[-1.01024,51.26656],[-1.00792,51.2668],[-1.00611,51.26696],[-1.00387,51.26712],[-1.00211,51.26723],[-1.00098,51.26729],[-0.99892,51.26737],[-0.99724,51.26742],[-0.99645,51.26744],[-0.99482,51.26746],[-0.99318,51.26747],[-0.99153,51.26746],[-0.98967,51.26744],[-0.9873,51.26741],[-0.98554,51.26743],[-0.98453,51.26745],[-0.98277,51.26752],[-0.9811,51.26761],[-0.97965,51.26771],[-0.97739,51.26792],[-0.97589,51.26808],[-0.97466,51.26825],[-0.97319,51.26844],[-0.97165,51.26869],[-0.97042,51.26891],[-0.9694,51.26911],[-0.96772,51.26944],[-0.9671,51.26958],[-0.96659,51.26969],[-0.9655,51.26996],[-0.96416,51.27029],[-0.963,51.27061],[-0.96181,51.27094],[-0.96077,51.27123],[-0.96032,51.27135],[-0.95961,51.27154],[-0.95867,51.27178],[-0.95757,51.27207],[-0.95641,51.27234],[-0.9552,51.27262],[-0.95399,51.27288],[-0.9532,51.27306]]},"properties":{"highway":"motorway","maxspeed":"70 mph","operator":"National Highways","ref":"M3"}},{"type":"Feature","geometry":{"type":"LineString","coordinates":[[-0.929,51.27839],[-0.9308,51.27774],[-0.93318,51.27697],[-0.93495,51.27645]]},"properties":{"highway":"motorway","maxspeed":"70 mph","operator":"National Highways","ref":"M3"}},{"type":"Feature","geometry":{"type":"LineString","coordinates":[[-1.01383,51.32489],[-1.01368,51.32496],[-1.01347,51.32505],[-1.01324,51.32513],[-1.01306,51.32519],[-1.01294,51.32522],[-1.01277,51.32525],[-1.01254,51.32529],[-1.01232,51.32532],[-1.01197,51.32536],[-1.01141,51.32542],[-1.01081,51.32549],[-1.01032,51.32555],[-1.00972,51.32563],[-1.00913,51.32571],[-1.00879,51.32576],[-1.00847,51.3258],[-1.00811,51.32586],[-1.00793,51.32588],[-1.00769,51.32592],[-1.0074,51.32597],[-1.00718,51.326],[-1.007,51.32604],[-1.00685,51.32607],[-1.00669,51.3261],[-1.00651,51.32614],[-1.0063,51.3262],[-1.00604,51.32628],[-1.00572,51.32638],[-1.00547,51.32647],[-1.00522,51.32656],[-1.00487,51.32668],[-1.00454,51.32679],[-1.00408,51.32694],[-1.0037,51.32707],[-1.00338,51.32717],[-1.0032,51.32724],[-1.003,51.32733],[-1.00286,51.3274],[-1.00273,51.32747],[-1.00258,51.32758],[-1.00248,51.32766],[-1.0024,51.32772],[-1.00234,51.32779],[-1.00226,51.32787],[-1.00219,51.32797],[-1.00211,51.32809],[-1.00205,51.32819],[-1.002,51.32829],[-1.00196,51.32839],[-1.00193,51.32853],[-1.00189,51.32877],[-1.00183,51.32902],[-1.00179,51.32925],[-1.00171,51.32956],[-1.00166,51.3297],[-1.0016,51.32988],[-1.00154,51.33007],[-1.00141,51.3304],[-1.00136,51.33057],[-1.0013,51.33078],[-1.00121,51.3311],[-1.00112,51.33142],[-1.00103,51.33183],[-1.00097,51.33205],[-1.00086,51.33252],[-1.00084,51.3327],[-1.00082,51.33289],[-1.0008,51.3331],[-1.00078,51.33332],[-1.00076,51.33352],[-1.00073,51.33378],[-1.00069,51.33402],[-1.00063,51.33422],[-1.00057,51.33442],[-1.00051,51.33459],[-1.00041,51.33481],[-1.00032,51.335],[-1.00025,51.33518],[-1.00012,51.33545],[-1.00003,51.33565],[-0.99992,51.3359],[-0.99979,51.33615],[-0.9997,51.33631],[-0.99963,51.33641],[-0.99954,51.33653],[-0.99948,51.33661],[-0.99942,51.33668]]},"properties":{"highway":"trunk","maxspeed":"40 mph","name":"Basingstoke Road","ref":"A33"}},{"type":"Feature","geometry":{"type":"LineString","coordinates":[[-1.11018,51.26829],[-1.1104,51.26863],[-1.11068,51.26906],[-1.11106,51.26982],[-1.11139,51.27058],[-1.11152,51.27094],[-1.11173,51.2716],[-1.11199,51.27266],[-1.11208,51.27332],[-1.11213,51.27404],[-1.11212,51.27443],[-1.11214,51.27472]]},"properties":{"highway":"primary","maxspeed":"70 mph","name":"Ringway West","ref":"A340"}},{"type":"Feature","geometry":{"type":"LineString","coordinates":[[-1.11183,51.27473],[-1.11188,51.27445],[-1.11186,51.27397],[-1.11182,51.27352],[-1.11178,51.2731],[-1.11168,51.27255],[-1.11157,51.27204],[-1.11143,51.27152],[-1.11133,51.2712],[-1.11121,51.27086],[-1.111,51.27034],[-1.11075,51.26977],[-1.11049,51.26925],[-1.11016,51.26873],[-1.10991,51.26832],[-1.10974,51.2681],[-1.10962,51.26794],[-1.10942,51.26768],[-1.10928,51.26749],[-1.10893,51.267],[-1.10878,51.26682]]},"properties":{"highway":"primary","maxspeed":"70 mph","name":"Ringway West","ref":"A340"}},{"type":"Feature","geometry":{"type":"LineString","coordinates":[[-1.11214,51.27472],[-1.11225,51.27492],[-1.11243,51.27513],[-1.11257,51.27523]]},"properties":{"highway":"primary","maxspeed":"70 mph","name":"Ringway West"}},{"type":"Feature","geometry":{"type":"LineString","coordinates":[[-1.10878,51.26682],[-1.10866,51.26665],[-1.10856,51.26652],[-1.10854,51.26648],[-1.10845,51.26639],[-1.10835,51.26631],[-1.10829,51.26627],[-1.1082,51.26623],[-1.10813,51.2662],[-1.10802,51.26618],[-1.1079,51.26614]]},"properties":{"highway":"primary","maxspeed":"50 mph","name":"Ringway West","ref":"A340"}},{"type":"Feature","geometry":{"type":"LineString","coordinates":[[-1.08201,51.25814],[-1.08176,51.25809],[-1.08159,51.25806]]},"properties":{"highway":"primary","maxspeed":"30 mph","name":"Hackwood Road Roundabout"}},{"type":"Feature","geometry":{"type":"LineString","coordinates":[[-1.1028,51.25517],[-1.10274,51.25501],[-1.10267,51.25491],[-1.10255,51.2548],[-1.10228,51.25467],[-1.10176,51.25446],[-1.10127,51.2543],[-1.1009,51.25419],[-1.10055,51.25411],[-1.1001,51.25403],[-1.09963,51.25398],[-1.09915,51.25395],[-1.09852,51.25392]]},"properties":{"highway":"primary","maxspeed":"70 mph","name":"Ringway South","ref":"A30"}},{"type":"Feature","geometry":{"type":"LineString","coordinates":[[-1.09852,51.25392],[-1.09878,51.25386],[-1.09911,51.25382],[-1.09949,51.2538],[-1.10005,51.2538],[-1.10069,51.25381],[-1.10118,51.25386],[-1.10163,51.25394],[-1.10197,51.25403],[-1.10236,51.25413],[-1.10255,51.25419],[-1.10267,51.25424]]},"properties":{"highway":"primary","maxspeed":"70 mph","name":"Ringway South","ref":"A30"}},{"type":"Feature","geometry":{"type":"LineString","coordinates":[[-1.10961,51.27622],[-1.10817,51.2764],[-1.1074,51.27653],[-1.10657,51.27666],[-1.1053,51.27687],[-1.10354,51.27719],[-1.10292,51.2773]]},"properties":{"highway":"trunk","maxspeed":"70 mph","name":"Ringway North","ref":"A339"}},{"type":"Feature","geometry":{"type":"LineString","coordinates":[[-1.11214,51.27598],[-1.11156,51.276],[-1.11078,51.27607]]},"properties":{"highway":"trunk","maxspeed":"70 mph","ref":"A339"}},{"type":"Feature","geometry":{"type":"LineString","coordinates":[[-1.13219,51.24157],[-1.13231,51.2414],[-1.13236,51.24119]]},"properties":{"highway":"primary","maxspeed":"40 mph","name":"Winchester Road","ref":"A30"}},{"type":"Feature","geometry":{"type":"LineString","coordinates":[[-1.1328,51.24144],[-1.13238,51.24149],[-1.13219,51.24157]]},"properties":{"highway":"primary","maxspeed":"40 mph","name":"Winchester Road","ref":"A30"}},{"type":"Feature","geometry":{"type":"LineString","coordinates":[[-1.13219,51.24157],[-1.13175,51.24187],[-1.1317,51.24191],[-1.13163,51.24194],[-1.13145,51.24205],[-1.1293,51.2432],[-1.12393,51.24609],[-1.12338,51.2464],[-1.12242,51.24692],[-1.1202,51.24812],[-1.12015,51.24814],[-1.11988,51.24826],[-1.11972,51.24832],[-1.1194,51.24843],[-1.11915,51.2485],[-1.11878,51.24858],[-1.11832,51.24866],[-1.11781,51.2487],[-1.11705,51.24871],[-1.11641,51.2487],[-1.11534,51.24868],[-1.11475,51.24869],[-1.11434,51.24871],[-1.11409,51.24873],[-1.11383,51.24877]]},"properties":{"highway":"primary","maxspeed":"40 mph","name":"Winchester Road","ref":"A30"}},{"type":"Feature","geometry":{"type":"LineString","coordinates":[[-1.1125,51.24911],[-1.11278,51.24894],[-1.11293,51.24889],[-1.11314,51.24885],[-1.11331,51.24886]]},"properties":{"highway":"primary","maxspeed":"30 mph","name":"Winchester Road","ref":"A30"}},{"type":"Feature","geometry":{"type":"LineString","coordinates":[[-1.11331,51.24886],[-1.11321,51.24894],[-1.1129,51.24904],[-1.11281,51.24909],[-1.11265,51.24918],[-1.11253,51.24933],[-1.11247,51.24942],[-1.11246,51.24944],[-1.11237,51.24959]]},"properties":{"highway":"primary","maxspeed":"30 mph","name":"Winchester Road","ref":"A30"}},{"type":"Feature","geometry":{"type":"LineString","coordinates":[[-1.06559,51.26276],[-1.0656,51.2627],[-1.06562,51.26263],[-1.06566,51.26256],[-1.06573,51.26243],[-1.06577,51.26238],[-1.0658,51.26232],[-1.06583,51.26224],[-1.06586,51.26216],[-1.06588,51.26207],[-1.06589,51.262],[-1.0659,51.2619],[-1.06589,51.2618],[-1.06588,51.26148],[-1.06586,51.26106],[-1.06583,51.26069],[-1.0658,51.26035],[-1.06578,51.26003],[-1.06577,51.25986]]},"properties":{"highway":"motorway","maxspeed":"50 mph","operator":"National Highways","ref":"M3"}},{"type":"Feature","geometry":{"type":"LineString","coordinates":[[-1.06596,51.25908],[-1.06596,51.25919],[-1.06597,51.25941],[-1.06599,51.2596],[-1.06601,51.25994],[-1.06604,51.26045],[-1.06608,51.26113],[-1.06608,51.26151],[-1.0661,51.26177],[-1.06613,51.26204]]},"properties":{"highway":"motorway","maxspeed":"50 mph","operator":"National Highways","ref":"M3"}},{"type":"Feature","geometry":{"type":"LineString","coordinates":[[-1.08314,51.25733],[-1.08349,51.2573],[-1.08396,51.25728],[-1.086,51.25721],[-1.08696,51.25718],[-1.08848,51.25716],[-1.08944,51.25711],[-1.09009,51.25704],[-1.0906,51.25698],[-1.09122,51.25686],[-1.09168,51.25675],[-1.0921,51.25662],[-1.09253,51.25648],[-1.09316,51.25624],[-1.09396,51.25585],[-1.09492,51.2553],[-1.09582,51.25478],[-1.0963,51.25453],[-1.09672,51.25433],[-1.09712,51.25417],[-1.09771,51.25403],[-1.09797,51.25398],[-1.09823,51.25395],[-1.09852,51.25392]]},"properties":{"highway":"primary","maxspeed":"60 mph","name":"Ringway South","ref":"A30"}},{"type":"Feature","geometry":{"type":"LineString","coordinates":[[-1.08236,51.25733],[-1.08262,51.25733],[-1.08294,51.25733],[-1.08314,51.25733]]},"properties":{"highway":"primary","maxspeed":"30 mph","name":"Ringway South","ref":"A30"}},{"type":"Feature","geometry":{"type":"LineString","coordinates":[[-1.1064,51.26583],[-1.10686,51.2658],[-1.10695,51.26578],[-1.10703,51.26576],[-1.10712,51.26572],[-1.10738,51.26566]]},"properties":{"highway":"primary","maxspeed":"50 mph","name":"Churchill Way West","ref":"A3010"}},{"type":"Feature","geometry":{"type":"LineString","coordinates":[[-1.10741,51.26555],[-1.10739,51.26539],[-1.10732,51.26524],[-1.1073,51.26522],[-1.10722,51.26513],[-1.10715,51.26504],[-1.10703,51.26486],[-1.10692,51.2647],[-1.10682,51.26454],[-1.10675,51.26441],[-1.10669,51.2643],[-1.10665,51.26421]]},"properties":{"highway":"primary","maxspeed":"50 mph","name":"Ringway West","ref":"A340"}},{"type":"Feature","geometry":{"type":"LineString","coordinates":[[-0.95534,51.28665],[-0.95552,51.28661],[-0.95601,51.28648],[-0.95626,51.28641],[-0.95658,51.28629],[-0.95676,51.28622],[-0.95695,51.28613],[-0.9571,51.28606],[-0.95732,51.28593],[-0.95748,51.28582],[-0.95773,51.28564],[-0.95782,51.28558],[-0.95814,51.28534],[-0.9584,51.28515],[-0.95861,51.285],[-0.95868,51.28495],[-0.95879,51.28488],[-0.95895,51.28479],[-0.95909,51.2847],[-0.95922,51.28464],[-0.95941,51.28454],[-0.95957,51.28446],[-0.95969,51.28441],[-0.95991,51.28432],[-0.96007,51.28426],[-0.96018,51.28421],[-0.96031,51.28414],[-0.96044,51.28408],[-0.96057,51.28401],[-0.96062,51.28399],[-0.96067,51.28396],[-0.96082,51.28388],[-0.96095,51.2838],[-0.96106,51.28373],[-0.96115,51.28367],[-0.96127,51.28359],[-0.96142,51.28347],[-0.96155,51.28337],[-0.96165,51.28328],[-0.96183,51.28311],[-0.96195,51.283],[-0.96204,51.28291],[-0.96219,51.28279],[-0.96233,51.28267],[-0.96243,51.28259]]},"properties":{"highway":"primary","maxspeed":"30 mph","name":"London Road","ref":"A30"}},{"type":"Feature","geometry":{"type":"LineString","coordinates":[[-0.92854,51.27873],[-0.92706,51.27934],[-0.92603,51.27977],[-0.92509,51.28019],[-0.92415,51.28063],[-0.92331,51.28103],[-0.92251,51.28144],[-0.92163,51.28189],[-0.92082,51.28234],[-0.91965,51.28301],[-0.91901,51.28341]]},"properties":{"highway":"motorway","maxspeed":"70 mph","operator":"National Highways","ref":"M3"}},{"type":"Feature","geometry":{"type":"LineString","coordinates":[[-0.93495,51.27645],[-0.93523,51.27637]]},"properties":{"bridge":"yes","highway":"motorway","layer":"1","maxspeed":"70 mph","operator":"National Highways","ref":"M3"}},{"type":"Feature","geometry":{"type":"LineString","coordinates":[[-0.92841,51.27862],[-0.929,51.27839]]},"properties":{"bridge":"yes","highway":"motorway","layer":"1","maxspeed":"70 mph","operator":"National Highways","ref":"M3"}},{"type":"Feature","geometry":{"type":"LineString","coordinates":[[-0.93518,51.27654],[-0.93495,51.2766]]},"properties":{"bridge":"yes","highway":"motorway","layer":"1","maxspeed":"70 mph","operator":"National Highways","ref":"M3"}},{"type":"Feature","geometry":{"type":"LineString","coordinates":[[-0.93495,51.2766],[-0.93424,51.27682],[-0.93349,51.27704],[-0.93262,51.27731],[-0.93169,51.27762],[-0.93068,51.27795],[-0.93002,51.2782],[-0.92913,51.27851]]},"properties":{"highway":"motorway","maxspeed":"70 mph","operator":"National Highways","ref":"M3"}},{"type":"Feature","geometry":{"type":"LineString","coordinates":[[-0.95191,51.27314],[-0.95321,51.27288],[-0.95501,51.27249],[-0.95668,51.27211],[-0.95837,51.27169],[-0.95948,51.27141],[-0.9602,51.27122],[-0.96101,51.27101],[-0.96278,51.27052],[-0.96412,51.27016],[-0.96555,51.26979],[-0.96697,51.26947],[-0.96756,51.26934],[-0.96821,51.26921],[-0.96946,51.26896],[-0.97091,51.2687],[-0.97167,51.26856],[-0.97307,51.26833],[-0.97444,51.26813],[-0.97598,51.26794],[-0.97745,51.26777],[-0.97863,51.26766],[-0.97909,51.26762],[-0.98047,51.26751],[-0.98178,51.26743],[-0.98243,51.26739],[-0.98357,51.26733],[-0.98452,51.26731],[-0.98557,51.26729],[-0.98668,51.26728],[-0.98777,51.26728],[-0.98886,51.26729],[-0.99038,51.26731],[-0.99111,51.26731],[-0.99285,51.26733],[-0.99391,51.26733],[-0.99485,51.26732],[-0.99599,51.26731],[-0.99748,51.26728],[-0.99892,51.26723],[-1.00025,51.26719],[-1.00198,51.2671],[-1.00318,51.26703],[-1.00495,51.26691],[-1.00629,51.26681],[-1.00756,51.2667],[-1.00894,51.26656],[-1.01014,51.26644],[-1.01131,51.26631],[-1.01231,51.26619],[-1.0134,51.26606],[-1.01491,51.26585],[-1.01593,51.26571],[-1.01736,51.26549],[-1.0184,51.26533],[-1.01985,51.26509],[-1.02113,51.26487],[-1.02207,51.26469],[-1.02319,51.26448],[-1.02487,51.26413],[-1.02585,51.26394],[-1.0272,51.26365],[-1.02849,51.26339],[-1.03038,51.26305],[-1.03157,51.26285],[-1.03324,51.2626],[-1.03442,51.26244],[-1.03608,51.26224],[-1.03773,51.26206],[-1.03943,51.26191],[-1.04103,51.26178],[-1.04225,51.2617],[-1.04411,51.26158],[-1.04562,51.26149],[-1.04762,51.26137],[-1.04892,51.26128],[-1.05005,51.2612],[-1.05119,51.26109],[-1.05229,51.26096],[-1.05355,51.26079],[-1.05526,51.26051],[-1.05697,51.26019],[-1.05863,51.25981]]},"properties":{"highway":"motorway","maxspeed":"70 mph","operator":"National Highways","ref":"M3"}},{"type":"Feature","geometry":{"type":"LineString","coordinates":[[-1.1411,51.2357],[-1.14094,51.23573],[-1.14078,51.23577],[-1.14067,51.23581],[-1.14058,51.23584],[-1.14029,51.23598]]},"properties":{"highway":"primary","maxspeed":"50 mph","name":"Winchester Road","ref":"A30"}},{"type":"Feature","geometry":{"type":"LineString","coordinates":[[-1.10388,51.25464],[-1.10413,51.25461],[-1.10433,51.25457],[-1.10449,51.25452]]},"properties":{"highway":"primary","maxspeed":"30 mph","name":"Winchester Road","ref":"A30"}},{"type":"Feature","geometry":{"type":"LineString","coordinates":[[-1.10565,51.25408],[-1.10519,51.25431]]},"properties":{"highway":"primary","maxspeed":"40 mph","name":"Winchester Road","ref":"A30"}},{"type":"Feature","geometry":{"type":"LineString","coordinates":[[-1.08513,51.26681],[-1.08572,51.26679]]},"properties":{"highway":"primary","maxspeed":"40 mph","name":"Churchill Way","ref":"A3010"}},{"type":"Feature","geometry":{"type":"LineString","coordinates":[[-1.10496,51.26594],[-1.1051,51.26593],[-1.10554,51.26589]]},"properties":{"highway":"primary","maxspeed":"50 mph","name":"Churchill Way West","ref":"A3010"}},{"type":"Feature","geometry":{"type":"LineString","coordinates":[[-1.10382,51.26601],[-1.10496,51.26594]]},"properties":{"highway":"primary","maxspeed":"50 mph","name":"Churchill Way West","ref":"A3010"}},{"type":"Feature","geometry":{"type":"LineString","coordinates":[[-1.07903,51.25175],[-1.07838,51.25204]]},"properties":{"bridge":"yes","highway":"motorway","layer":"1","maxspeed":"70 mph","operator":"National Highways","ref":"M3"}},{"type":"Feature","geometry":{"type":"LineString","coordinates":[[-1.07838,51.25204],[-1.07688,51.25273],[-1.07344,51.2543],[-1.07182,51.25504]]},"properties":{"highway":"motorway","maxspeed":"70 mph","operator":"National Highways","ref":"M3"}},{"type":"Feature","geometry":{"type":"LineString","coordinates":[[-1.07841,51.25187],[-1.07894,51.25162]]},"properties":{"bridge":"yes","highway":"motorway","layer":"1","maxspeed":"70 mph","operator":"National Highways","ref":"M3"}},{"type":"Feature","geometry":{"type":"LineString","coordinates":[[-0.92532,51.25663],[-0.92529,51.25659],[-0.92521,51.25652],[-0.92514,51.25645],[-0.925,51.25632],[-0.92461,51.2561]]},"properties":{"highway":"primary","maxspeed":"60 mph","name":"Farnham Road","ref":"A287"}},{"type":"Feature","geometry":{"type":"LineString","coordinates":[[-0.93421,51.26177],[-0.93396,51.26175],[-0.93291,51.26151],[-0.93214,51.26128],[-0.93124,51.26097]]},"properties":{"highway":"primary","maxspeed":"70 mph","ref":"A287"}},{"type":"Feature","geometry":{"type":"LineString","coordinates":[[-0.92461,51.2561],[-0.92438,51.25604],[-0.92408,51.25598]]},"properties":{"highway":"primary","maxspeed":"60 mph","name":"Farnham Road","ref":"A287"}},{"type":"Feature","geometry":{"type":"LineString","coordinates":[[-0.92603,51.25708],[-0.92617,51.25724],[-0.92638,51.25749]]},"properties":{"highway":"primary","maxspeed":"60 mph","ref":"A287"}},{"type":"Feature","geometry":{"type":"LineString","coordinates":[[-0.92603,51.25708],[-0.92589,51.25694],[-0.92576,51.25686],[-0.92561,51.25678]]},"properties":{"highway":"primary","maxspeed":"60 mph","ref":"A287"}},{"type":"Feature","geometry":{"type":"LineString","coordinates":[[-0.95358,51.26648],[-0.95334,51.26645],[-0.95327,51.26643],[-0.95279,51.26632]]},"properties":{"highway":"primary","maxspeed":"60 mph","ref":"A287"}},{"type":"Feature","geometry":{"type":"LineString","coordinates":[[-0.93421,51.26177],[-0.9347,51.26187],[-0.93661,51.2622],[-0.94008,51.26284],[-0.94361,51.26362],[-0.94512,51.26399],[-0.94691,51.26446],[-0.94799,51.26479],[-0.94921,51.26518]]},"properties":{"highway":"primary","maxspeed":"60 mph","ref":"A287"}},{"type":"Feature","geometry":{"type":"LineString","coordinates":[[-0.95279,51.26632],[-0.95298,51.26632],[-0.95307,51.26632],[-0.95319,51.26629],[-0.95329,51.26622],[-0.95335,51.26619]]},"properties":{"highway":"primary","maxspeed":"60 mph","ref":"A287"}},{"type":"Feature","geometry":{"type":"LineString","coordinates":[[-1.16073,51.22284],[-1.16116,51.22268],[-1.16163,51.22251]]},"properties":{"highway":"primary","maxspeed":"50 mph","ref":"A30"}},{"type":"Feature","geometry":{"type":"LineString","coordinates":[[-1.15826,51.22323],[-1.15833,51.22325],[-1.15851,51.22328],[-1.15863,51.2233],[-1.15877,51.22331],[-1.15889,51.22331],[-1.15899,51.22331],[-1.15915,51.22329],[-1.1593,51.22327],[-1.15978,51.22315],[-1.15998,51.22309]]},"properties":{"highway":"primary","maxspeed":"50 mph","ref":"A30"}},{"type":"Feature","geometry":{"type":"LineString","coordinates":[[-1.05429,51.28863],[-1.05369,51.2888],[-1.05335,51.28888]]},"properties":{"highway":"trunk","maxspeed":"50 mph","name":"Reading Road","ref":"A33"}},{"type":"Feature","geometry":{"type":"LineString","coordinates":[[-1.05245,51.28903],[-1.05259,51.28896],[-1.05274,51.28891],[-1.05282,51.28889],[-1.05329,51.28876]]},"properties":{"highway":"trunk","maxspeed":"50 mph","name":"Reading Road","ref":"A33"}},{"type":"Feature","geometry":{"type":"LineString","coordinates":[[-1.05335,51.28888],[-1.05306,51.28895],[-1.05273,51.28903],[-1.05245,51.28903]]},"properties":{"highway":"trunk","maxspeed":"50 mph","name":"Reading Road","ref":"A33"}},{"type":"Feature","geometry":{"type":"LineString","coordinates":[[-1.05329,51.28876],[-1.05372,51.28866]]},"properties":{"highway":"trunk","maxspeed":"50 mph","name":"Reading Road","ref":"A33"}},{"type":"Feature","geometry":{"type":"LineString","coordinates":[[-1.07163,51.28137],[-1.07152,51.28157],[-1.0714,51.28183],[-1.07128,51.28219],[-1.07122,51.28243],[-1.07094,51.28337],[-1.07092,51.28343],[-1.07087,51.28359],[-1.07058,51.28407],[-1.07049,51.28426],[-1.07047,51.28431],[-1.07044,51.28439]]},"properties":{"highway":"trunk","maxspeed":"50 mph","name":"Reading Road","ref":"A33"}},{"type":"Feature","geometry":{"type":"LineString","coordinates":[[-1.10727,51.27648],[-1.11067,51.27596],[-1.11097,51.2759],[-1.11119,51.27583]]},"properties":{"highway":"trunk","maxspeed":"70 mph","ref":"A339"}},{"type":"Feature","geometry":{"type":"LineString","coordinates":[[-1.18969,51.20389],[-1.1897,51.20398],[-1.18974,51.20407],[-1.18974,51.20412],[-1.18972,51.20415]]},"properties":{"highway":"primary","maxspeed":"60 mph","name":"Stockbridge Road","ref":"A30"}},{"type":"Feature","geometry":{"type":"LineString","coordinates":[[-1.13294,51.24069],[-1.13333,51.24064],[-1.13348,51.24061],[-1.13364,51.24056]]},"properties":{"highway":"primary","maxspeed":"40 mph","name":"Winchester Road","ref":"A30"}},{"type":"Feature","geometry":{"type":"LineString","coordinates":[[-1.13364,51.24056],[-1.13353,51.24073],[-1.13349,51.24093]]},"properties":{"highway":"primary","maxspeed":"40 mph","name":"Winchester Road","ref":"A30"}},{"type":"Feature","geometry":{"type":"LineString","coordinates":[[-1.12806,51.3401],[-1.12791,51.33959]]},"properties":{"highway":"primary","maxspeed":"30 mph","name":"Aldermaston Road","ref":"A340"}},{"type":"Feature","geometry":{"type":"LineString","coordinates":[[-1.17719,51.2974],[-1.17569,51.29704],[-1.17524,51.29692],[-1.17447,51.29668],[-1.17375,51.29643],[-1.17335,51.29627],[-1.17184,51.29569],[-1.17154,51.29553],[-1.17127,51.29533],[-1.17089,51.29497],[-1.17042,51.29457],[-1.16996,51.29421],[-1.16918,51.29356],[-1.1682,51.29272]]},"properties":{"highway":"trunk","maxspeed":"50 mph","name":"Kingsclere Road","ref":"A339"}},{"type":"Feature","geometry":{"type":"LineString","coordinates":[[-0.92408,51.25598],[-0.92317,51.25581],[-0.9231,51.25579],[-0.92278,51.25572],[-0.92177,51.2555],[-0.92117,51.25537],[-0.92053,51.25526],[-0.92045,51.25524],[-0.92001,51.25516],[-0.91884,51.25501],[-0.91881,51.25501],[-0.91833,51.25496],[-0.91795,51.25493],[-0.9173,51.25488],[-0.91666,51.25485],[-0.91568,51.25478],[-0.91456,51.25466],[-0.91141,51.25417],[-0.90922,51.25389],[-0.90914,51.25388],[-0.90898,51.25386],[-0.90844,51.25378],[-0.907,51.2535],[-0.90566,51.25325],[-0.9046,51.25304],[-0.90388,51.25289],[-0.90357,51.25283],[-0.90319,51.25275],[-0.90275,51.25264],[-0.90241,51.25254],[-0.9022,51.25246],[-0.90188,51.25233],[-0.90164,51.25223],[-0.90154,51.25218],[-0.90142,51.25211],[-0.90129,51.25204],[-0.9011,51.25194],[-0.9009,51.25182],[-0.90066,51.25167],[-0.90049,51.25156],[-0.90006,51.25127],[-0.89964,51.25098],[-0.89912,51.25062],[-0.89857,51.25023],[-0.89835,51.25007],[-0.89802,51.24985],[-0.8976,51.24958],[-0.89727,51.24939],[-0.89679,51.24912],[-0.89649,51.24897],[-0.8961,51.24878],[-0.89597,51.24871],[-0.89564,51.24854],[-0.89522,51.24835],[-0.89492,51.24819],[-0.89459,51.24803],[-0.89402,51.24776],[-0.89364,51.2476],[-0.89339,51.2475],[-0.8931,51.24739],[-0.89295,51.24733],[-0.89273,51.24726],[-0.89253,51.24721],[-0.89228,51.24714],[-0.8921,51.24709],[-0.892,51.24707],[-0.89147,51.24697],[-0.89118,51.24692],[-0.891,51.2469],[-0.89081,51.24687],[-0.89064,51.24685],[-0.89035,51.24682],[-0.88978,51.24676],[-0.88952,51.24674]]},"properties":{"highway":"primary","maxspeed":"60 mph","name":"Farnham Road","ref":"A287"}},{"type":"Feature","geometry":{"type":"LineString","coordinates":[[-0.95472,51.26619],[-0.95513,51.26637],[-0.95558,51.26654],[-0.95653,51.267],[-0.95753,51.26762],[-0.95799,51.26802],[-0.95829,51.26831],[-0.95859,51.26863],[-0.95878,51.26886],[-0.959,51.26911],[-0.9595,51.26985],[-0.95962,51.27002],[-0.95969,51.27008],[-0.95979,51.27014],[-0.9599,51.27019],[-0.96023,51.27032]]},"properties":{"highway":"primary","maxspeed":"70 mph","ref":"A287"}},{"type":"Feature","geometry":{"type":"LineString","coordinates":[[-0.95234,51.26622],[-0.95279,51.26632]]},"properties":{"highway":"primary","maxspeed":"60 mph","ref":"A287"}},{"type":"Feature","geometry":{"type":"LineString","coordinates":[[-0.92638,51.25749],[-0.92669,51.25781],[-0.92702,51.25819],[-0.92723,51.25843],[-0.92751,51.25869],[-0.92776,51.25891]]},"properties":{"highway":"primary","maxspeed":"60 mph","ref":"A287"}},{"type":"Feature","geometry":{"type":"LineString","coordinates":[[-0.95493,51.26646],[-0.95472,51.26637],[-0.95464,51.26634],[-0.95456,51.26633],[-0.95449,51.26632],[-0.95442,51.26632],[-0.95434,51.26633],[-0.95424,51.26636],[-0.95415,51.26637]]},"properties":{"highway":"primary","maxspeed":"70 mph","ref":"A287"}},{"type":"Feature","geometry":{"type":"LineString","coordinates":[[-1.10767,51.26611],[-1.10755,51.26606],[-1.10746,51.26598],[-1.10741,51.26593],[-1.10738,51.26587],[-1.10736,51.26578],[-1.10736,51.26573],[-1.10738,51.26566]]},"properties":{"highway":"primary","maxspeed":"50 mph","name":"Thornycroft Roundabout"}},{"type":"Feature","geometry":{"type":"LineString","coordinates":[[-1.10805,51.26534],[-1.10827,51.26541],[-1.10843,51.2655],[-1.10847,51.26556],[-1.1085,51.26563],[-1.10851,51.26572]]},"properties":{"highway":"primary","maxspeed":"50 mph","name":"Thornycroft Roundabout"}},{"type":"Feature","geometry":{"type":"LineString","coordinates":[[-1.09283,51.26633],[-1.09288,51.26638],[-1.09291,51.26644],[-1.09292,51.2665],[-1.09291,51.26656]]},"properties":{"highway":"primary","maxspeed":"30 mph","name":"Victory Roundabout","ref":"A3010"}},{"type":"Feature","geometry":{"type":"LineString","coordinates":[[-1.0927,51.26677],[-1.0926,51.2668],[-1.09249,51.26682],[-1.09238,51.26682],[-1.09227,51.2668],[-1.09217,51.26678]]},"properties":{"highway":"primary","maxspeed":"30 mph","name":"Victory Roundabout","ref":"A3010"}},{"type":"Feature","geometry":{"type":"LineString","coordinates":[[-1.09217,51.26678],[-1.0921,51.26675],[-1.09204,51.26671],[-1.09199,51.26667]]},"properties":{"highway":"primary","maxspeed":"30 mph","name":"Victory Roundabout","ref":"A3010"}},{"type":"Feature","geometry":{"type":"LineString","coordinates":[[-1.08246,51.26704],[-1.08237,51.26696],[-1.08235,51.26687],[-1.08235,51.26683],[-1.08237,51.26678],[-1.0824,51.26672],[-1.08244,51.26667]]},"properties":{"highway":"primary","maxspeed":"30 mph","name":"Eastrop Roundabout"}},{"type":"Feature","geometry":{"type":"LineString","coordinates":[[-1.08357,51.26717],[-1.08344,51.26718],[-1.08332,51.26719]]},"properties":{"highway":"primary","maxspeed":"30 mph","name":"Eastrop Roundabout"}},{"type":"Feature","geometry":{"type":"LineString","coordinates":[[-1.08411,51.2671],[-1.08397,51.26713],[-1.08374,51.26716],[-1.08357,51.26717]]},"properties":{"highway":"primary","maxspeed":"30 mph","name":"Eastrop Roundabout"}},{"type":"Feature","geometry":{"type":"LineString","coordinates":[[-1.08332,51.26719],[-1.08313,51.26719],[-1.083,51.26717],[-1.0828,51.26714]]},"properties":{"highway":"primary","maxspeed":"30 mph","name":"Eastrop Roundabout"}},{"type":"Feature","geometry":{"type":"LineString","coordinates":[[-1.09253,51.2662],[-1.09263,51.26622],[-1.09273,51.26626],[-1.09278,51.26629],[-1.09283,51.26633]]},"properties":{"highway":"primary","maxspeed":"30 mph","name":"Victory Roundabout","ref":"A3010"}},{"type":"Feature","geometry":{"type":"LineString","coordinates":[[-1.0921,51.26627],[-1.09223,51.26622],[-1.09237,51.2662],[-1.09253,51.2662]]},"properties":{"highway":"primary","maxspeed":"30 mph","name":"Victory Roundabout","ref":"A3010"}},{"type":"Feature","geometry":{"type":"LineString","coordinates":[[-1.10608,51.28109],[-1.10603,51.28105],[-1.10572,51.28081],[-1.1056,51.28072]]},"properties":{"highway":"primary","maxspeed":"50 mph","name":"Aldermaston Road","ref":"A340"}},{"type":"Feature","geometry":{"type":"LineString","coordinates":[[-1.10531,51.28031],[-1.10562,51.28057],[-1.10582,51.28071],[-1.10598,51.28083],[-1.10616,51.28097],[-1.10624,51.28102],[-1.10634,51.28109]]},"properties":{"highway":"primary","maxspeed":"50 mph","name":"Aldermaston Road","ref":"A340"}},{"type":"Feature","geometry":{"type":"LineString","coordinates":[[-1.10227,51.27672],[-1.10236,51.27683],[-1.10243,51.27694],[-1.10251,51.27709],[-1.10274,51.2777],[-1.10278,51.2778],[-1.10273,51.27794]]},"properties":{"highway":"primary","maxspeed":"30 mph","name":"Aldermaston Road Roundabout"}},{"type":"Feature","geometry":{"type":"LineString","coordinates":[[-1.10139,51.27652],[-1.10144,51.27652],[-1.10152,51.27652],[-1.10163,51.27652],[-1.10172,51.27652],[-1.1018,51.27653],[-1.10187,51.27654],[-1.10195,51.27656],[-1.10207,51.27659]]},"properties":{"highway":"primary","maxspeed":"30 mph","name":"Aldermaston Road Roundabout"}},{"type":"Feature","geometry":{"type":"LineString","coordinates":[[-1.10219,51.27826],[-1.10193,51.27831]]},"properties":{"highway":"primary","maxspeed":"30 mph","name":"Aldermaston Road Roundabout"}},{"type":"Feature","geometry":{"type":"LineString","coordinates":[[-1.08411,51.26667],[-1.0842,51.26673],[-1.08427,51.26679],[-1.0843,51.26689],[-1.08429,51.26695],[-1.08424,51.26701]]},"properties":{"highway":"primary","maxspeed":"30 mph","name":"Eastrop Roundabout"}},{"type":"Feature","geometry":{"type":"LineString","coordinates":[[-1.10264,51.27806],[-1.10252,51.27813],[-1.1024,51.27818],[-1.10219,51.27826]]},"properties":{"highway":"primary","maxspeed":"30 mph","name":"Aldermaston Road Roundabout"}},{"type":"Feature","geometry":{"type":"LineString","coordinates":[[-1.17321,51.21183],[-1.17355,51.21166],[-1.17835,51.20879],[-1.17975,51.20798],[-1.18126,51.20706],[-1.18221,51.20648],[-1.18413,51.20521]]},"properties":{"highway":"motorway","maxspeed":"70 mph","operator":"National Highways","ref":"M3"}},{"type":"Feature","geometry":{"type":"LineString","coordinates":[[-1.19026,51.20405],[-1.18972,51.20415],[-1.18949,51.20421],[-1.18896,51.20437],[-1.18889,51.20438]]},"properties":{"highway":"primary","maxspeed":"60 mph","name":"Stockbridge Road","ref":"A30"}},{"type":"Feature","geometry":{"type":"LineString","coordinates":[[-1.18949,51.20421],[-1.18935,51.20419],[-1.18931,51.20417],[-1.18927,51.20416],[-1.18917,51.20409]]},"properties":{"highway":"primary","maxspeed":"60 mph","name":"Stockbridge Road","ref":"A30"}},{"type":"Feature","geometry":{"type":"LineString","coordinates":[[-1.01734,51.32333],[-1.01693,51.32351],[-1.01648,51.3237],[-1.01565,51.32406],[-1.01464,51.32451],[-1.01383,51.32489]]},"properties":{"highway":"trunk","maxspeed":"50 mph","ref":"A33"}},{"type":"Feature","geometry":{"type":"LineString","coordinates":[[-0.93137,51.29132],[-0.93123,51.29141],[-0.93106,51.29151],[-0.93086,51.29161],[-0.93066,51.29171],[-0.93054,51.29177]]},"properties":{"highway":"primary","maxspeed":"40 mph","name":"London Road","ref":"A30"}},{"type":"Feature","geometry":{"type":"LineString","coordinates":[[-1.12595,51.27834],[-1.1258,51.27827],[-1.12557,51.27816],[-1.12538,51.27812]]},"properties":{"highway":"trunk","maxspeed":"60 mph","name":"Kingsclere Road","ref":"A339"}},{"type":"Feature","geometry":{"type":"LineString","coordinates":[[-1.12553,51.27796],[-1.12595,51.27834]]},"properties":{"highway":"trunk","maxspeed":"60 mph","name":"Kingsclere Road","ref":"A339"}},{"type":"Feature","geometry":{"type":"LineString","coordinates":[[-1.08071,51.25601],[-1.08013,51.25519],[-1.07995,51.25493],[-1.07983,51.25483],[-1.07977,51.2548]]},"properties":{"highway":"primary","maxspeed":"30 mph","name":"Hackwood Road","ref":"A339"}},{"type":"Feature","geometry":{"type":"LineString","coordinates":[[-1.05323,51.2113],[-1.05303,51.21108],[-1.05281,51.21082],[-1.05268,51.21065],[-1.05252,51.21039],[-1.05244,51.21023],[-1.05232,51.21003],[-1.05222,51.20988],[-1.05209,51.20969],[-1.05193,51.20945],[-1.05183,51.20932],[-1.05178,51.20927],[-1.05159,51.20902],[-1.05139,51.20881],[-1.05124,51.20866],[-1.05113,51.20857],[-1.05072,51.20827],[-1.05056,51.20816],[-1.05033,51.20802],[-1.05018,51.20795],[-1.04997,51.20787],[-1.04966,51.20778],[-1.04926,51.20765],[-1.0491,51.20761],[-1.04882,51.2075],[-1.04867,51.20741],[-1.04817,51.20702],[-1.04713,51.20616],[-1.04701,51.20603],[-1.04678,51.20573],[-1.04659,51.20545],[-1.04642,51.20523],[-1.04631,51.20512],[-1.04621,51.20504],[-1.04566,51.20464],[-1.04377,51.20344],[-1.04206,51.20235],[-1.0418,51.20216],[-1.04149,51.20192],[-1.04127,51.2017],[-1.04112,51.2015],[-1.04108,51.20143],[-1.04102,51.2013],[-1.04098,51.20121],[-1.04095,51.2011],[-1.04091,51.20096],[-1.04089,51.20081],[-1.04087,51.2007],[-1.04087,51.20058],[-1.04088,51.20049],[-1.04091,51.20029],[-1.04094,51.20019],[-1.04106,51.19974],[-1.04115,51.19943]]},"properties":{"highway":"primary","maxspeed":"40 mph","ref":"A339"}},{"type":"Feature","geometry":{"type":"LineString","coordinates":[[-1.07093,51.27332],[-1.07119,51.27374]]},"properties":{"bridge":"yes","highway":"trunk","layer":"1","maxspeed":"70 mph","name":"Ringway East","ref":"A339"}},{"type":"Feature","geometry":{"type":"LineString","coordinates":[[-1.07077,51.27348],[-1.0705,51.27305],[-1.07035,51.27278],[-1.07029,51.27265],[-1.07022,51.27251],[-1.0701,51.27222],[-1.07003,51.27206],[-1.06988,51.27163]]},"properties":{"highway":"trunk","maxspeed":"70 mph","name":"Ringway East","ref":"A339"}},{"type":"Feature","geometry":{"type":"LineString","coordinates":[[-1.07103,51.27387],[-1.07077,51.27348]]},"properties":{"bridge":"yes","highway":"trunk","layer":"1","maxspeed":"70 mph","name":"Ringway East","ref":"A339"}},{"type":"Feature","geometry":{"type":"LineString","coordinates":[[-1.07119,51.27374],[-1.07137,51.27399],[-1.07163,51.27432],[-1.07191,51.27464],[-1.07222,51.27495]]},"properties":{"highway":"trunk","layer":"3","maxspeed":"70 mph","name":"Ringway East","ref":"A339"}},{"type":"Feature","geometry":{"type":"LineString","coordinates":[[-1.07603,51.27646],[-1.07612,51.27652],[-1.07621,51.27659],[-1.07625,51.27664],[-1.07629,51.2767],[-1.0763,51.27675],[-1.07632,51.27681]]},"properties":{"highway":"trunk","maxspeed":"30 mph","name":"Reading Road Roundabout","ref":"A33"}},{"type":"Feature","geometry":{"type":"LineString","coordinates":[[-1.03098,51.26597],[-1.03107,51.26584],[-1.03123,51.26567],[-1.03137,51.26552],[-1.03153,51.26537],[-1.0317,51.26521],[-1.03184,51.26509],[-1.03196,51.265],[-1.03213,51.26488],[-1.03222,51.26482],[-1.03227,51.26479],[-1.03238,51.26472],[-1.03248,51.26466],[-1.03255,51.26461]]},"properties":{"highway":"primary","maxspeed":"70 mph","name":"London Road","ref":"A30"}},{"type":"Feature","geometry":{"type":"LineString","coordinates":[[-1.03123,51.26606],[-1.03118,51.26615],[-1.03099,51.26642],[-1.03074,51.26677],[-1.0306,51.26697],[-1.03044,51.26717],[-1.03031,51.26733],[-1.03016,51.26748],[-1.03,51.26764],[-1.02988,51.26776],[-1.02976,51.26786],[-1.02956,51.26801],[-1.02938,51.26814],[-1.02925,51.26823],[-1.02904,51.26836],[-1.02881,51.26848],[-1.02861,51.26859],[-1.02841,51.26869],[-1.02829,51.26874],[-1.02814,51.2688],[-1.02789,51.26889],[-1.02761,51.269],[-1.02733,51.26908],[-1.02702,51.26917],[-1.02667,51.26927],[-1.02635,51.26935],[-1.02608,51.26942],[-1.02568,51.26949],[-1.02538,51.26954],[-1.025,51.26959],[-1.02463,51.26963],[-1.02428,51.26966],[-1.02398,51.26967],[-1.02352,51.26967],[-1.02254,51.26967],[-1.02181,51.26967],[-1.02103,51.26968],[-1.02043,51.26968],[-1.01997,51.26969],[-1.01961,51.26972],[-1.0193,51.26974],[-1.01901,51.26978],[-1.0186,51.26983],[-1.01824,51.26988],[-1.01787,51.26993],[-1.01751,51.26998],[-1.01715,51.27004],[-1.01687,51.2701],[-1.01654,51.27019],[-1.01625,51.27027],[-1.01592,51.27038],[-1.01557,51.2705],[-1.01521,51.27063],[-1.0149,51.27076],[-1.01455,51.27093],[-1.01432,51.27104],[-1.01396,51.27123],[-1.01354,51.27146],[-1.01305,51.27174]]},"properties":{"highway":"primary","maxspeed":"70 mph","name":"London Road","ref":"A30"}},{"type":"Feature","geometry":{"type":"LineString","coordinates":[[-1.08554,51.2669],[-1.08536,51.26691],[-1.08474,51.26694],[-1.0846,51.26695],[-1.08449,51.26696],[-1.08437,51.26698],[-1.08424,51.26701]]},"properties":{"highway":"primary","maxspeed":"40 mph","name":"Churchill Way","ref":"A3010"}},{"type":"Feature","geometry":{"type":"LineString","coordinates":[[-1.0917,51.26663],[-1.09069,51.26668],[-1.09029,51.2667],[-1.08998,51.26671],[-1.08883,51.26677]]},"properties":{"highway":"primary","maxspeed":"40 mph","name":"Churchill Way","ref":"A3010"}},{"type":"Feature","geometry":{"type":"LineString","coordinates":[[-1.08484,51.26681],[-1.08513,51.26681]]},"properties":{"highway":"primary","maxspeed":"40 mph","name":"Churchill Way","ref":"A3010"}},{"type":"Feature","geometry":{"type":"LineString","coordinates":[[-1.14231,51.35572],[-1.14222,51.35561],[-1.14217,51.35555],[-1.14198,51.35533],[-1.14183,51.35516],[-1.14169,51.35499],[-1.14156,51.35484],[-1.14143,51.35469],[-1.14139,51.35464],[-1.14113,51.35434],[-1.1411,51.3543],[-1.14089,51.35407],[-1.14042,51.3535],[-1.13976,51.35273],[-1.13926,51.35217],[-1.13899,51.35184],[-1.13878,51.3516],[-1.13864,51.35142],[-1.13804,51.35074],[-1.13801,51.3507],[-1.13797,51.35066],[-1.13787,51.35055],[-1.13729,51.34988],[-1.13714,51.34971],[-1.13698,51.34956],[-1.13665,51.34935],[-1.13589,51.34896],[-1.13549,51.34877],[-1.13543,51.34875]]},"properties":{"highway":"primary","maxspeed":"30 mph","name":"Mulfords Hill","ref":"A340"}},{"type":"Feature","geometry":{"type":"LineString","coordinates":[[-1.10707,51.28181],[-1.10649,51.28139],[-1.10641,51.28133],[-1.10637,51.28129],[-1.10619,51.28117],[-1.10608,51.28109]]},"properties":{"highway":"primary","maxspeed":"50 mph","name":"Aldermaston Road","ref":"A340"}},{"type":"Feature","geometry":{"type":"LineString","coordinates":[[-1.15381,51.22546],[-1.1535,51.22562],[-1.15316,51.22581],[-1.15239,51.22629],[-1.15212,51.22652],[-1.15181,51.22685],[-1.15173,51.22698],[-1.15171,51.22704],[-1.1517,51.22711],[-1.1517,51.22717],[-1.15173,51.22725]]},"properties":{"highway":"primary","maxspeed":"50 mph","name":"Winchester Road","ref":"A30"}},{"type":"Feature","geometry":{"type":"LineString","coordinates":[[-1.15803,51.22274],[-1.15789,51.2229],[-1.15772,51.22309]]},"properties":{"highway":"primary","maxspeed":"50 mph","name":"Winchester Road","ref":"A30"}},{"type":"Feature","geometry":{"type":"LineString","coordinates":[[-1.15862,51.22162],[-1.15858,51.22178],[-1.15851,51.2219],[-1.15821,51.22254],[-1.15803,51.22274]]},"properties":{"highway":"primary","maxspeed":"50 mph","name":"Winchester Road","ref":"A30"}},{"type":"Feature","geometry":{"type":"LineString","coordinates":[[-1.15629,51.22399],[-1.15639,51.22393],[-1.15647,51.22387],[-1.15653,51.22383],[-1.15668,51.22372],[-1.15681,51.22362],[-1.15717,51.22335],[-1.15727,51.22324]]},"properties":{"highway":"primary","maxspeed":"50 mph","name":"Winchester Road","ref":"A30"}},{"type":"Feature","geometry":{"type":"LineString","coordinates":[[-1.15115,51.22716],[-1.15127,51.22707],[-1.15138,51.22699],[-1.15151,51.22686],[-1.15177,51.22664]]},"properties":{"highway":"primary","maxspeed":"50 mph","name":"Winchester Road","ref":"A30"}},{"type":"Feature","geometry":{"type":"LineString","coordinates":[[-1.1497,51.22847],[-1.14944,51.22863],[-1.14911,51.22887],[-1.14904,51.22894],[-1.1489,51.22905]]},"properties":{"highway":"primary","maxspeed":"50 mph","name":"Winchester Road","ref":"A30"}},{"type":"Feature","geometry":{"type":"LineString","coordinates":[[-1.15763,51.22287],[-1.15781,51.22264],[-1.15796,51.22243],[-1.158,51.22237],[-1.15819,51.22204],[-1.15841,51.22155],[-1.15849,51.2212],[-1.15856,51.22084],[-1.15857,51.2205],[-1.15855,51.22012],[-1.15849,51.21985],[-1.15838,51.21972],[-1.15824,51.21962],[-1.15819,51.21958]]},"properties":{"highway":"primary","maxspeed":"50 mph","name":"Winchester Road","ref":"A30"}},{"type":"Feature","geometry":{"type":"LineString","coordinates":[[-1.15727,51.22324],[-1.15737,51.22314],[-1.15763,51.22287]]},"properties":{"highway":"primary","maxspeed":"50 mph","name":"Winchester Road","ref":"A30"}},{"type":"Feature","geometry":{"type":"LineString","coordinates":[[-1.14666,51.23081],[-1.14631,51.23107]]},"properties":{"highway":"primary","maxspeed":"50 mph","name":"Winchester Road","ref":"A30"}},{"type":"Feature","geometry":{"type":"LineString","coordinates":[[-1.15998,51.22309],[-1.1601,51.22305],[-1.16029,51.223],[-1.16047,51.22293]]},"properties":{"highway":"primary","maxspeed":"50 mph","ref":"A30"}},{"type":"Feature","geometry":{"type":"LineString","coordinates":[[-1.0688,51.26281],[-1.06863,51.26283],[-1.0685,51.26285],[-1.06836,51.26286],[-1.06827,51.26287],[-1.06817,51.26287],[-1.06808,51.26288],[-1.06802,51.26288],[-1.06795,51.26289],[-1.06787,51.2629],[-1.06779,51.26292],[-1.06771,51.26294],[-1.06763,51.26297],[-1.06756,51.263],[-1.06747,51.26303],[-1.06739,51.26308],[-1.06725,51.26316],[-1.06718,51.26321]]},"properties":{"highway":"primary","maxspeed":"50 mph","name":"Ringway South","ref":"A30"}},{"type":"Feature","geometry":{"type":"LineString","coordinates":[[-1.01305,51.27174],[-1.01261,51.27199],[-1.01229,51.27216],[-1.01201,51.2723],[-1.01165,51.27247],[-1.0114,51.27258],[-1.01109,51.27269],[-1.01083,51.27277],[-1.01052,51.27286],[-1.0102,51.27294],[-1.00992,51.273],[-1.00959,51.27306],[-1.0093,51.2731],[-1.00893,51.27314],[-1.00863,51.27316],[-1.00822,51.27318],[-1.00781,51.27319]]},"properties":{"highway":"primary","maxspeed":"60 mph","name":"London Road","ref":"A30"}},{"type":"Feature","geometry":{"type":"LineString","coordinates":[[-1.00781,51.27319],[-1.00764,51.27319],[-1.00736,51.27318],[-1.00702,51.27316],[-1.0066,51.27313]]},"properties":{"highway":"primary","maxspeed":"60 mph","name":"London Road","ref":"A30"}},{"type":"Feature","geometry":{"type":"LineString","coordinates":[[-1.09889,51.26642],[-1.09858,51.26642],[-1.09707,51.26645],[-1.09384,51.26652]]},"properties":{"highway":"primary","maxspeed":"50 mph","name":"Churchill Way West","ref":"A3010"}},{"type":"Feature","geometry":{"type":"LineString","coordinates":[[-1.10008,51.26622],[-1.10045,51.2662],[-1.10152,51.26617],[-1.1029,51.26609],[-1.10306,51.26608],[-1.10382,51.26601]]},"properties":{"highway":"primary","maxspeed":"50 mph","name":"Churchill Way West","ref":"A3010"}},{"type":"Feature","geometry":{"type":"LineString","coordinates":[[-0.97835,51.27546],[-0.97817,51.27555],[-0.97803,51.2756],[-0.9777,51.27577],[-0.97734,51.27592],[-0.97711,51.27598]]},"properties":{"highway":"primary","maxspeed":"40 mph","ref":"A30"}},{"type":"Feature","geometry":{"type":"LineString","coordinates":[[-0.97519,51.27479],[-0.97322,51.27445],[-0.97244,51.27433]]},"properties":{"highway":"primary","maxspeed":"60 mph","name":"Hook Common","ref":"A287"}},{"type":"Feature","geometry":{"type":"LineString","coordinates":[[-0.97711,51.27598],[-0.9772,51.27589],[-0.97729,51.27583]]},"properties":{"highway":"primary","maxspeed":"40 mph","ref":"A30"}},{"type":"Feature","geometry":{"type":"LineString","coordinates":[[-0.97711,51.27598],[-0.97643,51.27631],[-0.97568,51.27668],[-0.97513,51.27694],[-0.97454,51.27723],[-0.97397,51.27751],[-0.97348,51.27775],[-0.97302,51.27797],[-0.97275,51.27811],[-0.97162,51.27866],[-0.97142,51.27876]]},"properties":{"highway":"primary","maxspeed":"40 mph","ref":"A30"}},{"type":"Feature","geometry":{"type":"LineString","coordinates":[[-0.9795,51.27493],[-0.9786,51.27536],[-0.97847,51.27542],[-0.97835,51.27546]]},"properties":{"highway":"primary","maxspeed":"40 mph","ref":"A30"}},{"type":"Feature","geometry":{"type":"LineString","coordinates":[[-0.96151,51.27126],[-0.96155,51.27133],[-0.96157,51.27137],[-0.96158,51.27143],[-0.96159,51.27148],[-0.9616,51.27154],[-0.96159,51.27161],[-0.96158,51.27166],[-0.96155,51.27171]]},"properties":{"highway":"primary","maxspeed":"60 mph","name":"Hook Interchange"}},{"type":"Feature","geometry":{"type":"LineString","coordinates":[[-0.94481,51.28762],[-0.94467,51.28766],[-0.94451,51.2877],[-0.94423,51.28777],[-0.94417,51.28778]]},"properties":{"highway":"primary","maxspeed":"40 mph","name":"London Road","ref":"A30"}},{"type":"Feature","geometry":{"type":"LineString","coordinates":[[-1.00663,51.27296],[-1.00697,51.27298],[-1.00729,51.27299],[-1.00782,51.273]]},"properties":{"highway":"primary","maxspeed":"60 mph","name":"London Road","ref":"A30"}},{"type":"Feature","geometry":{"type":"LineString","coordinates":[[-1.0066,51.27313],[-1.00621,51.2731],[-1.0056,51.27305],[-1.00521,51.27302],[-1.00486,51.273],[-1.00432,51.27298],[-1.00381,51.27296],[-1.00341,51.27296],[-1.00298,51.27296],[-1.00249,51.27297],[-1.00204,51.27299],[-1.0011,51.27302],[-1.00057,51.27303],[-1.00003,51.27305],[-0.99976,51.27306]]},"properties":{"highway":"primary","maxspeed":"60 mph","name":"London Road","ref":"A30"}},{"type":"Feature","geometry":{"type":"LineString","coordinates":[[-1.01304,51.2716],[-1.01345,51.27136],[-1.01393,51.2711],[-1.01432,51.2709],[-1.01466,51.27074],[-1.01502,51.27059],[-1.01535,51.27046],[-1.01575,51.27031],[-1.01611,51.27019],[-1.01636,51.27011],[-1.01668,51.27003],[-1.01697,51.26996],[-1.01736,51.26987],[-1.0177,51.26981],[-1.01811,51.26974],[-1.01841,51.2697],[-1.01872,51.26966],[-1.01914,51.26962],[-1.01949,51.26959],[-1.01988,51.26958],[-1.0203,51.26957],[-1.02076,51.26956],[-1.02158,51.26956],[-1.02236,51.26955],[-1.023,51.26955],[-1.02348,51.26954],[-1.02394,51.26953],[-1.02413,51.26952],[-1.02432,51.2695],[-1.02459,51.26948],[-1.02495,51.26945],[-1.02536,51.26939],[-1.02575,51.26933],[-1.02608,51.26926],[-1.02636,51.26919],[-1.02671,51.26911],[-1.02696,51.26903],[-1.0272,51.26895],[-1.02745,51.26886],[-1.02777,51.26873],[-1.02808,51.26859],[-1.02835,51.26847],[-1.02856,51.26836],[-1.0288,51.26822],[-1.02897,51.26811],[-1.02918,51.26798],[-1.02938,51.26784],[-1.02957,51.26769],[-1.02973,51.26756],[-1.02987,51.26742],[-1.03006,51.26724],[-1.0302,51.26709],[-1.0303,51.26696],[-1.03042,51.26679],[-1.03053,51.26661],[-1.03064,51.26645],[-1.03081,51.26621],[-1.03089,51.26609],[-1.03096,51.26599],[-1.03098,51.26597]]},"properties":{"highway":"primary","maxspeed":"70 mph","name":"London Road","ref":"A30"}},{"type":"Feature","geometry":{"type":"LineString","coordinates":[[-0.93124,51.26097],[-0.93062,51.26071]]},"properties":{"highway":"primary","maxspeed":"70 mph","ref":"A287"}},{"type":"Feature","geometry":{"type":"LineString","coordinates":[[-0.92915,51.25983],[-0.92941,51.25998],[-0.92994,51.26023],[-0.93075,51.2606]]},"properties":{"highway":"primary","maxspeed":"70 mph","ref":"A287"}},{"type":"Feature","geometry":{"type":"LineString","coordinates":[[-1.07866,51.25124],[-1.07868,51.25103],[-1.07873,51.25055]]},"properties":{"highway":"primary","maxspeed":"50 mph","name":"Alton Road","ref":"A339"}},{"type":"Feature","geometry":{"type":"LineString","coordinates":[[-1.07899,51.25022],[-1.07883,51.2509],[-1.07878,51.25124]]},"properties":{"highway":"primary","maxspeed":"50 mph","name":"Alton Road","ref":"A339"}},{"type":"Feature","geometry":{"type":"LineString","coordinates":[[-1.16111,51.22294],[-1.16083,51.22301]]},"properties":{"highway":"primary","maxspeed":"50 mph","ref":"A30"}},{"type":"Feature","geometry":{"type":"LineString","coordinates":[[-1.16609,51.22015],[-1.16661,51.21981],[-1.16727,51.21938]]},"properties":{"highway":"primary","maxspeed":"70 mph","ref":"A30"}},{"type":"Feature","geometry":{"type":"LineString","coordinates":[[-1.1639,51.22203],[-1.16317,51.22229],[-1.16211,51.22263]]},"properties":{"highway":"primary","maxspeed":"50 mph","ref":"A30"}},{"type":"Feature","geometry":{"type":"LineString","coordinates":[[-1.16083,51.22301],[-1.1605,51.2231]]},"properties":{"highway":"primary","maxspeed":"50 mph","ref":"A30"}},{"type":"Feature","geometry":{"type":"LineString","coordinates":[[-1.15941,51.22337],[-1.15824,51.22367],[-1.15756,51.22387],[-1.15703,51.22408],[-1.1567,51.2242],[-1.156,51.22447],[-1.15541,51.22474],[-1.15479,51.22503],[-1.15404,51.22538],[-1.15381,51.22546]]},"properties":{"highway":"primary","maxspeed":"50 mph","ref":"A30"}},{"type":"Feature","geometry":{"type":"LineString","coordinates":[[-1.15837,51.21808],[-1.15845,51.21811],[-1.15854,51.21815],[-1.15861,51.2182],[-1.15873,51.21828]]},"properties":{"highway":"primary","maxspeed":"60 mph","name":"Dummer Interchange"}},{"type":"Feature","geometry":{"type":"LineString","coordinates":[[-1.1618,51.22273],[-1.16111,51.22294]]},"properties":{"highway":"primary","maxspeed":"50 mph","ref":"A30"}},{"type":"Feature","geometry":{"type":"LineString","coordinates":[[-1.1588,51.22063],[-1.1588,51.22084],[-1.15876,51.22114],[-1.15871,51.22137],[-1.15862,51.22162]]},"properties":{"highway":"primary","maxspeed":"50 mph","name":"Winchester Road","ref":"A30"}},{"type":"Feature","geometry":{"type":"LineString","coordinates":[[-1.15882,51.22024],[-1.1588,51.22063]]},"properties":{"highway":"primary","maxspeed":"50 mph","name":"Winchester Road","ref":"A30"}},{"type":"Feature","geometry":{"type":"LineString","coordinates":[[-1.1605,51.2231],[-1.15993,51.22324]]},"properties":{"highway":"primary","maxspeed":"50 mph","ref":"A30"}},{"type":"Feature","geometry":{"type":"LineString","coordinates":[[-1.15804,51.22315],[-1.15813,51.22319],[-1.15819,51.2232],[-1.15826,51.22323]]},"properties":{"highway":"primary","maxspeed":"50 mph","ref":"A30"}},{"type":"Feature","geometry":{"type":"LineString","coordinates":[[-1.16335,51.22175],[-1.16383,51.22151],[-1.16511,51.22081],[-1.16609,51.22015]]},"properties":{"highway":"primary","maxspeed":"70 mph","ref":"A30"}},{"type":"Feature","geometry":{"type":"LineString","coordinates":[[-1.09199,51.26667],[-1.09195,51.26662],[-1.09193,51.26657],[-1.09192,51.26652],[-1.09193,51.26646],[-1.09194,51.26641]]},"properties":{"highway":"primary","maxspeed":"30 mph","name":"Victory Roundabout","ref":"A3010"}},{"type":"Feature","geometry":{"type":"LineString","coordinates":[[-1.08424,51.26701],[-1.08421,51.26704],[-1.08416,51.26707],[-1.08411,51.2671]]},"properties":{"highway":"primary","maxspeed":"30 mph","name":"Eastrop Roundabout"}},{"type":"Feature","geometry":{"type":"LineString","coordinates":[[-1.08258,51.26661],[-1.08268,51.26658],[-1.08278,51.26656],[-1.08286,51.26655],[-1.08302,51.26654]]},"properties":{"highway":"primary","maxspeed":"30 mph","name":"Eastrop Roundabout"}},{"type":"Feature","geometry":{"type":"LineString","coordinates":[[-1.08386,51.2666],[-1.08394,51.26662],[-1.08404,51.26664],[-1.08411,51.26667]]},"properties":{"highway":"primary","maxspeed":"30 mph","name":"Eastrop Roundabout"}},{"type":"Feature","geometry":{"type":"LineString","coordinates":[[-1.04155,51.30241],[-1.0415,51.30247],[-1.0414,51.30262],[-1.04122,51.30282],[-1.04094,51.30312],[-1.04071,51.30334],[-1.04042,51.30359],[-1.04017,51.30378],[-1.03987,51.304],[-1.03958,51.30419],[-1.03939,51.3043],[-1.03913,51.30445],[-1.03879,51.30463],[-1.03859,51.30473],[-1.03838,51.30482],[-1.03812,51.30493],[-1.03787,51.30503],[-1.03753,51.30513],[-1.03635,51.30553],[-1.035,51.30599],[-1.03417,51.30624],[-1.0331,51.3066]]},"properties":{"highway":"trunk","maxspeed":"40 mph","ref":"A33"}},{"type":"Feature","geometry":{"type":"LineString","coordinates":[[-1.18927,51.20416],[-1.18911,51.20424],[-1.18901,51.20431],[-1.18889,51.20438]]},"properties":{"highway":"primary","maxspeed":"70 mph","ref":"A33"}},{"type":"Feature","geometry":{"type":"LineString","coordinates":[[-1.18574,51.20595],[-1.1829,51.20764],[-1.18175,51.20839],[-1.18129,51.20869],[-1.18086,51.209],[-1.18071,51.20911],[-1.17961,51.20985],[-1.17847,51.21065],[-1.17706,51.21164],[-1.17629,51.21219],[-1.17612,51.21232],[-1.17604,51.21237]]},"properties":{"highway":"primary","maxspeed":"60 mph","ref":"A30"}},{"type":"Feature","geometry":{"type":"LineString","coordinates":[[-1.18917,51.20409],[-1.18936,51.20411],[-1.18974,51.20407],[-1.19026,51.20405]]},"properties":{"highway":"primary","maxspeed":"60 mph","name":"Stockbridge Road","ref":"A30"}},{"type":"Feature","geometry":{"type":"LineString","coordinates":[[-1.09343,51.26652],[-1.09319,51.26652],[-1.09305,51.26653],[-1.09291,51.26656]]},"properties":{"highway":"primary","maxspeed":"30 mph","name":"Churchill Way West","ref":"A3010"}},{"type":"Feature","geometry":{"type":"LineString","coordinates":[[-1.2357,51.32621],[-1.2349,51.32582],[-1.2337,51.32527],[-1.23281,51.32486],[-1.23216,51.32459],[-1.23141,51.32428],[-1.23068,51.32401],[-1.23026,51.32387],[-1.2298,51.32372],[-1.22937,51.32358],[-1.22892,51.32344],[-1.22824,51.32326],[-1.22795,51.3232],[-1.22774,51.32315]]},"properties":{"highway":"trunk","maxspeed":"50 mph","ref":"A339"}},{"type":"Feature","geometry":{"type":"LineString","coordinates":[[-1.02464,51.31231],[-1.02453,51.31252],[-1.02448,51.31265],[-1.02442,51.3128]]},"properties":{"highway":"trunk","maxspeed":"50 mph","ref":"A33"}},{"type":"Feature","geometry":{"type":"LineString","coordinates":[[-1.04516,51.29382],[-1.0451,51.29392],[-1.04503,51.29403],[-1.04497,51.29415],[-1.04491,51.29428],[-1.04482,51.29447],[-1.04472,51.2947],[-1.04463,51.29489],[-1.04451,51.29511],[-1.04441,51.2953],[-1.04425,51.29554],[-1.04399,51.29593],[-1.04377,51.29626]]},"properties":{"highway":"trunk","maxspeed":"50 mph","ref":"A33"}},{"type":"Feature","geometry":{"type":"LineString","coordinates":[[-1.04631,51.29262],[-1.04614,51.29275],[-1.04604,51.29283],[-1.04592,51.29293],[-1.04582,51.29302]]},"properties":{"highway":"trunk","maxspeed":"50 mph","ref":"A33"}},{"type":"Feature","geometry":{"type":"LineString","coordinates":[[-1.10554,51.26589],[-1.10593,51.26587],[-1.10597,51.26586],[-1.10616,51.26585]]},"properties":{"highway":"primary","maxspeed":"50 mph","name":"Churchill Way West","ref":"A3010"}},{"type":"Feature","geometry":{"type":"LineString","coordinates":[[-1.10738,51.26566],[-1.10738,51.26563],[-1.10741,51.26555],[-1.10746,51.26552],[-1.10753,51.26547],[-1.10758,51.26544],[-1.10764,51.26541],[-1.10783,51.26536]]},"properties":{"highway":"primary","maxspeed":"50 mph","name":"Thornycroft Roundabout"}},{"type":"Feature","geometry":{"type":"LineString","coordinates":[[-1.09658,51.26633],[-1.09863,51.26628],[-1.09868,51.26627]]},"properties":{"highway":"primary","maxspeed":"50 mph","name":"Churchill Way West","ref":"A3010"}},{"type":"Feature","geometry":{"type":"LineString","coordinates":[[-1.09284,51.26668],[-1.0927,51.26677]]},"properties":{"highway":"primary","maxspeed":"30 mph","name":"Victory Roundabout","ref":"A3010"}},{"type":"Feature","geometry":{"type":"LineString","coordinates":[[-1.13306,51.24143],[-1.13295,51.24144],[-1.1328,51.24144],[-1.1327,51.24142],[-1.13261,51.24139],[-1.13252,51.24135],[-1.13246,51.2413],[-1.1324,51.24125],[-1.13236,51.24119],[-1.13232,51.24112],[-1.1323,51.24104],[-1.13232,51.24095]]},"properties":{"highway":"primary","maxspeed":"40 mph","name":"Kempshott Roundabout","ref":"A30"}},{"type":"Feature","geometry":{"type":"LineString","coordinates":[[-1.15146,51.28944],[-1.15107,51.28942],[-1.15059,51.2894],[-1.15011,51.28937],[-1.14916,51.28931],[-1.14794,51.28922],[-1.14746,51.28917],[-1.14682,51.28908],[-1.14589,51.28892],[-1.14513,51.28877],[-1.14454,51.28862]]},"properties":{"highway":"trunk","maxspeed":"60 mph","name":"Kingsclere Road","ref":"A339"}},{"type":"Feature","geometry":{"type":"LineString","coordinates":[[-1.04159,51.30235],[-1.04155,51.30241]]},"properties":{"highway":"trunk","maxspeed":"40 mph","ref":"A33"}},{"type":"Feature","geometry":{"type":"LineString","coordinates":[[-1.04296,51.29749],[-1.0429,51.29758],[-1.04284,51.29768],[-1.0428,51.29774],[-1.04276,51.29784],[-1.04271,51.29794],[-1.04265,51.29809],[-1.04258,51.2983],[-1.04253,51.29855],[-1.04248,51.29885],[-1.04245,51.2991],[-1.04242,51.29935],[-1.04238,51.2999],[-1.04237,51.3001]]},"properties":{"highway":"trunk","maxspeed":"40 mph","ref":"A33"}},{"type":"Feature","geometry":{"type":"LineString","coordinates":[[-1.1478,51.3602],[-1.1475,51.35995],[-1.14706,51.35963]]},"properties":{"highway":"primary","maxspeed":"40 mph","name":"Aldermaston Road","ref":"A340"}},{"type":"Feature","geometry":{"type":"LineString","coordinates":[[-1.1484,51.36041],[-1.14828,51.36039],[-1.14821,51.36038],[-1.14813,51.36037],[-1.14804,51.36034],[-1.14792,51.36028],[-1.1478,51.3602]]},"properties":{"highway":"primary","maxspeed":"40 mph","name":"Aldermaston Road","ref":"A340"}},{"type":"Feature","geometry":{"type":"LineString","coordinates":[[-1.2004,51.31197],[-1.20015,51.31178],[-1.20006,51.31169],[-1.19983,51.31149],[-1.19952,51.31119],[-1.19912,51.3108],[-1.19831,51.30988],[-1.19804,51.30952],[-1.19735,51.3086],[-1.19666,51.30787],[-1.19615,51.30738],[-1.19574,51.307],[-1.1953,51.30667],[-1.19483,51.30637],[-1.1944,51.30614],[-1.19369,51.30579],[-1.19287,51.30538],[-1.19261,51.30522],[-1.19242,51.30505]]},"properties":{"highway":"trunk","maxspeed":"60 mph","ref":"A339"}},{"type":"Feature","geometry":{"type":"LineString","coordinates":[[-1.20904,51.31753],[-1.20867,51.31719],[-1.20855,51.31708],[-1.20838,51.31692]]},"properties":{"highway":"trunk","maxspeed":"50 mph","ref":"A339"}},{"type":"Feature","geometry":{"type":"LineString","coordinates":[[-1.1056,51.28072],[-1.10495,51.28023],[-1.10388,51.27939],[-1.10289,51.27861],[-1.10265,51.27845],[-1.10255,51.27838],[-1.10242,51.27834],[-1.10219,51.27826]]},"properties":{"highway":"primary","maxspeed":"50 mph","name":"Aldermaston Road","ref":"A340"}},{"type":"Feature","geometry":{"type":"LineString","coordinates":[[-1.10582,51.28071],[-1.10577,51.28072],[-1.10569,51.28073],[-1.1056,51.28072]]},"properties":{"highway":"primary","maxspeed":"50 mph","name":"Aldermaston Road","ref":"A340"}},{"type":"Feature","geometry":{"type":"LineString","coordinates":[[-1.07521,51.27628],[-1.07547,51.27627],[-1.07564,51.2763],[-1.0759,51.2764]]},"properties":{"highway":"trunk","maxspeed":"30 mph","name":"Reading Road Roundabout","ref":"A33"}},{"type":"Feature","geometry":{"type":"LineString","coordinates":[[-1.0759,51.2764],[-1.07603,51.27646]]},"properties":{"highway":"trunk","maxspeed":"30 mph","name":"Reading Road Roundabout","ref":"A33"}},{"type":"Feature","geometry":{"type":"LineString","coordinates":[[-1.07389,51.27889],[-1.07403,51.27872],[-1.0743,51.27837]]},"properties":{"highway":"trunk","maxspeed":"50 mph","name":"Reading Road","ref":"A33"}},{"type":"Feature","geometry":{"type":"LineString","coordinates":[[-1.13207,51.34359],[-1.13201,51.34348],[-1.13197,51.34332],[-1.13191,51.34322],[-1.13173,51.34299],[-1.13148,51.34276],[-1.13118,51.34248],[-1.13085,51.34216]]},"properties":{"highway":"primary","maxspeed":"30 mph","name":"Main Road","ref":"A340"}},{"type":"Feature","geometry":{"type":"LineString","coordinates":[[-1.13085,51.34216],[-1.13049,51.34185],[-1.13033,51.34174],[-1.1303,51.34171],[-1.12965,51.3413],[-1.12932,51.34111],[-1.12893,51.34089],[-1.12866,51.34074]]},"properties":{"highway":"primary","maxspeed":"30 mph","name":"Main Road","ref":"A340"}},{"type":"Feature","geometry":{"type":"LineString","coordinates":[[-1.13297,51.34421],[-1.13258,51.34394],[-1.1322,51.34369],[-1.13207,51.34359]]},"properties":{"highway":"primary","maxspeed":"30 mph","name":"Main Road","ref":"A340"}},{"type":"Feature","geometry":{"type":"LineString","coordinates":[[-1.14721,51.35943],[-1.14763,51.35946],[-1.14921,51.35957],[-1.15001,51.35962]]},"properties":{"highway":"primary","maxspeed":"40 mph","name":"Aldermaston Road","ref":"A340"}},{"type":"Feature","geometry":{"type":"LineString","coordinates":[[-1.15008,51.35985],[-1.14887,51.36025],[-1.14852,51.36036],[-1.1484,51.36041]]},"properties":{"highway":"primary","maxspeed":"40 mph","name":"Aldermaston Road","ref":"A340"}},{"type":"Feature","geometry":{"type":"LineString","coordinates":[[-1.14706,51.35963],[-1.147,51.3596],[-1.14688,51.35951],[-1.14685,51.35948],[-1.14662,51.35928]]},"properties":{"highway":"primary","maxspeed":"40 mph","name":"Aldermaston Road","ref":"A340"}},{"type":"Feature","geometry":{"type":"LineString","coordinates":[[-1.14637,51.35907],[-1.14596,51.35875],[-1.14591,51.35871],[-1.14586,51.35867],[-1.14522,51.35819],[-1.14506,51.35806],[-1.14469,51.35777],[-1.14398,51.35722],[-1.14394,51.35719],[-1.14385,51.35711],[-1.14381,51.35709],[-1.14379,51.35707],[-1.1437,51.357]]},"properties":{"highway":"primary","maxspeed":"30 mph","name":"Aldermaston Road","ref":"A340"}},{"type":"Feature","geometry":{"type":"LineString","coordinates":[[-1.1429,51.35635],[-1.14273,51.35619],[-1.14259,51.35602],[-1.14251,51.35593],[-1.14245,51.35587],[-1.1424,51.35581],[-1.14231,51.35572]]},"properties":{"highway":"primary","maxspeed":"30 mph","name":"Mulfords Hill","ref":"A340"}},{"type":"Feature","geometry":{"type":"LineString","coordinates":[[-1.159,51.36027],[-1.15904,51.36027],[-1.15933,51.36029],[-1.16034,51.36036],[-1.16074,51.36039],[-1.16083,51.3604]]},"properties":{"highway":"primary","maxspeed":"40 mph","ref":"A340"}},{"type":"Feature","geometry":{"type":"LineString","coordinates":[[-1.06371,51.22713],[-1.06375,51.22705],[-1.06381,51.22695],[-1.06389,51.22686],[-1.06403,51.22671],[-1.06427,51.22648],[-1.06466,51.2261],[-1.065,51.22576],[-1.06502,51.22574]]},"properties":{"highway":"primary","maxspeed":"50 mph","ref":"A339"}},{"type":"Feature","geometry":{"type":"LineString","coordinates":[[-1.03635,51.26373],[-1.03606,51.26376],[-1.03553,51.26381],[-1.03504,51.26386],[-1.03483,51.26388],[-1.03465,51.26391],[-1.03444,51.26394],[-1.0343,51.26396],[-1.03416,51.26399],[-1.03404,51.26402],[-1.03395,51.26404],[-1.03388,51.26406],[-1.03378,51.2641]]},"properties":{"highway":"primary","maxspeed":"30 mph","name":"London Road","ref":"A30"}},{"type":"Feature","geometry":{"type":"LineString","coordinates":[[-1.17066,51.21657],[-1.16842,51.21842],[-1.16727,51.21938]]},"properties":{"highway":"primary","maxspeed":"60 mph","ref":"A30"}},{"type":"Feature","geometry":{"type":"LineString","coordinates":[[-1.14399,51.23334],[-1.14384,51.23349],[-1.14363,51.23368],[-1.14348,51.2338],[-1.14312,51.23408],[-1.14282,51.2343],[-1.14249,51.23453],[-1.14196,51.2349],[-1.14184,51.23498],[-1.1417,51.23508],[-1.14165,51.23512],[-1.1416,51.23516],[-1.14157,51.2352],[-1.14153,51.23525],[-1.1415,51.23531],[-1.14146,51.2354]]},"properties":{"highway":"primary","maxspeed":"50 mph","name":"Winchester Road","ref":"A30"}},{"type":"Feature","geometry":{"type":"LineString","coordinates":[[-1.04653,51.29245],[-1.04631,51.29262]]},"properties":{"highway":"trunk","maxspeed":"50 mph","ref":"A33"}},{"type":"Feature","geometry":{"type":"LineString","coordinates":[[-0.95484,51.28665],[-0.95492,51.28666],[-0.95502,51.28666],[-0.95517,51.28665],[-0.95534,51.28665]]},"properties":{"highway":"primary","maxspeed":"30 mph","name":"London Road","ref":"A30"}},{"type":"Feature","geometry":{"type":"LineString","coordinates":[[-0.95534,51.28665],[-0.95515,51.28671],[-0.95507,51.28673],[-0.95492,51.28678]]},"properties":{"highway":"primary","maxspeed":"30 mph","name":"London Road","ref":"A30"}},{"type":"Feature","geometry":{"type":"LineString","coordinates":[[-0.95419,51.28689],[-0.95428,51.28685],[-0.95435,51.28681],[-0.95452,51.28673]]},"properties":{"highway":"primary","maxspeed":"30 mph","name":"London Road","ref":"A30"}},{"type":"Feature","geometry":{"type":"LineString","coordinates":[[-0.95461,51.28686],[-0.9544,51.28688],[-0.95432,51.28689],[-0.95419,51.28689]]},"properties":{"highway":"primary","maxspeed":"30 mph","name":"London Road","ref":"A30"}},{"type":"Feature","geometry":{"type":"LineString","coordinates":[[-0.95344,51.28699],[-0.95367,51.28696],[-0.95386,51.28694],[-0.95402,51.28692],[-0.95419,51.28689]]},"properties":{"highway":"primary","maxspeed":"30 mph","name":"London Road","ref":"A30"}},{"type":"Feature","geometry":{"type":"LineString","coordinates":[[-1.15999,51.36202],[-1.16015,51.36196],[-1.16022,51.36194],[-1.16031,51.3619]]},"properties":{"highway":"primary","maxspeed":"40 mph","ref":"A340"}},{"type":"Feature","geometry":{"type":"LineString","coordinates":[[-1.15994,51.3623],[-1.15993,51.36225],[-1.1599,51.36216]]},"properties":{"highway":"primary","maxspeed":"40 mph","ref":"A340"}},{"type":"Feature","geometry":{"type":"LineString","coordinates":[[-1.06613,51.26204],[-1.06615,51.26223],[-1.0662,51.26242],[-1.06624,51.26252]]},"properties":{"highway":"motorway","maxspeed":"50 mph","operator":"National Highways","ref":"M3"}},{"type":"Feature","geometry":{"type":"LineString","coordinates":[[-1.06617,51.25831],[-1.06611,51.25846],[-1.06604,51.25867],[-1.066,51.2588],[-1.06598,51.25889],[-1.06597,51.25896],[-1.06596,51.25908]]},"properties":{"highway":"motorway","maxspeed":"70 mph","operator":"National Highways","ref":"M3"}},{"type":"Feature","geometry":{"type":"LineString","coordinates":[[-1.06577,51.25986],[-1.06575,51.25942],[-1.06574,51.25927],[-1.06573,51.2592],[-1.06572,51.25914],[-1.06569,51.25909],[-1.06566,51.25903],[-1.06562,51.25898],[-1.06557,51.25894],[-1.06551,51.2589],[-1.06545,51.25887],[-1.06537,51.25883],[-1.06527,51.2588],[-1.06517,51.25877],[-1.06499,51.25872]]},"properties":{"highway":"motorway","maxspeed":"70 mph","operator":"National Highways","ref":"M3"}},{"type":"Feature","geometry":{"type":"LineString","coordinates":[[-1.06869,51.26701],[-1.0686,51.26676]]},"properties":{"highway":"trunk","maxspeed":"70 mph","name":"Ringway East","ref":"A339"}},{"type":"Feature","geometry":{"type":"LineString","coordinates":[[-1.06704,51.26367],[-1.06716,51.26383],[-1.06732,51.26401],[-1.06757,51.26432],[-1.06773,51.26455],[-1.06786,51.26474],[-1.06804,51.26504],[-1.06812,51.26518],[-1.06819,51.26531],[-1.06828,51.26549],[-1.06841,51.26575],[-1.06861,51.26611]]},"properties":{"highway":"trunk","maxspeed":"50 mph","name":"Ringway East","ref":"A339"}},{"type":"Feature","geometry":{"type":"LineString","coordinates":[[-1.06954,51.26246],[-1.06942,51.26253],[-1.06927,51.26261],[-1.06911,51.26269],[-1.06901,51.26273],[-1.0689,51.26278],[-1.0688,51.26281]]},"properties":{"highway":"primary","maxspeed":"50 mph","name":"Ringway South","ref":"A30"}},{"type":"Feature","geometry":{"type":"LineString","coordinates":[[-1.06659,51.26253],[-1.06674,51.26254],[-1.06691,51.26254],[-1.06706,51.26255],[-1.06717,51.26255],[-1.0673,51.26255],[-1.06745,51.26255],[-1.0676,51.26254],[-1.06776,51.26253],[-1.06792,51.26251],[-1.06806,51.2625],[-1.0682,51.26248],[-1.06839,51.26244],[-1.06858,51.26239],[-1.06877,51.26235],[-1.06892,51.26231],[-1.06911,51.26225],[-1.06921,51.26221]]},"properties":{"highway":"primary","maxspeed":"50 mph","name":"Ringway South","ref":"A30"}},{"type":"Feature","geometry":{"type":"LineString","coordinates":[[-1.06974,51.27101],[-1.06966,51.27062]]},"properties":{"bridge":"yes","highway":"trunk","layer":"1","maxspeed":"70 mph","name":"Ringway East","ref":"A339"}},{"type":"Feature","geometry":{"type":"LineString","coordinates":[[-1.06956,51.27012],[-1.06949,51.26973],[-1.06941,51.26936],[-1.06936,51.26916],[-1.06927,51.26883],[-1.06916,51.26845],[-1.0691,51.26823],[-1.06902,51.26799],[-1.06891,51.26761]]},"properties":{"highway":"trunk","maxspeed":"70 mph","name":"Ringway East","ref":"A339"}},{"type":"Feature","geometry":{"type":"LineString","coordinates":[[-1.07005,51.271],[-1.0701,51.27125],[-1.07014,51.27143],[-1.07019,51.27161],[-1.07025,51.2718],[-1.07031,51.27201],[-1.07038,51.2722],[-1.07054,51.27256],[-1.07075,51.27299],[-1.07093,51.27332]]},"properties":{"highway":"trunk","layer":"3","maxspeed":"70 mph","name":"Ringway East","ref":"A339"}},{"type":"Feature","geometry":{"type":"LineString","coordinates":[[-1.06997,51.2706],[-1.07004,51.27094]]},"properties":{"bridge":"yes","highway":"trunk","layer":"1","maxspeed":"70 mph","name":"Ringway East","ref":"A339"}},{"type":"Feature","geometry":{"type":"LineString","coordinates":[[-1.06624,51.26252],[-1.06641,51.2628],[-1.06657,51.26304]]},"properties":{"highway":"trunk","maxspeed":"50 mph"}},{"type":"Feature","geometry":{"type":"LineString","coordinates":[[-1.06631,51.26353],[-1.06624,51.26351],[-1.06617,51.2635],[-1.06611,51.26349],[-1.06606,51.26347],[-1.06602,51.26345],[-1.06598,51.26344]]},"properties":{"highway":"trunk","maxspeed":"50 mph","name":"Black Dam Roundabout"}},{"type":"Feature","geometry":{"type":"LineString","coordinates":[[-1.06556,51.26292],[-1.06557,51.26286],[-1.06558,51.2628],[-1.06559,51.26276]]},"properties":{"highway":"trunk","maxspeed":"50 mph","name":"Black Dam Roundabout"}},{"type":"Feature","geometry":{"type":"LineString","coordinates":[[-1.06686,51.26344],[-1.06679,51.26347],[-1.06674,51.26349],[-1.06667,51.26351],[-1.0666,51.26352],[-1.06655,51.26353],[-1.06651,51.26353],[-1.06647,51.26353],[-1.06641,51.26353],[-1.06631,51.26353]]},"properties":{"highway":"trunk","maxspeed":"50 mph","name":"Black Dam Roundabout"}},{"type":"Feature","geometry":{"type":"LineString","coordinates":[[-1.06686,51.26344],[-1.06704,51.26367]]},"properties":{"highway":"trunk","maxspeed":"50 mph","name":"Ringway East","ref":"A339"}},{"type":"Feature","geometry":{"type":"LineString","coordinates":[[-1.1089,51.25216],[-1.11045,51.25129],[-1.11083,51.25109],[-1.11117,51.25089],[-1.11129,51.25082],[-1.11133,51.25078],[-1.11137,51.25073]]},"properties":{"highway":"primary","maxspeed":"40 mph","name":"Winchester Road","ref":"A30"}},{"type":"Feature","geometry":{"type":"LineString","coordinates":[[-1.10934,51.23766],[-1.11125,51.23673],[-1.11473,51.23501],[-1.11693,51.23388],[-1.11932,51.23267],[-1.12261,51.23101],[-1.12501,51.2298],[-1.1284,51.2281],[-1.12996,51.22731],[-1.13191,51.2264],[-1.13382,51.22558],[-1.1357,51.22486],[-1.13772,51.22415],[-1.13895,51.22376],[-1.14039,51.22333],[-1.14482,51.22221]]},"properties":{"highway":"motorway","maxspeed":"70 mph","operator":"National Highways","ref":"M3"}},{"type":"Feature","geometry":{"type":"LineString","coordinates":[[-1.10893,51.23785],[-1.10934,51.23766]]},"properties":{"bridge":"yes","highway":"motorway","layer":"1","maxspeed":"70 mph","operator":"National Highways","ref":"M3"}},{"type":"Feature","geometry":{"type":"LineString","coordinates":[[-1.10909,51.23798],[-1.10809,51.23847],[-1.10571,51.23958],[-1.10419,51.24028],[-1.10054,51.24194],[-1.09635,51.24385],[-1.09292,51.24541],[-1.08986,51.24681],[-1.08499,51.24903],[-1.08029,51.25118],[-1.07903,51.25175]]},"properties":{"highway":"motorway","maxspeed":"70 mph","operator":"National Highways","ref":"M3"}},{"type":"Feature","geometry":{"type":"LineString","coordinates":[[-1.10948,51.23779],[-1.10909,51.23798]]},"properties":{"bridge":"yes","highway":"motorway","layer":"1","maxspeed":"70 mph","operator":"National Highways","ref":"M3"}},{"type":"Feature","geometry":{"type":"LineString","coordinates":[[-1.15772,51.22309],[-1.15767,51.22314]]},"properties":{"highway":"primary","maxspeed":"50 mph","name":"Winchester Road","ref":"A30"}},{"type":"Feature","geometry":{"type":"LineString","coordinates":[[-1.15772,51.22309],[-1.15777,51.22309],[-1.15782,51.2231],[-1.15789,51.22311],[-1.15796,51.22313],[-1.15804,51.22315]]},"properties":{"highway":"primary","maxspeed":"50 mph","ref":"A30"}},{"type":"Feature","geometry":{"type":"LineString","coordinates":[[-1.15767,51.22314],[-1.15752,51.2233],[-1.15732,51.22347],[-1.15706,51.22368],[-1.15678,51.22388],[-1.15654,51.22403],[-1.15634,51.22415],[-1.15615,51.22426],[-1.15592,51.22439],[-1.1555,51.22459],[-1.15503,51.22483],[-1.15436,51.22516],[-1.154,51.22535],[-1.15381,51.22546]]},"properties":{"highway":"primary","maxspeed":"50 mph","name":"Winchester Road","ref":"A30"}},{"type":"Feature","geometry":{"type":"LineString","coordinates":[[-1.15767,51.22314],[-1.15764,51.22309]]},"properties":{"highway":"primary","maxspeed":"50 mph"}},{"type":"Feature","geometry":{"type":"LineString","coordinates":[[-1.15764,51.22309],[-1.15772,51.22309]]},"properties":{"highway":"primary","maxspeed":"50 mph","ref":"A30"}},{"type":"Feature","geometry":{"type":"LineString","coordinates":[[-1.15764,51.22309],[-1.15763,51.22305],[-1.15763,51.22302],[-1.15763,51.22298],[-1.15763,51.22287]]},"properties":{"highway":"primary","maxspeed":"50 mph"}},{"type":"Feature","geometry":{"type":"LineString","coordinates":[[-1.07884,51.24981],[-1.07903,51.24894],[-1.07914,51.24825],[-1.07931,51.24741]]},"properties":{"highway":"primary","maxspeed":"50 mph","name":"Alton Road","ref":"A339"}},{"type":"Feature","geometry":{"type":"LineString","coordinates":[[-1.10099,51.2775],[-1.10223,51.27729]]},"properties":{"highway":"trunk","maxspeed":"70 mph","name":"Ringway North","ref":"A339"}},{"type":"Feature","geometry":{"type":"LineString","coordinates":[[-1.07071,51.25535],[-1.0721,51.25472]]},"properties":{"highway":"motorway","maxspeed":"70 mph","operator":"National Highways","ref":"M3"}},{"type":"Feature","geometry":{"type":"LineString","coordinates":[[-1.05863,51.25981],[-1.05987,51.25947]]},"properties":{"highway":"motorway","maxspeed":"70 mph","operator":"National Highways","ref":"M3"}},{"type":"Feature","geometry":{"type":"LineString","coordinates":[[-1.07182,51.25504],[-1.0709,51.25547]]},"properties":{"highway":"motorway","maxspeed":"70 mph","operator":"National Highways","ref":"M3"}},{"type":"Feature","geometry":{"type":"LineString","coordinates":[[-1.0721,51.25472],[-1.07606,51.25295],[-1.07841,51.25187]]},"properties":{"highway":"motorway","maxspeed":"70 mph","operator":"National Highways","ref":"M3"}},{"type":"Feature","geometry":{"type":"LineString","coordinates":[[-1.0709,51.25547],[-1.06843,51.25658],[-1.06725,51.2571],[-1.06612,51.25758]]},"properties":{"highway":"motorway","maxspeed":"70 mph","operator":"National Highways","ref":"M3"}},{"type":"Feature","geometry":{"type":"LineString","coordinates":[[-1.05987,51.25947],[-1.06054,51.2593],[-1.06201,51.2589],[-1.06309,51.25855],[-1.06403,51.25821]]},"properties":{"highway":"motorway","maxspeed":"70 mph","operator":"National Highways","ref":"M3"}},{"type":"Feature","geometry":{"type":"LineString","coordinates":[[-1.06405,51.25837],[-1.06317,51.25867],[-1.06216,51.259],[-1.06095,51.25935],[-1.05777,51.26017]]},"properties":{"highway":"motorway","maxspeed":"70 mph","operator":"National Highways","ref":"M3"}},{"type":"Feature","geometry":{"type":"LineString","coordinates":[[-1.11119,51.27583],[-1.11132,51.27577],[-1.11145,51.27568],[-1.1115,51.27564],[-1.11156,51.2756],[-1.11168,51.27552]]},"properties":{"highway":"trunk","maxspeed":"70 mph","ref":"A339"}},{"type":"Feature","geometry":{"type":"LineString","coordinates":[[-1.1128,51.27584],[-1.11277,51.27586],[-1.11272,51.27589],[-1.11256,51.27595],[-1.11244,51.27597],[-1.11233,51.27598],[-1.11214,51.27598]]},"properties":{"highway":"trunk","maxspeed":"70 mph","name":"Ringway North Roundabout","ref":"A339"}},{"type":"Feature","geometry":{"type":"LineString","coordinates":[[-1.11287,51.27542],[-1.11289,51.2755],[-1.1129,51.2756],[-1.11287,51.27573],[-1.11286,51.27576],[-1.1128,51.27584]]},"properties":{"highway":"trunk","maxspeed":"70 mph","name":"Ringway North Roundabout","ref":"A339"}},{"type":"Feature","geometry":{"type":"LineString","coordinates":[[-0.92243,51.29247],[-0.92262,51.29247],[-0.92295,51.29247],[-0.92322,51.29248],[-0.92355,51.29249],[-0.92389,51.29251],[-0.92422,51.29253],[-0.9245,51.29254],[-0.92477,51.29255],[-0.92507,51.29256],[-0.92533,51.29256],[-0.92559,51.29256],[-0.92583,51.29256],[-0.92606,51.29255],[-0.92625,51.29254],[-0.92645,51.29253],[-0.9268,51.2925],[-0.92698,51.29248],[-0.92708,51.29247],[-0.92717,51.29246],[-0.92732,51.29243],[-0.92748,51.29241],[-0.9278,51.29235],[-0.92799,51.29232],[-0.92821,51.29228],[-0.92847,51.29222],[-0.92862,51.29218],[-0.9288,51.29214],[-0.92894,51.29211],[-0.92906,51.29207],[-0.9292,51.29203],[-0.92956,51.29192],[-0.93003,51.29176],[-0.93038,51.29164]]},"properties":{"highway":"primary","maxspeed":"50 mph","name":"London Road","ref":"A30"}},{"type":"Feature","geometry":{"type":"LineString","coordinates":[[-1.10907,51.28315],[-1.10938,51.28337]]},"properties":{"highway":"primary","maxspeed":"50 mph","name":"Aldermaston Road","ref":"A340"}},{"type":"Feature","geometry":{"type":"LineString","coordinates":[[-1.11086,51.28453],[-1.11041,51.28429],[-1.11015,51.28412]]},"properties":{"highway":"primary","maxspeed":"50 mph","name":"Aldermaston Road","ref":"A340"}},{"type":"Feature","geometry":{"type":"LineString","coordinates":[[-1.10885,51.2832],[-1.10707,51.28181]]},"properties":{"highway":"primary","maxspeed":"50 mph","name":"Aldermaston Road","ref":"A340"}},{"type":"Feature","geometry":{"type":"LineString","coordinates":[[-1.11015,51.28412],[-1.10998,51.28405],[-1.10969,51.28381],[-1.10957,51.28374],[-1.10932,51.28354]]},"properties":{"highway":"primary","maxspeed":"50 mph","name":"Aldermaston Road","ref":"A340"}},{"type":"Feature","geometry":{"type":"LineString","coordinates":[[-0.98704,51.27354],[-0.98672,51.27353],[-0.98621,51.27352]]},"properties":{"highway":"primary","maxspeed":"50 mph","name":"London Road","ref":"A30"}},{"type":"Feature","geometry":{"type":"LineString","coordinates":[[-0.98715,51.27341],[-0.98783,51.27337],[-0.98909,51.27332],[-0.99026,51.27327],[-0.99131,51.27323],[-0.99216,51.27319],[-0.99312,51.27315],[-0.99365,51.27312],[-0.99463,51.27305],[-0.99529,51.27303],[-0.99576,51.27302]]},"properties":{"highway":"primary","maxspeed":"50 mph","name":"London Road","ref":"A30"}},{"type":"Feature","geometry":{"type":"LineString","coordinates":[[-0.97823,51.27536],[-0.97807,51.27529],[-0.97797,51.27526],[-0.97788,51.27524],[-0.97767,51.27521],[-0.97762,51.2752],[-0.97729,51.27514],[-0.97519,51.27479]]},"properties":{"highway":"primary","maxspeed":"40 mph","name":"Hook Common","ref":"A287"}},{"type":"Feature","geometry":{"type":"LineString","coordinates":[[-0.97823,51.27536],[-0.97844,51.27526],[-0.97891,51.27504],[-0.97927,51.27487],[-0.97963,51.27474],[-0.97984,51.27467],[-0.98012,51.27461]]},"properties":{"highway":"primary","maxspeed":"40 mph","ref":"A30"}},{"type":"Feature","geometry":{"type":"LineString","coordinates":[[-0.94478,51.28751],[-0.94509,51.28746],[-0.94545,51.28742],[-0.94562,51.28743]]},"properties":{"highway":"primary","maxspeed":"40 mph","name":"London Road","ref":"A30"}},{"type":"Feature","geometry":{"type":"LineString","coordinates":[[-0.94233,51.28809],[-0.94188,51.28816],[-0.94119,51.28826]]},"properties":{"highway":"primary","maxspeed":"40 mph","name":"London Road","ref":"A30"}},{"type":"Feature","geometry":{"type":"LineString","coordinates":[[-1.10383,51.25579],[-1.1037,51.25569],[-1.10361,51.25564],[-1.10348,51.25561],[-1.1033,51.25557]]},"properties":{"highway":"primary","maxspeed":"30 mph","name":"Ringway West","ref":"A340"}},{"type":"Feature","geometry":{"type":"LineString","coordinates":[[-1.10462,51.2556],[-1.10473,51.25577],[-1.10502,51.2563],[-1.10525,51.25685],[-1.10593,51.25929],[-1.10611,51.26008],[-1.10661,51.26315],[-1.10675,51.26379],[-1.1069,51.26424],[-1.10704,51.26451]]},"properties":{"highway":"primary","maxspeed":"70 mph","name":"Ringway West","ref":"A340"}},{"type":"Feature","geometry":{"type":"LineString","coordinates":[[-1.10267,51.25424],[-1.10315,51.25442],[-1.10344,51.25456],[-1.10369,51.25463]]},"properties":{"highway":"primary","maxspeed":"70 mph","name":"Ringway South","ref":"A30"}},{"type":"Feature","geometry":{"type":"LineString","coordinates":[[-0.92995,51.26039],[-0.92922,51.25999],[-0.92836,51.25943],[-0.92818,51.25925]]},"properties":{"highway":"primary","maxspeed":"70 mph","ref":"A287"}},{"type":"Feature","geometry":{"type":"LineString","coordinates":[[-0.93038,51.29164],[-0.93065,51.29155],[-0.93095,51.29144],[-0.93118,51.29136],[-0.93137,51.29132]]},"properties":{"highway":"primary","maxspeed":"40 mph","name":"London Road","ref":"A30"}},{"type":"Feature","geometry":{"type":"LineString","coordinates":[[-0.93054,51.29177],[-0.93034,51.29187],[-0.93018,51.29194],[-0.93005,51.29199],[-0.92988,51.29205],[-0.92974,51.2921],[-0.92964,51.29213],[-0.92952,51.29217],[-0.92944,51.29219],[-0.92925,51.29224],[-0.92907,51.29228],[-0.92887,51.29232],[-0.92858,51.29237],[-0.92829,51.29242],[-0.928,51.29246],[-0.92766,51.29252],[-0.92738,51.29256],[-0.92711,51.2926],[-0.92691,51.29262],[-0.92687,51.29262],[-0.92662,51.29265],[-0.92639,51.29267],[-0.92622,51.29269],[-0.92606,51.2927],[-0.9259,51.29271],[-0.92574,51.29271],[-0.92556,51.29271],[-0.92536,51.29271],[-0.92516,51.29271],[-0.92492,51.2927],[-0.92457,51.29268],[-0.9242,51.29266],[-0.92388,51.29264],[-0.92363,51.29263],[-0.9232,51.29261],[-0.92291,51.29261],[-0.92264,51.2926],[-0.92243,51.2926],[-0.92225,51.29261],[-0.92205,51.29261],[-0.92181,51.29263],[-0.9215,51.29265],[-0.9212,51.29268],[-0.92103,51.2927],[-0.92083,51.29272],[-0.92057,51.29276],[-0.92036,51.29279],[-0.92011,51.29283],[-0.91978,51.29289],[-0.91927,51.29299]]},"properties":{"highway":"primary","maxspeed":"50 mph","name":"London Road","ref":"A30"}},{"type":"Feature","geometry":{"type":"LineString","coordinates":[[-1.11137,51.25073],[-1.11139,51.25069],[-1.1114,51.25063],[-1.11142,51.25056],[-1.11144,51.25044]]},"properties":{"highway":"primary","maxspeed":"30 mph","name":"Winchester Road","ref":"A30"}},{"type":"Feature","geometry":{"type":"LineString","coordinates":[[-1.18889,51.20438],[-1.18804,51.20482],[-1.18761,51.20503],[-1.18679,51.20542],[-1.1865,51.20551]]},"properties":{"highway":"primary","maxspeed":"70 mph","ref":"A30"}},{"type":"Feature","geometry":{"type":"LineString","coordinates":[[-1.04743,51.26312],[-1.04726,51.26314],[-1.04713,51.26315],[-1.04698,51.26317],[-1.04679,51.26319],[-1.04661,51.2632],[-1.04638,51.26322],[-1.04605,51.26323],[-1.04579,51.26324],[-1.04554,51.26324],[-1.04536,51.26324],[-1.0452,51.26324],[-1.04504,51.26323],[-1.04492,51.26323],[-1.04469,51.26321],[-1.04436,51.26319],[-1.04414,51.26318],[-1.04386,51.26316],[-1.04358,51.26315],[-1.04334,51.26315],[-1.04317,51.26316]]},"properties":{"highway":"primary","maxspeed":"40 mph","name":"London Road","ref":"A30"}},{"type":"Feature","geometry":{"type":"LineString","coordinates":[[-1.04124,51.26332],[-1.04066,51.26336],[-1.04003,51.26341],[-1.03947,51.26345],[-1.03885,51.2635],[-1.0382,51.26356],[-1.03763,51.26361],[-1.03742,51.26363],[-1.03699,51.26367],[-1.03665,51.2637],[-1.03635,51.26373]]},"properties":{"highway":"primary","maxspeed":"40 mph","name":"London Road","ref":"A30"}},{"type":"Feature","geometry":{"type":"LineString","coordinates":[[-1.20013,51.2019],[-1.20038,51.20188],[-1.20092,51.20183],[-1.20126,51.2018]]},"properties":{"highway":"primary","maxspeed":"60 mph","name":"Stockbridge Road","ref":"A30"}},{"type":"Feature","geometry":{"type":"LineString","coordinates":[[-1.18917,51.20409],[-1.18928,51.20403],[-1.18965,51.20378],[-1.19025,51.20345]]},"properties":{"highway":"primary","maxspeed":"70 mph","ref":"A33"}},{"type":"Feature","geometry":{"type":"LineString","coordinates":[[-1.19025,51.20345],[-1.1901,51.20358],[-1.18969,51.20389],[-1.18936,51.20411],[-1.18927,51.20416]]},"properties":{"highway":"primary","maxspeed":"70 mph","ref":"A33"}},{"type":"Feature","geometry":{"type":"LineString","coordinates":[[-1.08096,51.25745],[-1.08115,51.25742],[-1.08132,51.25735]]},"properties":{"highway":"primary","maxspeed":"30 mph","name":"Ringway South","ref":"A30"}},{"type":"Feature","geometry":{"type":"LineString","coordinates":[[-1.10519,51.25431],[-1.10459,51.2546]]},"properties":{"highway":"primary","maxspeed":"40 mph","name":"Winchester Road","ref":"A30"}},{"type":"Feature","geometry":{"type":"LineString","coordinates":[[-1.20126,51.1958],[-1.20148,51.19551],[-1.20167,51.19531],[-1.20189,51.19512],[-1.20217,51.19488],[-1.20251,51.19466],[-1.20269,51.19456],[-1.20426,51.19364]]},"properties":{"highway":"primary","maxspeed":"60 mph","ref":"A33"}},{"type":"Feature","geometry":{"type":"LineString","coordinates":[[-1.16489,51.22141],[-1.16476,51.22152],[-1.1639,51.22203]]},"properties":{"highway":"primary","maxspeed":"50 mph","ref":"A30"}},{"type":"Feature","geometry":{"type":"LineString","coordinates":[[-1.13993,51.28672],[-1.13943,51.28652],[-1.13855,51.28621],[-1.1379,51.28594],[-1.13737,51.28571],[-1.13626,51.28521],[-1.13499,51.28465],[-1.13426,51.28431],[-1.13351,51.28395],[-1.13329,51.28381],[-1.13298,51.28363],[-1.1328,51.2835],[-1.13256,51.28334],[-1.13217,51.28304],[-1.12842,51.28019],[-1.12689,51.27903],[-1.12644,51.27869],[-1.12618,51.2785],[-1.12595,51.27834]]},"properties":{"highway":"trunk","maxspeed":"60 mph","name":"Kingsclere Road","ref":"A339"}},{"type":"Feature","geometry":{"type":"LineString","coordinates":[[-1.14,51.28675],[-1.14039,51.28695],[-1.14066,51.2871],[-1.14093,51.28724],[-1.14119,51.28737],[-1.1414,51.28748],[-1.14199,51.28774],[-1.14265,51.28801],[-1.14366,51.28837],[-1.14454,51.28862]]},"properties":{"highway":"trunk","maxspeed":"60 mph","name":"Kingsclere Road","ref":"A339"}},{"type":"Feature","geometry":{"type":"LineString","coordinates":[[-1.16374,51.29049],[-1.16339,51.29041],[-1.16292,51.2903],[-1.16239,51.2902],[-1.16204,51.29015],[-1.16094,51.29001],[-1.16033,51.28993],[-1.15797,51.28965],[-1.15715,51.28958],[-1.15653,51.28953],[-1.15562,51.28948],[-1.15518,51.28947],[-1.1541,51.28945],[-1.15299,51.28946],[-1.15251,51.28946],[-1.15188,51.28945],[-1.15146,51.28944]]},"properties":{"highway":"trunk","maxspeed":"60 mph","name":"Kingsclere Road","ref":"A339"}},{"type":"Feature","geometry":{"type":"LineString","coordinates":[[-1.20838,51.31692],[-1.20775,51.31645],[-1.20713,51.31598],[-1.20696,51.31587],[-1.20681,51.31575],[-1.20637,51.31546],[-1.20607,51.31528],[-1.20565,51.31503],[-1.2054,51.3149],[-1.20474,51.31457],[-1.20443,51.31442],[-1.20387,51.31415],[-1.20357,51.314],[-1.20322,51.31382],[-1.20298,51.31369],[-1.2028,51.3136],[-1.20237,51.31334],[-1.202,51.31311],[-1.20161,51.31286],[-1.20133,51.31266],[-1.20101,51.31244],[-1.20081,51.31229],[-1.20055,51.3121],[-1.2004,51.31197]]},"properties":{"highway":"trunk","maxspeed":"60 mph","ref":"A339"}},{"type":"Feature","geometry":{"type":"LineString","coordinates":[[-1.22774,51.32315],[-1.22697,51.32302],[-1.22685,51.32301],[-1.22601,51.32289]]},"properties":{"highway":"trunk","maxspeed":"50 mph","ref":"A339"}},{"type":"Feature","geometry":{"type":"LineString","coordinates":[[-1.22442,51.32262],[-1.22362,51.3224],[-1.22296,51.32222],[-1.22214,51.32201],[-1.22123,51.32179],[-1.22071,51.32168],[-1.22014,51.32157],[-1.2199,51.32152],[-1.21959,51.32147],[-1.21883,51.32135],[-1.21826,51.32127],[-1.21762,51.32119],[-1.21727,51.32115],[-1.21701,51.32112],[-1.21658,51.32107],[-1.21602,51.32102],[-1.21568,51.32099],[-1.21533,51.32097],[-1.21515,51.32096]]},"properties":{"highway":"trunk","maxspeed":"50 mph","ref":"A339"}},{"type":"Feature","geometry":{"type":"LineString","coordinates":[[-1.032,51.26518],[-1.03186,51.26529],[-1.03175,51.26539],[-1.03165,51.26549],[-1.03154,51.26561],[-1.03144,51.26573],[-1.03131,51.26591],[-1.03123,51.26606]]},"properties":{"highway":"primary","maxspeed":"70 mph","name":"London Road","ref":"A30"}},{"type":"Feature","geometry":{"type":"LineString","coordinates":[[-0.96608,51.28116],[-0.96604,51.28118],[-0.96598,51.28121],[-0.96583,51.28129],[-0.96554,51.28146],[-0.96531,51.28161],[-0.96513,51.28173],[-0.96497,51.28183],[-0.96484,51.28192],[-0.96474,51.28198],[-0.96463,51.28204],[-0.96451,51.28209],[-0.96439,51.28213],[-0.96428,51.28218],[-0.96416,51.28222],[-0.96406,51.28225],[-0.96395,51.28229],[-0.96377,51.28234],[-0.96355,51.28239],[-0.96319,51.28247],[-0.96313,51.28249],[-0.96307,51.2825],[-0.96285,51.28255],[-0.96279,51.28256],[-0.96274,51.28257],[-0.96268,51.28256],[-0.96261,51.28255]]},"properties":{"highway":"primary","maxspeed":"30 mph","name":"London Road","ref":"A30"}},{"type":"Feature","geometry":{"type":"LineString","coordinates":[[-0.93526,51.29014],[-0.93489,51.29023],[-0.93458,51.29031],[-0.93433,51.29037],[-0.93404,51.29043],[-0.9338,51.29049],[-0.93365,51.29053],[-0.93342,51.29059],[-0.93323,51.29064],[-0.93303,51.2907],[-0.93278,51.29078],[-0.93245,51.29089],[-0.93223,51.29097]]},"properties":{"highway":"primary","maxspeed":"40 mph","name":"London Road","ref":"A30"}},{"type":"Feature","geometry":{"type":"LineString","coordinates":[[-1.11214,51.25041],[-1.11205,51.25047],[-1.112,51.2505],[-1.11195,51.25052],[-1.1119,51.25054],[-1.11185,51.25055]]},"properties":{"highway":"primary","maxspeed":"30 mph","name":"Brighton Hill Roundabout","ref":"A30"}},{"type":"Feature","geometry":{"type":"LineString","coordinates":[[-1.11124,51.25016],[-1.11121,51.2501],[-1.11119,51.25004],[-1.11118,51.24996],[-1.11118,51.24989],[-1.11118,51.24985],[-1.11118,51.24979],[-1.1112,51.24973]]},"properties":{"highway":"primary","maxspeed":"30 mph","name":"Brighton Hill Roundabout","ref":"A30"}},{"type":"Feature","geometry":{"type":"LineString","coordinates":[[-0.99858,51.33739],[-0.99845,51.33748],[-0.99832,51.33756],[-0.99816,51.33765],[-0.99798,51.33775],[-0.99779,51.33784],[-0.99758,51.33792]]},"properties":{"highway":"trunk","maxspeed":"40 mph","name":"Basingstoke Road","ref":"A33"}},{"type":"Feature","geometry":{"type":"LineString","coordinates":[[-1.16083,51.3604],[-1.16096,51.36039],[-1.16108,51.3604],[-1.16117,51.3604],[-1.16125,51.3604],[-1.16135,51.3604]]},"properties":{"highway":"primary","maxspeed":"40 mph","ref":"A340"}},{"type":"Feature","geometry":{"type":"LineString","coordinates":[[-1.15994,51.3623],[-1.1599,51.36235],[-1.15984,51.36244],[-1.15981,51.36247],[-1.15973,51.36254],[-1.15901,51.36332]]},"properties":{"highway":"primary","maxspeed":"40 mph","ref":"A340"}},{"type":"Feature","geometry":{"type":"LineString","coordinates":[[-1.16128,51.36056],[-1.16122,51.36052],[-1.16117,51.36049],[-1.16111,51.36047],[-1.16102,51.36045],[-1.16092,51.36042],[-1.16083,51.3604]]},"properties":{"highway":"primary","maxspeed":"40 mph","ref":"A340"}},{"type":"Feature","geometry":{"type":"LineString","coordinates":[[-1.16031,51.3619],[-1.16026,51.36193],[-1.16017,51.36199],[-1.16015,51.36201],[-1.16014,51.36203],[-1.16013,51.36204],[-1.16012,51.36205],[-1.16011,51.36207],[-1.16011,51.36209]]},"properties":{"highway":"primary","maxspeed":"40 mph","ref":"A340"}},{"type":"Feature","geometry":{"type":"LineString","coordinates":[[-1.1449,51.23242],[-1.1442,51.23312],[-1.14415,51.23318]]},"properties":{"highway":"primary","maxspeed":"50 mph","name":"Winchester Road","ref":"A30"}},{"type":"Feature","geometry":{"type":"LineString","coordinates":[[-1.14454,51.23259],[-1.14494,51.23217],[-1.14501,51.23208],[-1.14507,51.23202]]},"properties":{"highway":"primary","maxspeed":"50 mph","name":"Winchester Road","ref":"A30"}},{"type":"Feature","geometry":{"type":"LineString","coordinates":[[-1.14507,51.23202],[-1.14509,51.23199],[-1.14516,51.2319],[-1.14541,51.23161],[-1.14594,51.23105]]},"properties":{"highway":"primary","maxspeed":"50 mph","name":"Winchester Road","ref":"A30"}},{"type":"Feature","geometry":{"type":"LineString","coordinates":[[-1.14407,51.23327],[-1.14399,51.23334]]},"properties":{"highway":"primary","maxspeed":"50 mph","name":"Winchester Road","ref":"A30"}},{"type":"Feature","geometry":{"type":"LineString","coordinates":[[-1.10983,51.28374],[-1.11012,51.28401],[-1.11015,51.28412]]},"properties":{"highway":"primary","maxspeed":"50 mph","name":"Aldermaston Road","ref":"A340"}},{"type":"Feature","geometry":{"type":"LineString","coordinates":[[-1.10531,51.28031],[-1.10567,51.28054],[-1.10577,51.28059],[-1.10584,51.28061]]},"properties":{"highway":"primary","maxspeed":"50 mph","name":"Aldermaston Road","ref":"A340"}},{"type":"Feature","geometry":{"type":"LineString","coordinates":[[-1.10608,51.28109],[-1.10599,51.28098],[-1.10589,51.28089],[-1.10583,51.28082],[-1.10582,51.28071],[-1.10584,51.28061]]},"properties":{"highway":"primary","maxspeed":"50 mph","name":"Aldermaston Road","ref":"A340"}},{"type":"Feature","geometry":{"type":"LineString","coordinates":[[-1.10634,51.28109],[-1.1065,51.28121],[-1.10656,51.28126],[-1.10686,51.28149],[-1.10815,51.28252]]},"properties":{"highway":"primary","maxspeed":"50 mph","name":"Aldermaston Road","ref":"A340"}},{"type":"Feature","geometry":{"type":"LineString","coordinates":[[-0.96155,51.27171],[-0.96144,51.27186],[-0.96136,51.27193],[-0.96128,51.27199],[-0.96117,51.27205],[-0.96104,51.27211]]},"properties":{"highway":"primary","maxspeed":"60 mph","name":"Hook Interchange"}},{"type":"Feature","geometry":{"type":"LineString","coordinates":[[-0.96023,51.27032],[-0.96038,51.27033],[-0.96053,51.27036],[-0.96065,51.27039],[-0.96075,51.27043],[-0.96086,51.27049],[-0.96095,51.27053],[-0.96101,51.27058],[-0.96109,51.27066],[-0.96114,51.27072]]},"properties":{"highway":"primary","maxspeed":"60 mph","name":"Hook Interchange"}},{"type":"Feature","geometry":{"type":"LineString","coordinates":[[-0.95929,51.26991],[-0.95878,51.2692],[-0.95858,51.26893]]},"properties":{"highway":"primary","maxspeed":"70 mph","ref":"A287"}},{"type":"Feature","geometry":{"type":"LineString","coordinates":[[-0.95858,51.26893],[-0.95839,51.26873],[-0.95826,51.26857],[-0.95808,51.26838],[-0.95776,51.26808],[-0.95736,51.26776],[-0.95683,51.26741],[-0.95637,51.26713],[-0.95573,51.26682],[-0.95543,51.26667],[-0.95493,51.26646]]},"properties":{"highway":"primary","maxspeed":"70 mph","ref":"A287"}},{"type":"Feature","geometry":{"type":"LineString","coordinates":[[-1.11409,51.29738],[-1.11401,51.29735],[-1.11398,51.29733],[-1.11392,51.29726],[-1.11387,51.29718],[-1.11385,51.29711],[-1.11385,51.29706],[-1.11386,51.297]]},"properties":{"highway":"primary","maxspeed":"30 mph","name":"West End","ref":"A340"}},{"type":"Feature","geometry":{"type":"LineString","coordinates":[[-1.11386,51.297],[-1.1139,51.2969],[-1.11395,51.29681],[-1.11413,51.29657],[-1.11421,51.29653]]},"properties":{"highway":"primary","maxspeed":"30 mph","name":"Aldermaston Road","ref":"A340"}},{"type":"Feature","geometry":{"type":"LineString","coordinates":[[-1.11395,51.29701],[-1.11394,51.29708],[-1.11394,51.29712],[-1.11396,51.29718],[-1.11399,51.29724],[-1.11403,51.2973],[-1.11406,51.29734],[-1.11409,51.29738]]},"properties":{"highway":"primary","maxspeed":"30 mph","name":"West End","ref":"A340"}},{"type":"Feature","geometry":{"type":"LineString","coordinates":[[-1.11421,51.29653],[-1.11423,51.2965],[-1.11427,51.29643],[-1.11433,51.29632],[-1.11454,51.296],[-1.11509,51.29509],[-1.11577,51.29391]]},"properties":{"highway":"primary","maxspeed":"30 mph","name":"Aldermaston Road","ref":"A340"}},{"type":"Feature","geometry":{"type":"LineString","coordinates":[[-1.12278,51.32112],[-1.12285,51.32115],[-1.12291,51.3212],[-1.12306,51.32136]]},"properties":{"highway":"primary","maxspeed":"40 mph","name":"Aldermaston Road","ref":"A340"}},{"type":"Feature","geometry":{"type":"LineString","coordinates":[[-1.12278,51.32112],[-1.12274,51.32109],[-1.12266,51.321],[-1.12252,51.32086],[-1.12216,51.32046],[-1.12212,51.32042],[-1.12201,51.32029],[-1.12195,51.32022],[-1.12181,51.32003],[-1.12169,51.31986],[-1.12162,51.31975],[-1.12145,51.31942]]},"properties":{"highway":"primary","maxspeed":"40 mph","name":"Aldermaston Road","ref":"A340"}},{"type":"Feature","geometry":{"type":"LineString","coordinates":[[-1.12361,51.32203],[-1.12357,51.32201],[-1.12345,51.32185],[-1.12335,51.32174]]},"properties":{"highway":"primary","maxspeed":"40 mph","name":"Aldermaston Road","ref":"A340"}},{"type":"Feature","geometry":{"type":"LineString","coordinates":[[-1.12335,51.32174],[-1.12308,51.32146],[-1.123,51.32139],[-1.12286,51.32124],[-1.12279,51.32117],[-1.12278,51.32112]]},"properties":{"highway":"primary","maxspeed":"40 mph","name":"Aldermaston Road","ref":"A340"}},{"type":"Feature","geometry":{"type":"LineString","coordinates":[[-1.12306,51.32136],[-1.1231,51.3214],[-1.12341,51.32173],[-1.1235,51.32183],[-1.12361,51.32199],[-1.12361,51.32203]]},"properties":{"highway":"primary","maxspeed":"40 mph","name":"Aldermaston Road","ref":"A340"}},{"type":"Feature","geometry":{"type":"LineString","coordinates":[[-1.10052,51.27686],[-1.10058,51.27678],[-1.10065,51.27672],[-1.10073,51.27668],[-1.10084,51.27663],[-1.10091,51.2766],[-1.10099,51.27658],[-1.10103,51.27657]]},"properties":{"highway":"primary","maxspeed":"30 mph","name":"Aldermaston Road Roundabout"}},{"type":"Feature","geometry":{"type":"LineString","coordinates":[[-1.14599,51.23134],[-1.14585,51.23148],[-1.14533,51.23199],[-1.1453,51.23203],[-1.14523,51.23209]]},"properties":{"highway":"primary","maxspeed":"50 mph","name":"Winchester Road","ref":"A30"}},{"type":"Feature","geometry":{"type":"LineString","coordinates":[[-1.14392,51.2332],[-1.144,51.23311],[-1.14454,51.23259]]},"properties":{"highway":"primary","maxspeed":"50 mph","name":"Winchester Road","ref":"A30"}},{"type":"Feature","geometry":{"type":"LineString","coordinates":[[-1.14523,51.23209],[-1.14515,51.23217],[-1.1449,51.23242]]},"properties":{"highway":"primary","maxspeed":"50 mph","name":"Winchester Road","ref":"A30"}},{"type":"Feature","geometry":{"type":"LineString","coordinates":[[-1.10459,51.2546],[-1.10451,51.25464],[-1.10442,51.2547],[-1.10442,51.25471],[-1.10437,51.25477],[-1.10435,51.25488]]},"properties":{"highway":"primary","maxspeed":"30 mph","name":"Winchester Road","ref":"A30"}},{"type":"Feature","geometry":{"type":"LineString","coordinates":[[-1.10449,51.25452],[-1.105,51.25429]]},"properties":{"highway":"primary","maxspeed":"40 mph","name":"Winchester Road","ref":"A30"}},{"type":"Feature","geometry":{"type":"LineString","coordinates":[[-1.15349,51.3599],[-1.15478,51.35998],[-1.15614,51.36009],[-1.15723,51.36018],[-1.15739,51.3602],[-1.15759,51.36025]]},"properties":{"highway":"primary","maxspeed":"40 mph","ref":"A340"}},{"type":"Feature","geometry":{"type":"LineString","coordinates":[[-1.13543,51.34875],[-1.13539,51.34877],[-1.13533,51.34877],[-1.13528,51.34877],[-1.13524,51.34876],[-1.1352,51.34873]]},"properties":{"highway":"primary","maxspeed":"30 mph","name":"Tadley Hill roundabout"}},{"type":"Feature","geometry":{"type":"LineString","coordinates":[[-1.10932,51.28354],[-1.10894,51.28327],[-1.10885,51.2832]]},"properties":{"highway":"primary","maxspeed":"50 mph","name":"Aldermaston Road","ref":"A340"}},{"type":"Feature","geometry":{"type":"LineString","coordinates":[[-1.10938,51.28337],[-1.10974,51.28366]]},"properties":{"highway":"primary","maxspeed":"50 mph","name":"Aldermaston Road","ref":"A340"}},{"type":"Feature","geometry":{"type":"LineString","coordinates":[[-1.1154,51.287],[-1.11536,51.28695],[-1.11531,51.28689],[-1.11515,51.28676],[-1.11504,51.28668],[-1.11466,51.28643],[-1.11422,51.28616],[-1.11378,51.28592],[-1.11314,51.28557],[-1.11257,51.28532],[-1.11217,51.28515],[-1.11172,51.28495],[-1.11133,51.28478],[-1.11086,51.28453]]},"properties":{"highway":"primary","maxspeed":"50 mph","name":"Aldermaston Road","ref":"A340"}},{"type":"Feature","geometry":{"type":"LineString","coordinates":[[-1.10103,51.27657],[-1.10112,51.27655],[-1.10121,51.27654],[-1.10132,51.27652],[-1.10139,51.27652]]},"properties":{"highway":"primary","maxspeed":"30 mph","name":"Aldermaston Road Roundabout"}},{"type":"Feature","geometry":{"type":"LineString","coordinates":[[-1.10193,51.27831],[-1.1018,51.27833],[-1.10167,51.27834],[-1.10154,51.27834],[-1.10141,51.27832],[-1.10125,51.2783]]},"properties":{"highway":"primary","maxspeed":"30 mph","name":"Aldermaston Road Roundabout"}},{"type":"Feature","geometry":{"type":"LineString","coordinates":[[-1.10125,51.2783],[-1.10111,51.27825],[-1.10099,51.27819]]},"properties":{"highway":"primary","maxspeed":"30 mph","name":"Aldermaston Road Roundabout"}},{"type":"Feature","geometry":{"type":"LineString","coordinates":[[-1.10815,51.28252],[-1.1089,51.28304],[-1.10907,51.28315]]},"properties":{"highway":"primary","maxspeed":"50 mph","name":"Aldermaston Road","ref":"A340"}},{"type":"Feature","geometry":{"type":"LineString","coordinates":[[-1.1115,51.2508],[-1.11133,51.2509],[-1.11088,51.25118],[-1.11054,51.25137]]},"properties":{"highway":"primary","maxspeed":"40 mph","name":"Winchester Road","ref":"A30"}},{"type":"Feature","geometry":{"type":"LineString","coordinates":[[-1.07506,51.27786],[-1.0748,51.27783],[-1.07466,51.27779],[-1.07443,51.27772]]},"properties":{"highway":"trunk","maxspeed":"30 mph","name":"Reading Road Roundabout","ref":"A33"}},{"type":"Feature","geometry":{"type":"LineString","coordinates":[[-1.07211,51.28075],[-1.07178,51.28114],[-1.07174,51.28121],[-1.07163,51.28137]]},"properties":{"highway":"trunk","maxspeed":"50 mph","name":"Reading Road","ref":"A33"}},{"type":"Feature","geometry":{"type":"LineString","coordinates":[[-1.06965,51.28452],[-1.06981,51.28444],[-1.06994,51.28438]]},"properties":{"highway":"trunk","maxspeed":"50 mph","name":"Crockford Roundabout","ref":"A33"}},{"type":"Feature","geometry":{"type":"LineString","coordinates":[[-1.06994,51.28438],[-1.07002,51.28436],[-1.07017,51.28435],[-1.0703,51.28435],[-1.07044,51.28439]]},"properties":{"highway":"trunk","maxspeed":"50 mph","name":"Crockford Roundabout","ref":"A33"}},{"type":"Feature","geometry":{"type":"LineString","coordinates":[[-1.07443,51.27772],[-1.07416,51.27758],[-1.07399,51.27747],[-1.07397,51.27743],[-1.07392,51.27735],[-1.07389,51.27729],[-1.07389,51.27719]]},"properties":{"highway":"trunk","maxspeed":"30 mph","name":"Reading Road Roundabout","ref":"A33"}},{"type":"Feature","geometry":{"type":"LineString","coordinates":[[-1.12553,51.27796],[-1.12552,51.278],[-1.12549,51.27805],[-1.12544,51.27809],[-1.12538,51.27812]]},"properties":{"highway":"trunk","maxspeed":"60 mph"}},{"type":"Feature","geometry":{"type":"LineString","coordinates":[[-1.11078,51.27607],[-1.11056,51.27611],[-1.10961,51.27622]]},"properties":{"highway":"trunk","maxspeed":"70 mph","ref":"A339"}},{"type":"Feature","geometry":{"type":"LineString","coordinates":[[-1.11287,51.27542],[-1.11332,51.27555],[-1.11379,51.27564],[-1.11404,51.27568]]},"properties":{"highway":"trunk","maxspeed":"70 mph","ref":"A339"}},{"type":"Feature","geometry":{"type":"LineString","coordinates":[[-1.11257,51.27523],[-1.11277,51.27534],[-1.11287,51.27542]]},"properties":{"highway":"trunk","maxspeed":"70 mph","name":"Ringway North Roundabout","ref":"A339"}},{"type":"Feature","geometry":{"type":"LineString","coordinates":[[-1.11184,51.27531],[-1.11203,51.27523],[-1.11218,51.27519],[-1.11231,51.27519],[-1.11243,51.2752],[-1.11257,51.27523]]},"properties":{"highway":"trunk","maxspeed":"70 mph","name":"Ringway North Roundabout","ref":"A339"}},{"type":"Feature","geometry":{"type":"LineString","coordinates":[[-1.11184,51.27531],[-1.11188,51.27509],[-1.11188,51.27492],[-1.11183,51.27473]]},"properties":{"highway":"primary","maxspeed":"70 mph","name":"Ringway West","ref":"A340"}},{"type":"Feature","geometry":{"type":"LineString","coordinates":[[-1.11168,51.27552],[-1.11174,51.27543],[-1.11184,51.27531]]},"properties":{"highway":"trunk","maxspeed":"70 mph","name":"Ringway North Roundabout","ref":"A339"}},{"type":"Feature","geometry":{"type":"LineString","coordinates":[[-1.11214,51.27598],[-1.112,51.27595],[-1.11188,51.27588],[-1.11176,51.27576],[-1.11171,51.27565],[-1.11168,51.27552]]},"properties":{"highway":"trunk","maxspeed":"70 mph","name":"Ringway North Roundabout","ref":"A339"}},{"type":"Feature","geometry":{"type":"LineString","coordinates":[[-1.08196,51.25725],[-1.08221,51.2573],[-1.08236,51.25733],[-1.08245,51.25737],[-1.08252,51.25739],[-1.08259,51.25744],[-1.08263,51.2575],[-1.08267,51.25764],[-1.08268,51.25778],[-1.08264,51.25791],[-1.08253,51.25802]]},"properties":{"highway":"primary","maxspeed":"30 mph","name":"Hackwood Road Roundabout"}},{"type":"Feature","geometry":{"type":"LineString","coordinates":[[-1.08138,51.25728],[-1.08149,51.25723],[-1.0816,51.25721],[-1.08173,51.2572]]},"properties":{"highway":"primary","maxspeed":"30 mph","name":"Hackwood Road Roundabout"}},{"type":"Feature","geometry":{"type":"LineString","coordinates":[[-1.07964,51.25435],[-1.07969,51.25433],[-1.07977,51.25431],[-1.07983,51.2543],[-1.07987,51.2543],[-1.0799,51.25431]]},"properties":{"highway":"primary","maxspeed":"30 mph","name":"Venture Roundabout"}},{"type":"Feature","geometry":{"type":"LineString","coordinates":[[-1.0799,51.25431],[-1.07995,51.25434],[-1.07998,51.25438],[-1.08,51.25443]]},"properties":{"highway":"primary","maxspeed":"30 mph","name":"Venture Roundabout"}},{"type":"Feature","geometry":{"type":"LineString","coordinates":[[-1.06613,51.26204],[-1.06625,51.26221],[-1.06634,51.26233],[-1.06638,51.26238],[-1.06649,51.26246],[-1.06659,51.26253]]},"properties":{"highway":"motorway","maxspeed":"50 mph","operator":"National Highways","ref":"M3"}},{"type":"Feature","geometry":{"type":"LineString","coordinates":[[-1.10902,51.25224],[-1.10893,51.25229]]},"properties":{"highway":"primary","maxspeed":"40 mph","name":"Winchester Road","ref":"A30"}},{"type":"Feature","geometry":{"type":"LineString","coordinates":[[-1.10953,51.25194],[-1.10911,51.25219],[-1.10902,51.25224]]},"properties":{"highway":"primary","maxspeed":"40 mph","name":"Winchester Road","ref":"A30"}},{"type":"Feature","geometry":{"type":"LineString","coordinates":[[-1.10893,51.25229],[-1.1088,51.25236],[-1.10772,51.25297],[-1.10594,51.25393],[-1.10589,51.25396],[-1.10565,51.25408]]},"properties":{"highway":"primary","maxspeed":"40 mph","name":"Winchester Road","ref":"A30"}},{"type":"Feature","geometry":{"type":"LineString","coordinates":[[-1.10882,51.25221],[-1.1089,51.25216]]},"properties":{"highway":"primary","maxspeed":"40 mph","name":"Winchester Road","ref":"A30"}},{"type":"Feature","geometry":{"type":"LineString","coordinates":[[-1.11144,51.24939],[-1.11148,51.24937],[-1.11154,51.24936],[-1.1116,51.24934]]},"properties":{"highway":"primary","maxspeed":"30 mph","name":"Brighton Hill Roundabout","ref":"A30"}},{"type":"Feature","geometry":{"type":"LineString","coordinates":[[-1.10848,51.2658],[-1.10845,51.26587],[-1.10841,51.26592],[-1.10836,51.26597],[-1.10827,51.26603],[-1.10817,51.26608],[-1.1079,51.26614],[-1.10782,51.26614],[-1.10776,51.26613],[-1.10767,51.26611]]},"properties":{"highway":"primary","maxspeed":"50 mph","name":"Thornycroft Roundabout"}},{"type":"Feature","geometry":{"type":"LineString","coordinates":[[-1.10273,51.27794],[-1.10264,51.27806]]},"properties":{"highway":"primary","maxspeed":"30 mph","name":"Aldermaston Road Roundabout"}},{"type":"Feature","geometry":{"type":"LineString","coordinates":[[-1.08159,51.25806],[-1.08145,51.258],[-1.08135,51.25789]]},"properties":{"highway":"primary","maxspeed":"30 mph","name":"Hackwood Road Roundabout"}},{"type":"Feature","geometry":{"type":"LineString","coordinates":[[-1.06718,51.26321],[-1.06712,51.26326],[-1.06706,51.26331],[-1.06701,51.26335],[-1.06696,51.26338],[-1.0669,51.26342],[-1.06686,51.26344]]},"properties":{"highway":"trunk","maxspeed":"50 mph","name":"Black Dam Roundabout"}},{"type":"Feature","geometry":{"type":"LineString","coordinates":[[-1.06598,51.26344],[-1.0659,51.2634],[-1.06584,51.26336],[-1.06577,51.26332],[-1.06573,51.26328],[-1.06569,51.26325],[-1.06566,51.26321],[-1.06564,51.26317],[-1.06562,51.26314],[-1.0656,51.26309],[-1.06558,51.26305],[-1.06557,51.26301],[-1.06557,51.26296],[-1.06556,51.26292]]},"properties":{"highway":"trunk","maxspeed":"50 mph","name":"Black Dam Roundabout"}},{"type":"Feature","geometry":{"type":"LineString","coordinates":[[-1.06659,51.26253],[-1.06664,51.26255],[-1.06674,51.2626],[-1.06686,51.26266],[-1.06695,51.26272],[-1.06699,51.26275],[-1.06704,51.26278],[-1.06707,51.26282],[-1.06711,51.26286],[-1.06714,51.26291],[-1.06717,51.26295],[-1.06719,51.26299],[-1.0672,51.26303],[-1.0672,51.26306],[-1.0672,51.2631],[-1.0672,51.26313],[-1.06718,51.26321]]},"properties":{"highway":"trunk","maxspeed":"50 mph","name":"Black Dam Roundabout"}},{"type":"Feature","geometry":{"type":"LineString","coordinates":[[-1.08132,51.25735],[-1.08138,51.25728]]},"properties":{"highway":"primary","maxspeed":"30 mph","name":"Hackwood Road Roundabout"}},{"type":"Feature","geometry":{"type":"LineString","coordinates":[[-1.08253,51.25802],[-1.08245,51.25807],[-1.08224,51.25813],[-1.08201,51.25814]]},"properties":{"highway":"primary","maxspeed":"30 mph","name":"Hackwood Road Roundabout"}},{"type":"Feature","geometry":{"type":"LineString","coordinates":[[-1.07942,51.25477],[-1.07937,51.25473],[-1.07936,51.25466],[-1.07936,51.25461],[-1.0794,51.25453],[-1.07945,51.25447]]},"properties":{"highway":"primary","maxspeed":"30 mph","name":"Venture Roundabout"}},{"type":"Feature","geometry":{"type":"LineString","coordinates":[[-1.08302,51.26654],[-1.08311,51.26654],[-1.08322,51.26654],[-1.08336,51.26654],[-1.08354,51.26656],[-1.08369,51.26658],[-1.08386,51.2666]]},"properties":{"highway":"primary","maxspeed":"30 mph","name":"Eastrop Roundabout"}},{"type":"Feature","geometry":{"type":"LineString","coordinates":[[-1.06191,51.28573],[-1.06183,51.28577],[-1.06177,51.2858],[-1.06172,51.28582],[-1.06166,51.28583],[-1.06159,51.28584],[-1.06152,51.28585],[-1.06142,51.28584],[-1.06133,51.28583]]},"properties":{"highway":"trunk","maxspeed":"50 mph","name":"Binfields Roundabout","ref":"A33"}},{"type":"Feature","geometry":{"type":"LineString","coordinates":[[-1.06187,51.28527],[-1.06191,51.28531],[-1.06193,51.28534],[-1.06196,51.28537],[-1.06198,51.28543],[-1.062,51.28547],[-1.06201,51.28552],[-1.062,51.28556],[-1.062,51.28559],[-1.06198,51.28564],[-1.06196,51.28569]]},"properties":{"highway":"trunk","maxspeed":"50 mph","name":"Binfields Roundabout","ref":"A33"}},{"type":"Feature","geometry":{"type":"LineString","coordinates":[[-1.06093,51.28544],[-1.06094,51.2854],[-1.06098,51.28534],[-1.06101,51.2853],[-1.06105,51.28527],[-1.06111,51.28523],[-1.06116,51.28522],[-1.06122,51.2852]]},"properties":{"highway":"trunk","maxspeed":"50 mph","name":"Binfields Roundabout","ref":"A33"}},{"type":"Feature","geometry":{"type":"LineString","coordinates":[[-1.06122,51.2852],[-1.06133,51.28518],[-1.06139,51.28517],[-1.06147,51.28517],[-1.06155,51.28517],[-1.06162,51.28518],[-1.06166,51.28519],[-1.06171,51.2852],[-1.06178,51.28523],[-1.06183,51.28525],[-1.06187,51.28527]]},"properties":{"highway":"trunk","maxspeed":"50 mph","name":"Binfields Roundabout","ref":"A33"}},{"type":"Feature","geometry":{"type":"LineString","coordinates":[[-1.09194,51.26641],[-1.09198,51.26636],[-1.09203,51.26631],[-1.0921,51.26627]]},"properties":{"highway":"primary","maxspeed":"30 mph","name":"Victory Roundabout","ref":"A3010"}},{"type":"Feature","geometry":{"type":"LineString","coordinates":[[-1.09291,51.26656],[-1.09289,51.26662],[-1.09284,51.26668]]},"properties":{"highway":"primary","maxspeed":"30 mph","name":"Victory Roundabout","ref":"A3010"}},{"type":"Feature","geometry":{"type":"LineString","coordinates":[[-1.1335,51.24112],[-1.13344,51.24125],[-1.13336,51.24132],[-1.13319,51.2414],[-1.13306,51.24143]]},"properties":{"highway":"primary","maxspeed":"40 mph","name":"Kempshott Roundabout","ref":"A30"}},{"type":"Feature","geometry":{"type":"LineString","coordinates":[[-1.13232,51.24095],[-1.13243,51.24085],[-1.13252,51.24079],[-1.13264,51.24073]]},"properties":{"highway":"primary","maxspeed":"40 mph","name":"Kempshott Roundabout","ref":"A30"}},{"type":"Feature","geometry":{"type":"LineString","coordinates":[[-1.14112,51.23521],[-1.1412,51.23522],[-1.14126,51.23524],[-1.14131,51.23525],[-1.14135,51.23528],[-1.14139,51.2353],[-1.14142,51.23533],[-1.14144,51.23536],[-1.14146,51.2354]]},"properties":{"highway":"primary","maxspeed":"50 mph","name":"Hatch Warren Roundabout"}},{"type":"Feature","geometry":{"type":"LineString","coordinates":[[-1.14415,51.23318],[-1.14411,51.23322],[-1.14407,51.23327]]},"properties":{"highway":"primary","maxspeed":"50 mph","name":"Winchester Road","ref":"A30"}},{"type":"Feature","geometry":{"type":"LineString","coordinates":[[-1.08173,51.2572],[-1.08196,51.25725]]},"properties":{"highway":"primary","maxspeed":"30 mph","name":"Hackwood Road Roundabout"}},{"type":"Feature","geometry":{"type":"LineString","coordinates":[[-1.07992,51.25462],[-1.07982,51.25468],[-1.07971,51.25473],[-1.07962,51.25477]]},"properties":{"highway":"primary","maxspeed":"30 mph","name":"Venture Roundabout"}},{"type":"Feature","geometry":{"type":"LineString","coordinates":[[-1.08,51.25443],[-1.08,51.25449],[-1.07997,51.25454],[-1.07992,51.25462]]},"properties":{"highway":"primary","maxspeed":"30 mph","name":"Venture Roundabout"}},{"type":"Feature","geometry":{"type":"LineString","coordinates":[[-1.11144,51.25044],[-1.11139,51.25038],[-1.11128,51.25023]]},"properties":{"highway":"primary","maxspeed":"30 mph","name":"Brighton Hill Roundabout","ref":"A30"}},{"type":"Feature","geometry":{"type":"LineString","coordinates":[[-1.14096,51.23523],[-1.14101,51.23522],[-1.14106,51.23521],[-1.14112,51.23521]]},"properties":{"highway":"primary","maxspeed":"50 mph","name":"Hatch Warren Roundabout"}},{"type":"Feature","geometry":{"type":"LineString","coordinates":[[-1.14071,51.23545],[-1.14072,51.23541],[-1.14073,51.23538],[-1.14074,51.23536],[-1.14077,51.23533],[-1.14081,51.23529],[-1.14086,51.23527],[-1.14091,51.23525],[-1.14096,51.23523]]},"properties":{"highway":"primary","maxspeed":"50 mph","name":"Hatch Warren Roundabout"}},{"type":"Feature","geometry":{"type":"LineString","coordinates":[[-1.1112,51.24973],[-1.11121,51.24966],[-1.11122,51.2496],[-1.11123,51.24956],[-1.11126,51.2495]]},"properties":{"highway":"primary","maxspeed":"30 mph","name":"Brighton Hill Roundabout","ref":"A30"}},{"type":"Feature","geometry":{"type":"LineString","coordinates":[[-1.1352,51.34873],[-1.13518,51.3487],[-1.13517,51.34867],[-1.13518,51.34863],[-1.13522,51.3486]]},"properties":{"highway":"primary","maxspeed":"30 mph","name":"Tadley Hill roundabout"}},{"type":"Feature","geometry":{"type":"LineString","coordinates":[[-1.02358,51.31652],[-1.02364,51.31651],[-1.02369,51.3165],[-1.02376,51.31649],[-1.02382,51.31649],[-1.02387,51.31649],[-1.02393,51.3165],[-1.02398,51.31651],[-1.02403,51.31653]]},"properties":{"highway":"trunk","maxspeed":"50 mph"}},{"type":"Feature","geometry":{"type":"LineString","coordinates":[[-1.02412,51.3166],[-1.02414,51.31663],[-1.02415,51.31667],[-1.02415,51.31671],[-1.02415,51.31674],[-1.02414,51.31677],[-1.02412,51.3168],[-1.02409,51.31683]]},"properties":{"highway":"trunk","maxspeed":"50 mph"}},{"type":"Feature","geometry":{"type":"LineString","coordinates":[[-1.02403,51.31653],[-1.02407,51.31655],[-1.0241,51.31657],[-1.02412,51.3166]]},"properties":{"highway":"trunk","maxspeed":"50 mph"}},{"type":"Feature","geometry":{"type":"LineString","coordinates":[[-1.04259,51.30136],[-1.04253,51.30137],[-1.04247,51.30137],[-1.04243,51.30137],[-1.04238,51.30136],[-1.04234,51.30135],[-1.04231,51.30134],[-1.04229,51.30132]]},"properties":{"highway":"trunk","maxspeed":"40 mph","name":"Taylor's Farm Roundabout"}},{"type":"Feature","geometry":{"type":"LineString","coordinates":[[-1.04271,51.30129],[-1.04268,51.30131],[-1.04264,51.30133],[-1.04259,51.30136]]},"properties":{"highway":"trunk","maxspeed":"40 mph","name":"Taylor's Farm Roundabout"}},{"type":"Feature","geometry":{"type":"LineString","coordinates":[[-1.04267,51.30111],[-1.0427,51.30114],[-1.04272,51.30117],[-1.04274,51.30119],[-1.04274,51.30122],[-1.04273,51.30125],[-1.04272,51.30127],[-1.04271,51.30129]]},"properties":{"highway":"trunk","maxspeed":"40 mph","name":"Taylor's Farm Roundabout"}},{"type":"Feature","geometry":{"type":"LineString","coordinates":[[-1.06196,51.28569],[-1.06191,51.28573]]},"properties":{"highway":"trunk","maxspeed":"50 mph","name":"Binfields Roundabout","ref":"A33"}},{"type":"Feature","geometry":{"type":"LineString","coordinates":[[-1.07047,51.28444],[-1.07043,51.28456],[-1.07038,51.28462],[-1.07032,51.28467]]},"properties":{"highway":"trunk","maxspeed":"50 mph","name":"Crockford Roundabout","ref":"A33"}},{"type":"Feature","geometry":{"type":"LineString","coordinates":[[-1.06966,51.28475],[-1.06962,51.28469],[-1.0696,51.28464],[-1.06961,51.28461],[-1.06965,51.28452]]},"properties":{"highway":"trunk","maxspeed":"50 mph","name":"Crockford Roundabout","ref":"A33"}},{"type":"Feature","geometry":{"type":"LineString","coordinates":[[-1.12523,51.27777],[-1.1253,51.27777],[-1.12537,51.27779],[-1.12543,51.27782],[-1.12548,51.27785]]},"properties":{"highway":"trunk","maxspeed":"60 mph"}},{"type":"Feature","geometry":{"type":"LineString","coordinates":[[-1.12498,51.27806],[-1.12496,51.27804],[-1.12494,51.27802],[-1.12493,51.27799],[-1.12493,51.27793],[-1.12495,51.27788],[-1.12501,51.27783],[-1.12508,51.27779],[-1.12513,51.27778],[-1.12518,51.27777],[-1.12523,51.27777]]},"properties":{"highway":"trunk","maxspeed":"60 mph"}},{"type":"Feature","geometry":{"type":"LineString","coordinates":[[-1.12522,51.27814],[-1.12512,51.27813],[-1.12504,51.2781],[-1.12498,51.27806]]},"properties":{"highway":"trunk","maxspeed":"60 mph"}},{"type":"Feature","geometry":{"type":"LineString","coordinates":[[-1.10312,51.25554],[-1.10301,51.25551],[-1.10289,51.25544],[-1.10282,51.25536]]},"properties":{"highway":"primary","maxspeed":"30 mph","name":"Winchester Road Roundabout"}},{"type":"Feature","geometry":{"type":"LineString","coordinates":[[-1.10436,51.25504],[-1.1043,51.25514],[-1.10425,51.25521],[-1.1042,51.25527],[-1.10412,51.2553],[-1.10361,51.25551],[-1.10346,51.25555],[-1.1033,51.25557],[-1.10324,51.25557],[-1.10317,51.25556],[-1.10312,51.25554]]},"properties":{"highway":"primary","maxspeed":"30 mph","name":"Winchester Road Roundabout"}},{"type":"Feature","geometry":{"type":"LineString","coordinates":[[-1.10388,51.25464],[-1.10399,51.25467],[-1.10408,51.2547],[-1.10419,51.25476],[-1.10428,51.25482],[-1.10435,51.25488]]},"properties":{"highway":"primary","maxspeed":"30 mph","name":"Winchester Road Roundabout"}},{"type":"Feature","geometry":{"type":"LineString","coordinates":[[-0.95399,51.266],[-0.95405,51.26603],[-0.95414,51.26609],[-0.9542,51.26619],[-0.9542,51.26629],[-0.95415,51.26637]]},"properties":{"highway":"primary","maxspeed":"60 mph","name":"Lord Derby Roundabout"}},{"type":"Feature","geometry":{"type":"LineString","coordinates":[[-0.95379,51.26597],[-0.9539,51.26598],[-0.95399,51.266]]},"properties":{"highway":"primary","maxspeed":"60 mph","name":"Lord Derby Roundabout"}},{"type":"Feature","geometry":{"type":"LineString","coordinates":[[-0.9534,51.2661],[-0.95347,51.26604],[-0.9536,51.26599],[-0.9537,51.26597],[-0.95379,51.26597]]},"properties":{"highway":"primary","maxspeed":"60 mph","name":"Lord Derby Roundabout"}},{"type":"Feature","geometry":{"type":"LineString","coordinates":[[-0.95929,51.27059],[-0.95944,51.2705],[-0.95956,51.27044],[-0.95966,51.27041],[-0.95977,51.27038],[-0.95993,51.27034],[-0.96006,51.27032],[-0.96023,51.27032]]},"properties":{"highway":"primary","maxspeed":"60 mph","name":"Hook Interchange"}},{"type":"Feature","geometry":{"type":"LineString","coordinates":[[-0.95988,51.27205],[-0.95975,51.27197],[-0.95969,51.27193],[-0.95962,51.27187],[-0.95958,51.27182]]},"properties":{"highway":"primary","maxspeed":"60 mph","name":"Hook Interchange"}},{"type":"Feature","geometry":{"type":"LineString","coordinates":[[-0.96077,51.27217],[-0.96061,51.27218],[-0.9604,51.27218],[-0.96022,51.27216],[-0.96008,51.27213]]},"properties":{"highway":"primary","maxspeed":"60 mph","name":"Hook Interchange"}},{"type":"Feature","geometry":{"type":"LineString","coordinates":[[-0.96248,51.28247],[-0.9625,51.28247],[-0.96254,51.28247],[-0.96256,51.28247],[-0.96258,51.28248],[-0.9626,51.2825],[-0.96261,51.28252],[-0.96262,51.28254],[-0.96261,51.28255]]},"properties":{"highway":"primary","maxspeed":"30 mph","ref":"A30"}},{"type":"Feature","geometry":{"type":"LineString","coordinates":[[-1.06971,51.28478],[-1.06966,51.28475]]},"properties":{"highway":"trunk","maxspeed":"50 mph","name":"Crockford Roundabout","ref":"A33"}},{"type":"Feature","geometry":{"type":"LineString","coordinates":[[-1.07032,51.28467],[-1.07016,51.28473]]},"properties":{"highway":"trunk","maxspeed":"50 mph","name":"Crockford Roundabout","ref":"A33"}},{"type":"Feature","geometry":{"type":"LineString","coordinates":[[-1.09384,51.26652],[-1.09343,51.26652]]},"properties":{"highway":"primary","maxspeed":"30 mph","name":"Churchill Way West","ref":"A3010"}},{"type":"Feature","geometry":{"type":"LineString","coordinates":[[-1.07945,51.25447],[-1.07951,51.25441],[-1.07956,51.25438],[-1.07964,51.25435]]},"properties":{"highway":"primary","maxspeed":"30 mph","name":"Venture Roundabout"}},{"type":"Feature","geometry":{"type":"LineString","coordinates":[[-1.08135,51.25789],[-1.08131,51.25777],[-1.08128,51.25762],[-1.08127,51.25749],[-1.08129,51.2574],[-1.08132,51.25735]]},"properties":{"highway":"primary","maxspeed":"30 mph","name":"Hackwood Road Roundabout"}},{"type":"Feature","geometry":{"type":"LineString","coordinates":[[-1.0743,51.27837],[-1.0745,51.27808],[-1.07451,51.27798],[-1.07449,51.27791],[-1.07443,51.27772]]},"properties":{"highway":"trunk","maxspeed":"50 mph","name":"Reading Road","ref":"A33"}},{"type":"Feature","geometry":{"type":"LineString","coordinates":[[-1.07389,51.27719],[-1.07395,51.27708],[-1.07399,51.27703],[-1.07426,51.27684]]},"properties":{"highway":"trunk","maxspeed":"30 mph","name":"Reading Road Roundabout","ref":"A33"}},{"type":"Feature","geometry":{"type":"LineString","coordinates":[[-0.99853,51.27295],[-0.99905,51.27294]]},"properties":{"highway":"primary","maxspeed":"60 mph","name":"London Road","ref":"A30"}},{"type":"Feature","geometry":{"type":"LineString","coordinates":[[-0.99905,51.27294],[-0.99996,51.27291],[-1.00077,51.27289],[-1.00174,51.27286],[-1.00237,51.27284],[-1.00286,51.27283],[-1.00335,51.27283],[-1.00377,51.27283],[-1.00423,51.27284],[-1.00477,51.27286],[-1.00526,51.27288],[-1.00577,51.27291],[-1.00663,51.27296]]},"properties":{"highway":"primary","maxspeed":"60 mph","name":"London Road","ref":"A30"}},{"type":"Feature","geometry":{"type":"LineString","coordinates":[[-0.99625,51.27318],[-0.99406,51.27325],[-0.99237,51.2733],[-0.99127,51.27333],[-0.99007,51.2734],[-0.98911,51.27346],[-0.98851,51.27349],[-0.98833,51.2735],[-0.98767,51.27352],[-0.98704,51.27354]]},"properties":{"highway":"primary","maxspeed":"50 mph","name":"London Road","ref":"A30"}},{"type":"Feature","geometry":{"type":"LineString","coordinates":[[-0.99976,51.27306],[-0.99902,51.27308]]},"properties":{"highway":"primary","maxspeed":"60 mph","name":"London Road","ref":"A30"}},{"type":"Feature","geometry":{"type":"LineString","coordinates":[[-1.1865,51.20551],[-1.18671,51.20535],[-1.18742,51.20501],[-1.1879,51.20478],[-1.18836,51.20456],[-1.18864,51.20442],[-1.18894,51.20423],[-1.18917,51.20409]]},"properties":{"highway":"primary","maxspeed":"70 mph","ref":"A30"}},{"type":"Feature","geometry":{"type":"LineString","coordinates":[[-1.07992,51.25473],[-1.08,51.25484],[-1.08023,51.25515],[-1.08066,51.25578],[-1.08084,51.25604],[-1.08086,51.25607],[-1.08108,51.25634],[-1.08148,51.25691],[-1.08153,51.25698],[-1.08161,51.25709],[-1.0817,51.25717],[-1.08173,51.2572]]},"properties":{"highway":"primary","maxspeed":"30 mph","name":"Hackwood Road","ref":"A339"}},{"type":"Feature","geometry":{"type":"LineString","coordinates":[[-1.07909,51.2537],[-1.07893,51.25346],[-1.07878,51.25315],[-1.07876,51.25307],[-1.07871,51.25292],[-1.07868,51.25274],[-1.07866,51.25259],[-1.07865,51.25247],[-1.07864,51.25207]]},"properties":{"highway":"primary","maxspeed":"40 mph","name":"Hackwood Road","ref":"A339"}},{"type":"Feature","geometry":{"type":"LineString","coordinates":[[-1.07977,51.2548],[-1.07971,51.25478],[-1.07962,51.25477]]},"properties":{"highway":"primary","maxspeed":"30 mph","name":"Hackwood Road","ref":"A339"}},{"type":"Feature","geometry":{"type":"LineString","coordinates":[[-1.02174,51.3202],[-1.0217,51.32023],[-1.02143,51.32044],[-1.02071,51.32101],[-1.01989,51.32167],[-1.01928,51.32214],[-1.01906,51.32232],[-1.01887,51.32246],[-1.01864,51.32262],[-1.01843,51.32276],[-1.01826,51.32286],[-1.01799,51.32301]]},"properties":{"highway":"trunk","maxspeed":"50 mph","ref":"A33"}},{"type":"Feature","geometry":{"type":"LineString","coordinates":[[-1.01799,51.32301],[-1.01763,51.32319],[-1.01734,51.32333]]},"properties":{"highway":"trunk","maxspeed":"50 mph","ref":"A33"}},{"type":"Feature","geometry":{"type":"LineString","coordinates":[[-1.2099,51.18923],[-1.2097,51.18943],[-1.20956,51.18958],[-1.20896,51.19019],[-1.20809,51.19098],[-1.2073,51.19167],[-1.20691,51.19197],[-1.20644,51.19231],[-1.20558,51.19289],[-1.20452,51.19354],[-1.20426,51.19364]]},"properties":{"highway":"primary","maxspeed":"70 mph","ref":"A33"}},{"type":"Feature","geometry":{"type":"LineString","coordinates":[[-1.21905,51.17889],[-1.21745,51.18061],[-1.21718,51.18089],[-1.21673,51.1814],[-1.21646,51.1817],[-1.21479,51.18358],[-1.21215,51.18664],[-1.2099,51.18923]]},"properties":{"highway":"primary","maxspeed":"70 mph","ref":"A33"}},{"type":"Feature","geometry":{"type":"LineString","coordinates":[[-0.93718,51.28952],[-0.93647,51.28975],[-0.93641,51.28977]]},"properties":{"highway":"primary","maxspeed":"40 mph","name":"London Road","ref":"A30"}},{"type":"Feature","geometry":{"type":"LineString","coordinates":[[-0.93223,51.29097],[-0.93192,51.29109],[-0.93161,51.29122],[-0.93137,51.29132]]},"properties":{"highway":"primary","maxspeed":"40 mph","name":"London Road","ref":"A30"}},{"type":"Feature","geometry":{"type":"LineString","coordinates":[[-1.06617,51.25831],[-1.0661,51.25838],[-1.06603,51.25845],[-1.06597,51.25851],[-1.06592,51.25855],[-1.06584,51.25859],[-1.06576,51.25863],[-1.06567,51.25866],[-1.06557,51.25869],[-1.06548,51.2587],[-1.06539,51.25871],[-1.0653,51.25872],[-1.06521,51.25872],[-1.0651,51.25872],[-1.06499,51.25872],[-1.06492,51.2587],[-1.06485,51.25868],[-1.06479,51.25865],[-1.06474,51.25863],[-1.06466,51.25858],[-1.06459,51.25854],[-1.06452,51.25848],[-1.06442,51.25838],[-1.06413,51.25806],[-1.06405,51.25797],[-1.064,51.2579],[-1.06397,51.25784],[-1.06395,51.2578],[-1.06394,51.25778],[-1.06393,51.25773],[-1.06393,51.25769],[-1.06394,51.25763]]},"properties":{"highway":"motorway","maxspeed":"70 mph","name":"Black Dam Roundabout","operator":"National Highways","ref":"M3"}},{"type":"Feature","geometry":{"type":"LineString","coordinates":[[-1.02383,51.3162],[-1.02388,51.31608],[-1.02395,51.31598]]},"properties":{"highway":"trunk","maxspeed":"50 mph","ref":"A33"}},{"type":"Feature","geometry":{"type":"LineString","coordinates":[[-0.93641,51.28977],[-0.93571,51.29],[-0.93552,51.29006]]},"properties":{"highway":"primary","maxspeed":"40 mph","name":"London Road","ref":"A30"}},{"type":"Feature","geometry":{"type":"LineString","coordinates":[[-0.93552,51.29006],[-0.93539,51.2901],[-0.93526,51.29014]]},"properties":{"highway":"primary","maxspeed":"40 mph","name":"London Road","ref":"A30"}},{"type":"Feature","geometry":{"type":"LineString","coordinates":[[-1.15084,51.22766],[-1.15079,51.22761],[-1.15077,51.2275],[-1.15078,51.22745],[-1.15078,51.22742],[-1.15083,51.22733],[-1.15091,51.22726],[-1.15102,51.2272],[-1.15115,51.22716],[-1.15125,51.22715],[-1.15135,51.22714],[-1.15146,51.22715],[-1.15156,51.22717],[-1.15165,51.22721],[-1.15173,51.22725],[-1.15179,51.22729],[-1.15183,51.22734],[-1.15186,51.22739],[-1.15188,51.22744],[-1.15189,51.22749],[-1.15188,51.22754],[-1.15187,51.2276],[-1.15183,51.22766],[-1.15177,51.22771],[-1.1517,51.22776],[-1.15161,51.2278],[-1.15152,51.22782],[-1.15138,51.22784],[-1.15124,51.22784],[-1.15112,51.22782],[-1.15101,51.22778],[-1.15091,51.22773],[-1.15084,51.22766]]},"properties":{"highway":"primary","maxspeed":"50 mph","name":"Hounsome Fields Roundabout"}},{"type":"Feature","geometry":{"type":"LineString","coordinates":[[-1.15124,51.22784],[-1.15099,51.22791],[-1.15051,51.22808],[-1.15014,51.22824],[-1.14991,51.22835],[-1.1497,51.22847]]},"properties":{"highway":"primary","maxspeed":"50 mph","name":"Winchester Road","ref":"A30"}},{"type":"Feature","geometry":{"type":"LineString","coordinates":[[-1.15236,51.22613],[-1.15309,51.22564],[-1.15476,51.2248],[-1.15564,51.22432],[-1.156,51.22414],[-1.15629,51.22399]]},"properties":{"highway":"primary","maxspeed":"50 mph","name":"Winchester Road","ref":"A30"}},{"type":"Feature","geometry":{"type":"LineString","coordinates":[[-1.09908,51.26641],[-1.09889,51.26642]]},"properties":{"highway":"primary","maxspeed":"50 mph","name":"Churchill Way West","ref":"A3010"}},{"type":"Feature","geometry":{"type":"LineString","coordinates":[[-1.09887,51.26626],[-1.09907,51.26626]]},"properties":{"highway":"primary","maxspeed":"50 mph","name":"Churchill Way West","ref":"A3010"}},{"type":"Feature","geometry":{"type":"LineString","coordinates":[[-1.13425,51.24017],[-1.13408,51.24028],[-1.13386,51.24043],[-1.13364,51.24056]]},"properties":{"highway":"primary","maxspeed":"50 mph","name":"Winchester Road","ref":"A30"}},{"type":"Feature","geometry":{"type":"LineString","coordinates":[[-1.14631,51.23107],[-1.14625,51.23113],[-1.1462,51.23117],[-1.1461,51.23125]]},"properties":{"highway":"primary","maxspeed":"50 mph","name":"Winchester Road","ref":"A30"}},{"type":"Feature","geometry":{"type":"LineString","coordinates":[[-1.14619,51.23083],[-1.14623,51.23079],[-1.14736,51.22983]]},"properties":{"highway":"primary","maxspeed":"50 mph","name":"Winchester Road","ref":"A30"}},{"type":"Feature","geometry":{"type":"LineString","coordinates":[[-1.04181,51.19723],[-1.04212,51.19616],[-1.04239,51.19553],[-1.04269,51.19512],[-1.0428,51.195],[-1.04352,51.19438],[-1.04394,51.19397],[-1.04418,51.1936],[-1.04429,51.19329],[-1.04436,51.19301],[-1.04448,51.19183],[-1.04458,51.19091],[-1.04471,51.19052],[-1.04495,51.19018],[-1.04517,51.18992],[-1.04548,51.18963],[-1.04588,51.18931],[-1.0461,51.18915],[-1.04657,51.18887],[-1.04713,51.18862],[-1.04784,51.18838],[-1.04874,51.18817],[-1.04971,51.18794],[-1.05051,51.1877],[-1.05117,51.18742],[-1.05184,51.18706],[-1.05327,51.18613],[-1.05419,51.18554],[-1.05526,51.18498],[-1.05683,51.18421],[-1.05795,51.18365],[-1.05871,51.18328],[-1.05877,51.18325],[-1.05913,51.18305],[-1.05945,51.18282],[-1.05967,51.18259],[-1.05978,51.18238],[-1.0599,51.18214],[-1.05997,51.18193],[-1.06001,51.18175],[-1.06002,51.18154],[-1.05995,51.18112],[-1.0598,51.18085],[-1.05922,51.1802],[-1.05885,51.17981],[-1.05796,51.17885],[-1.05641,51.17722],[-1.05575,51.17651],[-1.05516,51.1759],[-1.05499,51.17573],[-1.05486,51.17559],[-1.0547,51.17545],[-1.05448,51.17528],[-1.0543,51.17516],[-1.05407,51.17506],[-1.05376,51.17493],[-1.05348,51.17485],[-1.05324,51.1748],[-1.05297,51.17474],[-1.05268,51.1747],[-1.05239,51.17466],[-1.05202,51.17463],[-1.05175,51.17461],[-1.05076,51.17459],[-1.05044,51.17457],[-1.05014,51.17452],[-1.04985,51.17444],[-1.04957,51.17435],[-1.0493,51.17423],[-1.04911,51.17413],[-1.04889,51.17401],[-1.0487,51.17387],[-1.04833,51.17355],[-1.04816,51.17338],[-1.04751,51.17277],[-1.04665,51.17198],[-1.04579,51.17113],[-1.04517,51.17055],[-1.04491,51.1703],[-1.04462,51.17006],[-1.04434,51.16987],[-1.04412,51.16974]]},"properties":{"highway":"primary","maxspeed":"50 mph","ref":"A339"}},{"type":"Feature","geometry":{"type":"LineString","coordinates":[[-1.04176,51.1974],[-1.04181,51.19723]]},"properties":{"highway":"primary","maxspeed":"50 mph","ref":"A339"}},{"type":"Feature","geometry":{"type":"LineString","coordinates":[[-1.14,51.28675],[-1.13993,51.28672]]},"properties":{"highway":"trunk","maxspeed":"60 mph","name":"Kingsclere Road","ref":"A339"}},{"type":"Feature","geometry":{"type":"LineString","coordinates":[[-1.1682,51.29272],[-1.16764,51.2923],[-1.16717,51.29196],[-1.16679,51.29171],[-1.16646,51.29153],[-1.16589,51.29125],[-1.16523,51.29097],[-1.16463,51.29076],[-1.16423,51.29063],[-1.16388,51.29053],[-1.16374,51.29049]]},"properties":{"highway":"trunk","maxspeed":"60 mph","name":"Kingsclere Road","ref":"A339"}},{"type":"Feature","geometry":{"type":"LineString","coordinates":[[-1.17812,51.29759],[-1.1779,51.29754],[-1.17735,51.29744],[-1.17719,51.2974]]},"properties":{"highway":"trunk","maxspeed":"50 mph","name":"Kingsclere Road","ref":"A339"}},{"type":"Feature","geometry":{"type":"LineString","coordinates":[[-1.21067,51.32017],[-1.21061,51.32012],[-1.21053,51.32006],[-1.21046,51.32],[-1.21036,51.31989],[-1.21027,51.31977],[-1.21019,51.31962],[-1.20998,51.31912],[-1.20975,51.31865],[-1.20964,51.31846],[-1.20938,51.31801],[-1.20927,51.3178]]},"properties":{"highway":"trunk","maxspeed":"50 mph","ref":"A339"}},{"type":"Feature","geometry":{"type":"LineString","coordinates":[[-1.21515,51.32096],[-1.21497,51.32096],[-1.21451,51.32096],[-1.21418,51.32095],[-1.21396,51.32094],[-1.21374,51.32092],[-1.21322,51.32085],[-1.21275,51.32078],[-1.21247,51.32073],[-1.21189,51.32063],[-1.21165,51.32057],[-1.21142,51.32051],[-1.21123,51.32045],[-1.21109,51.32039],[-1.21094,51.32032],[-1.21079,51.32023],[-1.21067,51.32017]]},"properties":{"highway":"trunk","maxspeed":"50 mph","ref":"A339"}},{"type":"Feature","geometry":{"type":"LineString","coordinates":[[-1.2249,51.32271],[-1.22442,51.32262]]},"properties":{"highway":"trunk","maxspeed":"50 mph","ref":"A339"}},{"type":"Feature","geometry":{"type":"LineString","coordinates":[[-0.97729,51.27583],[-0.97791,51.27553],[-0.97796,51.27551],[-0.97823,51.27536]]},"properties":{"highway":"primary","maxspeed":"40 mph","ref":"A30"}},{"type":"Feature","geometry":{"type":"LineString","coordinates":[[-0.98012,51.27461],[-0.97994,51.27472],[-0.97976,51.27481],[-0.9795,51.27493]]},"properties":{"highway":"primary","maxspeed":"40 mph","ref":"A30"}},{"type":"Feature","geometry":{"type":"LineString","coordinates":[[-1.07626,51.27699],[-1.07589,51.27732]]},"properties":{"highway":"trunk","maxspeed":"30 mph","name":"Reading Road Roundabout","ref":"A33"}},{"type":"Feature","geometry":{"type":"LineString","coordinates":[[-1.07632,51.27681],[-1.07632,51.27689],[-1.07629,51.27695],[-1.07626,51.27699]]},"properties":{"highway":"trunk","maxspeed":"30 mph","name":"Reading Road Roundabout","ref":"A33"}},{"type":"Feature","geometry":{"type":"LineString","coordinates":[[-1.07527,51.27782],[-1.07517,51.27784],[-1.07506,51.27786]]},"properties":{"highway":"trunk","maxspeed":"30 mph","name":"Reading Road Roundabout","ref":"A33"}},{"type":"Feature","geometry":{"type":"LineString","coordinates":[[-1.06133,51.28583],[-1.06121,51.28582],[-1.06105,51.28581],[-1.06076,51.28582],[-1.06069,51.28582]]},"properties":{"highway":"trunk","maxspeed":"50 mph","name":"Reading Road","ref":"A33"}},{"type":"Feature","geometry":{"type":"LineString","coordinates":[[-1.06994,51.28438],[-1.07013,51.28423],[-1.07042,51.28392]]},"properties":{"highway":"trunk","maxspeed":"50 mph","name":"Reading Road","ref":"A33"}},{"type":"Feature","geometry":{"type":"LineString","coordinates":[[-1.04229,51.30132],[-1.04226,51.3013],[-1.04225,51.30129],[-1.04223,51.30126],[-1.04222,51.30123],[-1.04222,51.30121],[-1.04222,51.30118],[-1.04223,51.30116],[-1.04225,51.30113]]},"properties":{"highway":"trunk","maxspeed":"40 mph","name":"Taylor's Farm Roundabout"}},{"type":"Feature","geometry":{"type":"LineString","coordinates":[[-1.1028,51.27841],[-1.10391,51.27929],[-1.10531,51.28031]]},"properties":{"highway":"primary","maxspeed":"50 mph","name":"Aldermaston Road","ref":"A340"}},{"type":"Feature","geometry":{"type":"LineString","coordinates":[[-1.10207,51.27659],[-1.10212,51.27662],[-1.10219,51.27666],[-1.10227,51.27672]]},"properties":{"highway":"primary","maxspeed":"30 mph","name":"Aldermaston Road Roundabout"}},{"type":"Feature","geometry":{"type":"LineString","coordinates":[[-1.09672,51.2783],[-1.09584,51.27842]]},"properties":{"highway":"trunk","maxspeed":"70 mph","name":"Ringway North","ref":"A339"}},{"type":"Feature","geometry":{"type":"LineString","coordinates":[[-1.15873,51.36026],[-1.15896,51.36027],[-1.159,51.36027]]},"properties":{"highway":"primary","maxspeed":"40 mph","ref":"A340"}},{"type":"Feature","geometry":{"type":"LineString","coordinates":[[-0.9987,51.3373],[-0.99884,51.3372]]},"properties":{"highway":"trunk","maxspeed":"40 mph","name":"Basingstoke Road","ref":"A33"}},{"type":"Feature","geometry":{"type":"LineString","coordinates":[[-1.09907,51.26626],[-1.09971,51.26623],[-1.10008,51.26622]]},"properties":{"highway":"primary","maxspeed":"50 mph","name":"Churchill Way West","ref":"A3010"}},{"type":"Feature","geometry":{"type":"LineString","coordinates":[[-1.09868,51.26627],[-1.09887,51.26626]]},"properties":{"highway":"primary","maxspeed":"50 mph","name":"Churchill Way West","ref":"A3010"}},{"type":"Feature","geometry":{"type":"LineString","coordinates":[[-1.11383,51.24877],[-1.11378,51.24877],[-1.11353,51.24881],[-1.11331,51.24886]]},"properties":{"highway":"primary","maxspeed":"40 mph","name":"Winchester Road","ref":"A30"}},{"type":"Feature","geometry":{"type":"LineString","coordinates":[[-1.1124,51.25015],[-1.11236,51.25021],[-1.11233,51.25025],[-1.11226,51.25031],[-1.11218,51.25038],[-1.11214,51.25041]]},"properties":{"highway":"primary","maxspeed":"30 mph","name":"Brighton Hill Roundabout","ref":"A30"}},{"type":"Feature","geometry":{"type":"LineString","coordinates":[[-1.11237,51.24959],[-1.11239,51.24962],[-1.11241,51.24966],[-1.11245,51.24973],[-1.11247,51.24979]]},"properties":{"highway":"primary","maxspeed":"30 mph","name":"Brighton Hill Roundabout","ref":"A30"}},{"type":"Feature","geometry":{"type":"LineString","coordinates":[[-1.11185,51.25055],[-1.1118,51.25055],[-1.11174,51.25055],[-1.11163,51.25054],[-1.11155,51.25051],[-1.11149,51.25048],[-1.11144,51.25044]]},"properties":{"highway":"primary","maxspeed":"30 mph","name":"Brighton Hill Roundabout","ref":"A30"}},{"type":"Feature","geometry":{"type":"LineString","coordinates":[[-1.11182,51.24933],[-1.11201,51.24938],[-1.11209,51.24941],[-1.11218,51.24944],[-1.11222,51.24947],[-1.11229,51.24952],[-1.11237,51.24959]]},"properties":{"highway":"primary","maxspeed":"30 mph","name":"Brighton Hill Roundabout","ref":"A30"}},{"type":"Feature","geometry":{"type":"LineString","coordinates":[[-1.12786,51.33495],[-1.12783,51.33401],[-1.12788,51.33341],[-1.128,51.33214],[-1.12805,51.33191],[-1.12813,51.33153]]},"properties":{"highway":"primary","maxspeed":"40 mph","name":"Aldermaston Road","ref":"A340"}},{"type":"Feature","geometry":{"type":"LineString","coordinates":[[-1.12813,51.33153],[-1.12818,51.33131],[-1.12828,51.33084],[-1.12852,51.32994],[-1.12854,51.32987],[-1.12861,51.32958],[-1.12874,51.32909],[-1.12877,51.32859]]},"properties":{"highway":"primary","maxspeed":"40 mph","name":"Aldermaston Road","ref":"A340"}},{"type":"Feature","geometry":{"type":"LineString","coordinates":[[-1.12877,51.32859],[-1.12872,51.32822],[-1.12862,51.32793]]},"properties":{"highway":"primary","maxspeed":"40 mph","name":"Aldermaston Road","ref":"A340"}},{"type":"Feature","geometry":{"type":"LineString","coordinates":[[-1.07868,51.25163],[-1.07871,51.25148]]},"properties":{"highway":"primary","maxspeed":"40 mph","name":"Hackwood Road","ref":"A339"}},{"type":"Feature","geometry":{"type":"LineString","coordinates":[[-1.07864,51.25207],[-1.07868,51.25163]]},"properties":{"highway":"primary","maxspeed":"40 mph","name":"Hackwood Road","ref":"A339"}},{"type":"Feature","geometry":{"type":"LineString","coordinates":[[-1.07909,51.24982],[-1.07907,51.24992],[-1.07899,51.25022]]},"properties":{"highway":"primary","maxspeed":"50 mph","name":"Alton Road","ref":"A339"}},{"type":"Feature","geometry":{"type":"LineString","coordinates":[[-1.07878,51.25124],[-1.07875,51.25138],[-1.07874,51.25142],[-1.07871,51.25148]]},"properties":{"highway":"primary","maxspeed":"50 mph","name":"Alton Road","ref":"A339"}},{"type":"Feature","geometry":{"type":"LineString","coordinates":[[-1.07873,51.25055],[-1.07884,51.24981]]},"properties":{"highway":"primary","maxspeed":"50 mph","name":"Alton Road","ref":"A339"}},{"type":"Feature","geometry":{"type":"LineString","coordinates":[[-1.1437,51.357],[-1.14359,51.35692]]},"properties":{"highway":"primary","maxspeed":"30 mph","name":"Aldermaston Road","ref":"A340"}},{"type":"Feature","geometry":{"type":"LineString","coordinates":[[-1.14847,51.22939],[-1.14796,51.22979],[-1.14732,51.23026],[-1.14686,51.23064]]},"properties":{"highway":"primary","maxspeed":"50 mph","name":"Winchester Road","ref":"A30"}},{"type":"Feature","geometry":{"type":"LineString","coordinates":[[-1.1479,51.22945],[-1.148,51.22938],[-1.14806,51.22934],[-1.14819,51.22924]]},"properties":{"highway":"primary","maxspeed":"50 mph","name":"Winchester Road","ref":"A30"}},{"type":"Feature","geometry":{"type":"LineString","coordinates":[[-1.1489,51.22905],[-1.14863,51.22927],[-1.14847,51.22939]]},"properties":{"highway":"primary","maxspeed":"50 mph","name":"Winchester Road","ref":"A30"}},{"type":"Feature","geometry":{"type":"LineString","coordinates":[[-1.14819,51.22924],[-1.14841,51.22906],[-1.14912,51.22857],[-1.14925,51.22849],[-1.14943,51.22839],[-1.14964,51.22828],[-1.14988,51.22817],[-1.15016,51.22806],[-1.15035,51.22798],[-1.15043,51.22794],[-1.15051,51.2279],[-1.15059,51.22786],[-1.15067,51.2278],[-1.15072,51.22774],[-1.15077,51.22767],[-1.15079,51.22761]]},"properties":{"highway":"primary","maxspeed":"50 mph","name":"Winchester Road","ref":"A30"}},{"type":"Feature","geometry":{"type":"LineString","coordinates":[[-1.14736,51.22983],[-1.1479,51.22945]]},"properties":{"highway":"primary","maxspeed":"50 mph","name":"Winchester Road","ref":"A30"}},{"type":"Feature","geometry":{"type":"LineString","coordinates":[[-1.11054,51.25137],[-1.10999,51.25169],[-1.10953,51.25194]]},"properties":{"highway":"primary","maxspeed":"40 mph","name":"Winchester Road","ref":"A30"}},{"type":"Feature","geometry":{"type":"LineString","coordinates":[[-1.11247,51.24979],[-1.11248,51.24985],[-1.11248,51.2499],[-1.11247,51.24998],[-1.11246,51.25001],[-1.11245,51.25005],[-1.1124,51.25015]]},"properties":{"highway":"primary","maxspeed":"30 mph","name":"Brighton Hill Roundabout","ref":"A30"}},{"type":"Feature","geometry":{"type":"LineString","coordinates":[[-1.11126,51.2495],[-1.1113,51.24947],[-1.11136,51.24943],[-1.11144,51.24939]]},"properties":{"highway":"primary","maxspeed":"30 mph","name":"Brighton Hill Roundabout","ref":"A30"}},{"type":"Feature","geometry":{"type":"LineString","coordinates":[[-1.14594,51.23105],[-1.14619,51.23083]]},"properties":{"highway":"primary","maxspeed":"50 mph","name":"Winchester Road","ref":"A30"}},{"type":"Feature","geometry":{"type":"LineString","coordinates":[[-1.08572,51.26679],[-1.08627,51.26677]]},"properties":{"highway":"primary","maxspeed":"40 mph","name":"Churchill Way","ref":"A3010"}},{"type":"Feature","geometry":{"type":"LineString","coordinates":[[-1.08627,51.26677],[-1.08669,51.26674],[-1.08673,51.26674]]},"properties":{"highway":"primary","maxspeed":"40 mph","name":"Churchill Way","ref":"A3010"}},{"type":"Feature","geometry":{"type":"LineString","coordinates":[[-0.9532,51.27306],[-0.9521,51.27327],[-0.9507,51.27355],[-0.94946,51.27376],[-0.94806,51.274],[-0.94679,51.27421],[-0.94564,51.27438],[-0.94441,51.27457],[-0.94318,51.27477],[-0.94198,51.27498],[-0.9407,51.27523],[-0.93968,51.27545],[-0.93806,51.27581],[-0.93676,51.27613],[-0.93571,51.2764],[-0.93518,51.27654]]},"properties":{"highway":"motorway","maxspeed":"70 mph","operator":"National Highways","ref":"M3"}},{"type":"Feature","geometry":{"type":"LineString","coordinates":[[-0.96104,51.27211],[-0.96097,51.27213],[-0.96088,51.27215],[-0.96077,51.27217]]},"properties":{"highway":"primary","maxspeed":"60 mph","name":"Hook Interchange"}},{"type":"Feature","geometry":{"type":"LineString","coordinates":[[-1.0828,51.26714],[-1.08264,51.26711],[-1.08256,51.26708],[-1.08246,51.26704]]},"properties":{"highway":"primary","maxspeed":"30 mph","name":"Eastrop Roundabout"}},{"type":"Feature","geometry":{"type":"LineString","coordinates":[[-1.06657,51.26304],[-1.06678,51.26333],[-1.06686,51.26344]]},"properties":{"highway":"trunk","maxspeed":"50 mph"}},{"type":"Feature","geometry":{"type":"LineString","coordinates":[[-1.06377,51.26301],[-1.06398,51.26296],[-1.06418,51.26294],[-1.06441,51.26294],[-1.06458,51.26295],[-1.06477,51.26295]]},"properties":{"highway":"primary","maxspeed":"50 mph","ref":"A30"}},{"type":"Feature","geometry":{"type":"LineString","coordinates":[[-0.96008,51.27213],[-0.95999,51.2721],[-0.95988,51.27205]]},"properties":{"highway":"primary","maxspeed":"60 mph","name":"Hook Interchange"}},{"type":"Feature","geometry":{"type":"LineString","coordinates":[[-0.95911,51.27086],[-0.95913,51.27081],[-0.95918,51.27071],[-0.95922,51.27066],[-0.95925,51.27063],[-0.95929,51.27059]]},"properties":{"highway":"primary","maxspeed":"60 mph","name":"Hook Interchange"}},{"type":"Feature","geometry":{"type":"LineString","coordinates":[[-0.93523,51.27637],[-0.93588,51.2762],[-0.93753,51.27578],[-0.9395,51.27532],[-0.94127,51.27496],[-0.94288,51.27465],[-0.94463,51.27437],[-0.9464,51.27412],[-0.94856,51.27376],[-0.95061,51.2734],[-0.95191,51.27314]]},"properties":{"highway":"motorway","maxspeed":"70 mph","operator":"National Highways","ref":"M3"}},{"type":"Feature","geometry":{"type":"LineString","coordinates":[[-1.10616,51.26585],[-1.1064,51.26583]]},"properties":{"highway":"primary","maxspeed":"50 mph","name":"Churchill Way West","ref":"A3010"}},{"type":"Feature","geometry":{"type":"LineString","coordinates":[[-1.10783,51.26536],[-1.1079,51.26534],[-1.10797,51.26534],[-1.10805,51.26534]]},"properties":{"highway":"primary","maxspeed":"50 mph","name":"Thornycroft Roundabout"}},{"type":"Feature","geometry":{"type":"LineString","coordinates":[[-1.10711,51.26463],[-1.1072,51.26477],[-1.10727,51.26487]]},"properties":{"highway":"primary","maxspeed":"50 mph","name":"Ringway West","ref":"A340"}},{"type":"Feature","geometry":{"type":"LineString","coordinates":[[-1.10704,51.26451],[-1.10711,51.26463]]},"properties":{"highway":"primary","maxspeed":"50 mph","name":"Ringway West","ref":"A340"}},{"type":"Feature","geometry":{"type":"LineString","coordinates":[[-1.20927,51.3178],[-1.20921,51.31771],[-1.20917,51.31766],[-1.20904,51.31753]]},"properties":{"highway":"trunk","maxspeed":"50 mph","ref":"A339"}},{"type":"Feature","geometry":{"type":"LineString","coordinates":[[-1.1865,51.20551],[-1.18616,51.2057],[-1.18574,51.20595]]},"properties":{"highway":"primary","maxspeed":"60 mph","ref":"A30"}},{"type":"Feature","geometry":{"type":"LineString","coordinates":[[-1.04568,51.29317],[-1.04564,51.29321],[-1.04557,51.29328]]},"properties":{"highway":"trunk","maxspeed":"50 mph","ref":"A33"}},{"type":"Feature","geometry":{"type":"LineString","coordinates":[[-1.04377,51.29626],[-1.04366,51.29642],[-1.04354,51.29659],[-1.04332,51.29694],[-1.04309,51.29729],[-1.04296,51.29749]]},"properties":{"highway":"trunk","maxspeed":"40 mph","ref":"A33"}},{"type":"Feature","geometry":{"type":"LineString","coordinates":[[-1.0331,51.3066],[-1.03252,51.30678],[-1.03192,51.30697]]},"properties":{"highway":"trunk","maxspeed":"50 mph","ref":"A33"}},{"type":"Feature","geometry":{"type":"LineString","coordinates":[[-1.03192,51.30697],[-1.03132,51.30715],[-1.03064,51.30736],[-1.0301,51.30751],[-1.02972,51.30763],[-1.02951,51.3077],[-1.0293,51.30778],[-1.02914,51.30784],[-1.0289,51.30794],[-1.02871,51.30803],[-1.02847,51.30814]]},"properties":{"highway":"trunk","maxspeed":"50 mph","ref":"A33"}},{"type":"Feature","geometry":{"type":"LineString","coordinates":[[-1.02847,51.30814],[-1.02826,51.30825],[-1.02808,51.30836]]},"properties":{"highway":"trunk","maxspeed":"50 mph","ref":"A33"}},{"type":"Feature","geometry":{"type":"LineString","coordinates":[[-0.99942,51.33668],[-0.99937,51.33673],[-0.99929,51.33681],[-0.99922,51.33688],[-0.99909,51.337],[-0.99897,51.3371],[-0.99884,51.3372]]},"properties":{"highway":"trunk","maxspeed":"40 mph","name":"Basingstoke Road","ref":"A33"}},{"type":"Feature","geometry":{"type":"LineString","coordinates":[[-0.9987,51.3373],[-0.99858,51.33739]]},"properties":{"highway":"trunk","maxspeed":"40 mph","name":"Basingstoke Road","ref":"A33"}},{"type":"Feature","geometry":{"type":"LineString","coordinates":[[-0.99758,51.33792],[-0.99732,51.33802],[-0.99711,51.33809],[-0.9969,51.33816],[-0.99669,51.33821],[-0.99654,51.33824],[-0.99635,51.33828],[-0.99614,51.33833],[-0.9959,51.33836],[-0.99562,51.33839],[-0.99537,51.33841],[-0.99504,51.33844],[-0.99464,51.33845],[-0.99399,51.33847],[-0.99344,51.33849],[-0.99314,51.33851],[-0.99293,51.33852],[-0.9927,51.33855],[-0.99245,51.33859],[-0.99204,51.33867],[-0.99106,51.33885]]},"properties":{"highway":"trunk","maxspeed":"50 mph","name":"Basingstoke Road","ref":"A33"}},{"type":"Feature","geometry":{"type":"LineString","coordinates":[[-0.99106,51.33885],[-0.98964,51.33913],[-0.98821,51.3394],[-0.9867,51.33969],[-0.98462,51.34009],[-0.98417,51.34018],[-0.98385,51.34025],[-0.9836,51.34031],[-0.98335,51.34038],[-0.98317,51.34043],[-0.98293,51.34052],[-0.98277,51.34059],[-0.98258,51.34068],[-0.98244,51.34074],[-0.9823,51.34082],[-0.98213,51.34091],[-0.98171,51.34117],[-0.98131,51.34142],[-0.98092,51.34165],[-0.98065,51.34179],[-0.98042,51.3419],[-0.98013,51.34201],[-0.97992,51.34209],[-0.97968,51.34217],[-0.97942,51.34224],[-0.97914,51.3423],[-0.97894,51.34234],[-0.97872,51.34238],[-0.97844,51.34242],[-0.97821,51.34244],[-0.97798,51.34246]]},"properties":{"highway":"trunk","maxspeed":"50 mph","name":"Basingstoke Road","ref":"A33"}},{"type":"Feature","geometry":{"type":"LineString","coordinates":[[-0.97457,51.34227],[-0.9744,51.34229],[-0.97424,51.3423],[-0.9741,51.34231],[-0.97398,51.34233],[-0.97382,51.34235],[-0.97366,51.34238],[-0.97351,51.34242],[-0.97338,51.34245]]},"properties":{"highway":"trunk","maxspeed":"50 mph","name":"Basingstoke Road","ref":"A33"}},{"type":"Feature","geometry":{"type":"LineString","coordinates":[[-0.97725,51.34247],[-0.97699,51.34245],[-0.97667,51.34243],[-0.97642,51.3424]]},"properties":{"highway":"trunk","maxspeed":"50 mph","name":"Basingstoke Road","ref":"A33"}},{"type":"Feature","geometry":{"type":"LineString","coordinates":[[-0.97642,51.3424],[-0.97561,51.34231],[-0.97533,51.34228]]},"properties":{"highway":"trunk","maxspeed":"50 mph","name":"Basingstoke Road","ref":"A33"}},{"type":"Feature","geometry":{"type":"LineString","coordinates":[[-0.97533,51.34228],[-0.97506,51.34227],[-0.97487,51.34227],[-0.97471,51.34227],[-0.97457,51.34227]]},"properties":{"highway":"trunk","maxspeed":"50 mph","name":"Basingstoke Road","ref":"A33"}},{"type":"Feature","geometry":{"type":"LineString","coordinates":[[-0.97338,51.34245],[-0.9733,51.34247]]},"properties":{"highway":"trunk","maxspeed":"50 mph","name":"Basingstoke Road","ref":"A33"}},{"type":"Feature","geometry":{"type":"LineString","coordinates":[[-0.9733,51.34247],[-0.9732,51.3425],[-0.97307,51.34254],[-0.97291,51.3426],[-0.97271,51.3427],[-0.9725,51.34281],[-0.97229,51.34294],[-0.97208,51.34309],[-0.97198,51.34317],[-0.97183,51.34331],[-0.97172,51.34345],[-0.97161,51.34358],[-0.97153,51.34371],[-0.97147,51.34384],[-0.9714,51.34403],[-0.97135,51.34418],[-0.97122,51.34462],[-0.9711,51.34516],[-0.97093,51.34586],[-0.97078,51.34648],[-0.97069,51.34682],[-0.97059,51.34726],[-0.97052,51.34757],[-0.9705,51.34774],[-0.9705,51.34788],[-0.9705,51.34798],[-0.97051,51.34807]]},"properties":{"highway":"trunk","maxspeed":"50 mph","name":"Basingstoke Road","ref":"A33"}},{"type":"Feature","geometry":{"type":"LineString","coordinates":[[-1.10848,51.2658],[-1.10859,51.26589],[-1.10867,51.26609],[-1.10868,51.26612],[-1.10878,51.26633],[-1.1088,51.26636],[-1.10897,51.26664],[-1.10905,51.26674],[-1.10921,51.26695],[-1.10959,51.26746],[-1.11,51.26801],[-1.11018,51.26829]]},"properties":{"highway":"primary","maxspeed":"70 mph","name":"Ringway West","ref":"A340"}},{"type":"Feature","geometry":{"type":"LineString","coordinates":[[-1.10435,51.25488],[-1.10437,51.25496],[-1.10436,51.25504]]},"properties":{"highway":"primary","maxspeed":"30 mph","name":"Winchester Road Roundabout"}},{"type":"Feature","geometry":{"type":"LineString","coordinates":[[-1.10282,51.25536],[-1.1028,51.25531],[-1.10279,51.25523],[-1.1028,51.25517]]},"properties":{"highway":"primary","maxspeed":"30 mph","name":"Winchester Road Roundabout"}},{"type":"Feature","geometry":{"type":"LineString","coordinates":[[-1.10369,51.25463],[-1.10378,51.25463],[-1.10388,51.25464]]},"properties":{"highway":"primary","maxspeed":"30 mph","name":"Winchester Road Roundabout"}},{"type":"Feature","geometry":{"type":"LineString","coordinates":[[-0.99902,51.27308],[-0.99625,51.27318]]},"properties":{"highway":"primary","maxspeed":"60 mph","name":"London Road","ref":"A30"}},{"type":"Feature","geometry":{"type":"LineString","coordinates":[[-1.11182,51.24933],[-1.11204,51.24929],[-1.11231,51.24921],[-1.1125,51.24911]]},"properties":{"highway":"primary","maxspeed":"30 mph","name":"Winchester Road","ref":"A30"}},{"type":"Feature","geometry":{"type":"LineString","coordinates":[[-1.11128,51.25023],[-1.11124,51.25016]]},"properties":{"highway":"primary","maxspeed":"30 mph","name":"Brighton Hill Roundabout","ref":"A30"}},{"type":"Feature","geometry":{"type":"LineString","coordinates":[[-1.05844,51.2638],[-1.05821,51.26382],[-1.05803,51.26383],[-1.05786,51.26383],[-1.05747,51.2638]]},"properties":{"highway":"primary","maxspeed":"70 mph","ref":"A30"}},{"type":"Feature","geometry":{"type":"LineString","coordinates":[[-1.12538,51.27812],[-1.12534,51.27813],[-1.1253,51.27814],[-1.12526,51.27814],[-1.12522,51.27814]]},"properties":{"highway":"trunk","maxspeed":"60 mph"}},{"type":"Feature","geometry":{"type":"LineString","coordinates":[[-1.12548,51.27785],[-1.12551,51.27788],[-1.12552,51.27792],[-1.12553,51.27796]]},"properties":{"highway":"trunk","maxspeed":"60 mph"}},{"type":"Feature","geometry":{"type":"LineString","coordinates":[[-0.99576,51.27302],[-0.99643,51.273],[-0.99735,51.27298],[-0.99853,51.27295]]},"properties":{"highway":"primary","maxspeed":"60 mph","name":"London Road","ref":"A30"}},{"type":"Feature","geometry":{"type":"LineString","coordinates":[[-1.00782,51.273],[-1.0083,51.273],[-1.00863,51.27299],[-1.00885,51.27298],[-1.00916,51.27294],[-1.00942,51.27291],[-1.00971,51.27286],[-1.01001,51.27281],[-1.01032,51.27273],[-1.01071,51.27263],[-1.01098,51.27254],[-1.01124,51.27245],[-1.01154,51.27234],[-1.01181,51.27223],[-1.0121,51.27209],[-1.01245,51.27191],[-1.01304,51.2716]]},"properties":{"highway":"primary","maxspeed":"60 mph","name":"London Road","ref":"A30"}},{"type":"Feature","geometry":{"type":"LineString","coordinates":[[-0.92806,51.25914],[-0.92818,51.25925]]},"properties":{"highway":"primary","maxspeed":"60 mph","ref":"A287"}},{"type":"Feature","geometry":{"type":"LineString","coordinates":[[-1.22515,51.32276],[-1.2249,51.32271]]},"properties":{"highway":"trunk","maxspeed":"50 mph","ref":"A339"}},{"type":"Feature","geometry":{"type":"LineString","coordinates":[[-1.22601,51.32289],[-1.2256,51.32284],[-1.22531,51.32279],[-1.22515,51.32276]]},"properties":{"highway":"trunk","maxspeed":"50 mph","ref":"A339"}},{"type":"Feature","geometry":{"type":"LineString","coordinates":[[-1.06713,51.2641],[-1.06691,51.26385],[-1.06684,51.26377],[-1.0668,51.26373],[-1.06674,51.26369],[-1.06667,51.26365],[-1.06663,51.26363],[-1.06659,51.26361],[-1.06652,51.26359],[-1.06643,51.26356],[-1.06631,51.26353]]},"properties":{"highway":"trunk","maxspeed":"50 mph","name":"Ringway East","ref":"A339"}},{"type":"Feature","geometry":{"type":"LineString","coordinates":[[-1.06559,51.26276],[-1.06564,51.26272],[-1.06573,51.26267],[-1.0658,51.26264],[-1.06587,51.26261],[-1.06593,51.26258],[-1.06599,51.26257],[-1.06606,51.26255],[-1.06624,51.26252]]},"properties":{"highway":"trunk","maxspeed":"50 mph","name":"Black Dam Roundabout"}},{"type":"Feature","geometry":{"type":"LineString","coordinates":[[-1.06921,51.26221],[-1.06988,51.26195],[-1.07074,51.26139],[-1.0715,51.26083]]},"properties":{"highway":"primary","maxspeed":"70 mph","name":"Ringway South","ref":"A30"}},{"type":"Feature","geometry":{"type":"LineString","coordinates":[[-1.06361,51.28551],[-1.0631,51.28555],[-1.0627,51.28555]]},"properties":{"highway":"trunk","maxspeed":"50 mph","name":"Reading Road","ref":"A33"}},{"type":"Feature","geometry":{"type":"LineString","coordinates":[[-1.05372,51.28866],[-1.05406,51.28858],[-1.05437,51.28849],[-1.05465,51.2884],[-1.05482,51.28835],[-1.05501,51.28828],[-1.05523,51.2882],[-1.05547,51.2881],[-1.05571,51.288],[-1.05598,51.28788],[-1.05622,51.28776],[-1.05641,51.28766],[-1.05664,51.28753],[-1.05704,51.28731],[-1.05753,51.28701],[-1.05797,51.28675],[-1.05827,51.28658],[-1.05848,51.28647],[-1.0587,51.28637],[-1.05895,51.28625],[-1.05925,51.28612],[-1.05957,51.286],[-1.05979,51.28592],[-1.0601,51.28581],[-1.0603,51.28575],[-1.06048,51.28569],[-1.06066,51.28563],[-1.06075,51.28559],[-1.06082,51.28555],[-1.06085,51.28553],[-1.06092,51.28549]]},"properties":{"highway":"trunk","maxspeed":"50 mph","name":"Reading Road","ref":"A33"}},{"type":"Feature","geometry":{"type":"LineString","coordinates":[[-1.10292,51.2773],[-1.10227,51.27741]]},"properties":{"bridge":"yes","highway":"trunk","layer":"1","maxspeed":"70 mph","name":"Ringway North","ref":"A339"}},{"type":"Feature","geometry":{"type":"LineString","coordinates":[[-1.10223,51.27729],[-1.10289,51.27718]]},"properties":{"bridge":"yes","highway":"trunk","layer":"1","maxspeed":"70 mph","name":"Ringway North","ref":"A339"}},{"type":"Feature","geometry":{"type":"LineString","coordinates":[[-1.10103,51.27761],[-1.10043,51.27771]]},"properties":{"bridge":"yes","highway":"trunk","layer":"1","maxspeed":"70 mph","name":"Ringway North","ref":"A339"}},{"type":"Feature","geometry":{"type":"LineString","coordinates":[[-1.10039,51.2776],[-1.10099,51.2775]]},"properties":{"bridge":"yes","highway":"trunk","layer":"1","maxspeed":"70 mph","name":"Ringway North","ref":"A339"}},{"type":"Feature","geometry":{"type":"LineString","coordinates":[[-1.14686,51.23064],[-1.14666,51.23081]]},"properties":{"highway":"primary","maxspeed":"50 mph","name":"Winchester Road","ref":"A30"}},{"type":"Feature","geometry":{"type":"LineString","coordinates":[[-1.1461,51.23125],[-1.14599,51.23134]]},"properties":{"highway":"primary","maxspeed":"50 mph","name":"Winchester Road","ref":"A30"}},{"type":"Feature","geometry":{"type":"LineString","coordinates":[[-1.162,51.22267],[-1.1618,51.22273]]},"properties":{"highway":"primary","maxspeed":"50 mph","ref":"A30"}},{"type":"Feature","geometry":{"type":"LineString","coordinates":[[-1.16211,51.22263],[-1.162,51.22267]]},"properties":{"highway":"primary","maxspeed":"50 mph","ref":"A30"}},{"type":"Feature","geometry":{"type":"LineString","coordinates":[[-1.16047,51.22293],[-1.16073,51.22284]]},"properties":{"highway":"primary","maxspeed":"50 mph","ref":"A30"}},{"type":"Feature","geometry":{"type":"LineString","coordinates":[[-1.16163,51.22251],[-1.1629,51.22197],[-1.16335,51.22175]]},"properties":{"highway":"primary","maxspeed":"70 mph","ref":"A30"}},{"type":"Feature","geometry":{"type":"LineString","coordinates":[[-1.15993,51.22324],[-1.15941,51.22337]]},"properties":{"highway":"primary","maxspeed":"50 mph","ref":"A30"}},{"type":"Feature","geometry":{"type":"LineString","coordinates":[[-1.15177,51.22664],[-1.15236,51.22613]]},"properties":{"highway":"primary","maxspeed":"50 mph","name":"Winchester Road","ref":"A30"}},{"type":"Feature","geometry":{"type":"LineString","coordinates":[[-1.07871,51.25148],[-1.07867,51.25143],[-1.07865,51.25139],[-1.07865,51.25137],[-1.07866,51.25124]]},"properties":{"highway":"primary","maxspeed":"50 mph","name":"Alton Road","ref":"A339"}},{"type":"Feature","geometry":{"type":"LineString","coordinates":[[-1.10974,51.28366],[-1.10983,51.28374]]},"properties":{"highway":"primary","maxspeed":"50 mph","name":"Aldermaston Road","ref":"A340"}},{"type":"Feature","geometry":{"type":"LineString","coordinates":[[-1.11282,51.30231],[-1.11281,51.30211],[-1.11281,51.30189]]},"properties":{"highway":"primary","maxspeed":"30 mph","name":"Aldermaston Road","ref":"A340"}},{"type":"Feature","geometry":{"type":"LineString","coordinates":[[-1.06367,51.22737],[-1.06368,51.22727],[-1.06371,51.22713]]},"properties":{"highway":"primary","maxspeed":"50 mph","ref":"A339"}},{"type":"Feature","geometry":{"type":"LineString","coordinates":[[-1.04225,51.30113],[-1.04227,51.30112],[-1.04228,51.3011]]},"properties":{"highway":"trunk","maxspeed":"40 mph","name":"Taylor's Farm Roundabout"}},{"type":"Feature","geometry":{"type":"LineString","coordinates":[[-1.05245,51.28903],[-1.05179,51.28919],[-1.05109,51.28935],[-1.05059,51.28948]]},"properties":{"highway":"trunk","maxspeed":"50 mph","name":"Reading Road","ref":"A33"}},{"type":"Feature","geometry":{"type":"LineString","coordinates":[[-0.96669,51.28093],[-0.96632,51.28107],[-0.96608,51.28116]]},"properties":{"highway":"primary","maxspeed":"30 mph","name":"London Road","ref":"A30"}},{"type":"Feature","geometry":{"type":"LineString","coordinates":[[-1.03285,51.26451],[-1.03281,51.26457],[-1.0327,51.26465]]},"properties":{"highway":"primary","maxspeed":"40 mph","name":"London Road","ref":"A30"}},{"type":"Feature","geometry":{"type":"LineString","coordinates":[[-1.03255,51.26461],[-1.03264,51.26457],[-1.03285,51.26451]]},"properties":{"highway":"primary","maxspeed":"40 mph","name":"London Road","ref":"A30"}},{"type":"Feature","geometry":{"type":"LineString","coordinates":[[-1.03378,51.2641],[-1.03356,51.26418],[-1.03327,51.26431],[-1.03312,51.26438]]},"properties":{"highway":"primary","maxspeed":"30 mph","name":"London Road","ref":"A30"}},{"type":"Feature","geometry":{"type":"LineString","coordinates":[[-1.03312,51.26438],[-1.03301,51.26443],[-1.03296,51.26445],[-1.03285,51.26451]]},"properties":{"highway":"primary","maxspeed":"30 mph","name":"London Road","ref":"A30"}},{"type":"Feature","geometry":{"type":"LineString","coordinates":[[-1.04226,51.26322],[-1.04215,51.26324],[-1.04197,51.26325],[-1.04195,51.26325],[-1.04191,51.26326],[-1.04158,51.26329],[-1.04149,51.2633],[-1.04124,51.26332]]},"properties":{"highway":"primary","maxspeed":"40 mph","name":"London Road","ref":"A30"}},{"type":"Feature","geometry":{"type":"LineString","coordinates":[[-1.04317,51.26316],[-1.04299,51.26317],[-1.04297,51.26317],[-1.04261,51.2632],[-1.04258,51.2632],[-1.04252,51.2632],[-1.04227,51.26322],[-1.04226,51.26322]]},"properties":{"highway":"primary","maxspeed":"40 mph","name":"London Road","ref":"A30"}},{"type":"Feature","geometry":{"type":"LineString","coordinates":[[-1.04803,51.26306],[-1.04743,51.26312]]},"properties":{"highway":"primary","maxspeed":"40 mph","name":"London Road","ref":"A30"}},{"type":"Feature","geometry":{"type":"LineString","coordinates":[[-1.04866,51.26301],[-1.04837,51.26303],[-1.04822,51.26305]]},"properties":{"highway":"primary","maxspeed":"40 mph","name":"London Road","ref":"A30"}},{"type":"Feature","geometry":{"type":"LineString","coordinates":[[-1.04822,51.26305],[-1.0481,51.26306],[-1.04805,51.26306],[-1.04803,51.26306]]},"properties":{"highway":"primary","maxspeed":"40 mph","name":"London Road","ref":"A30"}},{"type":"Feature","geometry":{"type":"LineString","coordinates":[[-1.07004,51.27094],[-1.07005,51.271]]},"properties":{"highway":"trunk","maxspeed":"70 mph","name":"Ringway East","ref":"A339"}},{"type":"Feature","geometry":{"type":"LineString","coordinates":[[-1.06966,51.27062],[-1.06964,51.27051],[-1.06961,51.27037],[-1.06956,51.27012]]},"properties":{"highway":"trunk","maxspeed":"70 mph","name":"Ringway East","ref":"A339"}},{"type":"Feature","geometry":{"type":"LineString","coordinates":[[-1.06988,51.27163],[-1.06974,51.27101]]},"properties":{"highway":"trunk","maxspeed":"70 mph","name":"Ringway East","ref":"A339"}},{"type":"Feature","geometry":{"type":"LineString","coordinates":[[-1.0819,51.2668],[-1.08217,51.26674],[-1.08221,51.26673],[-1.08244,51.26667]]},"properties":{"highway":"primary","maxspeed":"30 mph","name":"Churchill Way East","ref":"A3010"}},{"type":"Feature","geometry":{"type":"LineString","coordinates":[[-1.07044,51.28439],[-1.07047,51.28444]]},"properties":{"highway":"trunk","maxspeed":"50 mph","name":"Crockford Roundabout","ref":"A33"}}]}