{"type":"FeatureCollection","features":[{"type":"Feature","geometry":{"type":"LineString","coordinates":[[-1.03177,51.28777],[-1.03265,51.28742],[-1.03322,51.28717],[-1.03371,51.28678],[-1.03493,51.28573],[-1.03578,51.28464],[-1.03684,51.28363],[-1.03735,51.28319],[-1.03763,51.28307],[-1.03832,51.28298],[-1.03864,51.28305],[-1.03883,51.28331],[-1.03912,51.28343],[-1.03941,51.28346],[-1.03992,51.28346],[-1.04005,51.28322],[-1.0406,51.28284],[-1.04065,51.28281],[-1.04226,51.28217],[-1.04237,51.28181],[-1.04193,51.28001]]},"properties":{"k":"river","name":"River Loddon"}},{"type":"Feature","geometry":{"type":"LineString","coordinates":[[-1.06455,51.26495],[-1.06432,51.26505],[-1.06399,51.26535],[-1.06341,51.26569],[-1.0628,51.26602],[-1.06267,51.2661],[-1.06256,51.26634],[-1.06215,51.26654],[-1.06187,51.26672],[-1.06177,51.26705],[-1.06088,51.26761],[-1.06015,51.26798]]},"properties":{"k":"river","name":"River Loddon"}},{"type":"Feature","geometry":{"type":"LineString","coordinates":[[-1.06015,51.26798],[-1.05947,51.2683],[-1.05872,51.26859],[-1.05844,51.2688],[-1.05826,51.26912],[-1.05815,51.2692],[-1.0579,51.26953],[-1.05749,51.26977],[-1.05735,51.27],[-1.05699,51.27006],[-1.05686,51.26992],[-1.05662,51.26988],[-1.0564,51.26992],[-1.05643,51.27007],[-1.05639,51.27014],[-1.05616,51.27016],[-1.05556,51.27],[-1.05529,51.26996],[-1.05512,51.27],[-1.05512,51.27017],[-1.0551,51.27032],[-1.05477,51.27048],[-1.05411,51.27092],[-1.05363,51.27125],[-1.05342,51.27153],[-1.05334,51.27192],[-1.05326,51.27221],[-1.0531,51.27277],[-1.05294,51.27305]]},"properties":{"k":"river","name":"River Loddon"}},{"type":"Feature","geometry":{"type":"LineString","coordinates":[[-1.05294,51.27305],[-1.05286,51.27315],[-1.05267,51.27326],[-1.0514,51.27374],[-1.05101,51.27381],[-1.05015,51.2739],[-1.0497,51.27402],[-1.04863,51.27439],[-1.04861,51.27441],[-1.04858,51.27444],[-1.04784,51.27521],[-1.04608,51.27757],[-1.04554,51.27807],[-1.04451,51.27843],[-1.04236,51.27952],[-1.04193,51.28001]]},"properties":{"k":"river","name":"River Loddon"}},{"type":"Feature","geometry":{"type":"LineString","coordinates":[[-0.88791,51.18107],[-0.88758,51.18102],[-0.88745,51.18097],[-0.8874,51.18091],[-0.88736,51.18079],[-0.88724,51.18078],[-0.88714,51.18081],[-0.88698,51.18095],[-0.88694,51.18099],[-0.88687,51.18101],[-0.88661,51.18096],[-0.88647,51.18089],[-0.88635,51.18085],[-0.88613,51.18082],[-0.88592,51.1808],[-0.88573,51.18075],[-0.88539,51.18055],[-0.88527,51.1805],[-0.88513,51.18049],[-0.88499,51.18052],[-0.88446,51.18068],[-0.88358,51.18091],[-0.88316,51.18099],[-0.88277,51.18113],[-0.88227,51.18135],[-0.88204,51.18151],[-0.88193,51.18154],[-0.88172,51.18153],[-0.88151,51.18146],[-0.88139,51.18147],[-0.88108,51.18154],[-0.88094,51.18157],[-0.88077,51.18158],[-0.88054,51.18148],[-0.87991,51.1813],[-0.87968,51.18126],[-0.87912,51.18131],[-0.87882,51.18122],[-0.87851,51.18116],[-0.87832,51.18115],[-0.87822,51.18116],[-0.87813,51.18118],[-0.87809,51.1812],[-0.87806,51.18124],[-0.87805,51.18131],[-0.87805,51.18145],[-0.87799,51.18157],[-0.87793,51.18161],[-0.87767,51.18165],[-0.87746,51.1817],[-0.87735,51.18175],[-0.87723,51.18184],[-0.87714,51.18195],[-0.87696,51.18213],[-0.87669,51.18229],[-0.87636,51.18244],[-0.87605,51.18256],[-0.87585,51.18262],[-0.87509,51.18262],[-0.87498,51.1827],[-0.87481,51.18271],[-0.8746,51.18268],[-0.87431,51.18262],[-0.87401,51.18256],[-0.87387,51.18249],[-0.87367,51.18237],[-0.87338,51.18227],[-0.87333,51.18222],[-0.8733,51.18214],[-0.87334,51.1821],[-0.87349,51.18204],[-0.87355,51.18199],[-0.87348,51.1819],[-0.87337,51.18187],[-0.87318,51.18187],[-0.87305,51.18192],[-0.87292,51.18196],[-0.87285,51.18201],[-0.87278,51.18207],[-0.87274,51.18208],[-0.87268,51.18206],[-0.87261,51.182],[-0.87255,51.18191],[-0.87256,51.18183],[-0.87257,51.18178],[-0.87254,51.18174],[-0.8724,51.18171],[-0.87223,51.18175],[-0.87213,51.18185],[-0.87205,51.18191],[-0.87193,51.18192],[-0.87181,51.18189],[-0.87158,51.18178],[-0.87141,51.18165],[-0.87127,51.18163],[-0.87113,51.18172],[-0.8711,51.18179],[-0.87093,51.18191],[-0.87068,51.18198],[-0.87052,51.18198],[-0.87038,51.18194],[-0.87019,51.18197],[-0.87013,51.18202],[-0.86999,51.18222],[-0.86996,51.18233],[-0.86999,51.18245],[-0.86997,51.18251],[-0.86988,51.18257],[-0.86971,51.18261],[-0.86952,51.18271],[-0.86938,51.18285],[-0.86919,51.183],[-0.86901,51.18313],[-0.86894,51.18316],[-0.86878,51.18317],[-0.86876,51.18322],[-0.86883,51.18335],[-0.86873,51.18341],[-0.86836,51.18356],[-0.86797,51.1837],[-0.8678,51.18374],[-0.86768,51.18376],[-0.86761,51.18379],[-0.86757,51.18383],[-0.86741,51.18395],[-0.86731,51.184],[-0.86706,51.18409],[-0.86702,51.18413],[-0.86702,51.18417],[-0.86706,51.1842],[-0.8671,51.18431],[-0.86716,51.1844],[-0.86714,51.18445],[-0.86679,51.18449],[-0.86672,51.18456],[-0.8667,51.18464],[-0.8667,51.18477],[-0.86667,51.18481],[-0.86656,51.18491],[-0.86654,51.18494],[-0.86654,51.18525],[-0.86629,51.1855],[-0.86621,51.18567],[-0.86601,51.18585],[-0.86605,51.18605],[-0.86604,51.18615],[-0.866,51.18625],[-0.86594,51.18632],[-0.86568,51.1864],[-0.86564,51.18649],[-0.86565,51.18665],[-0.86566,51.18672],[-0.86581,51.18697],[-0.86574,51.18717],[-0.86566,51.18731],[-0.86561,51.18736],[-0.86551,51.18739],[-0.86489,51.18748],[-0.86447,51.18752],[-0.86416,51.18779],[-0.86407,51.18782],[-0.86378,51.18772],[-0.86362,51.18766],[-0.86348,51.18762],[-0.8634,51.18763],[-0.86323,51.18775],[-0.86307,51.18782],[-0.86298,51.18779],[-0.86278,51.18758],[-0.86271,51.18744],[-0.86259,51.18735],[-0.86249,51.18727],[-0.86232,51.18718],[-0.86214,51.18714],[-0.86189,51.1872],[-0.86171,51.18715],[-0.86165,51.18694],[-0.86096,51.18685],[-0.86062,51.18692],[-0.86051,51.1869],[-0.86054,51.18682],[-0.86066,51.18665],[-0.86069,51.18654],[-0.8606,51.1865],[-0.86006,51.18664],[-0.85995,51.18674],[-0.85999,51.18698],[-0.85998,51.18707],[-0.85992,51.18709],[-0.85981,51.18709],[-0.85963,51.18703],[-0.85954,51.18705],[-0.85949,51.1871],[-0.8595,51.18716],[-0.85957,51.18729],[-0.85972,51.18738],[-0.85973,51.18744],[-0.85973,51.1875],[-0.85963,51.18757],[-0.8595,51.18762],[-0.85936,51.18764],[-0.85921,51.18763],[-0.85911,51.18761],[-0.85902,51.18759],[-0.85893,51.18761],[-0.85878,51.18775],[-0.85869,51.18788],[-0.85873,51.1881],[-0.85877,51.18836],[-0.85879,51.1884],[-0.85888,51.18841],[-0.85897,51.18842],[-0.85912,51.1884],[-0.85916,51.18841],[-0.85917,51.18853],[-0.85915,51.18862],[-0.85912,51.18868],[-0.85903,51.1887],[-0.85891,51.18869],[-0.85872,51.18863],[-0.85862,51.18863],[-0.85859,51.18866],[-0.85876,51.18879],[-0.85903,51.18894],[-0.85927,51.18911],[-0.8593,51.18915],[-0.85927,51.18919],[-0.85923,51.18924],[-0.85918,51.18926],[-0.85905,51.18926],[-0.85897,51.18926],[-0.85891,51.18928],[-0.85889,51.18933],[-0.85891,51.18938],[-0.85914,51.18948],[-0.85923,51.18954],[-0.85931,51.18961],[-0.8593,51.18967],[-0.85927,51.18972],[-0.85921,51.18975],[-0.85913,51.18976],[-0.85902,51.18976],[-0.85896,51.18975],[-0.85891,51.18976],[-0.85887,51.1898],[-0.85885,51.18985],[-0.85886,51.18995],[-0.85901,51.19017],[-0.85907,51.19035],[-0.85917,51.19045],[-0.8592,51.19057],[-0.85911,51.1907],[-0.85896,51.19077],[-0.85864,51.19079],[-0.85835,51.19081],[-0.85819,51.19083],[-0.85806,51.19087],[-0.85778,51.19104],[-0.85716,51.19114],[-0.85663,51.1913],[-0.85608,51.19145],[-0.85504,51.19157],[-0.85448,51.19166],[-0.85423,51.1917],[-0.85372,51.19182],[-0.85351,51.19186],[-0.85291,51.19189],[-0.85266,51.19188],[-0.85236,51.19182],[-0.85212,51.19179],[-0.85187,51.19173],[-0.85164,51.19174],[-0.85114,51.19173],[-0.85077,51.19167],[-0.85024,51.19165],[-0.84987,51.19158],[-0.84926,51.19143],[-0.84892,51.19128],[-0.8487,51.19128],[-0.84858,51.1913],[-0.84853,51.19137],[-0.84858,51.19145],[-0.84865,51.19152],[-0.84871,51.19161],[-0.84866,51.19165],[-0.84857,51.19165],[-0.84849,51.19158],[-0.84843,51.19148],[-0.84835,51.19135],[-0.84831,51.19129],[-0.84822,51.19122],[-0.84819,51.19111],[-0.84812,51.19107],[-0.84787,51.19109],[-0.84753,51.19114],[-0.84694,51.19126],[-0.84686,51.19127],[-0.84669,51.19131],[-0.84652,51.19136],[-0.84637,51.19139],[-0.84594,51.19149],[-0.84579,51.19153],[-0.8457,51.19157],[-0.84549,51.19168],[-0.84535,51.19175],[-0.84522,51.19181],[-0.84507,51.19195],[-0.84504,51.19223],[-0.84492,51.19236],[-0.84467,51.19242],[-0.84437,51.19243],[-0.84425,51.19243],[-0.84413,51.19246],[-0.84397,51.19269],[-0.84385,51.19289],[-0.84376,51.19298],[-0.84351,51.19306],[-0.84313,51.19306],[-0.84289,51.19308],[-0.84275,51.19313],[-0.84266,51.19322],[-0.84267,51.19332],[-0.84277,51.19341],[-0.84282,51.19347],[-0.84277,51.19354],[-0.84246,51.19357],[-0.84179,51.19353],[-0.84135,51.19352],[-0.84108,51.19356],[-0.84086,51.19367],[-0.84077,51.1938],[-0.84068,51.19392],[-0.84055,51.19402],[-0.84018,51.19404],[-0.84009,51.19401],[-0.83999,51.19389],[-0.8399,51.19386],[-0.83975,51.19388],[-0.83961,51.19394],[-0.83932,51.19408],[-0.83905,51.19428],[-0.83866,51.19432],[-0.83813,51.19446],[-0.83806,51.19453],[-0.83805,51.19463],[-0.83806,51.1948],[-0.83798,51.19493],[-0.83755,51.19506],[-0.83735,51.19506],[-0.83716,51.19502],[-0.83706,51.19504],[-0.83702,51.19511],[-0.83704,51.19516],[-0.83715,51.19523],[-0.83708,51.19531],[-0.83674,51.19534],[-0.83659,51.19532],[-0.83645,51.19527],[-0.8364,51.1952],[-0.83627,51.19519],[-0.83618,51.19526],[-0.83616,51.19536],[-0.83593,51.19554],[-0.83602,51.1956],[-0.83618,51.19563],[-0.83641,51.19561],[-0.83657,51.19566],[-0.83661,51.1958],[-0.83623,51.19603],[-0.83589,51.19634],[-0.83579,51.19637],[-0.83569,51.19633],[-0.83557,51.1962],[-0.83545,51.19615],[-0.83533,51.19617],[-0.83526,51.19623],[-0.83527,51.19633],[-0.83531,51.1964],[-0.83539,51.19644],[-0.83555,51.19654],[-0.83554,51.19663],[-0.83534,51.19674],[-0.83512,51.19686],[-0.83518,51.19709],[-0.83536,51.19721],[-0.83535,51.1973],[-0.83506,51.19739],[-0.8349,51.19751],[-0.83479,51.19761],[-0.83474,51.19783],[-0.8347,51.19796],[-0.83472,51.19806],[-0.83493,51.19859],[-0.83488,51.19874],[-0.83469,51.19892],[-0.83428,51.19932],[-0.83365,51.19952],[-0.83334,51.19955],[-0.8332,51.19938],[-0.83233,51.19942],[-0.8322,51.19943],[-0.83214,51.19944],[-0.83193,51.19958],[-0.83161,51.19956],[-0.8311,51.19935],[-0.83057,51.19919],[-0.83051,51.19912],[-0.83053,51.19905],[-0.8307,51.19888],[-0.83071,51.19883],[-0.83068,51.19878],[-0.83053,51.19874],[-0.83018,51.19879],[-0.82997,51.19881],[-0.82972,51.19881],[-0.82956,51.19884],[-0.82953,51.1989],[-0.82957,51.19894],[-0.82966,51.19899],[-0.82963,51.19907],[-0.82956,51.1991],[-0.82948,51.1991],[-0.82935,51.19907],[-0.82908,51.19897],[-0.82887,51.19897],[-0.82868,51.19901],[-0.82853,51.19927],[-0.82773,51.19959],[-0.82763,51.2],[-0.82741,51.20003],[-0.82712,51.19995],[-0.82656,51.20006],[-0.82628,51.20036],[-0.82612,51.20043],[-0.82585,51.20054],[-0.82558,51.20062],[-0.8254,51.20071],[-0.82538,51.20084],[-0.82538,51.20111],[-0.82536,51.20129],[-0.82528,51.20136],[-0.82514,51.20138],[-0.825,51.20135],[-0.82485,51.20136],[-0.82472,51.20144],[-0.82458,51.20153],[-0.82429,51.20166],[-0.82412,51.20176],[-0.82399,51.20189],[-0.82384,51.202],[-0.82373,51.20201],[-0.82347,51.20195],[-0.82332,51.20196],[-0.82317,51.202],[-0.82287,51.20207],[-0.8227,51.20208],[-0.82248,51.20203],[-0.82204,51.20181],[-0.82182,51.20171],[-0.82158,51.20163],[-0.82126,51.20159],[-0.82111,51.20161],[-0.82096,51.20167],[-0.82081,51.20176],[-0.82068,51.20185],[-0.82049,51.20224],[-0.8198,51.20311],[-0.81978,51.20322],[-0.8198,51.20333],[-0.81988,51.20344],[-0.82024,51.20339],[-0.82018,51.20361],[-0.82013,51.20381],[-0.82003,51.20387],[-0.81989,51.20389],[-0.81964,51.20388],[-0.8196,51.2039],[-0.81958,51.20394],[-0.81962,51.20402],[-0.81989,51.20416],[-0.81992,51.20424],[-0.81974,51.20433],[-0.81958,51.20437],[-0.81941,51.20439],[-0.81917,51.20439],[-0.81912,51.20442],[-0.8191,51.20452],[-0.81916,51.20465],[-0.81922,51.20479],[-0.81923,51.20493],[-0.81919,51.20501],[-0.81902,51.20512],[-0.81877,51.20517],[-0.81861,51.20518],[-0.81853,51.20519],[-0.81847,51.20521],[-0.8184,51.20526],[-0.81839,51.20533],[-0.8184,51.2054],[-0.81839,51.20545],[-0.81831,51.20549],[-0.81821,51.20552],[-0.8181,51.20552],[-0.81799,51.20549],[-0.81745,51.20516],[-0.8171,51.20496],[-0.81695,51.2049],[-0.81687,51.20489],[-0.81677,51.20489]]},"properties":{"k":"river","name":"River Wey"}},{"type":"Feature","geometry":{"type":"LineString","coordinates":[[-1.10804,51.34549],[-1.1078,51.34514]]},"properties":{"k":"stream","name":"Silchester Brook"}},{"type":"Feature","geometry":{"type":"LineString","coordinates":[[-1.10954,51.33995],[-1.10951,51.33998],[-1.1095,51.34],[-1.10951,51.34003],[-1.10952,51.34007],[-1.10953,51.3401],[-1.10953,51.34012],[-1.10951,51.34014],[-1.10948,51.34016],[-1.10947,51.3402],[-1.10944,51.34021],[-1.1094,51.34021],[-1.10936,51.34021],[-1.10931,51.34023],[-1.10928,51.34026],[-1.10926,51.34028],[-1.10927,51.34031],[-1.10922,51.34037],[-1.10909,51.3405],[-1.10892,51.34062],[-1.10877,51.34071],[-1.10863,51.3408],[-1.10852,51.3409],[-1.10843,51.341],[-1.10829,51.3411],[-1.10818,51.34117],[-1.10804,51.34125],[-1.10788,51.34128],[-1.10772,51.34129],[-1.10766,51.34134],[-1.10757,51.34138],[-1.10749,51.34137],[-1.10733,51.34136],[-1.10713,51.34134],[-1.10697,51.34135],[-1.10686,51.3414],[-1.10672,51.34146],[-1.10655,51.34155],[-1.1064,51.34162],[-1.10629,51.34174],[-1.10617,51.34184],[-1.10616,51.34192],[-1.10615,51.342],[-1.10602,51.34206]]},"properties":{"k":"stream","name":"Ash Brook"}},{"type":"Feature","geometry":{"type":"LineString","coordinates":[[-1.12813,51.33979],[-1.12779,51.3398]]},"properties":{"k":"stream","name":""}},{"type":"Feature","geometry":{"type":"LineString","coordinates":[[-1.12828,51.35027],[-1.12819,51.35028],[-1.12802,51.35029],[-1.12795,51.35029],[-1.12773,51.35031],[-1.12745,51.35031],[-1.12715,51.35031],[-1.12683,51.35028],[-1.12666,51.35025],[-1.12646,51.35019],[-1.12621,51.35007],[-1.12603,51.34998],[-1.12573,51.34986],[-1.12552,51.34977],[-1.1253,51.34967],[-1.12502,51.34958],[-1.12484,51.34953],[-1.12464,51.34946],[-1.12442,51.3494],[-1.12429,51.34938],[-1.12409,51.34936],[-1.12383,51.34935],[-1.12348,51.34935],[-1.12306,51.34933],[-1.12286,51.34932],[-1.1226,51.3493],[-1.12242,51.3493],[-1.12229,51.34929],[-1.12213,51.34928],[-1.12194,51.34927],[-1.12169,51.34928],[-1.12147,51.34927],[-1.12131,51.34925],[-1.12108,51.34928],[-1.12102,51.34929],[-1.12082,51.3493],[-1.12039,51.34935],[-1.11955,51.34945],[-1.11854,51.34955],[-1.11787,51.34963],[-1.11759,51.34969],[-1.11731,51.34974]]},"properties":{"k":"stream","name":""}},{"type":"Feature","geometry":{"type":"LineString","coordinates":[[-1.1447,51.34019],[-1.14416,51.34018],[-1.1435,51.34017],[-1.14285,51.34013],[-1.14229,51.33996],[-1.14187,51.33969],[-1.14124,51.33965],[-1.14069,51.3397],[-1.14011,51.33976],[-1.13957,51.33981],[-1.13908,51.3399],[-1.13871,51.34005],[-1.13835,51.3402],[-1.1379,51.34032],[-1.1374,51.34043],[-1.13702,51.34041],[-1.13649,51.3403],[-1.13622,51.34024],[-1.13609,51.34022],[-1.13566,51.34016],[-1.13544,51.34015],[-1.13519,51.34013],[-1.13469,51.34015],[-1.13423,51.3402],[-1.13389,51.34028],[-1.13358,51.3404],[-1.13327,51.34043],[-1.13298,51.34045],[-1.1327,51.34042]]},"properties":{"k":"stream","name":""}},{"type":"Feature","geometry":{"type":"LineString","coordinates":[[-1.14033,51.33298],[-1.13976,51.33315],[-1.13896,51.33323],[-1.13795,51.33334],[-1.13747,51.33345],[-1.13475,51.33416],[-1.13462,51.33408],[-1.13364,51.33377],[-1.13374,51.33339],[-1.13331,51.33339],[-1.1326,51.33345],[-1.13242,51.33341],[-1.13156,51.33364],[-1.13136,51.33388],[-1.12852,51.33412],[-1.12763,51.33407],[-1.12544,51.33377],[-1.12511,51.3338],[-1.12504,51.33414],[-1.1242,51.33409],[-1.12253,51.33397],[-1.12107,51.33382],[-1.12035,51.33333],[-1.11984,51.33287],[-1.11986,51.33219],[-1.11982,51.33172],[-1.11986,51.33148],[-1.11965,51.33119],[-1.11912,51.3304],[-1.11896,51.33],[-1.11769,51.32928],[-1.11691,51.32915],[-1.11528,51.32882],[-1.11522,51.32871],[-1.11386,51.32849],[-1.11344,51.32855],[-1.11285,51.32854],[-1.11112,51.32864],[-1.10999,51.32881],[-1.10931,51.32886],[-1.10873,51.32899],[-1.10793,51.32923],[-1.10727,51.32952],[-1.10689,51.32964],[-1.1067,51.32966]]},"properties":{"k":"stream","name":""}},{"type":"Feature","geometry":{"type":"LineString","coordinates":[[-0.96824,51.25756],[-0.96791,51.2576],[-0.96722,51.25773],[-0.96695,51.25779],[-0.96669,51.25788],[-0.96636,51.25801],[-0.96595,51.25823],[-0.96547,51.25852],[-0.96502,51.25882],[-0.96434,51.25934],[-0.96389,51.25972],[-0.96345,51.2601]]},"properties":{"k":"canal","name":"Basingstoke Canal"}},{"type":"Feature","geometry":{"type":"LineString","coordinates":[[-1.00548,51.26396],[-1.00506,51.26419],[-1.00477,51.26422],[-1.00459,51.26424],[-1.00429,51.26428],[-1.00348,51.26429],[-1.00269,51.26422],[-1.00185,51.26403],[-1.00101,51.26384],[-1.00042,51.26391],[-0.99958,51.26406],[-0.99863,51.26425],[-0.99812,51.26437],[-0.99751,51.2646],[-0.99677,51.26504],[-0.99632,51.26527],[-0.99628,51.26528],[-0.99621,51.26529],[-0.99597,51.26527],[-0.99549,51.26515],[-0.99532,51.26509],[-0.99487,51.26494],[-0.99354,51.26447],[-0.99325,51.26436],[-0.99177,51.26369],[-0.99051,51.26294],[-0.99022,51.26281],[-0.99012,51.26275],[-0.98947,51.26234],[-0.98833,51.26162],[-0.98772,51.26123],[-0.98735,51.26104]]},"properties":{"k":"canal","name":"Basingstoke Canal (derelict)"}},{"type":"Feature","geometry":{"type":"LineString","coordinates":[[-0.98664,51.26084],[-0.97121,51.25765],[-0.97116,51.25765]]},"properties":{"k":"canal","name":"Greywell Tunnel"}},{"type":"Feature","geometry":{"type":"LineString","coordinates":[[-1.26328,51.24464],[-1.26335,51.24464],[-1.26344,51.24465],[-1.26352,51.24466],[-1.26361,51.24468],[-1.26373,51.2447],[-1.26389,51.24473],[-1.26401,51.24476],[-1.26434,51.24484],[-1.26448,51.24488],[-1.26463,51.24491],[-1.26475,51.24494],[-1.26487,51.24497],[-1.26498,51.24499],[-1.26505,51.245],[-1.26511,51.24501],[-1.26521,51.24502],[-1.26532,51.24502],[-1.26538,51.24502],[-1.26548,51.24502],[-1.26562,51.24502],[-1.26591,51.24502],[-1.26615,51.24501],[-1.26638,51.245],[-1.26659,51.24501],[-1.26674,51.24502],[-1.2669,51.24502],[-1.26705,51.24501],[-1.26718,51.24499],[-1.26733,51.24497],[-1.26751,51.24492],[-1.26767,51.24488],[-1.26782,51.24486],[-1.26793,51.24485],[-1.26808,51.24484],[-1.2682,51.24485],[-1.26831,51.24485],[-1.2685,51.24486],[-1.26857,51.24487],[-1.26864,51.2449],[-1.26873,51.24493],[-1.2688,51.24497],[-1.26889,51.24503],[-1.26896,51.24508],[-1.26903,51.24513],[-1.26911,51.24519],[-1.26912,51.2452],[-1.2692,51.24524],[-1.26931,51.24531],[-1.26938,51.24533],[-1.26944,51.24535],[-1.2695,51.24535],[-1.26957,51.24535],[-1.26965,51.24533],[-1.26976,51.24531],[-1.26989,51.24527],[-1.26998,51.24523],[-1.27008,51.24519],[-1.27017,51.24514],[-1.27024,51.2451],[-1.27031,51.24507],[-1.27038,51.24505],[-1.27045,51.24503],[-1.27053,51.24502],[-1.27062,51.245],[-1.27071,51.24499],[-1.27084,51.24496],[-1.27092,51.24493],[-1.271,51.2449],[-1.27108,51.24488],[-1.27116,51.24486],[-1.27125,51.24484],[-1.27133,51.24483],[-1.27142,51.24481],[-1.2715,51.2448],[-1.27157,51.24479],[-1.2716,51.24477],[-1.27162,51.24476],[-1.27164,51.24473],[-1.27165,51.24471],[-1.27167,51.24468],[-1.2717,51.24464],[-1.27176,51.24461],[-1.27181,51.24459],[-1.27189,51.24456],[-1.272,51.24453],[-1.27211,51.2445],[-1.27223,51.24448],[-1.27237,51.24445],[-1.27251,51.24443],[-1.27268,51.24441],[-1.27282,51.24439],[-1.27305,51.24436],[-1.27325,51.24435],[-1.27343,51.24434],[-1.27356,51.24434],[-1.27367,51.24434],[-1.27377,51.24433],[-1.27391,51.24431],[-1.27409,51.24428],[-1.27425,51.24426],[-1.27443,51.24423],[-1.27459,51.24421],[-1.27477,51.24419],[-1.2749,51.24418],[-1.27506,51.24418],[-1.27519,51.24418],[-1.27526,51.24418],[-1.27537,51.2442],[-1.27554,51.24424],[-1.27586,51.24433],[-1.27621,51.24444],[-1.27645,51.24452],[-1.27658,51.24455],[-1.27668,51.24457],[-1.27677,51.24457],[-1.27692,51.24457],[-1.27708,51.24457],[-1.27723,51.24457],[-1.27741,51.24456],[-1.27756,51.24455],[-1.27768,51.24453],[-1.27791,51.24449],[-1.27809,51.24445],[-1.27827,51.2444],[-1.27845,51.24435],[-1.27867,51.24429],[-1.27883,51.24424],[-1.27901,51.24418],[-1.27915,51.24412],[-1.27927,51.24409],[-1.27936,51.24405],[-1.27947,51.244],[-1.27955,51.24396],[-1.27965,51.24389],[-1.27971,51.24382],[-1.27976,51.24376],[-1.27981,51.24369],[-1.27983,51.24362],[-1.27984,51.24356],[-1.27985,51.2435],[-1.27988,51.24344],[-1.2799,51.24339],[-1.27995,51.24334],[-1.28001,51.24326],[-1.28006,51.24319],[-1.28008,51.24313],[-1.28011,51.24307],[-1.28016,51.24297],[-1.28022,51.24287],[-1.28029,51.24274],[-1.28037,51.24258],[-1.28043,51.24245],[-1.28047,51.24236],[-1.28051,51.24229],[-1.28057,51.24223],[-1.28067,51.24213],[-1.28078,51.24204],[-1.2809,51.24193],[-1.28107,51.24179],[-1.28115,51.24173],[-1.28123,51.24168],[-1.28129,51.24164],[-1.28136,51.24161],[-1.28146,51.24158],[-1.28169,51.24152],[-1.28204,51.24145],[-1.28232,51.24138],[-1.28254,51.24132],[-1.28271,51.2413],[-1.28278,51.24129],[-1.28287,51.24129],[-1.28297,51.2413],[-1.28305,51.24132],[-1.28315,51.24136],[-1.28326,51.24141],[-1.28345,51.24152],[-1.28358,51.2416],[-1.28372,51.24167],[-1.28384,51.24174],[-1.28398,51.24181],[-1.28413,51.24188],[-1.28428,51.24193],[-1.28441,51.24198],[-1.28458,51.24203],[-1.28475,51.24205],[-1.28492,51.24207],[-1.28509,51.24208],[-1.28532,51.24208],[-1.28554,51.24208],[-1.28571,51.24206],[-1.28585,51.24204],[-1.28599,51.242],[-1.28621,51.24192],[-1.28657,51.2418],[-1.28679,51.24172],[-1.28706,51.24162],[-1.28729,51.24153],[-1.28743,51.24147],[-1.28762,51.24141],[-1.28771,51.24136],[-1.2878,51.24132],[-1.28789,51.24129],[-1.28798,51.24126],[-1.28806,51.24124],[-1.28813,51.2412],[-1.2882,51.24115],[-1.28826,51.24108],[-1.28832,51.24101],[-1.28836,51.24092],[-1.28839,51.24083],[-1.28842,51.24071],[-1.28846,51.24061],[-1.28846,51.24055],[-1.28845,51.2405],[-1.28843,51.24044],[-1.2884,51.2404],[-1.28836,51.24034],[-1.28831,51.24028],[-1.28824,51.24021],[-1.28819,51.24014],[-1.28814,51.24009],[-1.28812,51.24002],[-1.28809,51.23994],[-1.28808,51.23985],[-1.28807,51.23972],[-1.28806,51.23962],[-1.28806,51.23952],[-1.28806,51.23948],[-1.28806,51.23939],[-1.28804,51.23932],[-1.288,51.23925],[-1.28796,51.23917],[-1.2879,51.23908],[-1.28782,51.23897],[-1.28774,51.23885],[-1.28763,51.23871],[-1.28752,51.23856],[-1.28741,51.23842],[-1.28731,51.23829],[-1.28723,51.23817],[-1.28717,51.23809],[-1.28715,51.23802],[-1.28713,51.23796],[-1.28713,51.2379],[-1.28715,51.23785],[-1.28717,51.23775],[-1.2872,51.23769],[-1.28723,51.23764],[-1.28728,51.2376],[-1.28735,51.23755],[-1.28745,51.23748],[-1.28758,51.23741],[-1.2877,51.23731],[-1.28778,51.23722],[-1.28783,51.23715],[-1.28787,51.23706],[-1.28791,51.23697],[-1.28794,51.23691],[-1.28798,51.23684],[-1.28805,51.23676],[-1.28813,51.23669],[-1.2882,51.23662],[-1.28828,51.23654],[-1.28839,51.23645],[-1.28844,51.23641],[-1.28851,51.23638],[-1.28861,51.23636],[-1.28871,51.23635],[-1.28883,51.23634],[-1.28898,51.23634],[-1.28916,51.23634],[-1.2893,51.23633],[-1.28947,51.23631],[-1.28961,51.23629],[-1.28973,51.23627],[-1.28983,51.23624],[-1.28991,51.2362],[-1.28997,51.23615],[-1.29002,51.23609],[-1.29007,51.23604],[-1.29011,51.23598],[-1.29016,51.23593],[-1.29022,51.23588],[-1.29032,51.23583],[-1.29045,51.23579],[-1.29075,51.23571],[-1.29094,51.23566],[-1.29114,51.23561],[-1.29139,51.23556],[-1.29161,51.23552],[-1.29183,51.23548],[-1.29204,51.23546],[-1.29217,51.23544],[-1.29225,51.23544],[-1.2923,51.23545],[-1.29237,51.23547],[-1.29243,51.23549],[-1.2925,51.2355],[-1.29259,51.2355],[-1.29269,51.23549],[-1.2928,51.23548],[-1.29295,51.23545],[-1.29308,51.23543],[-1.29319,51.2354],[-1.29327,51.23539],[-1.29332,51.23537],[-1.29336,51.23535],[-1.29341,51.23532],[-1.29348,51.2353],[-1.29354,51.23529],[-1.2937,51.23527],[-1.29383,51.23527],[-1.29393,51.23528],[-1.29403,51.23528],[-1.29413,51.23528],[-1.29429,51.23527],[-1.29441,51.23526],[-1.29452,51.23526],[-1.29471,51.23524],[-1.29508,51.23522],[-1.2952,51.23521],[-1.29537,51.23521],[-1.29555,51.23521],[-1.29566,51.23521],[-1.29577,51.23519],[-1.29595,51.23516],[-1.29622,51.23513],[-1.29651,51.23509],[-1.29674,51.23506],[-1.2968,51.23505],[-1.29688,51.23505],[-1.29697,51.23505],[-1.29704,51.23505],[-1.29719,51.23504],[-1.29733,51.23503],[-1.29747,51.23503],[-1.29759,51.23503],[-1.29769,51.23503],[-1.29785,51.23503],[-1.29802,51.23503],[-1.29818,51.23503],[-1.29834,51.23504],[-1.29843,51.23504],[-1.2985,51.23506],[-1.29858,51.23509],[-1.29868,51.23515],[-1.29887,51.23525],[-1.299,51.23532],[-1.29914,51.23537],[-1.29934,51.23543],[-1.29954,51.23548],[-1.29974,51.23554],[-1.29991,51.2356],[-1.3001,51.23565],[-1.30023,51.23568],[-1.30034,51.2357],[-1.30046,51.23571],[-1.30057,51.23572],[-1.3007,51.23571],[-1.30082,51.23569],[-1.30095,51.23567],[-1.30114,51.23562],[-1.30132,51.23559],[-1.30146,51.23556],[-1.30167,51.23551],[-1.3018,51.23546],[-1.30193,51.23541],[-1.30206,51.23535],[-1.30221,51.23527],[-1.30235,51.23521],[-1.30248,51.23517],[-1.30265,51.23512],[-1.30283,51.23507],[-1.30296,51.23505],[-1.30309,51.23504],[-1.30325,51.23504],[-1.3034,51.23504],[-1.30359,51.23505],[-1.30372,51.23506],[-1.30385,51.23507],[-1.30401,51.23509],[-1.30421,51.2351],[-1.30439,51.23509],[-1.30451,51.23508],[-1.30472,51.23507],[-1.30475,51.23507],[-1.30477,51.23508],[-1.30479,51.23509],[-1.30481,51.23513],[-1.30486,51.23515],[-1.30492,51.23517],[-1.30502,51.23518],[-1.30524,51.23519],[-1.30555,51.2352],[-1.30583,51.23521],[-1.30599,51.23521],[-1.30626,51.23524],[-1.30652,51.23526],[-1.30667,51.23528],[-1.30679,51.23529],[-1.30689,51.23528],[-1.307,51.23527],[-1.30723,51.23524],[-1.30742,51.23521],[-1.30759,51.23518],[-1.30773,51.23514],[-1.30787,51.23509],[-1.30798,51.23503],[-1.3081,51.23496],[-1.30821,51.23487],[-1.30831,51.23478],[-1.30839,51.2347],[-1.30848,51.2346],[-1.30856,51.23451],[-1.30863,51.23444],[-1.30865,51.23439],[-1.30869,51.23433],[-1.30875,51.23429],[-1.30881,51.23424],[-1.30889,51.23418],[-1.30897,51.23412],[-1.30906,51.23405],[-1.30913,51.23402],[-1.30923,51.23398],[-1.30935,51.23393],[-1.30946,51.23388],[-1.3096,51.23381],[-1.30975,51.23374],[-1.30987,51.23368],[-1.31,51.23361],[-1.31013,51.23355],[-1.31033,51.23346],[-1.31046,51.23338],[-1.31057,51.23334],[-1.31066,51.23329],[-1.31075,51.23328],[-1.31084,51.23328],[-1.31104,51.23329],[-1.31123,51.23331],[-1.3114,51.23333],[-1.31157,51.23334],[-1.31175,51.23333],[-1.3119,51.23332],[-1.31203,51.2333],[-1.31213,51.23327],[-1.31225,51.23322],[-1.31236,51.23317],[-1.31246,51.23312],[-1.31255,51.23311],[-1.31267,51.2331],[-1.3128,51.23308],[-1.31299,51.23306],[-1.3131,51.23304],[-1.31332,51.23302],[-1.31346,51.23301],[-1.31361,51.23301],[-1.31374,51.23301],[-1.31386,51.23303],[-1.31396,51.23304],[-1.31409,51.23307],[-1.31428,51.23312],[-1.31442,51.23314],[-1.31454,51.23316],[-1.31463,51.23317],[-1.31472,51.23319],[-1.31483,51.23321],[-1.31492,51.23323],[-1.31501,51.23325],[-1.31511,51.23327],[-1.31522,51.23329],[-1.31531,51.23331],[-1.31539,51.23332],[-1.31551,51.23334],[-1.31563,51.23335],[-1.31574,51.23335],[-1.31585,51.23335],[-1.31596,51.23334],[-1.31605,51.23334],[-1.31618,51.2333],[-1.31634,51.23325],[-1.31649,51.23319],[-1.31662,51.23314],[-1.31675,51.23307],[-1.31689,51.23301],[-1.31701,51.23295],[-1.31711,51.23289],[-1.31721,51.23283],[-1.3173,51.23276],[-1.31738,51.23269],[-1.31743,51.23261],[-1.31747,51.23254],[-1.3175,51.23245],[-1.3175,51.23236],[-1.3175,51.23224],[-1.3175,51.23214],[-1.31747,51.23203],[-1.31744,51.23191],[-1.31738,51.23179],[-1.3173,51.23166],[-1.31722,51.23155],[-1.31712,51.23145],[-1.317,51.23136],[-1.31688,51.23129],[-1.31671,51.23117],[-1.31662,51.23111],[-1.31656,51.23106],[-1.31641,51.23097],[-1.31632,51.23088],[-1.31624,51.23077],[-1.31622,51.23065],[-1.31622,51.23049],[-1.31623,51.2304],[-1.31624,51.23031],[-1.31627,51.23026],[-1.31633,51.23023],[-1.31643,51.23023],[-1.31651,51.23021],[-1.31659,51.23017],[-1.31664,51.23012],[-1.3167,51.23003],[-1.31675,51.22992],[-1.31678,51.22976],[-1.31685,51.22948],[-1.31688,51.22934],[-1.31691,51.22923],[-1.31696,51.2291],[-1.31704,51.22894],[-1.31713,51.22881],[-1.31721,51.22868],[-1.31732,51.22855],[-1.31742,51.22846],[-1.31753,51.22836],[-1.31766,51.22824],[-1.3178,51.22813],[-1.31789,51.22807],[-1.31801,51.22803],[-1.31818,51.22798],[-1.31839,51.22793],[-1.3186,51.2279],[-1.31888,51.22787],[-1.3191,51.22786],[-1.31927,51.22781],[-1.31952,51.22775],[-1.3197,51.22771],[-1.3199,51.22764],[-1.32003,51.2276],[-1.32011,51.22756],[-1.3202,51.22749],[-1.32027,51.22742],[-1.32034,51.22734],[-1.32045,51.22727],[-1.32057,51.22721],[-1.32071,51.22718],[-1.32089,51.22716],[-1.32111,51.22716],[-1.32146,51.22716],[-1.32189,51.22713],[-1.32207,51.22712],[-1.32228,51.22711],[-1.32242,51.22706],[-1.32259,51.22695],[-1.32283,51.22684],[-1.32301,51.22673],[-1.3232,51.22659],[-1.32337,51.22649],[-1.32364,51.22635],[-1.32382,51.22628],[-1.324,51.22623],[-1.32417,51.2262],[-1.32433,51.2262],[-1.32455,51.22622],[-1.32476,51.22628],[-1.3249,51.22634],[-1.32502,51.22644],[-1.32516,51.22658],[-1.32526,51.22673],[-1.32532,51.22692],[-1.32537,51.2271],[-1.32542,51.22727],[-1.32544,51.22746],[-1.32543,51.22762],[-1.32543,51.22778],[-1.32541,51.22792],[-1.3254,51.22802],[-1.32541,51.22809],[-1.32544,51.22814],[-1.3255,51.22819],[-1.3256,51.22824],[-1.3257,51.22825],[-1.32591,51.22824],[-1.32618,51.22822],[-1.32634,51.22822],[-1.32655,51.22822],[-1.32665,51.22822],[-1.32674,51.22822],[-1.32694,51.2282],[-1.32709,51.2282],[-1.32724,51.22821],[-1.32736,51.22824],[-1.32747,51.22828],[-1.32758,51.22835],[-1.32768,51.22843],[-1.3278,51.22853],[-1.328,51.22867],[-1.3282,51.2288],[-1.32843,51.22896],[-1.32863,51.2291],[-1.32874,51.22916],[-1.32887,51.22924],[-1.32912,51.22939],[-1.3293,51.22949],[-1.32945,51.22958],[-1.32959,51.22965],[-1.32976,51.22972],[-1.32996,51.22976],[-1.33021,51.22981],[-1.33052,51.22985],[-1.33082,51.22987],[-1.33108,51.22987],[-1.3315,51.22988],[-1.33188,51.22991],[-1.33223,51.22994],[-1.33247,51.22995],[-1.33273,51.22998],[-1.33295,51.22999],[-1.33306,51.22999],[-1.33333,51.22997],[-1.33353,51.22994],[-1.33379,51.2299],[-1.33406,51.22986],[-1.33441,51.2298],[-1.33466,51.22974],[-1.33498,51.22968],[-1.33534,51.2296],[-1.33545,51.22956],[-1.33551,51.22954],[-1.33563,51.2295],[-1.33581,51.22942],[-1.33594,51.22934],[-1.33612,51.22925],[-1.33625,51.22915],[-1.33638,51.22905],[-1.33649,51.22893],[-1.33659,51.22884],[-1.3367,51.22875],[-1.3368,51.22868],[-1.33696,51.22859],[-1.33712,51.22852],[-1.33728,51.22848],[-1.33747,51.22843],[-1.33766,51.2284],[-1.33793,51.22833],[-1.33825,51.22827],[-1.3384,51.22825],[-1.33848,51.22826],[-1.33858,51.2283],[-1.33866,51.22833],[-1.33871,51.22833],[-1.33875,51.22832],[-1.33881,51.2283],[-1.33892,51.22825],[-1.33898,51.22824],[-1.33918,51.22822],[-1.33955,51.22817],[-1.33982,51.22812],[-1.33993,51.2281],[-1.34001,51.22809],[-1.34015,51.22805],[-1.34029,51.22798],[-1.34036,51.22795],[-1.34042,51.22791],[-1.34055,51.22784],[-1.34064,51.22776],[-1.34073,51.22767],[-1.34083,51.22755],[-1.34088,51.22745],[-1.34092,51.22734],[-1.34092,51.22724],[-1.34092,51.22713],[-1.34093,51.22703],[-1.34095,51.22694],[-1.341,51.22685],[-1.34103,51.22681],[-1.34108,51.22672],[-1.34117,51.2266],[-1.34124,51.22649],[-1.34131,51.22638],[-1.34137,51.22626],[-1.34141,51.22614],[-1.34145,51.22603],[-1.34147,51.22587],[-1.34149,51.22573],[-1.34149,51.22557],[-1.34149,51.22525],[-1.34148,51.225],[-1.34148,51.2247],[-1.34147,51.22441],[-1.34146,51.22408],[-1.34144,51.22379],[-1.34143,51.22359],[-1.34143,51.22336],[-1.34142,51.22324],[-1.34143,51.22314],[-1.34144,51.22309],[-1.34147,51.22304],[-1.34155,51.22299]]},"properties":{"k":"river","name":"River Test"}},{"type":"Feature","geometry":{"type":"LineString","coordinates":[[-1.1327,51.34042],[-1.13262,51.34036],[-1.13263,51.34024],[-1.13256,51.34012],[-1.13234,51.34001],[-1.13209,51.34006],[-1.13182,51.34004],[-1.13154,51.33993],[-1.13135,51.33977],[-1.13108,51.33969],[-1.13071,51.33969],[-1.13027,51.33976],[-1.12976,51.3399],[-1.12915,51.33996],[-1.12868,51.33993],[-1.12813,51.33979]]},"properties":{"k":"stream","name":""}},{"type":"Feature","geometry":{"type":"LineString","coordinates":[[-1.17368,51.3448],[-1.17347,51.3447],[-1.17338,51.3446],[-1.17326,51.34448],[-1.17313,51.3444],[-1.17276,51.34434],[-1.17261,51.3441],[-1.17246,51.34403],[-1.1721,51.34398],[-1.17178,51.34394],[-1.17152,51.34394],[-1.17122,51.34389],[-1.17081,51.34382],[-1.1704,51.34373],[-1.16999,51.34366],[-1.16965,51.34351],[-1.16931,51.34343],[-1.16892,51.34331],[-1.16866,51.34319],[-1.16846,51.34316],[-1.16839,51.34305],[-1.16813,51.34287]]},"properties":{"k":"stream","name":""}},{"type":"Feature","geometry":{"type":"LineString","coordinates":[[-1.15372,51.34751],[-1.15366,51.34752]]},"properties":{"k":"stream","name":""}},{"type":"Feature","geometry":{"type":"LineString","coordinates":[[-1.18673,51.3223],[-1.18663,51.3223],[-1.18642,51.3223],[-1.18623,51.3223],[-1.18612,51.3223],[-1.186,51.32231],[-1.18592,51.32233],[-1.18585,51.32237],[-1.18579,51.3224],[-1.18564,51.32242],[-1.18554,51.32243],[-1.18539,51.32246],[-1.18534,51.32247],[-1.18526,51.3225],[-1.18517,51.32255],[-1.18512,51.32259],[-1.18507,51.32262],[-1.18495,51.32269],[-1.18492,51.32272],[-1.18487,51.32276],[-1.18486,51.32282],[-1.18486,51.32286],[-1.18484,51.32289],[-1.18479,51.32294],[-1.18477,51.32302],[-1.18475,51.3231],[-1.18475,51.32318],[-1.18474,51.32323],[-1.18469,51.32328],[-1.18464,51.32332],[-1.18458,51.32337],[-1.18455,51.32343],[-1.18455,51.32347],[-1.18459,51.32352],[-1.1846,51.32357],[-1.18459,51.32362],[-1.18455,51.32369],[-1.18451,51.32373],[-1.18448,51.32374],[-1.18445,51.32373],[-1.18441,51.32373],[-1.18438,51.32374],[-1.18436,51.32377],[-1.18433,51.3238],[-1.18429,51.32382],[-1.18425,51.32383],[-1.18422,51.32384],[-1.18421,51.32386],[-1.18418,51.32389],[-1.18413,51.3239],[-1.18409,51.32391],[-1.18406,51.32394],[-1.18404,51.32398],[-1.18401,51.32401],[-1.18392,51.32406],[-1.18386,51.32409],[-1.18378,51.32414],[-1.18373,51.3242],[-1.18366,51.32426],[-1.18355,51.32434],[-1.18342,51.32445],[-1.18332,51.32451],[-1.18322,51.32454],[-1.18316,51.32455],[-1.18307,51.32456],[-1.18297,51.3246],[-1.18291,51.32462],[-1.18281,51.32466],[-1.18275,51.32469],[-1.18259,51.32476],[-1.18252,51.32478],[-1.18248,51.32482],[-1.18245,51.32487],[-1.18236,51.32494],[-1.18224,51.32506],[-1.18218,51.32512],[-1.18214,51.32515],[-1.18204,51.32522],[-1.18176,51.32537],[-1.18123,51.32563],[-1.181,51.32574],[-1.18084,51.32581],[-1.18072,51.32586],[-1.18006,51.32606],[-1.17995,51.3261],[-1.17968,51.32629],[-1.17958,51.32635],[-1.17949,51.3264],[-1.1794,51.32642],[-1.17927,51.32648],[-1.17914,51.32653],[-1.17906,51.32654],[-1.17893,51.32658],[-1.17883,51.3266],[-1.17875,51.32663],[-1.17864,51.32669],[-1.17852,51.32674],[-1.17845,51.32676],[-1.17835,51.32677],[-1.17823,51.32679],[-1.17814,51.32681],[-1.17804,51.32685],[-1.17797,51.32687],[-1.17791,51.32687],[-1.17787,51.32687],[-1.17782,51.32684],[-1.17777,51.32683],[-1.17772,51.32684],[-1.17767,51.32687],[-1.17759,51.32691],[-1.1775,51.32695],[-1.17742,51.32698],[-1.17731,51.32704],[-1.17724,51.32711],[-1.17722,51.32717],[-1.17714,51.32727],[-1.17708,51.32732],[-1.177,51.32738],[-1.17694,51.32745],[-1.17691,51.32753],[-1.1769,51.3276],[-1.17689,51.32766],[-1.17684,51.32771],[-1.17684,51.32774],[-1.17685,51.32781],[-1.17688,51.32787],[-1.17691,51.32795],[-1.17692,51.32802],[-1.17691,51.32824],[-1.17691,51.32839],[-1.17691,51.32852],[-1.17691,51.32863],[-1.17689,51.32874],[-1.17689,51.32882],[-1.1769,51.32888],[-1.17694,51.32895],[-1.17702,51.32906],[-1.17705,51.32914],[-1.17706,51.32922],[-1.17709,51.32943],[-1.17709,51.32957],[-1.17709,51.32965],[-1.17709,51.32971],[-1.17709,51.32975],[-1.17702,51.32981],[-1.17695,51.32987],[-1.17692,51.32994],[-1.1769,51.33002],[-1.1769,51.33008],[-1.17691,51.33013],[-1.17695,51.33019],[-1.17695,51.33023],[-1.17694,51.33027],[-1.17688,51.33032],[-1.17681,51.33039],[-1.17674,51.33045],[-1.17669,51.33049],[-1.17666,51.33055],[-1.17666,51.33059],[-1.17666,51.33063],[-1.17666,51.33068],[-1.17663,51.33074],[-1.17658,51.33083],[-1.17652,51.33093],[-1.1764,51.3311],[-1.17621,51.33135],[-1.17603,51.33159]]},"properties":{"k":"stream","name":""}},{"type":"Feature","geometry":{"type":"LineString","coordinates":[[-1.18482,51.33979],[-1.18485,51.33985],[-1.1849,51.33991],[-1.185,51.33998],[-1.1851,51.34009],[-1.18517,51.34016],[-1.18523,51.34019],[-1.18532,51.34024],[-1.18533,51.34029],[-1.18529,51.34036],[-1.18524,51.3404],[-1.18524,51.34043],[-1.18528,51.34046],[-1.18532,51.34049],[-1.18532,51.34054],[-1.18531,51.34062],[-1.18527,51.3407],[-1.18523,51.34076],[-1.18519,51.34083],[-1.18519,51.34089],[-1.18519,51.34096],[-1.18522,51.341],[-1.18523,51.34105],[-1.18523,51.34108],[-1.1852,51.34112],[-1.18518,51.34116],[-1.18516,51.34122],[-1.18519,51.34125],[-1.18526,51.3413],[-1.18533,51.34133],[-1.18538,51.34138],[-1.18543,51.34145],[-1.18545,51.3415],[-1.18545,51.34153],[-1.18544,51.34157],[-1.18538,51.3416],[-1.18538,51.34164],[-1.18539,51.34169],[-1.18537,51.34176],[-1.18533,51.34183],[-1.18527,51.34188],[-1.18527,51.34193],[-1.18528,51.34196],[-1.18531,51.342],[-1.18541,51.34206],[-1.18553,51.34211],[-1.18564,51.34215],[-1.18569,51.3422],[-1.18572,51.34224],[-1.18575,51.34232],[-1.18577,51.34243],[-1.18577,51.34251],[-1.18578,51.34257],[-1.18582,51.34264],[-1.18583,51.34269],[-1.18583,51.34273],[-1.18583,51.3428],[-1.18586,51.34283],[-1.18589,51.34285],[-1.18594,51.34287],[-1.186,51.34289],[-1.18602,51.34294],[-1.18602,51.34299],[-1.18603,51.34304],[-1.18607,51.34307],[-1.18612,51.34311],[-1.18619,51.34312],[-1.18625,51.34311],[-1.18629,51.34309],[-1.18629,51.34305],[-1.18629,51.34299],[-1.18632,51.34295],[-1.18636,51.34295],[-1.18641,51.34297],[-1.18645,51.343],[-1.18651,51.34304],[-1.18656,51.34306],[-1.18664,51.34308],[-1.18669,51.34312],[-1.18669,51.34316],[-1.18667,51.3432],[-1.18666,51.34324],[-1.18668,51.34328],[-1.18672,51.3433],[-1.18677,51.34331],[-1.18681,51.34334],[-1.18681,51.34338],[-1.18679,51.34342],[-1.18675,51.34348],[-1.18673,51.34354],[-1.18673,51.34357],[-1.18677,51.34362],[-1.18679,51.34366],[-1.1868,51.34372],[-1.1868,51.34376],[-1.18678,51.34381],[-1.18675,51.34384],[-1.18669,51.34386],[-1.18663,51.34386],[-1.1866,51.34386],[-1.18657,51.34389],[-1.18656,51.34394],[-1.18656,51.344],[-1.18656,51.34409],[-1.18654,51.34417],[-1.1865,51.34424],[-1.18646,51.34429],[-1.18643,51.34434],[-1.18637,51.34443],[-1.1863,51.34452],[-1.18623,51.34462],[-1.18619,51.3447],[-1.18614,51.34476],[-1.1861,51.34484],[-1.18606,51.34493],[-1.18602,51.345],[-1.18598,51.34508],[-1.18596,51.34512],[-1.18595,51.34514],[-1.18594,51.34519],[-1.18595,51.34524],[-1.18595,51.34528],[-1.18595,51.34532],[-1.18593,51.34536],[-1.18586,51.34539],[-1.18578,51.34541],[-1.18575,51.34542],[-1.18575,51.34545],[-1.18576,51.34548],[-1.18583,51.34552],[-1.18591,51.34553],[-1.18596,51.34555],[-1.18602,51.34557],[-1.18607,51.34561],[-1.18612,51.34568],[-1.18612,51.34573],[-1.18608,51.34581],[-1.18604,51.34584],[-1.18602,51.34591],[-1.18603,51.34595],[-1.18604,51.346],[-1.18604,51.34607],[-1.18604,51.34613],[-1.18606,51.34619],[-1.18608,51.34622],[-1.18615,51.34628],[-1.18621,51.34631],[-1.18625,51.34635],[-1.18627,51.3464],[-1.18627,51.34645],[-1.18632,51.34652],[-1.1864,51.34661],[-1.18647,51.34666],[-1.18656,51.34674],[-1.18664,51.34683],[-1.18667,51.34691],[-1.1867,51.34697],[-1.18675,51.34705],[-1.1868,51.34711],[-1.18687,51.34722],[-1.18694,51.3473],[-1.18699,51.34734],[-1.18701,51.34741],[-1.18704,51.34747],[-1.18709,51.34754],[-1.18713,51.34762],[-1.18714,51.34768],[-1.18714,51.34773],[-1.18717,51.34779],[-1.18719,51.34787],[-1.18722,51.34791],[-1.18723,51.34792],[-1.18728,51.34794],[-1.1873,51.34792],[-1.18734,51.34791],[-1.18739,51.34792],[-1.18745,51.34795],[-1.18746,51.34798],[-1.18747,51.34801]]},"properties":{"k":"stream","name":""}},{"type":"Feature","geometry":{"type":"LineString","coordinates":[[-1.19588,51.3408],[-1.19583,51.34081],[-1.19573,51.34082],[-1.19566,51.34084],[-1.19562,51.34086],[-1.1956,51.34088],[-1.19559,51.34092],[-1.19559,51.34095],[-1.19556,51.34099],[-1.19552,51.34101],[-1.19544,51.34105],[-1.19539,51.34109],[-1.19479,51.34147],[-1.19454,51.34163],[-1.19444,51.3417],[-1.19439,51.34175],[-1.19436,51.34179],[-1.19435,51.34179]]},"properties":{"k":"stream","name":""}},{"type":"Feature","geometry":{"type":"LineString","coordinates":[[-1.12999,51.32083],[-1.12954,51.32074],[-1.12642,51.32012],[-1.12623,51.32005],[-1.12644,51.31979]]},"properties":{"k":"stream","name":""}},{"type":"Feature","geometry":{"type":"LineString","coordinates":[[-1.13113,51.31681],[-1.1309,51.31695],[-1.13066,51.31697],[-1.13041,51.31711],[-1.12784,51.31792],[-1.12739,51.31793],[-1.12725,51.318],[-1.12712,51.31809],[-1.12677,51.31825],[-1.12677,51.31839],[-1.12698,51.31855],[-1.12719,51.31874],[-1.12699,51.31909],[-1.12699,51.31919],[-1.12644,51.31979]]},"properties":{"k":"stream","name":""}},{"type":"Feature","geometry":{"type":"LineString","coordinates":[[-1.15161,51.32003],[-1.14991,51.32117],[-1.14957,51.32136],[-1.14943,51.32139],[-1.14848,51.32171],[-1.14796,51.32193],[-1.14711,51.32218],[-1.14596,51.32235],[-1.14524,51.3221],[-1.14319,51.322],[-1.14301,51.32214],[-1.14273,51.32221],[-1.14089,51.32211],[-1.14021,51.32178],[-1.13968,51.32163],[-1.13937,51.32146],[-1.13906,51.32139],[-1.13817,51.32103],[-1.13783,51.32114],[-1.13766,51.32094],[-1.13751,51.32092],[-1.13738,51.32079],[-1.13738,51.32065],[-1.13724,51.32047],[-1.13527,51.32017],[-1.13264,51.32047],[-1.13059,51.32076],[-1.12999,51.32083]]},"properties":{"k":"stream","name":""}},{"type":"Feature","geometry":{"type":"LineString","coordinates":[[-1.13113,51.31681],[-1.13136,51.31673],[-1.13155,51.31654],[-1.13187,51.31644],[-1.13197,51.31632],[-1.13233,51.31626],[-1.13292,51.31618],[-1.13363,51.31587],[-1.13412,51.31577],[-1.1346,51.31553],[-1.13469,51.31536],[-1.13486,51.31526],[-1.13501,51.31525],[-1.13516,51.31523],[-1.13534,51.31523],[-1.13542,51.31509],[-1.13659,51.31399],[-1.13698,51.31409],[-1.1372,51.31415],[-1.13767,51.31376],[-1.13801,51.31351],[-1.13825,51.31315],[-1.13854,51.31302],[-1.13898,51.31293],[-1.14097,51.31209],[-1.14135,51.31184]]},"properties":{"k":"stream","name":""}},{"type":"Feature","geometry":{"type":"LineString","coordinates":[[-1.17603,51.33159],[-1.17595,51.33174],[-1.17578,51.3319],[-1.17573,51.33203],[-1.17588,51.3325],[-1.17584,51.33257],[-1.17601,51.33336],[-1.17622,51.33387],[-1.17638,51.33412],[-1.17655,51.3343],[-1.17645,51.33457],[-1.17666,51.3348],[-1.17671,51.33487],[-1.17678,51.33494]]},"properties":{"k":"stream","name":""}},{"type":"Feature","geometry":{"type":"LineString","coordinates":[[-1.20119,51.33771],[-1.20092,51.33772]]},"properties":{"k":"stream","name":""}},{"type":"Feature","geometry":{"type":"LineString","coordinates":[[-1.20122,51.33732],[-1.2011,51.33739]]},"properties":{"k":"stream","name":""}},{"type":"Feature","geometry":{"type":"LineString","coordinates":[[-1.17678,51.33494],[-1.17686,51.33499],[-1.1769,51.33504],[-1.17696,51.3351],[-1.17699,51.33512],[-1.17702,51.33513],[-1.17706,51.33513],[-1.17709,51.33514],[-1.17712,51.33517],[-1.17712,51.33519],[-1.17711,51.33523],[-1.17707,51.33525],[-1.17702,51.33527],[-1.17698,51.33528],[-1.17697,51.3353],[-1.17697,51.33533],[-1.17698,51.33536],[-1.17701,51.3354],[-1.17701,51.33543],[-1.17701,51.33547],[-1.17703,51.33551],[-1.17707,51.33553],[-1.17713,51.33555],[-1.17719,51.33555],[-1.17723,51.33555],[-1.17729,51.33554],[-1.17733,51.33553],[-1.17739,51.33552],[-1.17745,51.33554],[-1.17745,51.33557],[-1.17745,51.33561],[-1.17745,51.33565],[-1.17748,51.33568],[-1.17751,51.33571],[-1.17755,51.33572],[-1.17758,51.33573],[-1.17761,51.33574],[-1.17763,51.33576],[-1.17763,51.33578],[-1.1776,51.3358],[-1.17758,51.33583],[-1.17758,51.33585],[-1.17759,51.33587],[-1.17764,51.3359],[-1.17767,51.33592],[-1.17774,51.33592],[-1.17779,51.33592],[-1.17784,51.33594],[-1.17787,51.33596],[-1.17793,51.33602],[-1.17796,51.33609],[-1.178,51.33621],[-1.178,51.33626],[-1.178,51.33631],[-1.178,51.33638],[-1.17802,51.33642],[-1.17806,51.33644],[-1.17816,51.33648],[-1.17828,51.33654],[-1.17836,51.33658],[-1.17845,51.33663],[-1.17851,51.33666],[-1.17854,51.33668],[-1.17856,51.33671],[-1.17857,51.33674],[-1.17861,51.33676],[-1.17869,51.33677],[-1.17874,51.33681],[-1.17876,51.33683],[-1.17881,51.33687],[-1.17884,51.33689],[-1.17887,51.33689],[-1.17894,51.33691],[-1.179,51.33693],[-1.17906,51.33696],[-1.17909,51.33699],[-1.17915,51.33702],[-1.17923,51.33706],[-1.17928,51.33708],[-1.17934,51.33711],[-1.17939,51.33714],[-1.17943,51.33718],[-1.17946,51.33721],[-1.17949,51.33722],[-1.17956,51.33723],[-1.1796,51.33724],[-1.17967,51.33727],[-1.17974,51.33732],[-1.1798,51.33736],[-1.1799,51.33744],[-1.17995,51.33746],[-1.18003,51.33752],[-1.18009,51.33757],[-1.18015,51.33762],[-1.18022,51.33768],[-1.18029,51.33773],[-1.18036,51.33778],[-1.18042,51.33781],[-1.18054,51.33788],[-1.18064,51.33793],[-1.18075,51.338],[-1.18083,51.33806],[-1.18086,51.33809],[-1.18086,51.33811],[-1.18086,51.33816],[-1.18084,51.33821],[-1.18085,51.33824],[-1.18088,51.33827],[-1.18093,51.33827],[-1.18096,51.33826],[-1.18099,51.33826],[-1.18104,51.33825],[-1.18107,51.33826],[-1.18107,51.33828],[-1.18107,51.33831],[-1.18111,51.33836],[-1.18113,51.33837],[-1.1812,51.33839],[-1.18126,51.33841],[-1.1813,51.33844],[-1.18133,51.33844],[-1.18135,51.33844],[-1.18139,51.33843],[-1.18142,51.33842],[-1.18146,51.33843],[-1.18148,51.33845],[-1.18149,51.33849],[-1.18149,51.33853],[-1.18149,51.33858],[-1.18149,51.3386],[-1.18151,51.33862],[-1.18154,51.33862],[-1.18156,51.33861],[-1.18158,51.3386],[-1.18162,51.3386],[-1.18167,51.33861],[-1.1817,51.33863],[-1.18173,51.33863],[-1.18177,51.33863],[-1.18181,51.33864],[-1.18183,51.33866],[-1.18183,51.33869],[-1.18185,51.33873],[-1.18189,51.33876],[-1.18193,51.33877],[-1.18197,51.33876],[-1.18201,51.33876],[-1.18206,51.33877],[-1.18209,51.3388],[-1.18213,51.33883],[-1.18218,51.33886],[-1.1822,51.33886],[-1.18223,51.33884],[-1.18223,51.33881],[-1.18227,51.33878],[-1.18232,51.33875],[-1.18236,51.33875],[-1.18242,51.33877],[-1.18245,51.3388],[-1.18247,51.33883],[-1.18249,51.33885],[-1.18253,51.33886],[-1.18258,51.33888],[-1.1826,51.33889],[-1.1826,51.33892],[-1.1826,51.33896],[-1.18263,51.33901],[-1.18267,51.33904],[-1.18274,51.33907],[-1.18279,51.33907],[-1.1829,51.33907],[-1.18297,51.33908],[-1.183,51.3391],[-1.18304,51.33912],[-1.18307,51.33917],[-1.18308,51.33921],[-1.1831,51.33924],[-1.18316,51.33926],[-1.18323,51.33928],[-1.18329,51.33928],[-1.18335,51.33928],[-1.18341,51.33928],[-1.18345,51.33927],[-1.18349,51.33927],[-1.18353,51.33929],[-1.18354,51.33933],[-1.18354,51.33938],[-1.18353,51.33941],[-1.18349,51.33944],[-1.18341,51.33946],[-1.18335,51.33946],[-1.18329,51.33948],[-1.18326,51.3395],[-1.18325,51.33952],[-1.18326,51.33955],[-1.18329,51.33958],[-1.18335,51.33965],[-1.18343,51.3397],[-1.18349,51.33973],[-1.18359,51.33978],[-1.18372,51.33981],[-1.18383,51.33982],[-1.18397,51.33982],[-1.18405,51.33982],[-1.18414,51.3398],[-1.18421,51.33977],[-1.18431,51.33975],[-1.18439,51.33974],[-1.1845,51.33973],[-1.18466,51.33974],[-1.18475,51.33974],[-1.1848,51.33976],[-1.18482,51.33979]]},"properties":{"k":"stream","name":""}},{"type":"Feature","geometry":{"type":"LineString","coordinates":[[-1.18147,51.35216],[-1.18116,51.3521]]},"properties":{"k":"stream","name":""}},{"type":"Feature","geometry":{"type":"LineString","coordinates":[[-1.17815,51.35124],[-1.17814,51.35109],[-1.17812,51.35094]]},"properties":{"k":"stream","name":""}},{"type":"Feature","geometry":{"type":"LineString","coordinates":[[-1.11731,51.34974],[-1.11688,51.34981],[-1.11622,51.34992],[-1.11569,51.34999],[-1.11508,51.35007],[-1.11462,51.35012],[-1.11427,51.3501],[-1.11384,51.35005],[-1.11321,51.35006]]},"properties":{"k":"stream","name":""}},{"type":"Feature","geometry":{"type":"LineString","coordinates":[[-1.19563,51.35509],[-1.19568,51.3551],[-1.19576,51.3551],[-1.19579,51.3551],[-1.19581,51.3551],[-1.19584,51.35511],[-1.19587,51.35513],[-1.1959,51.35515],[-1.19594,51.35516],[-1.19596,51.35517],[-1.19603,51.35517],[-1.19607,51.35517],[-1.19611,51.35519],[-1.19614,51.35519],[-1.19616,51.3552],[-1.19618,51.3552],[-1.19619,51.3552],[-1.19621,51.35519],[-1.19621,51.35517],[-1.19621,51.35513],[-1.19621,51.35511],[-1.19621,51.35509],[-1.19624,51.35507],[-1.19627,51.35506],[-1.19632,51.35505],[-1.19635,51.35505],[-1.1964,51.35505],[-1.19642,51.35505],[-1.19643,51.35506],[-1.19644,51.35508],[-1.19645,51.35509],[-1.19648,51.3551],[-1.19653,51.3551],[-1.19657,51.3551],[-1.1966,51.3551],[-1.19665,51.35508],[-1.19668,51.35507],[-1.19672,51.35506],[-1.19675,51.35505],[-1.19678,51.35505],[-1.19681,51.35506],[-1.19681,51.35508],[-1.19681,51.35511],[-1.1968,51.35513],[-1.1968,51.35517],[-1.1968,51.35519],[-1.19679,51.35522],[-1.19678,51.35523],[-1.19675,51.35525],[-1.19672,51.35527],[-1.1967,51.3553],[-1.1967,51.35532],[-1.1967,51.35534],[-1.19671,51.35535],[-1.19673,51.35536],[-1.19677,51.35536],[-1.19684,51.35536],[-1.19687,51.35535],[-1.1969,51.35534],[-1.19693,51.35532],[-1.19697,51.35531],[-1.19699,51.35531],[-1.19701,51.35532],[-1.19702,51.35534],[-1.19702,51.35536],[-1.19702,51.35538],[-1.19703,51.3554],[-1.19703,51.35542],[-1.19705,51.35544],[-1.19707,51.35546],[-1.1971,51.35547],[-1.19713,51.35548],[-1.19717,51.35548],[-1.19721,51.35548],[-1.19725,51.35546],[-1.19727,51.35545],[-1.19729,51.35544],[-1.19733,51.35543],[-1.19736,51.35542],[-1.1974,51.35542],[-1.19745,51.35542],[-1.19748,51.35543],[-1.19748,51.35544],[-1.19749,51.35546],[-1.19749,51.35549],[-1.1975,51.35553],[-1.19752,51.35556],[-1.19755,51.35559],[-1.19756,51.35561],[-1.19757,51.35563],[-1.19758,51.35565],[-1.19758,51.35566],[-1.19757,51.35568],[-1.19754,51.35569],[-1.19751,51.3557],[-1.19746,51.35571],[-1.19742,51.35571],[-1.19739,51.35571],[-1.19735,51.35571],[-1.19732,51.35572],[-1.1973,51.35574],[-1.19729,51.35575],[-1.19729,51.35578],[-1.19729,51.3558],[-1.19729,51.35582],[-1.19731,51.35584],[-1.19733,51.35586],[-1.19737,51.35588],[-1.19739,51.35589],[-1.19744,51.3559],[-1.19747,51.3559],[-1.19753,51.35589],[-1.19758,51.35588],[-1.19763,51.35587],[-1.19768,51.35587],[-1.19773,51.35587],[-1.19779,51.35587],[-1.19784,51.35587],[-1.19788,51.35587],[-1.19792,51.35589],[-1.19796,51.3559],[-1.19801,51.35594],[-1.19807,51.35598],[-1.19811,51.35601],[-1.19817,51.35603],[-1.1982,51.35604],[-1.19825,51.35605],[-1.19829,51.35605],[-1.19833,51.35605],[-1.19837,51.35605],[-1.19843,51.35606],[-1.19846,51.35607],[-1.1985,51.35609],[-1.19851,51.35611],[-1.19851,51.35613],[-1.19853,51.35615],[-1.19856,51.35616],[-1.19859,51.35616],[-1.19862,51.35616],[-1.19864,51.35615],[-1.19866,51.35613],[-1.19869,51.35611],[-1.19871,51.35609],[-1.19873,51.35607],[-1.19875,51.35606],[-1.19878,51.35604],[-1.19881,51.35604],[-1.19885,51.35604],[-1.19891,51.35604],[-1.19897,51.35605],[-1.19903,51.35606],[-1.19908,51.35606],[-1.19914,51.35607],[-1.19918,51.35608],[-1.19923,51.35608],[-1.19928,51.35608],[-1.19933,51.35608],[-1.19937,51.35608],[-1.19942,51.35608],[-1.19948,51.35608],[-1.19954,51.35607],[-1.19959,51.35607],[-1.19963,51.35608],[-1.19968,51.35608],[-1.19971,51.35609],[-1.19976,51.3561],[-1.1998,51.3561],[-1.19983,51.3561],[-1.19987,51.3561],[-1.19994,51.3561],[-1.19999,51.35611],[-1.20003,51.35612],[-1.20006,51.35614],[-1.20008,51.35615],[-1.20011,51.35617],[-1.20012,51.35618],[-1.20014,51.35619],[-1.20017,51.35621],[-1.2002,51.35622],[-1.20024,51.35623],[-1.20026,51.35623],[-1.20032,51.35623],[-1.20035,51.35623],[-1.20037,51.35623],[-1.20039,51.35624],[-1.2004,51.35625],[-1.2004,51.35626],[-1.2004,51.35628],[-1.2004,51.35629],[-1.20039,51.35631],[-1.20037,51.35632],[-1.20035,51.35634],[-1.20034,51.35635],[-1.20032,51.35638],[-1.20029,51.35639],[-1.20027,51.3564],[-1.20023,51.35642],[-1.20021,51.35643],[-1.2002,51.35645],[-1.20019,51.35646],[-1.20019,51.35648],[-1.2002,51.3565],[-1.20022,51.35652],[-1.20025,51.35654],[-1.20029,51.35655],[-1.20033,51.35655],[-1.20037,51.35655],[-1.20043,51.35654],[-1.2005,51.35654],[-1.20055,51.35653],[-1.2006,51.35653],[-1.20063,51.35653],[-1.20067,51.35654],[-1.20069,51.35655],[-1.20071,51.35657],[-1.20073,51.35659],[-1.20075,51.3566],[-1.20077,51.35664],[-1.20079,51.35666],[-1.20082,51.35668],[-1.20085,51.3567],[-1.20087,51.35671],[-1.2009,51.35673],[-1.20092,51.35675],[-1.20092,51.35676],[-1.20092,51.35679],[-1.20093,51.35684],[-1.20094,51.35688],[-1.20095,51.35698],[-1.20096,51.357],[-1.20098,51.35703]]},"properties":{"k":"stream","name":""}},{"type":"Feature","geometry":{"type":"LineString","coordinates":[[-1.1858,51.35189],[-1.18657,51.35197],[-1.18673,51.35209],[-1.18673,51.35213],[-1.18675,51.35216],[-1.18679,51.35219],[-1.18695,51.35224],[-1.18715,51.35231],[-1.18725,51.35233],[-1.18734,51.35233],[-1.18741,51.35232],[-1.18748,51.35232],[-1.18758,51.35235],[-1.18767,51.35238],[-1.1878,51.35242],[-1.18794,51.35244],[-1.18814,51.35248],[-1.18827,51.3525],[-1.18843,51.35251],[-1.18857,51.35251],[-1.1888,51.35253],[-1.18894,51.35254],[-1.18901,51.35255],[-1.18917,51.3526],[-1.18936,51.35266],[-1.1895,51.3527],[-1.18965,51.35275],[-1.18975,51.35279],[-1.1898,51.35282],[-1.1898,51.35286],[-1.18976,51.35293],[-1.18972,51.35299],[-1.18972,51.35303],[-1.18972,51.35306],[-1.18977,51.35312],[-1.18995,51.35331],[-1.19004,51.35341],[-1.1901,51.35345],[-1.1902,51.35351],[-1.19032,51.35358],[-1.19042,51.35363],[-1.19053,51.35367],[-1.19061,51.35368],[-1.1907,51.35369],[-1.19082,51.3537],[-1.1909,51.35368],[-1.19102,51.35363],[-1.19111,51.35359],[-1.19125,51.35352],[-1.19141,51.35344],[-1.19147,51.35342],[-1.19155,51.35343],[-1.19165,51.35346],[-1.19175,51.3535],[-1.19184,51.35356],[-1.19194,51.35364],[-1.192,51.3537],[-1.19204,51.35372],[-1.19215,51.35377],[-1.19231,51.3538],[-1.19242,51.3538],[-1.19261,51.3538],[-1.19274,51.3538],[-1.19296,51.35377],[-1.19305,51.35377]]},"properties":{"k":"stream","name":""}},{"type":"Feature","geometry":{"type":"LineString","coordinates":[[-1.19406,51.35028],[-1.19391,51.35046],[-1.19376,51.35064]]},"properties":{"k":"stream","name":""}},{"type":"Feature","geometry":{"type":"LineString","coordinates":[[-1.19424,51.34706],[-1.19378,51.34742],[-1.19305,51.34774],[-1.19218,51.34804],[-1.1917,51.34812],[-1.19121,51.34821],[-1.19108,51.34825],[-1.19098,51.3483],[-1.1908,51.3484],[-1.19064,51.34848],[-1.19054,51.34853],[-1.19044,51.34856],[-1.19002,51.34868],[-1.18979,51.34874],[-1.18967,51.3488],[-1.1896,51.34883],[-1.18956,51.34889],[-1.18952,51.34893],[-1.18927,51.34903],[-1.18884,51.34917],[-1.18857,51.34934],[-1.18853,51.34937],[-1.18851,51.34939]]},"properties":{"k":"stream","name":""}},{"type":"Feature","geometry":{"type":"LineString","coordinates":[[-0.86979,51.37583],[-0.86975,51.37648],[-0.86987,51.37712],[-0.86999,51.3772],[-0.87019,51.37734]]},"properties":{"k":"stream","name":""}},{"type":"Feature","geometry":{"type":"LineString","coordinates":[[-1.01219,51.33424],[-1.01143,51.33491],[-1.01097,51.33531],[-1.01,51.33674]]},"properties":{"k":"river","name":""}},{"type":"Feature","geometry":{"type":"LineString","coordinates":[[-1.20119,51.33771],[-1.20211,51.33775],[-1.20276,51.33794],[-1.20366,51.33783],[-1.20499,51.33783],[-1.20602,51.33791],[-1.20645,51.33802],[-1.20739,51.33794],[-1.20825,51.33781],[-1.20846,51.33794],[-1.20881,51.33805],[-1.20962,51.33773],[-1.21069,51.33738],[-1.21164,51.33711],[-1.2122,51.33676],[-1.21297,51.33585],[-1.21306,51.33574],[-1.2134,51.33542],[-1.21417,51.33502],[-1.21441,51.33445],[-1.21456,51.33405],[-1.21443,51.33338],[-1.21529,51.33275],[-1.21636,51.33193],[-1.21765,51.33134],[-1.21865,51.33054],[-1.21958,51.33027],[-1.22022,51.33008],[-1.22087,51.32984],[-1.22117,51.3296],[-1.22164,51.32909],[-1.22211,51.32874],[-1.22288,51.32834],[-1.224,51.32786],[-1.22539,51.32769],[-1.22527,51.32708],[-1.22538,51.3268],[-1.22552,51.32668],[-1.22543,51.32634],[-1.22616,51.32599],[-1.22625,51.32564],[-1.22577,51.32538],[-1.22539,51.32496],[-1.22535,51.32475],[-1.22534,51.32468],[-1.22513,51.32471],[-1.22499,51.32474],[-1.22491,51.32473],[-1.22483,51.32468],[-1.22481,51.32468]]},"properties":{"k":"stream","name":""}},{"type":"Feature","geometry":{"type":"LineString","coordinates":[[-1.1067,51.32966],[-1.10479,51.32957],[-1.10353,51.32998],[-1.1011,51.32992],[-1.09888,51.32973],[-1.09788,51.32948],[-1.09689,51.32904],[-1.09646,51.32862]]},"properties":{"k":"stream","name":"Old Ponds"}},{"type":"Feature","geometry":{"type":"LineString","coordinates":[[-1.09747,51.36498],[-1.09731,51.3649],[-1.09701,51.36491],[-1.09683,51.36494],[-1.09658,51.36488],[-1.09647,51.36467],[-1.09645,51.36464],[-1.09641,51.36451],[-1.09622,51.36451],[-1.09597,51.36481],[-1.096,51.36499],[-1.09527,51.36512],[-1.09389,51.36541],[-1.0928,51.36559],[-1.09211,51.36563],[-1.09151,51.36568],[-1.09074,51.36608],[-1.09037,51.36621],[-1.09024,51.36643],[-1.0896,51.36642],[-1.08875,51.36664],[-1.08864,51.36661],[-1.08645,51.36758],[-1.08559,51.36734],[-1.08522,51.36744],[-1.08509,51.36735],[-1.08474,51.36757],[-1.08335,51.36747],[-1.08196,51.36736],[-1.08087,51.36758],[-1.07973,51.36757],[-1.07911,51.36753],[-1.0786,51.3675],[-1.07837,51.3675],[-1.07802,51.36753],[-1.0776,51.36757],[-1.07636,51.36765],[-1.0758,51.36769],[-1.07486,51.3679],[-1.07463,51.36784],[-1.07385,51.36738],[-1.07297,51.36722],[-1.07205,51.36669],[-1.07133,51.36637],[-1.071,51.36625],[-1.07062,51.36614],[-1.07018,51.36605],[-1.06967,51.36609],[-1.06927,51.36612],[-1.06896,51.36576],[-1.06826,51.36561],[-1.06735,51.36541],[-1.06612,51.36545],[-1.06574,51.36557],[-1.06467,51.36565],[-1.06302,51.36565],[-1.06103,51.36526],[-1.0599,51.36519],[-1.05875,51.36518],[-1.05796,51.36536],[-1.05727,51.36537],[-1.0565,51.36504],[-1.05622,51.36494],[-1.05614,51.36489],[-1.05608,51.36483],[-1.05553,51.36357],[-1.05343,51.36239],[-1.05317,51.36224],[-1.05203,51.36257]]},"properties":{"k":"stream","name":"West End Brook"}},{"type":"Feature","geometry":{"type":"LineString","coordinates":[[-1.08142,51.37177],[-1.08087,51.37098],[-1.07974,51.37027],[-1.07914,51.36934],[-1.07887,51.3688],[-1.07832,51.36839],[-1.07752,51.36814],[-1.07667,51.36813],[-1.07645,51.36796],[-1.07486,51.3679]]},"properties":{"k":"stream","name":""}},{"type":"Feature","geometry":{"type":"LineString","coordinates":[[-1.09586,51.34236],[-1.09548,51.34223],[-1.09499,51.34228],[-1.09476,51.34227],[-1.09458,51.34229],[-1.09439,51.34226],[-1.09434,51.34208],[-1.09389,51.34209],[-1.09379,51.34186],[-1.0935,51.34182],[-1.09339,51.34184],[-1.0932,51.34174],[-1.09299,51.34183],[-1.09281,51.34175],[-1.09197,51.3418],[-1.09095,51.34164],[-1.09043,51.34177],[-1.09016,51.34173],[-1.08963,51.34176],[-1.08921,51.34183],[-1.08859,51.34181],[-1.08773,51.34177],[-1.0876,51.34185],[-1.08753,51.34186],[-1.08729,51.34191]]},"properties":{"k":"stream","name":"Silchester Brook"}},{"type":"Feature","geometry":{"type":"LineString","coordinates":[[-1.08729,51.34191],[-1.08651,51.34188],[-1.08629,51.34192],[-1.08597,51.34219],[-1.08546,51.3424],[-1.08504,51.34262],[-1.08493,51.34286],[-1.0844,51.34331],[-1.08375,51.34367],[-1.08291,51.34391],[-1.08156,51.34421],[-1.08056,51.34458],[-1.07971,51.34469],[-1.07837,51.34466],[-1.0778,51.34463],[-1.07639,51.34456],[-1.07541,51.34478],[-1.07475,51.34504],[-1.0737,51.3452],[-1.07229,51.3453],[-1.07039,51.34536],[-1.06953,51.34559],[-1.06897,51.3463],[-1.06858,51.34717],[-1.06827,51.34771]]},"properties":{"k":"stream","name":"Silchester Brook"}},{"type":"Feature","geometry":{"type":"LineString","coordinates":[[-1.0034,51.27631],[-1.00344,51.27653],[-1.00495,51.27771],[-1.00405,51.27884],[-1.00418,51.27932],[-1.00415,51.2794],[-1.004,51.27983],[-1.00422,51.28015],[-1.00375,51.28074],[-1.00392,51.28259],[-1.00392,51.28394],[-1.00383,51.28469],[-1.00289,51.28544],[-1.00243,51.28551],[-1.00225,51.28572],[-1.00207,51.28592],[-1.00216,51.28603],[-1.00264,51.28616],[-1.00277,51.28638],[-1.00294,51.28664],[-1.00292,51.28686],[-1.00259,51.28708],[-1.00224,51.28722],[-1.00216,51.28741],[-1.0023,51.28762],[-1.0023,51.28775],[-1.00216,51.28836],[-1.00263,51.28855],[-1.00202,51.28921],[-1.00199,51.28925],[-1.00079,51.28941],[-1.0007,51.29019],[-1.00121,51.29043],[-1.00126,51.29086],[-1.00109,51.29124],[-1.0013,51.29158],[-1.00087,51.29209],[-1.00087,51.29244],[-1.00164,51.29277],[-1.00134,51.29322],[-1.00173,51.29376],[-1.00229,51.29413],[-1.00177,51.29499],[-1.0019,51.29572],[-1.00143,51.29687],[-1.00139,51.29805],[-1.00143,51.301],[-1.00203,51.30248],[-1.00207,51.30299],[-1.0025,51.30334],[-1.00217,51.30376],[-1.00199,51.30429],[-1.00201,51.30449],[-1.00208,51.30461],[-1.00239,51.30477],[-1.00257,51.30487],[-1.00264,51.30501],[-1.00265,51.30525],[-1.00272,51.30539],[-1.00289,51.30555],[-1.0031,51.30583],[-1.00319,51.30609],[-1.0032,51.30628],[-1.00316,51.30641],[-1.00298,51.30657],[-1.00286,51.30686],[-1.00269,51.30704],[-1.00235,51.30713],[-1.00213,51.30719],[-1.00198,51.30737],[-1.002,51.30786],[-1.00186,51.30835],[-1.00182,51.30862],[-1.00177,51.30885],[-1.00174,51.30915],[-1.00176,51.30938],[-1.00197,51.30995],[-1.00229,51.31034],[-1.00237,51.31043]]},"properties":{"k":"river","name":"River Lyde"}},{"type":"Feature","geometry":{"type":"LineString","coordinates":[[-1.0599,51.33147],[-1.05983,51.33148],[-1.05977,51.3315],[-1.05973,51.3315]]},"properties":{"k":"stream","name":""}},{"type":"Feature","geometry":{"type":"LineString","coordinates":[[-1.10964,51.33985],[-1.10954,51.33995]]},"properties":{"k":"stream","name":""}},{"type":"Feature","geometry":{"type":"LineString","coordinates":[[-0.96229,51.26079],[-0.96189,51.26088],[-0.96162,51.26093],[-0.96148,51.26094],[-0.96135,51.26094],[-0.96108,51.26094],[-0.96076,51.2609],[-0.96044,51.26085],[-0.95991,51.26069],[-0.9594,51.26049],[-0.95902,51.26035],[-0.95883,51.26029],[-0.95863,51.26024],[-0.9582,51.26012],[-0.958,51.26009],[-0.95781,51.26009],[-0.95764,51.26009],[-0.95747,51.26011],[-0.95704,51.2602],[-0.95664,51.26032],[-0.95635,51.2604],[-0.95604,51.26052],[-0.9559,51.26056],[-0.95576,51.2606],[-0.95554,51.26065],[-0.95532,51.26068],[-0.95491,51.26067],[-0.95464,51.26065],[-0.95449,51.26061],[-0.95437,51.26056],[-0.95367,51.26025],[-0.95331,51.26012],[-0.95294,51.26004],[-0.95237,51.25994],[-0.9521,51.2599],[-0.95196,51.25988],[-0.95171,51.25986],[-0.95157,51.25987],[-0.95143,51.25988],[-0.95121,51.25994],[-0.95105,51.26001],[-0.95074,51.26019],[-0.9505,51.26045],[-0.95041,51.26058],[-0.95033,51.2607],[-0.95029,51.26078],[-0.95024,51.26086],[-0.95022,51.26094],[-0.95021,51.26103],[-0.95021,51.26122],[-0.95027,51.2615],[-0.9503,51.26164],[-0.95031,51.26179],[-0.95031,51.26207],[-0.95028,51.26234],[-0.9502,51.26259],[-0.95012,51.26279],[-0.95007,51.26287],[-0.95002,51.26294],[-0.94996,51.263],[-0.94989,51.26307],[-0.94967,51.26326],[-0.94954,51.26335],[-0.94927,51.26349],[-0.94913,51.26355],[-0.94899,51.26361],[-0.94881,51.26367],[-0.94862,51.26372],[-0.94834,51.26376],[-0.94806,51.2638],[-0.94776,51.26381],[-0.94745,51.2638],[-0.94722,51.26378],[-0.94701,51.26375],[-0.94665,51.26368],[-0.94639,51.26361],[-0.94611,51.26353],[-0.94557,51.26335],[-0.94499,51.26317],[-0.94443,51.26306],[-0.94332,51.26284],[-0.94195,51.26251],[-0.93983,51.262],[-0.93783,51.26149],[-0.93669,51.26117],[-0.93612,51.261],[-0.93417,51.26042],[-0.93361,51.26022],[-0.93325,51.26008],[-0.93272,51.25983],[-0.93228,51.25962],[-0.93183,51.25944],[-0.93157,51.25937],[-0.93127,51.2593],[-0.93102,51.25925],[-0.9305,51.25913],[-0.93006,51.25905],[-0.92982,51.25902],[-0.92905,51.25898],[-0.92837,51.25896],[-0.92812,51.25896],[-0.92768,51.25898],[-0.92751,51.25903],[-0.92707,51.25923],[-0.92686,51.25941],[-0.92653,51.25983],[-0.92642,51.25996],[-0.92629,51.26006],[-0.92603,51.26027],[-0.92545,51.26071],[-0.92529,51.26079],[-0.92484,51.261],[-0.92453,51.26118],[-0.924,51.2616],[-0.92369,51.26176],[-0.92333,51.26197],[-0.92311,51.26211],[-0.92302,51.26219],[-0.92292,51.26228],[-0.92282,51.26237],[-0.92272,51.26247],[-0.92261,51.26256],[-0.92254,51.26262],[-0.92242,51.26267],[-0.92227,51.26273],[-0.9222,51.26275],[-0.92212,51.26277],[-0.92201,51.26279],[-0.92191,51.2628],[-0.92169,51.2628],[-0.92142,51.2628],[-0.92126,51.26278],[-0.92112,51.26277],[-0.92098,51.26275],[-0.92084,51.26273],[-0.92067,51.26271],[-0.92034,51.26265],[-0.91967,51.26253],[-0.91918,51.26244],[-0.91898,51.26241],[-0.91877,51.26238],[-0.91853,51.26234],[-0.91828,51.26231],[-0.91808,51.2623],[-0.91787,51.2623],[-0.91748,51.26232],[-0.91712,51.26234],[-0.91677,51.26238],[-0.91636,51.26244],[-0.91547,51.2626],[-0.91487,51.26269],[-0.91429,51.26277],[-0.91369,51.26286],[-0.91344,51.26289],[-0.91299,51.26295]]},"properties":{"k":"canal","name":"Basingstoke Canal"}},{"type":"Feature","geometry":{"type":"LineString","coordinates":[[-1.20056,51.36567],[-1.20037,51.36562],[-1.20026,51.3656],[-1.20022,51.3656],[-1.20015,51.3656],[-1.20008,51.36561],[-1.20002,51.36564],[-1.19995,51.36567],[-1.19987,51.36571],[-1.1998,51.36575],[-1.19973,51.36578],[-1.19966,51.36581],[-1.19961,51.36583],[-1.19955,51.36587],[-1.19949,51.36591],[-1.19944,51.36595],[-1.19941,51.36599],[-1.19938,51.36604],[-1.19934,51.3661],[-1.1993,51.36616],[-1.19927,51.36621],[-1.19926,51.36626],[-1.19926,51.3663],[-1.19927,51.36635],[-1.19927,51.36642],[-1.19925,51.36646],[-1.1992,51.36652],[-1.19913,51.36656],[-1.19906,51.3666],[-1.19898,51.36665],[-1.19891,51.36668],[-1.19881,51.36671],[-1.19873,51.36673],[-1.19866,51.36675],[-1.19859,51.36677],[-1.19853,51.36679],[-1.19843,51.36683],[-1.19837,51.36686],[-1.1983,51.36687],[-1.19825,51.36688],[-1.19822,51.3669],[-1.19818,51.36693],[-1.19815,51.36698],[-1.19814,51.36704],[-1.19814,51.36709],[-1.19814,51.36715],[-1.19814,51.36721],[-1.19814,51.36729],[-1.19813,51.36736],[-1.19811,51.36741],[-1.19808,51.36745],[-1.19802,51.3675],[-1.19797,51.36753],[-1.19791,51.36755],[-1.19784,51.36757],[-1.19776,51.36759],[-1.19768,51.36761],[-1.19759,51.36761],[-1.19749,51.36762],[-1.19741,51.36762],[-1.19734,51.36762],[-1.19728,51.36761],[-1.19724,51.3676],[-1.19718,51.36758],[-1.1971,51.36756],[-1.19703,51.36754],[-1.19698,51.36754],[-1.19693,51.36755],[-1.1969,51.36756],[-1.19687,51.36758],[-1.19686,51.3676],[-1.19685,51.36764],[-1.19685,51.36768],[-1.19686,51.36772],[-1.19689,51.3678],[-1.19691,51.36787],[-1.19694,51.36794],[-1.19695,51.368],[-1.19696,51.36807],[-1.19697,51.36813],[-1.19698,51.36818],[-1.19699,51.36823],[-1.19701,51.36828],[-1.19702,51.36833],[-1.19702,51.36837],[-1.19702,51.36844],[-1.19701,51.36849],[-1.197,51.36853],[-1.19697,51.36857],[-1.19695,51.36863],[-1.19695,51.36868],[-1.19695,51.36873],[-1.19697,51.36878],[-1.19699,51.36883],[-1.19702,51.36888],[-1.19704,51.36891],[-1.19708,51.36896],[-1.19711,51.36899],[-1.19714,51.36902],[-1.19717,51.36905],[-1.19723,51.36908],[-1.1973,51.36911],[-1.19738,51.36914],[-1.19748,51.36916],[-1.19754,51.36919],[-1.19761,51.36922],[-1.19768,51.36925],[-1.19773,51.36928],[-1.1978,51.36932],[-1.19786,51.36937],[-1.19791,51.36942],[-1.19793,51.36945],[-1.19793,51.36948],[-1.19793,51.36954],[-1.19793,51.36961],[-1.19793,51.36966],[-1.19793,51.36971],[-1.19791,51.36976],[-1.19788,51.36981],[-1.19785,51.36988],[-1.19782,51.36994],[-1.19779,51.37],[-1.19776,51.37007],[-1.19774,51.37013],[-1.19773,51.37019],[-1.19772,51.37026],[-1.19771,51.37033],[-1.19769,51.37038],[-1.19765,51.37045],[-1.19759,51.37051],[-1.19754,51.37056],[-1.19746,51.37062],[-1.1974,51.37066],[-1.19735,51.3707],[-1.1973,51.37075],[-1.19727,51.37079],[-1.19725,51.37082],[-1.19725,51.37087],[-1.19725,51.37093],[-1.19725,51.37099],[-1.19726,51.37103],[-1.19729,51.37108],[-1.19733,51.37114],[-1.19738,51.37118],[-1.19744,51.37123],[-1.19753,51.37129],[-1.1976,51.37134],[-1.19767,51.37137],[-1.19777,51.37142],[-1.19782,51.37145],[-1.19789,51.3715],[-1.19793,51.37154],[-1.19797,51.37158],[-1.198,51.37163],[-1.19803,51.37168],[-1.19803,51.37174],[-1.19803,51.3718],[-1.19804,51.37184],[-1.19805,51.37189],[-1.19806,51.37192],[-1.19806,51.37196],[-1.19806,51.37201],[-1.19804,51.37205],[-1.19801,51.37209],[-1.19798,51.37212],[-1.19792,51.37215],[-1.19785,51.37219],[-1.19778,51.37222],[-1.19774,51.37224],[-1.19771,51.37226],[-1.19769,51.37229],[-1.19767,51.37233],[-1.19765,51.37237],[-1.19761,51.37241],[-1.19757,51.37244],[-1.19754,51.37248],[-1.19751,51.37251],[-1.19747,51.37254],[-1.19742,51.37256],[-1.19736,51.37259],[-1.19731,51.37261],[-1.19726,51.37264],[-1.19722,51.37266],[-1.19717,51.37269],[-1.19712,51.37271],[-1.19705,51.37274],[-1.19699,51.37276],[-1.19692,51.37278],[-1.19683,51.3728],[-1.19674,51.3728],[-1.19665,51.37281],[-1.19657,51.37281],[-1.19648,51.37281],[-1.1964,51.37282],[-1.19632,51.37284],[-1.19623,51.37286],[-1.19618,51.37289],[-1.19612,51.37291],[-1.19607,51.37294],[-1.19604,51.37297],[-1.196,51.37302],[-1.19596,51.37308],[-1.19593,51.37313],[-1.19591,51.37318],[-1.19589,51.37323],[-1.19587,51.37328],[-1.19584,51.37332],[-1.19582,51.37337],[-1.19579,51.37341],[-1.19576,51.37344],[-1.19573,51.37348],[-1.19568,51.3735],[-1.19559,51.37353],[-1.1955,51.37354],[-1.19542,51.37355],[-1.19533,51.37356],[-1.19522,51.37357],[-1.19512,51.37359],[-1.19495,51.37362],[-1.19483,51.37366],[-1.19473,51.37369],[-1.19463,51.37372],[-1.19453,51.37376],[-1.19441,51.37379],[-1.19435,51.37382],[-1.19428,51.37385],[-1.19423,51.37389],[-1.19414,51.37392],[-1.19409,51.37393],[-1.19401,51.37394],[-1.19394,51.37394],[-1.19387,51.37394],[-1.19381,51.37393],[-1.19375,51.37391],[-1.19367,51.37389],[-1.1936,51.37389],[-1.1935,51.37389],[-1.19341,51.3739],[-1.19334,51.37392],[-1.19327,51.37394],[-1.19323,51.37397],[-1.1932,51.374],[-1.19314,51.37404],[-1.1931,51.37407],[-1.19308,51.3741],[-1.19306,51.37413],[-1.19303,51.37416],[-1.19299,51.37418],[-1.19292,51.37421],[-1.19286,51.37424],[-1.19279,51.37425],[-1.19274,51.37428],[-1.19267,51.3743],[-1.19262,51.37433],[-1.19255,51.37435],[-1.19247,51.37437],[-1.19238,51.37441],[-1.19231,51.37445],[-1.19225,51.37449],[-1.1922,51.37452],[-1.19214,51.37454],[-1.19208,51.37455],[-1.192,51.37455],[-1.19195,51.37456],[-1.19187,51.37456],[-1.19181,51.37458],[-1.19176,51.3746],[-1.19172,51.37462],[-1.19168,51.37466],[-1.19165,51.3747],[-1.19164,51.37474],[-1.19163,51.37479],[-1.19163,51.37484],[-1.1916,51.3749],[-1.19157,51.37493],[-1.19149,51.37499],[-1.19142,51.37502],[-1.19135,51.37505],[-1.19125,51.37508],[-1.19118,51.37509],[-1.1911,51.3751],[-1.19101,51.37511],[-1.19089,51.37511],[-1.19079,51.37511],[-1.19069,51.37512],[-1.19058,51.37514],[-1.19048,51.37515],[-1.1904,51.37517],[-1.19026,51.37521],[-1.19012,51.37525],[-1.19001,51.37528],[-1.18996,51.3753],[-1.18993,51.37532],[-1.18989,51.37535],[-1.18986,51.37538],[-1.18984,51.37542],[-1.18983,51.37546],[-1.18982,51.37551],[-1.18979,51.37554],[-1.18975,51.37559],[-1.18971,51.37564],[-1.18967,51.37567],[-1.1896,51.37572],[-1.18955,51.37576],[-1.18951,51.37581],[-1.18943,51.37588],[-1.18934,51.37596],[-1.18929,51.376],[-1.18924,51.37602],[-1.1892,51.37604],[-1.18913,51.37606],[-1.18906,51.37607],[-1.18898,51.37607],[-1.18889,51.37608],[-1.18878,51.37608],[-1.18862,51.37607],[-1.18847,51.37607],[-1.18838,51.37607],[-1.18831,51.37608],[-1.18826,51.37609],[-1.18823,51.37611],[-1.1882,51.37614],[-1.18817,51.37618],[-1.18816,51.37622],[-1.18815,51.37628],[-1.18814,51.37636],[-1.18814,51.37643],[-1.18814,51.37655],[-1.18814,51.3766],[-1.18816,51.37666],[-1.18818,51.37673],[-1.18821,51.3768],[-1.18823,51.37686],[-1.18825,51.37692],[-1.18825,51.37698],[-1.18825,51.37703],[-1.18824,51.37708],[-1.1882,51.37712],[-1.18816,51.37713],[-1.18809,51.37714],[-1.18798,51.37716],[-1.18786,51.37717],[-1.18776,51.37718],[-1.18768,51.37719],[-1.1876,51.37719],[-1.18752,51.37719],[-1.18743,51.37719],[-1.18735,51.3772],[-1.18727,51.37722],[-1.18719,51.37726],[-1.18713,51.37729],[-1.18703,51.37733],[-1.18695,51.37738],[-1.18687,51.37745],[-1.18682,51.3775],[-1.18678,51.37757],[-1.18675,51.37763],[-1.18673,51.3777],[-1.18671,51.37777],[-1.18669,51.37781],[-1.18666,51.37787],[-1.18662,51.37795],[-1.18658,51.37802],[-1.18654,51.37808],[-1.18649,51.37813],[-1.18643,51.37819],[-1.18636,51.37824],[-1.18629,51.37829],[-1.18617,51.37835],[-1.18607,51.37839],[-1.18597,51.37844],[-1.18589,51.37848],[-1.18583,51.37852],[-1.18577,51.37856],[-1.18572,51.3786],[-1.18565,51.37866],[-1.1856,51.37871],[-1.18554,51.37877],[-1.18549,51.37884],[-1.18546,51.37889],[-1.18545,51.37893],[-1.18544,51.37901],[-1.18544,51.37909],[-1.18544,51.37917],[-1.18545,51.37923],[-1.18546,51.3793],[-1.18546,51.37935],[-1.18546,51.37938],[-1.18546,51.37946],[-1.18547,51.37952],[-1.18549,51.37957],[-1.18551,51.37962],[-1.18554,51.37967],[-1.18557,51.37973],[-1.1856,51.37977],[-1.18562,51.37982],[-1.18563,51.37987],[-1.18562,51.37992],[-1.18561,51.37997],[-1.18559,51.38003],[-1.18558,51.38007],[-1.18557,51.38013],[-1.18557,51.38018],[-1.1856,51.3802],[-1.18564,51.38022],[-1.18568,51.38023],[-1.18573,51.38025],[-1.18577,51.38027],[-1.18581,51.38031],[-1.18584,51.38035],[-1.18585,51.38039],[-1.18585,51.38044],[-1.18584,51.38049],[-1.18581,51.38054],[-1.18577,51.38058],[-1.18572,51.38062],[-1.18565,51.38065],[-1.18556,51.38067],[-1.18545,51.3807],[-1.18532,51.38072],[-1.18516,51.38073],[-1.18504,51.38074],[-1.18487,51.38076],[-1.18474,51.38078],[-1.1846,51.38079],[-1.1845,51.3808],[-1.18443,51.38081],[-1.18438,51.38082],[-1.18427,51.38083],[-1.18414,51.38085],[-1.184,51.38085],[-1.18392,51.38085],[-1.18384,51.38084],[-1.18376,51.38082],[-1.18368,51.3808],[-1.18362,51.38077],[-1.18353,51.38076],[-1.18343,51.38074],[-1.18329,51.38072],[-1.18316,51.38072],[-1.18299,51.38073],[-1.18278,51.38074],[-1.18258,51.38074]]},"properties":{"k":"river","name":"River Enborne"}},{"type":"Feature","geometry":{"type":"LineString","coordinates":[[-1.0487,51.29564],[-1.04855,51.29557]]},"properties":{"k":"stream","name":"Petty's Brook"}},{"type":"Feature","geometry":{"type":"LineString","coordinates":[[-1.06044,51.29586],[-1.06008,51.29585],[-1.05978,51.29586],[-1.05955,51.29588],[-1.05937,51.29591],[-1.05911,51.29592],[-1.05895,51.29592],[-1.0586,51.29586],[-1.05831,51.2958],[-1.05814,51.29577],[-1.05803,51.29578],[-1.05785,51.29581],[-1.05764,51.29589],[-1.05733,51.29603],[-1.05719,51.29614],[-1.05706,51.2963],[-1.05699,51.29639],[-1.05695,51.29644],[-1.05687,51.29664],[-1.05667,51.29682],[-1.05642,51.29697],[-1.05617,51.29702],[-1.05579,51.29707]]},"properties":{"k":"stream","name":"Petty's Brook"}},{"type":"Feature","geometry":{"type":"LineString","coordinates":[[-1.05579,51.29707],[-1.0557,51.29707],[-1.05546,51.29708],[-1.05539,51.29708],[-1.0553,51.29707],[-1.05511,51.29704],[-1.05488,51.29699],[-1.05464,51.29694],[-1.05443,51.2969],[-1.05441,51.2969],[-1.0542,51.29689],[-1.05398,51.29691],[-1.05378,51.29692],[-1.05365,51.29691],[-1.05359,51.2969],[-1.05343,51.29688],[-1.05322,51.29684],[-1.05297,51.2968],[-1.05269,51.29678],[-1.05256,51.29677],[-1.05243,51.29676]]},"properties":{"k":"stream","name":"Petty's Brook"}},{"type":"Feature","geometry":{"type":"LineString","coordinates":[[-1.06067,51.29302],[-1.06105,51.29299],[-1.0613,51.29297],[-1.06157,51.29291],[-1.06179,51.29284],[-1.06202,51.29272],[-1.06211,51.29259],[-1.06218,51.29246],[-1.06239,51.29208],[-1.06249,51.29195],[-1.06275,51.29176],[-1.06304,51.29157],[-1.0633,51.29143]]},"properties":{"k":"stream","name":""}},{"type":"Feature","geometry":{"type":"LineString","coordinates":[[-1.02025,51.31858],[-1.02029,51.31872],[-1.0206,51.31919],[-1.02054,51.31938],[-1.02078,51.31974],[-1.02048,51.31991],[-1.02051,51.32005],[-1.02074,51.32011],[-1.02102,51.31995],[-1.02123,51.31978],[-1.02173,51.31991]]},"properties":{"k":"river","name":""}},{"type":"Feature","geometry":{"type":"LineString","coordinates":[[-1.03177,51.28777],[-1.03147,51.28791],[-1.03111,51.28808],[-1.03088,51.28828],[-1.03055,51.28863],[-1.03057,51.28883],[-1.0309,51.28904],[-1.03139,51.28924],[-1.0298,51.29053],[-1.02966,51.29051],[-1.02856,51.29013],[-1.02847,51.29018],[-1.02732,51.29075],[-1.02683,51.29079],[-1.02659,51.29085],[-1.02648,51.29093],[-1.02651,51.29113],[-1.02649,51.29121],[-1.02633,51.29124],[-1.02624,51.29137],[-1.0264,51.29151],[-1.02639,51.29164],[-1.02628,51.2917],[-1.02604,51.29177],[-1.02573,51.29172],[-1.02555,51.29177],[-1.0255,51.29195],[-1.02567,51.29206],[-1.02566,51.29214],[-1.02549,51.29225]]},"properties":{"k":"river","name":"River Loddon"}},{"type":"Feature","geometry":{"type":"LineString","coordinates":[[-1.07549,51.34886],[-1.07477,51.34862],[-1.07373,51.34807],[-1.07319,51.3477],[-1.07233,51.34749],[-1.07057,51.34757],[-1.07045,51.34742],[-1.06869,51.34756],[-1.06827,51.34771],[-1.06815,51.34787],[-1.06812,51.34797],[-1.06806,51.34803],[-1.06804,51.34808],[-1.0679,51.34855],[-1.0679,51.3488],[-1.06786,51.34892],[-1.06785,51.34921],[-1.0678,51.34929],[-1.06763,51.34934],[-1.06734,51.34956],[-1.06716,51.34967],[-1.06706,51.34971],[-1.06699,51.34974],[-1.06694,51.34982],[-1.06689,51.34989],[-1.06643,51.35018]]},"properties":{"k":"stream","name":"Silchester Brook"}},{"type":"Feature","geometry":{"type":"LineString","coordinates":[[-1.0813,51.26643],[-1.08119,51.26642],[-1.08086,51.26646],[-1.08025,51.26661],[-1.0799,51.26667],[-1.07954,51.26668],[-1.07927,51.26669],[-1.07861,51.26668],[-1.07806,51.2666],[-1.07783,51.26657],[-1.07753,51.26649],[-1.07739,51.26646],[-1.07702,51.26641]]},"properties":{"k":"stream","name":"River Loddon"}},{"type":"Feature","geometry":{"type":"LineString","coordinates":[[-1.09393,51.3058],[-1.09351,51.30589],[-1.09303,51.30593]]},"properties":{"k":"stream","name":""}},{"type":"Feature","geometry":{"type":"LineString","coordinates":[[-1.09771,51.30558],[-1.09719,51.30559],[-1.09581,51.30559],[-1.09452,51.30571],[-1.09393,51.3058]]},"properties":{"k":"stream","name":""}},{"type":"Feature","geometry":{"type":"LineString","coordinates":[[-0.86029,51.24592],[-0.86029,51.24596],[-0.86029,51.24604],[-0.86035,51.24612],[-0.86041,51.24615],[-0.86051,51.24622],[-0.86051,51.2463],[-0.86052,51.24646],[-0.86054,51.2465],[-0.86057,51.24655],[-0.8606,51.24659],[-0.86062,51.24663],[-0.86064,51.24667],[-0.86066,51.24671],[-0.86068,51.24676],[-0.86068,51.24684],[-0.86069,51.24689],[-0.8607,51.24693],[-0.86072,51.24697],[-0.86075,51.24701],[-0.86079,51.24705],[-0.86082,51.24708],[-0.861,51.24758],[-0.86108,51.24777],[-0.8613,51.24827],[-0.86139,51.24848],[-0.86137,51.24852],[-0.86136,51.24856],[-0.86135,51.2486],[-0.86133,51.24868],[-0.86119,51.24905],[-0.86095,51.24961],[-0.86077,51.25003],[-0.8606,51.25039],[-0.86055,51.25048],[-0.86047,51.25055],[-0.86024,51.25065],[-0.8602,51.25067],[-0.86015,51.25072],[-0.86014,51.25075],[-0.86013,51.25078],[-0.86012,51.25081],[-0.86011,51.25084],[-0.8601,51.25087],[-0.85999,51.25111],[-0.85997,51.25114],[-0.85988,51.25124],[-0.85985,51.25127],[-0.85974,51.25132],[-0.8597,51.25137],[-0.85968,51.25143],[-0.85968,51.25146],[-0.85969,51.25149],[-0.8597,51.25173],[-0.85968,51.25176],[-0.85967,51.25179],[-0.85965,51.25182],[-0.85964,51.25185],[-0.85963,51.25188],[-0.85962,51.25194],[-0.8596,51.252],[-0.85959,51.25203],[-0.85957,51.25206],[-0.85955,51.25209],[-0.85927,51.25248],[-0.85925,51.2525],[-0.85923,51.25253],[-0.85922,51.25256],[-0.85921,51.25259],[-0.85919,51.25262],[-0.85918,51.25265],[-0.85917,51.25276],[-0.85914,51.25279],[-0.85911,51.25281],[-0.85909,51.25284],[-0.85909,51.25286],[-0.85908,51.2529],[-0.85906,51.25292],[-0.85903,51.25297],[-0.85903,51.25303],[-0.85901,51.25306],[-0.859,51.25309],[-0.85901,51.25312],[-0.85902,51.25315],[-0.85905,51.25317],[-0.85909,51.25319],[-0.85912,51.25322],[-0.85916,51.25324],[-0.8592,51.25325],[-0.85924,51.25328],[-0.85927,51.2533],[-0.85927,51.25333],[-0.85928,51.2534],[-0.85929,51.25343],[-0.85929,51.25346],[-0.85931,51.25349],[-0.85933,51.25352],[-0.85935,51.25355],[-0.85945,51.25362],[-0.85947,51.25365],[-0.85948,51.25368],[-0.85949,51.25374],[-0.85951,51.25381],[-0.85957,51.25386],[-0.85964,51.2539],[-0.8597,51.25395],[-0.85973,51.25398],[-0.85976,51.25404],[-0.85978,51.25407],[-0.85978,51.2541],[-0.85979,51.25424],[-0.85977,51.25427],[-0.85974,51.25434],[-0.85972,51.25437],[-0.85972,51.25446],[-0.85974,51.25449],[-0.85975,51.25452],[-0.85973,51.25455],[-0.85971,51.25457],[-0.8597,51.2546],[-0.85972,51.25463],[-0.85974,51.25466],[-0.85972,51.25469],[-0.85969,51.25472],[-0.85968,51.25475],[-0.85969,51.2548],[-0.85966,51.25487],[-0.85965,51.2549],[-0.85966,51.25493],[-0.85967,51.25502],[-0.85968,51.25505],[-0.85968,51.25508],[-0.8597,51.25511],[-0.85971,51.25514],[-0.85972,51.25517],[-0.85972,51.2552],[-0.85974,51.25523],[-0.85975,51.25526],[-0.85979,51.25543],[-0.85979,51.25552],[-0.8598,51.25555],[-0.8598,51.25558],[-0.85981,51.25567],[-0.85983,51.25573],[-0.85984,51.25576],[-0.85988,51.25582],[-0.85997,51.25584],[-0.86002,51.25585],[-0.86006,51.25585],[-0.86021,51.25584],[-0.86031,51.25584],[-0.86035,51.25582],[-0.86042,51.25578],[-0.86046,51.25576],[-0.86071,51.25576],[-0.86076,51.25575],[-0.86081,51.25574],[-0.86086,51.25573],[-0.8609,51.25572],[-0.86095,51.25571],[-0.861,51.2557],[-0.86104,51.25569],[-0.86116,51.25563],[-0.86119,51.25561],[-0.86122,51.25559],[-0.86127,51.25557],[-0.86131,51.25556],[-0.86136,51.25556],[-0.86141,51.25558],[-0.86144,51.2556],[-0.86148,51.25563],[-0.86154,51.25568],[-0.86158,51.2557],[-0.86166,51.25578],[-0.86168,51.25581],[-0.86169,51.25584],[-0.8617,51.25587],[-0.86171,51.2559],[-0.86172,51.25593],[-0.86175,51.25595],[-0.8618,51.25601],[-0.86182,51.25603],[-0.86183,51.25606],[-0.86185,51.25612],[-0.86187,51.25615],[-0.86192,51.25622],[-0.86196,51.25624],[-0.862,51.25626],[-0.86204,51.25628],[-0.86215,51.25629],[-0.8622,51.2563],[-0.86223,51.25633],[-0.86224,51.25636],[-0.86228,51.25645],[-0.86228,51.25648],[-0.86229,51.25651],[-0.8623,51.25654],[-0.86232,51.25657],[-0.86234,51.2566],[-0.86237,51.25663],[-0.86239,51.25666],[-0.86243,51.25672],[-0.86245,51.25675],[-0.86247,51.25678],[-0.86249,51.2568],[-0.86255,51.25696],[-0.86257,51.257],[-0.86259,51.25703],[-0.86261,51.25705],[-0.86268,51.25717],[-0.8627,51.25719],[-0.86274,51.25725],[-0.86286,51.25749],[-0.8629,51.25754],[-0.86294,51.2576],[-0.86294,51.25763],[-0.86296,51.25772]]},"properties":{"k":"river","name":"River Hart"}},{"type":"Feature","geometry":{"type":"LineString","coordinates":[[-0.93636,51.33858],[-0.93635,51.3387],[-0.93641,51.33898],[-0.93656,51.33908],[-0.93649,51.33945],[-0.9365,51.33973],[-0.93661,51.33999],[-0.9366,51.34013],[-0.93648,51.34022],[-0.93637,51.34032],[-0.93654,51.34066],[-0.93654,51.34083],[-0.93681,51.3411],[-0.93701,51.34119],[-0.93714,51.34129],[-0.93711,51.34144],[-0.93696,51.34154],[-0.93677,51.34187],[-0.93683,51.34221],[-0.93719,51.34227],[-0.93738,51.34247],[-0.93764,51.34248],[-0.93761,51.34292]]},"properties":{"k":"river","name":"River Whitewater"}},{"type":"Feature","geometry":{"type":"LineString","coordinates":[[-0.93626,51.27257],[-0.93576,51.27341],[-0.93473,51.27485],[-0.93471,51.2751],[-0.93513,51.27571],[-0.9351,51.27629],[-0.93503,51.2767],[-0.93503,51.27749],[-0.93505,51.27787],[-0.93582,51.27829],[-0.93675,51.27868],[-0.9389,51.28008],[-0.93906,51.28034],[-0.93902,51.28089],[-0.93946,51.28242],[-0.93967,51.28267],[-0.93996,51.28277],[-0.94002,51.28295],[-0.94042,51.28325],[-0.94047,51.2834],[-0.94045,51.28356],[-0.94069,51.28359],[-0.94069,51.28378],[-0.9405,51.28391],[-0.94069,51.28401],[-0.94089,51.28437],[-0.94082,51.28463],[-0.94132,51.28459],[-0.94151,51.28483],[-0.94186,51.28493],[-0.94219,51.28511],[-0.94223,51.28539],[-0.94258,51.28564],[-0.94231,51.28625],[-0.94271,51.28654],[-0.94257,51.28693],[-0.94296,51.28694],[-0.94362,51.28723],[-0.94372,51.2875],[-0.94373,51.28754],[-0.9441,51.28787],[-0.94423,51.28798],[-0.94427,51.2881],[-0.94443,51.28849],[-0.94453,51.28876],[-0.94482,51.28937],[-0.94509,51.28979],[-0.94539,51.29027],[-0.94462,51.2905],[-0.94448,51.29061],[-0.94461,51.29113],[-0.94453,51.29107],[-0.94438,51.29102],[-0.94427,51.29103],[-0.94427,51.2911],[-0.94433,51.29117],[-0.94427,51.29129],[-0.94404,51.29133],[-0.94396,51.29142],[-0.94401,51.29161],[-0.94369,51.29182],[-0.94362,51.29187],[-0.94313,51.29219],[-0.94264,51.29242],[-0.94266,51.29268],[-0.94268,51.29314],[-0.94245,51.29347],[-0.94258,51.2941],[-0.94289,51.29398],[-0.94306,51.29416],[-0.94324,51.2945],[-0.94321,51.29468],[-0.94351,51.29464],[-0.94392,51.29532],[-0.94446,51.29531],[-0.94468,51.29539],[-0.94458,51.2955],[-0.9448,51.29565],[-0.94494,51.29583],[-0.9449,51.29595],[-0.94468,51.29615],[-0.94462,51.29661],[-0.94477,51.297],[-0.94429,51.29714],[-0.94431,51.29734],[-0.94458,51.29796],[-0.94448,51.29841],[-0.94423,51.29848],[-0.94397,51.29866],[-0.94405,51.29882],[-0.94409,51.29915],[-0.94437,51.2996],[-0.94507,51.29997],[-0.94521,51.30017],[-0.94573,51.30028],[-0.94607,51.30025],[-0.94611,51.30025],[-0.9462,51.30027],[-0.94646,51.30044],[-0.94652,51.30091],[-0.9469,51.30091],[-0.9469,51.30161],[-0.94705,51.30177],[-0.94706,51.30212],[-0.94691,51.30231],[-0.94704,51.30257],[-0.94714,51.30304],[-0.94755,51.30322],[-0.94771,51.30362],[-0.94818,51.30365],[-0.94812,51.3039],[-0.94758,51.3039],[-0.9474,51.30466],[-0.94779,51.30467],[-0.94695,51.3055],[-0.94704,51.30565],[-0.94674,51.30581],[-0.94629,51.30615],[-0.94591,51.30614],[-0.94586,51.30643],[-0.94518,51.30765],[-0.94502,51.30775],[-0.94487,51.30747],[-0.94474,51.3075],[-0.94444,51.30757],[-0.94096,51.30939],[-0.93989,51.30979],[-0.93908,51.31067],[-0.93919,51.31099],[-0.93848,51.31167],[-0.9369,51.31283],[-0.93665,51.31304],[-0.93646,51.31321]]},"properties":{"k":"river","name":"River Whitewater"}},{"type":"Feature","geometry":{"type":"LineString","coordinates":[[-1.03164,51.26453],[-1.03218,51.26432],[-1.03347,51.26374],[-1.03402,51.26357],[-1.03482,51.26272],[-1.03561,51.26194],[-1.03591,51.2615],[-1.03754,51.26048],[-1.03791,51.26016],[-1.03789,51.25989],[-1.03831,51.25959],[-1.03926,51.25907],[-1.03919,51.25888],[-1.03951,51.25867],[-1.04014,51.25844]]},"properties":{"k":"river","name":"Lyde River"}},{"type":"Feature","geometry":{"type":"LineString","coordinates":[[-1.05975,51.29363],[-1.05957,51.29383],[-1.05881,51.29431]]},"properties":{"k":"stream","name":""}},{"type":"Feature","geometry":{"type":"LineString","coordinates":[[-1.12779,51.3398],[-1.12753,51.33977],[-1.1273,51.33971],[-1.12698,51.33964],[-1.12662,51.33958],[-1.1263,51.33954],[-1.12607,51.33953],[-1.12584,51.33953],[-1.12554,51.33959],[-1.12526,51.33972],[-1.12498,51.33989],[-1.12474,51.34007],[-1.12443,51.34024],[-1.1241,51.34036],[-1.12373,51.34041],[-1.12337,51.34044],[-1.12296,51.34045],[-1.12258,51.34043],[-1.12187,51.34021],[-1.12149,51.34004],[-1.1212,51.33991],[-1.12089,51.33974],[-1.12052,51.33958],[-1.12011,51.33947],[-1.11955,51.33939],[-1.11921,51.33938],[-1.11891,51.33932],[-1.11865,51.33923],[-1.11832,51.33917],[-1.11781,51.33906],[-1.11758,51.33897],[-1.11736,51.33888],[-1.11712,51.33881],[-1.11682,51.33871],[-1.1166,51.33864],[-1.11629,51.33859],[-1.11596,51.33854],[-1.1156,51.33852],[-1.11532,51.33851],[-1.11513,51.33852]]},"properties":{"k":"stream","name":"Ash Brook"}},{"type":"Feature","geometry":{"type":"LineString","coordinates":[[-1.07017,51.29652],[-1.07011,51.2966],[-1.06984,51.29666],[-1.06926,51.29664],[-1.06918,51.29662],[-1.06877,51.29663],[-1.0684,51.29667],[-1.06805,51.29669],[-1.06775,51.29668]]},"properties":{"k":"stream","name":""}},{"type":"Feature","geometry":{"type":"LineString","coordinates":[[-1.10602,51.34206],[-1.10583,51.3421],[-1.10555,51.34211],[-1.10549,51.3421]]},"properties":{"k":"stream","name":"Ash Brook"}},{"type":"Feature","geometry":{"type":"LineString","coordinates":[[-1.10829,51.3411],[-1.10842,51.34107],[-1.10856,51.34101],[-1.10868,51.34095],[-1.10883,51.34091],[-1.10892,51.34087],[-1.10905,51.34083],[-1.10919,51.34077],[-1.1093,51.3407],[-1.10938,51.34063],[-1.10944,51.34058],[-1.10953,51.34049],[-1.10956,51.34041],[-1.10963,51.34033],[-1.10969,51.34022]]},"properties":{"k":"ditch","name":""}},{"type":"Feature","geometry":{"type":"LineString","coordinates":[[-1.11513,51.33852],[-1.11498,51.33853],[-1.11477,51.33853],[-1.11452,51.33851],[-1.11424,51.3385],[-1.11404,51.3385],[-1.11374,51.33854],[-1.1134,51.33857],[-1.11306,51.33861],[-1.11271,51.33865],[-1.11234,51.33871],[-1.11213,51.33875],[-1.11194,51.3388]]},"properties":{"k":"stream","name":"Ash Brook"}},{"type":"Feature","geometry":{"type":"LineString","coordinates":[[-1.12036,51.34763],[-1.12008,51.34769]]},"properties":{"k":"ditch","name":""}},{"type":"Feature","geometry":{"type":"LineString","coordinates":[[-1.12817,51.35023],[-1.12802,51.35029]]},"properties":{"k":"stream","name":""}},{"type":"Feature","geometry":{"type":"LineString","coordinates":[[-1.12321,51.34945],[-1.12306,51.34933]]},"properties":{"k":"ditch","name":""}},{"type":"Feature","geometry":{"type":"LineString","coordinates":[[-1.12243,51.34944],[-1.12229,51.34929]]},"properties":{"k":"ditch","name":""}},{"type":"Feature","geometry":{"type":"LineString","coordinates":[[-1.1216,51.3494],[-1.12147,51.34927]]},"properties":{"k":"ditch","name":""}},{"type":"Feature","geometry":{"type":"LineString","coordinates":[[-1.12091,51.34945],[-1.12082,51.3493]]},"properties":{"k":"ditch","name":""}},{"type":"Feature","geometry":{"type":"LineString","coordinates":[[-1.1211,51.34942],[-1.12102,51.34929]]},"properties":{"k":"ditch","name":""}},{"type":"Feature","geometry":{"type":"LineString","coordinates":[[-1.11775,51.34982],[-1.11759,51.34969]]},"properties":{"k":"ditch","name":""}},{"type":"Feature","geometry":{"type":"LineString","coordinates":[[-1.11425,51.35037],[-1.11425,51.35023],[-1.11427,51.3501]]},"properties":{"k":"ditch","name":""}},{"type":"Feature","geometry":{"type":"LineString","coordinates":[[-1.1135,51.35567],[-1.11342,51.35566],[-1.11322,51.35562]]},"properties":{"k":"ditch","name":""}},{"type":"Feature","geometry":{"type":"LineString","coordinates":[[-1.10661,51.35535],[-1.10675,51.35527]]},"properties":{"k":"ditch","name":""}},{"type":"Feature","geometry":{"type":"LineString","coordinates":[[-1.24576,51.32939],[-1.24545,51.32993]]},"properties":{"k":"stream","name":""}},{"type":"Feature","geometry":{"type":"LineString","coordinates":[[-1.2188,51.35091],[-1.21933,51.35086]]},"properties":{"k":"stream","name":""}},{"type":"Feature","geometry":{"type":"LineString","coordinates":[[-1.20897,51.34766],[-1.20954,51.3475]]},"properties":{"k":"stream","name":""}},{"type":"Feature","geometry":{"type":"LineString","coordinates":[[-1.10755,51.30765],[-1.10657,51.30732],[-1.10641,51.30727],[-1.10634,51.30724],[-1.10584,51.30708],[-1.10512,51.30673],[-1.10462,51.30614],[-1.10417,51.30583],[-1.10362,51.30582]]},"properties":{"k":"stream","name":""}},{"type":"Feature","geometry":{"type":"LineString","coordinates":[[-1.08666,51.30969],[-1.08645,51.3098],[-1.08635,51.30986],[-1.08553,51.31022],[-1.08513,51.31063],[-1.08486,51.31089],[-1.08468,51.31105]]},"properties":{"k":"stream","name":""}},{"type":"Feature","geometry":{"type":"LineString","coordinates":[[-1.11194,51.3388],[-1.1115,51.33888],[-1.11118,51.33892],[-1.11085,51.33898],[-1.11055,51.33904],[-1.11024,51.33915],[-1.10997,51.33928],[-1.10981,51.33947],[-1.10965,51.33967],[-1.10964,51.33985]]},"properties":{"k":"stream","name":"Ash Brook"}},{"type":"Feature","geometry":{"type":"LineString","coordinates":[[-1.10497,51.3421],[-1.1045,51.34204],[-1.10398,51.34221],[-1.1036,51.34239],[-1.10317,51.34255],[-1.10257,51.34258],[-1.1021,51.34258],[-1.10167,51.34277],[-1.10124,51.34277],[-1.10107,51.34263],[-1.10055,51.34296],[-1.09991,51.34293],[-1.09893,51.34275]]},"properties":{"k":"stream","name":"Silchester Brook"}},{"type":"Feature","geometry":{"type":"LineString","coordinates":[[-1.15115,51.34334],[-1.15046,51.34324],[-1.15016,51.34328],[-1.15006,51.34332],[-1.14989,51.34336],[-1.14958,51.34316],[-1.14947,51.34309],[-1.14925,51.34293],[-1.14894,51.34281],[-1.1487,51.34267],[-1.14865,51.3426],[-1.14854,51.34255],[-1.1484,51.3425],[-1.14824,51.34248],[-1.14769,51.34248],[-1.14693,51.34236],[-1.14645,51.34221],[-1.14617,51.34207],[-1.14594,51.34174],[-1.14583,51.34127],[-1.14578,51.34086],[-1.14569,51.34057],[-1.1454,51.3403],[-1.1447,51.34019]]},"properties":{"k":"stream","name":""}},{"type":"Feature","geometry":{"type":"LineString","coordinates":[[-1.21933,51.35086],[-1.21973,51.35039],[-1.22011,51.34993],[-1.22041,51.34945],[-1.22073,51.34892],[-1.22097,51.34851],[-1.2214,51.348],[-1.22217,51.34744],[-1.22368,51.34706],[-1.22509,51.34655],[-1.22608,51.34607],[-1.22702,51.34527],[-1.22745,51.34502]]},"properties":{"k":"stream","name":""}},{"type":"Feature","geometry":{"type":"LineString","coordinates":[[-1.21694,51.37354],[-1.21651,51.37343],[-1.21608,51.37303],[-1.21582,51.37255],[-1.21552,51.37198],[-1.21582,51.37172],[-1.21604,51.37115],[-1.21586,51.3708],[-1.21535,51.37024],[-1.21488,51.36984],[-1.21423,51.36933],[-1.21363,51.36898],[-1.21325,51.36847],[-1.21342,51.36813],[-1.21402,51.36786],[-1.21406,51.36721],[-1.21415,51.36684],[-1.21455,51.36668],[-1.21485,51.36651],[-1.21497,51.36635],[-1.21485,51.36612]]},"properties":{"k":"stream","name":""}},{"type":"Feature","geometry":{"type":"LineString","coordinates":[[-1.17837,51.32465],[-1.17839,51.32479],[-1.17834,51.32511],[-1.17812,51.32536],[-1.17772,51.32568],[-1.17781,51.32589],[-1.17779,51.32605],[-1.17726,51.32629],[-1.17706,51.32652],[-1.17713,51.32675],[-1.17739,51.32692]]},"properties":{"k":"stream","name":""}},{"type":"Feature","geometry":{"type":"LineString","coordinates":[[-1.17844,51.32032],[-1.1787,51.3215],[-1.17888,51.32228],[-1.17895,51.32252],[-1.1789,51.32265],[-1.17885,51.32276],[-1.1789,51.32299],[-1.179,51.32318],[-1.17928,51.32339],[-1.17937,51.3236],[-1.1794,51.32372],[-1.17939,51.32379],[-1.17914,51.32399],[-1.17837,51.32465]]},"properties":{"k":"stream","name":""}},{"type":"Feature","geometry":{"type":"LineString","coordinates":[[-1.17583,51.32277],[-1.17639,51.32308],[-1.17707,51.3236],[-1.17724,51.32374],[-1.17747,51.32392],[-1.17795,51.32433],[-1.17837,51.32465]]},"properties":{"k":"stream","name":""}},{"type":"Feature","geometry":{"type":"LineString","coordinates":[[-1.25493,51.31699],[-1.25429,51.31818],[-1.25372,51.31903],[-1.25348,51.31929],[-1.25379,51.31941],[-1.25378,51.31958],[-1.25393,51.3197],[-1.25364,51.32017],[-1.25341,51.32024],[-1.25268,51.3201],[-1.25237,51.3202],[-1.25154,51.32029],[-1.25134,51.32047],[-1.25104,51.32111],[-1.25132,51.32126],[-1.25118,51.3217],[-1.25116,51.32192],[-1.25114,51.32209],[-1.25095,51.32254],[-1.25081,51.32292],[-1.25037,51.32293],[-1.24993,51.32319],[-1.24964,51.3234],[-1.2495,51.32352],[-1.24936,51.32367],[-1.24929,51.32386],[-1.24926,51.32401],[-1.2492,51.32417],[-1.24909,51.32429],[-1.24906,51.32432],[-1.24905,51.32443],[-1.24924,51.3246],[-1.24946,51.32483],[-1.2495,51.32503],[-1.24934,51.3252],[-1.24923,51.32529]]},"properties":{"k":"stream","name":""}},{"type":"Feature","geometry":{"type":"LineString","coordinates":[[-1.24545,51.32993],[-1.24529,51.33045],[-1.24482,51.33099],[-1.24403,51.33153],[-1.24324,51.33223],[-1.24217,51.33285],[-1.24208,51.33298],[-1.24161,51.33326],[-1.24154,51.33366],[-1.24151,51.33395],[-1.24146,51.33421],[-1.24125,51.33454],[-1.24125,51.33499],[-1.24122,51.33545],[-1.24105,51.33596],[-1.24062,51.33652],[-1.24038,51.3369],[-1.23966,51.33707],[-1.23934,51.33775],[-1.23965,51.33816],[-1.2389,51.33832],[-1.239,51.33877],[-1.23859,51.33908],[-1.23816,51.33925],[-1.23773,51.34027],[-1.23742,51.34115],[-1.23744,51.3419],[-1.23735,51.34291],[-1.23802,51.34365],[-1.23873,51.3446],[-1.23908,51.34538],[-1.23921,51.34563],[-1.23904,51.34591],[-1.23953,51.34673],[-1.23977,51.34709],[-1.2396,51.34728],[-1.24003,51.34773],[-1.24008,51.34788],[-1.24003,51.34795],[-1.2394,51.34809],[-1.23924,51.34831],[-1.23931,51.34852],[-1.23923,51.34863],[-1.23937,51.34866],[-1.23951,51.34874],[-1.23979,51.3487],[-1.23981,51.34883],[-1.24009,51.34895],[-1.23993,51.34902],[-1.23996,51.34914],[-1.24008,51.34916],[-1.24012,51.34908],[-1.24019,51.34905],[-1.24039,51.34903],[-1.24056,51.34913],[-1.24041,51.34947],[-1.24052,51.34973],[-1.24074,51.34994],[-1.24077,51.35039],[-1.2412,51.35083],[-1.24156,51.35095],[-1.24164,51.35105],[-1.24186,51.35118],[-1.24221,51.3512],[-1.24233,51.35112],[-1.24236,51.35108],[-1.24229,51.35099],[-1.24235,51.35095],[-1.24247,51.35098],[-1.24259,51.35106],[-1.24278,51.35112],[-1.24294,51.35109],[-1.24298,51.35114],[-1.24274,51.3513],[-1.24294,51.35147],[-1.24303,51.35157],[-1.24281,51.35164],[-1.24298,51.3517],[-1.24327,51.35165],[-1.24331,51.35171],[-1.24319,51.35171],[-1.24331,51.35183],[-1.24346,51.35187],[-1.24332,51.352],[-1.2434,51.35207],[-1.24371,51.35203],[-1.24375,51.35211],[-1.24362,51.35224],[-1.2437,51.3524],[-1.24391,51.35246],[-1.24406,51.35231],[-1.2443,51.35238],[-1.24433,51.35267],[-1.24454,51.35305],[-1.24447,51.35321],[-1.24491,51.35354],[-1.24473,51.35373],[-1.24524,51.35414],[-1.24546,51.35423],[-1.24537,51.3545],[-1.24553,51.3548],[-1.24564,51.35497],[-1.24526,51.35594],[-1.24522,51.35618],[-1.24481,51.3565],[-1.24445,51.35682],[-1.24422,51.35683],[-1.24429,51.35715],[-1.24395,51.35728],[-1.24367,51.35723],[-1.24353,51.35731],[-1.24365,51.35747],[-1.24335,51.35761],[-1.24331,51.35771],[-1.24362,51.35784],[-1.24303,51.35861],[-1.24295,51.35908],[-1.2433,51.35913],[-1.24334,51.3592],[-1.24299,51.3594],[-1.24305,51.35956],[-1.24331,51.35959],[-1.24316,51.3599],[-1.24342,51.35995],[-1.24326,51.36007],[-1.24354,51.36019],[-1.24356,51.36046],[-1.2438,51.36065],[-1.24368,51.3608],[-1.24261,51.36118],[-1.24198,51.36145],[-1.24076,51.36261],[-1.23971,51.36411],[-1.23975,51.36437],[-1.23898,51.36509],[-1.23864,51.36518],[-1.23862,51.36537],[-1.2388,51.3656],[-1.23842,51.36566],[-1.23809,51.36558],[-1.23788,51.36592],[-1.2376,51.366],[-1.23788,51.36619],[-1.23779,51.36633],[-1.23692,51.36631],[-1.23651,51.36664],[-1.2364,51.36702]]},"properties":{"k":"stream","name":""}},{"type":"Feature","geometry":{"type":"LineString","coordinates":[[-1.11127,51.30893],[-1.11084,51.30932],[-1.11042,51.30966],[-1.10978,51.31029],[-1.10939,51.31053],[-1.10898,51.31078],[-1.10846,51.31115],[-1.10791,51.3114],[-1.10751,51.3115],[-1.107,51.31163],[-1.10635,51.3119],[-1.10567,51.31247],[-1.10522,51.31281],[-1.10476,51.31298],[-1.10457,51.31302],[-1.10417,51.31321],[-1.10387,51.31342],[-1.10374,51.31349],[-1.1037,51.31361],[-1.10355,51.31364],[-1.1034,51.31363],[-1.10323,51.31385],[-1.103,51.31405],[-1.10288,51.31419],[-1.10256,51.31447],[-1.10238,51.31469],[-1.10228,51.3153],[-1.1023,51.31549],[-1.1024,51.31561],[-1.10235,51.31575],[-1.10226,51.31591],[-1.10225,51.31608],[-1.10246,51.31618],[-1.1023,51.31645],[-1.10207,51.31661],[-1.10207,51.31676],[-1.10198,51.31701],[-1.10181,51.31714],[-1.1016,51.31741],[-1.10149,51.31754],[-1.10143,51.31778],[-1.10157,51.31787],[-1.10137,51.31813],[-1.10125,51.31829],[-1.10114,51.31856],[-1.10101,51.31868],[-1.10068,51.31896]]},"properties":{"k":"stream","name":""}},{"type":"Feature","geometry":{"type":"LineString","coordinates":[[-1.11124,51.32153],[-1.11115,51.32147],[-1.11113,51.32145],[-1.11109,51.32143],[-1.11104,51.32142],[-1.111,51.32141],[-1.11097,51.32138],[-1.11095,51.32136],[-1.1109,51.32134],[-1.11085,51.32133],[-1.11078,51.32132],[-1.11073,51.32131],[-1.1107,51.32129],[-1.11066,51.32127],[-1.1106,51.32126],[-1.11056,51.32127],[-1.11053,51.3213],[-1.11049,51.32131],[-1.11045,51.32132],[-1.11041,51.32131],[-1.11037,51.32129],[-1.11033,51.32129],[-1.1103,51.32127],[-1.11027,51.32125],[-1.11023,51.32122],[-1.11017,51.32117],[-1.11014,51.32114],[-1.11007,51.32111],[-1.11001,51.3211],[-1.10996,51.32109],[-1.10989,51.32108],[-1.10982,51.32109],[-1.10978,51.3211],[-1.10974,51.32111],[-1.10969,51.32112],[-1.10964,51.32115],[-1.10961,51.32116],[-1.10959,51.32114],[-1.10955,51.32115],[-1.10953,51.32115],[-1.1095,51.32114],[-1.10947,51.32113],[-1.10948,51.3211],[-1.10942,51.32112],[-1.10941,51.32111],[-1.10939,51.32109],[-1.10934,51.32108],[-1.10929,51.32107],[-1.10928,51.32107],[-1.10926,51.32105],[-1.10923,51.32102],[-1.10919,51.32099],[-1.10915,51.32097],[-1.10915,51.32095],[-1.10913,51.32093],[-1.10913,51.32092],[-1.1091,51.3209],[-1.10906,51.32089],[-1.10903,51.32087],[-1.109,51.32088],[-1.10897,51.32089],[-1.10895,51.32088],[-1.10892,51.32087],[-1.10889,51.32086],[-1.10887,51.32084],[-1.10884,51.32083],[-1.10879,51.32082],[-1.10874,51.32082],[-1.10873,51.32082],[-1.10869,51.32079],[-1.10867,51.32077],[-1.10864,51.32076],[-1.1086,51.32076],[-1.10857,51.32077],[-1.10855,51.32077],[-1.10854,51.32077],[-1.10853,51.32076],[-1.1085,51.32075],[-1.10846,51.32074],[-1.10844,51.32073],[-1.10842,51.32072],[-1.10842,51.3207],[-1.10841,51.32067],[-1.10839,51.32066],[-1.10839,51.32065],[-1.10837,51.32064],[-1.10836,51.32062],[-1.10834,51.32061],[-1.10833,51.3206],[-1.10832,51.32058],[-1.10829,51.32055],[-1.10826,51.32053],[-1.10823,51.32051],[-1.10819,51.32048],[-1.10816,51.32046],[-1.10813,51.32044],[-1.10809,51.32041],[-1.10807,51.32037],[-1.10804,51.32034],[-1.10802,51.32032],[-1.10802,51.32029],[-1.108,51.32028],[-1.10796,51.32026],[-1.10793,51.32023],[-1.1079,51.32022],[-1.10784,51.32019],[-1.10781,51.32018],[-1.10781,51.32017],[-1.10778,51.32016],[-1.10774,51.32015],[-1.10772,51.32014],[-1.10768,51.32011],[-1.10764,51.32009],[-1.1076,51.32008],[-1.10759,51.32007],[-1.10757,51.32005],[-1.10755,51.32004],[-1.10752,51.32004],[-1.10748,51.32005],[-1.10747,51.32004],[-1.10744,51.32004],[-1.10741,51.32005],[-1.10739,51.32005],[-1.10738,51.32005],[-1.10735,51.32003],[-1.10734,51.32001],[-1.10731,51.31999],[-1.10728,51.31997],[-1.10725,51.31994],[-1.10721,51.31992],[-1.10716,51.31989],[-1.10712,51.31988],[-1.1071,51.31987],[-1.10706,51.31985],[-1.10702,51.31984],[-1.107,51.31983],[-1.10697,51.31982],[-1.10695,51.31981],[-1.10691,51.31979],[-1.10686,51.31976],[-1.10681,51.31972],[-1.10678,51.31968],[-1.10675,51.31964],[-1.10673,51.3196],[-1.10672,51.31956],[-1.1067,51.31953],[-1.10668,51.31951],[-1.10666,51.31948],[-1.10664,51.31946],[-1.10661,51.31945],[-1.10657,51.31944],[-1.10655,51.31942],[-1.10652,51.31941],[-1.1065,51.31938],[-1.10646,51.31936],[-1.10636,51.31938],[-1.10634,51.3194],[-1.10631,51.31941],[-1.10628,51.3194],[-1.10624,51.31939],[-1.10622,51.31938],[-1.10618,51.31938],[-1.10613,51.31938],[-1.1061,51.31935],[-1.10606,51.31933],[-1.10602,51.31932],[-1.10598,51.31932],[-1.10594,51.31932],[-1.10588,51.3193],[-1.10582,51.31929],[-1.10581,51.31931],[-1.1058,51.31932],[-1.10578,51.31935],[-1.10575,51.31935],[-1.10571,51.31934],[-1.10567,51.31931],[-1.10563,51.31929],[-1.10558,51.31926],[-1.10552,51.31925],[-1.10548,51.31925],[-1.10541,51.31924]]},"properties":{"k":"stream","name":""}},{"type":"Feature","geometry":{"type":"LineString","coordinates":[[-1.16053,51.35004],[-1.16067,51.35011]]},"properties":{"k":"stream","name":""}},{"type":"Feature","geometry":{"type":"LineString","coordinates":[[-1.16075,51.35045],[-1.16069,51.35038]]},"properties":{"k":"stream","name":""}},{"type":"Feature","geometry":{"type":"LineString","coordinates":[[-1.16044,51.35116],[-1.16058,51.3512]]},"properties":{"k":"stream","name":""}},{"type":"Feature","geometry":{"type":"LineString","coordinates":[[-1.16044,51.35116],[-1.16004,51.34983]]},"properties":{"k":"stream","name":""}},{"type":"Feature","geometry":{"type":"LineString","coordinates":[[-1.16201,51.35123],[-1.16244,51.35152],[-1.1628,51.35167],[-1.16323,51.3517],[-1.16377,51.35189],[-1.16391,51.35196],[-1.16439,51.35221],[-1.1642,51.35236],[-1.16458,51.35261],[-1.1649,51.35299],[-1.16503,51.3534],[-1.16518,51.3538],[-1.16518,51.35414],[-1.16514,51.35441]]},"properties":{"k":"stream","name":""}},{"type":"Feature","geometry":{"type":"LineString","coordinates":[[-1.1613,51.35296],[-1.16192,51.3525],[-1.16204,51.35224],[-1.16214,51.35203],[-1.16233,51.35186]]},"properties":{"k":"stream","name":""}},{"type":"Feature","geometry":{"type":"LineString","coordinates":[[-1.15995,51.34933],[-1.15984,51.34945],[-1.15991,51.3495],[-1.15999,51.34955],[-1.1601,51.34958],[-1.16048,51.34966],[-1.16063,51.34977],[-1.16053,51.35004],[-1.16056,51.35014]]},"properties":{"k":"stream","name":""}},{"type":"Feature","geometry":{"type":"LineString","coordinates":[[-1.16085,51.35039],[-1.16075,51.35045],[-1.1607,51.35049],[-1.16059,51.35067],[-1.16027,51.3508],[-1.16044,51.35098],[-1.16044,51.35116]]},"properties":{"k":"stream","name":""}},{"type":"Feature","geometry":{"type":"LineString","coordinates":[[-1.15342,51.34962],[-1.15353,51.34927],[-1.1537,51.34903],[-1.15387,51.3488],[-1.15407,51.34834],[-1.15411,51.3482]]},"properties":{"k":"stream","name":""}},{"type":"Feature","geometry":{"type":"LineString","coordinates":[[-1.1575,51.34886],[-1.1572,51.34874],[-1.15673,51.34871],[-1.15655,51.34873],[-1.1558,51.34855],[-1.15527,51.34844]]},"properties":{"k":"stream","name":""}},{"type":"Feature","geometry":{"type":"LineString","coordinates":[[-1.15462,51.34831],[-1.1545,51.34828],[-1.15411,51.3482],[-1.15383,51.34817],[-1.15307,51.34806],[-1.15233,51.34788],[-1.15213,51.34784],[-1.15115,51.34766],[-1.15093,51.34764],[-1.14787,51.3487]]},"properties":{"k":"stream","name":"Bishop's Wood Stream"}},{"type":"Feature","geometry":{"type":"LineString","coordinates":[[-1.15812,51.34882],[-1.1587,51.34892],[-1.15939,51.34905],[-1.15995,51.34933],[-1.16031,51.34945],[-1.16085,51.34976],[-1.16102,51.34978],[-1.16102,51.34998],[-1.16108,51.35039],[-1.16128,51.35069],[-1.16143,51.35081],[-1.16173,51.35104]]},"properties":{"k":"stream","name":""}},{"type":"Feature","geometry":{"type":"LineString","coordinates":[[-1.15091,51.34965],[-1.15156,51.34974],[-1.15184,51.34989],[-1.15192,51.35005],[-1.15209,51.35022],[-1.15218,51.35043],[-1.15218,51.3506],[-1.15226,51.35087],[-1.15259,51.35103],[-1.15282,51.35116],[-1.15284,51.35131],[-1.15289,51.3514]]},"properties":{"k":"stream","name":""}},{"type":"Feature","geometry":{"type":"LineString","coordinates":[[-1.15379,51.35252],[-1.15344,51.35249],[-1.15312,51.35233],[-1.15304,51.35206],[-1.15282,51.3519],[-1.1528,51.35179]]},"properties":{"k":"stream","name":""}},{"type":"Feature","geometry":{"type":"LineString","coordinates":[[-1.10536,51.31924],[-1.10517,51.31927],[-1.105,51.31918],[-1.10487,51.31917],[-1.10473,51.31915],[-1.1047,51.31907],[-1.10457,51.31902],[-1.1045,51.31901],[-1.10434,51.31906],[-1.10421,51.31906],[-1.10409,51.31905],[-1.10393,51.31889],[-1.10384,51.31885],[-1.10375,51.31883],[-1.10374,51.31879],[-1.10381,51.31872],[-1.10382,51.31864],[-1.10377,51.3186],[-1.10355,51.31868],[-1.10333,51.3187],[-1.1031,51.31872],[-1.10298,51.31873],[-1.10289,51.31875],[-1.10273,51.3187],[-1.10261,51.31868],[-1.10251,51.3187],[-1.10236,51.31881],[-1.10224,51.3189],[-1.10212,51.31885],[-1.10205,51.31887],[-1.10194,51.31895],[-1.10189,51.31897],[-1.10162,51.3189],[-1.10147,51.31892],[-1.10133,51.31901],[-1.10128,51.31909],[-1.10125,51.31911],[-1.10113,51.31907],[-1.10094,51.31902],[-1.1008,51.31899],[-1.10068,51.31896],[-1.10055,51.31896],[-1.10046,51.31905],[-1.10046,51.31913],[-1.10034,51.31922],[-1.1002,51.31929],[-1.10019,51.31934],[-1.10025,51.31942],[-1.1002,51.31944],[-1.10004,51.31942],[-1.09995,51.31938],[-1.09989,51.31935],[-1.09981,51.31945],[-1.09969,51.31952],[-1.09951,51.31956],[-1.09929,51.31966],[-1.09912,51.31956],[-1.09906,51.31958],[-1.09899,51.31968],[-1.09884,51.31977],[-1.09881,51.31984],[-1.09859,51.31989],[-1.09842,51.31992],[-1.09833,51.31999],[-1.09831,51.32003],[-1.098,51.32],[-1.09791,51.31994],[-1.09784,51.31993],[-1.09778,51.31998],[-1.0978,51.32006],[-1.09791,51.32015],[-1.09779,51.32019],[-1.09755,51.3202],[-1.09751,51.32021],[-1.09742,51.32018],[-1.09735,51.32019],[-1.09699,51.32028],[-1.09671,51.32029],[-1.09659,51.32028],[-1.09638,51.32036],[-1.09639,51.32045],[-1.09637,51.32068],[-1.09633,51.3208],[-1.09632,51.32087],[-1.09633,51.32089],[-1.09612,51.32095],[-1.09596,51.32091],[-1.09577,51.32098],[-1.09572,51.32107],[-1.09567,51.32121],[-1.0958,51.32174]]},"properties":{"k":"stream","name":"Bow Brook"}},{"type":"Feature","geometry":{"type":"LineString","coordinates":[[-1.16688,51.33685],[-1.1672,51.33688],[-1.16757,51.33698]]},"properties":{"k":"stream","name":""}},{"type":"Feature","geometry":{"type":"LineString","coordinates":[[-1.16806,51.33705],[-1.16836,51.33723],[-1.16847,51.3372],[-1.16871,51.33717],[-1.16888,51.33716],[-1.16901,51.33712],[-1.16922,51.3371],[-1.16948,51.3371],[-1.16959,51.337],[-1.16969,51.3369],[-1.1698,51.33684],[-1.16993,51.33673],[-1.17021,51.33662],[-1.17038,51.33658],[-1.17057,51.33653],[-1.1706,51.33638],[-1.1707,51.33637],[-1.17083,51.33635],[-1.17087,51.33629],[-1.17098,51.33621],[-1.17115,51.33618],[-1.17139,51.33602],[-1.1715,51.33599],[-1.17171,51.33597],[-1.1718,51.33591],[-1.17188,51.33586],[-1.17201,51.33583],[-1.17218,51.33579],[-1.17238,51.33567],[-1.17261,51.33556],[-1.17265,51.33546],[-1.1727,51.33536],[-1.17293,51.33527],[-1.17317,51.33515],[-1.17343,51.33505],[-1.17362,51.33499],[-1.17377,51.33491],[-1.17399,51.33491],[-1.1742,51.33489],[-1.17446,51.33491],[-1.17469,51.33495],[-1.17495,51.335],[-1.17519,51.33508],[-1.1754,51.33505],[-1.17555,51.33504],[-1.17566,51.33501],[-1.17574,51.33508],[-1.17589,51.33504],[-1.17613,51.33496],[-1.17641,51.33488],[-1.17666,51.3348]]},"properties":{"k":"stream","name":""}},{"type":"Feature","geometry":{"type":"LineString","coordinates":[[-1.16813,51.34287],[-1.16845,51.34277],[-1.16864,51.34269],[-1.16903,51.34255],[-1.16939,51.34237],[-1.16965,51.34245],[-1.17004,51.34265],[-1.17044,51.34287],[-1.17081,51.34308],[-1.17113,51.34323],[-1.17141,51.34332],[-1.17178,51.34339],[-1.1718,51.34354],[-1.1718,51.34377],[-1.17178,51.34394]]},"properties":{"k":"stream","name":""}},{"type":"Feature","geometry":{"type":"LineString","coordinates":[[-1.16838,51.35047],[-1.16841,51.3504],[-1.16847,51.35017],[-1.16862,51.35003],[-1.16873,51.34981],[-1.16884,51.34966],[-1.16884,51.3495],[-1.16903,51.34932],[-1.1692,51.34909],[-1.16933,51.34889],[-1.16939,51.3487],[-1.1695,51.3486],[-1.16959,51.34855],[-1.1698,51.34848],[-1.16991,51.34836],[-1.16991,51.34822],[-1.16994,51.34815],[-1.16997,51.34808],[-1.16991,51.34799],[-1.16995,51.34787],[-1.17014,51.34769],[-1.1704,51.34751],[-1.1707,51.34732],[-1.17081,51.34713],[-1.17096,51.34688],[-1.17102,51.34674],[-1.17107,51.34654],[-1.17112,51.34648],[-1.1712,51.34637],[-1.17126,51.34626],[-1.17131,51.34618],[-1.17135,51.34613],[-1.17141,51.34595],[-1.17147,51.3459],[-1.1715,51.34574],[-1.17173,51.34563],[-1.17199,51.34552],[-1.1721,51.34547],[-1.17231,51.34539],[-1.17244,51.34536],[-1.17255,51.34525],[-1.17285,51.3452],[-1.17296,51.34509],[-1.17315,51.34508],[-1.1733,51.34501],[-1.17349,51.345],[-1.17366,51.34489],[-1.17368,51.3448],[-1.1739,51.34475],[-1.17416,51.3447],[-1.17431,51.34469],[-1.17459,51.34472],[-1.17487,51.34472],[-1.1751,51.3447],[-1.17529,51.34475],[-1.17547,51.34469],[-1.17562,51.3447],[-1.176,51.34466],[-1.17615,51.34462],[-1.17641,51.34457],[-1.17671,51.34452],[-1.17688,51.34452],[-1.17714,51.34444],[-1.17731,51.34441],[-1.17759,51.34438],[-1.17787,51.34436],[-1.17815,51.3444],[-1.17843,51.34448],[-1.17871,51.34452],[-1.17883,51.34449],[-1.17892,51.34453],[-1.17907,51.34453],[-1.17941,51.34458],[-1.17976,51.34468],[-1.18019,51.3448],[-1.18044,51.34492],[-1.1807,51.34505],[-1.181,51.34515],[-1.18135,51.34519],[-1.18147,51.34519],[-1.18173,51.34521],[-1.18182,51.34528],[-1.18212,51.34535],[-1.18227,51.34539],[-1.18259,51.34547],[-1.18306,51.34552],[-1.18343,51.3456],[-1.18377,51.34568],[-1.18405,51.3457],[-1.18431,51.34571],[-1.18452,51.34568],[-1.18482,51.34572],[-1.18504,51.34578],[-1.18544,51.34582],[-1.18562,51.34584],[-1.18574,51.34584],[-1.18589,51.34582],[-1.18598,51.34582],[-1.18604,51.34584]]},"properties":{"k":"stream","name":""}},{"type":"Feature","geometry":{"type":"LineString","coordinates":[[-1.16823,51.34871],[-1.16856,51.34866],[-1.16896,51.34858],[-1.16905,51.34851],[-1.16931,51.3485],[-1.16959,51.34846],[-1.16991,51.34836]]},"properties":{"k":"stream","name":""}},{"type":"Feature","geometry":{"type":"LineString","coordinates":[[-0.95082,51.33012],[-0.9504,51.32985],[-0.95014,51.32976],[-0.94974,51.32977],[-0.94877,51.32992],[-0.94834,51.32988],[-0.94813,51.32968],[-0.94714,51.32952],[-0.94682,51.32934],[-0.9462,51.32884],[-0.94562,51.32799],[-0.94594,51.3278],[-0.94594,51.32753],[-0.94577,51.32728],[-0.94596,51.32713],[-0.9463,51.32615],[-0.94577,51.32514],[-0.94557,51.32496],[-0.94564,51.32454],[-0.94557,51.32382],[-0.94536,51.32352],[-0.94536,51.32319],[-0.94547,51.32282],[-0.94529,51.32256],[-0.94502,51.32238],[-0.94456,51.32236],[-0.94431,51.32214],[-0.94426,51.32193],[-0.94407,51.32182],[-0.94289,51.32168],[-0.94235,51.32151],[-0.94173,51.32104],[-0.9413,51.32087],[-0.94102,51.32069],[-0.94062,51.32053],[-0.94034,51.32038],[-0.94012,51.32032],[-0.93976,51.3201],[-0.93953,51.31975],[-0.93944,51.31959],[-0.93931,51.31915],[-0.93907,51.31864],[-0.93899,51.31835]]},"properties":{"k":"stream","name":""}},{"type":"Feature","geometry":{"type":"LineString","coordinates":[[-0.93908,51.31235],[-0.93923,51.31237],[-0.93949,51.3125],[-0.93965,51.31257],[-0.93944,51.31276],[-0.9399,51.31282],[-0.93991,51.31293],[-0.94008,51.31306],[-0.94008,51.3132],[-0.94008,51.31338],[-0.94008,51.31362],[-0.94008,51.31393],[-0.94014,51.31425],[-0.94016,51.31436],[-0.94016,51.31465],[-0.94015,51.31477],[-0.94019,51.31499],[-0.94051,51.31563],[-0.94062,51.31593],[-0.94075,51.3162],[-0.94082,51.3163],[-0.94087,51.3164],[-0.94089,51.31645],[-0.94085,51.31647],[-0.94077,51.31649],[-0.94069,51.3165],[-0.94062,51.31659],[-0.94056,51.31667],[-0.94053,51.31685],[-0.94049,51.31688]]},"properties":{"k":"stream","name":""}},{"type":"Feature","geometry":{"type":"LineString","coordinates":[[-1.11393,51.30394],[-1.11281,51.3042],[-1.11231,51.30425],[-1.1103,51.30414],[-1.1099,51.30431],[-1.10885,51.30431],[-1.10872,51.30423],[-1.10861,51.30399],[-1.10777,51.30418],[-1.10725,51.30437],[-1.10636,51.30478],[-1.10586,51.30513],[-1.10541,51.30534],[-1.10515,51.30541],[-1.10512,51.30541],[-1.1035,51.30558]]},"properties":{"k":"stream","name":""}},{"type":"Feature","geometry":{"type":"LineString","coordinates":[[-1.11173,51.29935],[-1.1112,51.2995],[-1.11047,51.2994],[-1.10955,51.29922],[-1.1087,51.29901],[-1.10784,51.29868],[-1.10709,51.29859],[-1.10605,51.29848],[-1.10538,51.29836],[-1.10471,51.29831],[-1.10384,51.29847],[-1.10336,51.29885],[-1.10285,51.29925],[-1.10264,51.29941],[-1.10262,51.29968],[-1.10249,51.29982],[-1.10237,51.30019],[-1.10243,51.3004],[-1.1023,51.30058],[-1.10226,51.3011],[-1.10237,51.30137],[-1.10233,51.30165],[-1.10227,51.3018],[-1.10243,51.30214],[-1.1025,51.30241],[-1.10253,51.30303],[-1.10259,51.30353],[-1.10254,51.30407],[-1.10186,51.30431],[-1.1014,51.30466],[-1.10063,51.30535],[-1.10055,51.30542]]},"properties":{"k":"stream","name":"Wey Brook"}},{"type":"Feature","geometry":{"type":"LineString","coordinates":[[-1.10362,51.30582],[-1.1035,51.30558],[-1.10282,51.30409]]},"properties":{"k":"ditch","name":""}},{"type":"Feature","geometry":{"type":"LineString","coordinates":[[-1.10055,51.30542],[-1.09973,51.30557],[-1.09915,51.30572],[-1.09771,51.30558]]},"properties":{"k":"stream","name":""}},{"type":"Feature","geometry":{"type":"LineString","coordinates":[[-1.01907,51.32116],[-1.01923,51.32113],[-1.01945,51.3211],[-1.01964,51.32114],[-1.01971,51.32124],[-1.01968,51.32148],[-1.01959,51.32162],[-1.01957,51.32174]]},"properties":{"k":"stream","name":""}},{"type":"Feature","geometry":{"type":"LineString","coordinates":[[-1.03052,51.325],[-1.03048,51.32517],[-1.03053,51.3253],[-1.03061,51.32545],[-1.03057,51.32559],[-1.03052,51.32581],[-1.03046,51.32604],[-1.03042,51.32625],[-1.03026,51.32646],[-1.03,51.32671],[-1.02989,51.32679],[-1.02954,51.32705],[-1.02933,51.3272],[-1.02899,51.32744],[-1.02883,51.3276],[-1.02852,51.32785],[-1.02823,51.328],[-1.02799,51.32807],[-1.02774,51.32815],[-1.02808,51.32846],[-1.02849,51.32884]]},"properties":{"k":"stream","name":""}},{"type":"Feature","geometry":{"type":"LineString","coordinates":[[-1.01878,51.32967],[-1.01917,51.33003]]},"properties":{"k":"stream","name":""}},{"type":"Feature","geometry":{"type":"LineString","coordinates":[[-1.01656,51.32721],[-1.01675,51.32753],[-1.01682,51.32763],[-1.01694,51.32776],[-1.01699,51.32784],[-1.01704,51.32798],[-1.01709,51.32819]]},"properties":{"k":"ditch","name":""}},{"type":"Feature","geometry":{"type":"LineString","coordinates":[[-1.01334,51.32498],[-1.0131,51.32506],[-1.01276,51.32513]]},"properties":{"k":"ditch","name":""}},{"type":"Feature","geometry":{"type":"LineString","coordinates":[[-1.01969,51.322],[-1.0198,51.32231],[-1.01985,51.32242],[-1.0199,51.32253],[-1.02013,51.32279],[-1.02044,51.323],[-1.02102,51.32313],[-1.02158,51.32321],[-1.0221,51.32324],[-1.02268,51.32334],[-1.02346,51.32349],[-1.0241,51.32363],[-1.02443,51.32367],[-1.02478,51.32376],[-1.02512,51.32378],[-1.02547,51.32379],[-1.02567,51.32387]]},"properties":{"k":"stream","name":""}},{"type":"Feature","geometry":{"type":"LineString","coordinates":[[-1.01643,51.32358],[-1.01538,51.32404],[-1.0141,51.32464]]},"properties":{"k":"ditch","name":""}},{"type":"Feature","geometry":{"type":"LineString","coordinates":[[-1.01985,51.32953],[-1.0201,51.3298]]},"properties":{"k":"stream","name":""}},{"type":"Feature","geometry":{"type":"LineString","coordinates":[[-1.01957,51.32174],[-1.01969,51.322]]},"properties":{"k":"stream","name":""}},{"type":"Feature","geometry":{"type":"LineString","coordinates":[[-1.18596,51.34512],[-1.18564,51.34531],[-1.18576,51.34548]]},"properties":{"k":"stream","name":""}},{"type":"Feature","geometry":{"type":"LineString","coordinates":[[-1.1715,51.32997],[-1.17183,51.33004],[-1.17216,51.3301],[-1.17236,51.33013],[-1.17266,51.33022],[-1.17305,51.33037],[-1.17337,51.33053],[-1.17355,51.33058],[-1.17379,51.3307],[-1.17402,51.33086],[-1.17438,51.33103],[-1.17464,51.33117],[-1.17479,51.33122],[-1.17493,51.33127],[-1.17542,51.33131],[-1.17593,51.33134],[-1.17621,51.33135]]},"properties":{"k":"stream","name":""}},{"type":"Feature","geometry":{"type":"LineString","coordinates":[[-1.10206,51.36528],[-1.10198,51.3653],[-1.10189,51.36531],[-1.10186,51.36531],[-1.10172,51.36532],[-1.10134,51.36534]]},"properties":{"k":"stream","name":""}},{"type":"Feature","geometry":{"type":"LineString","coordinates":[[-1.09597,51.36481],[-1.09588,51.36472],[-1.09595,51.36458],[-1.09626,51.36427],[-1.09652,51.36411],[-1.09664,51.364],[-1.09665,51.36399]]},"properties":{"k":"stream","name":""}},{"type":"Feature","geometry":{"type":"LineString","coordinates":[[-1.12331,51.36309],[-1.12311,51.36298],[-1.12298,51.36296],[-1.12293,51.36297],[-1.12252,51.36308],[-1.12218,51.36325],[-1.12155,51.36349],[-1.12116,51.36363],[-1.12058,51.36382]]},"properties":{"k":"stream","name":""}},{"type":"Feature","geometry":{"type":"LineString","coordinates":[[-1.10172,51.36532],[-1.10145,51.36522]]},"properties":{"k":"stream","name":""}},{"type":"Feature","geometry":{"type":"LineString","coordinates":[[-1.10206,51.36528],[-1.10183,51.36519]]},"properties":{"k":"stream","name":""}},{"type":"Feature","geometry":{"type":"LineString","coordinates":[[-1.10189,51.36531],[-1.1016,51.36519]]},"properties":{"k":"stream","name":""}},{"type":"Feature","geometry":{"type":"LineString","coordinates":[[-1.09407,51.3687],[-1.09406,51.36866]]},"properties":{"k":"stream","name":""}},{"type":"Feature","geometry":{"type":"LineString","coordinates":[[-1.09434,51.36862],[-1.0943,51.36845],[-1.09423,51.36829],[-1.09402,51.3682],[-1.09378,51.36818]]},"properties":{"k":"stream","name":""}},{"type":"Feature","geometry":{"type":"LineString","coordinates":[[-1.09467,51.36894],[-1.09454,51.36883],[-1.09436,51.36867]]},"properties":{"k":"stream","name":""}},{"type":"Feature","geometry":{"type":"LineString","coordinates":[[-1.09407,51.36983],[-1.09412,51.36954],[-1.09414,51.36933],[-1.09413,51.36907],[-1.09423,51.36901],[-1.0943,51.36895],[-1.09425,51.36885],[-1.09415,51.36877],[-1.09407,51.3687]]},"properties":{"k":"stream","name":""}},{"type":"Feature","geometry":{"type":"LineString","coordinates":[[-1.1047,51.36491],[-1.10431,51.3649],[-1.10378,51.36489],[-1.10356,51.36491],[-1.10282,51.36512],[-1.10246,51.36519],[-1.10206,51.36528]]},"properties":{"k":"stream","name":""}},{"type":"Feature","geometry":{"type":"LineString","coordinates":[[-1.09768,51.37168],[-1.0977,51.37166]]},"properties":{"k":"stream","name":""}},{"type":"Feature","geometry":{"type":"LineString","coordinates":[[-1.10483,51.36492],[-1.1047,51.36491]]},"properties":{"k":"stream","name":""}},{"type":"Feature","geometry":{"type":"LineString","coordinates":[[-1.09471,51.36897],[-1.09467,51.36894]]},"properties":{"k":"stream","name":""}},{"type":"Feature","geometry":{"type":"LineString","coordinates":[[-1.09753,51.36468],[-1.0974,51.36468],[-1.09736,51.36468]]},"properties":{"k":"stream","name":""}},{"type":"Feature","geometry":{"type":"LineString","coordinates":[[-1.09406,51.36866],[-1.09404,51.36862],[-1.09385,51.36827],[-1.09378,51.36818]]},"properties":{"k":"stream","name":""}},{"type":"Feature","geometry":{"type":"LineString","coordinates":[[-1.0977,51.37166],[-1.09751,51.37056],[-1.09667,51.37025],[-1.09629,51.37003],[-1.09602,51.36976],[-1.09548,51.36944],[-1.09471,51.36897]]},"properties":{"k":"stream","name":""}},{"type":"Feature","geometry":{"type":"LineString","coordinates":[[-1.09469,51.36842],[-1.09423,51.36829]]},"properties":{"k":"stream","name":""}},{"type":"Feature","geometry":{"type":"LineString","coordinates":[[-1.09378,51.36818],[-1.09357,51.36798],[-1.09331,51.36772],[-1.09307,51.36751],[-1.09273,51.36719],[-1.09201,51.36642],[-1.09161,51.3659],[-1.09151,51.36568]]},"properties":{"k":"stream","name":""}},{"type":"Feature","geometry":{"type":"LineString","coordinates":[[-1.09436,51.36867],[-1.09434,51.36862]]},"properties":{"k":"stream","name":""}},{"type":"Feature","geometry":{"type":"LineString","coordinates":[[-1.11037,51.26457],[-1.11015,51.26464],[-1.11007,51.26467],[-1.1098,51.26466],[-1.1095,51.26466],[-1.10929,51.26467],[-1.10913,51.2647],[-1.10889,51.2648],[-1.10864,51.26486],[-1.10829,51.26492],[-1.10807,51.26486],[-1.10793,51.26476],[-1.10782,51.26469],[-1.10764,51.26474]]},"properties":{"k":"stream","name":"River Loddon"}},{"type":"Feature","geometry":{"type":"LineString","coordinates":[[-1.11199,51.26466],[-1.11185,51.26435],[-1.11173,51.26436],[-1.11109,51.26447],[-1.11075,51.26452],[-1.11037,51.26457]]},"properties":{"k":"stream","name":"River Loddon"}},{"type":"Feature","geometry":{"type":"LineString","coordinates":[[-1.11355,51.26444],[-1.11199,51.26466],[-1.1108,51.26485],[-1.11057,51.26468],[-1.11037,51.26457]]},"properties":{"k":"stream","name":""}},{"type":"Feature","geometry":{"type":"LineString","coordinates":[[-1.11412,51.2648],[-1.11298,51.26497],[-1.11271,51.26486],[-1.112,51.26499],[-1.11146,51.26508]]},"properties":{"k":"stream","name":""}},{"type":"Feature","geometry":{"type":"LineString","coordinates":[[-1.09868,51.36442],[-1.09865,51.36445],[-1.09859,51.36449]]},"properties":{"k":"ditch","name":""}},{"type":"Feature","geometry":{"type":"LineString","coordinates":[[-1.10121,51.36479],[-1.10137,51.3648]]},"properties":{"k":"ditch","name":""}},{"type":"Feature","geometry":{"type":"LineString","coordinates":[[-1.09929,51.36482],[-1.09927,51.36488]]},"properties":{"k":"ditch","name":""}},{"type":"Feature","geometry":{"type":"LineString","coordinates":[[-1.10181,51.36463],[-1.10183,51.3647]]},"properties":{"k":"ditch","name":""}},{"type":"Feature","geometry":{"type":"LineString","coordinates":[[-1.10312,51.36451],[-1.10312,51.36456]]},"properties":{"k":"ditch","name":""}},{"type":"Feature","geometry":{"type":"LineString","coordinates":[[-1.10235,51.36456],[-1.10239,51.36462]]},"properties":{"k":"ditch","name":""}},{"type":"Feature","geometry":{"type":"LineString","coordinates":[[-1.10221,51.36459],[-1.10225,51.36466]]},"properties":{"k":"ditch","name":""}},{"type":"Feature","geometry":{"type":"LineString","coordinates":[[-1.10442,51.36436],[-1.10442,51.36445]]},"properties":{"k":"ditch","name":""}},{"type":"Feature","geometry":{"type":"LineString","coordinates":[[-1.09959,51.36485],[-1.09981,51.36485],[-1.10003,51.36489]]},"properties":{"k":"ditch","name":""}},{"type":"Feature","geometry":{"type":"LineString","coordinates":[[-1.09927,51.36488],[-1.09922,51.36497]]},"properties":{"k":"ditch","name":""}},{"type":"Feature","geometry":{"type":"LineString","coordinates":[[-1.10003,51.36489],[-1.09998,51.36494]]},"properties":{"k":"ditch","name":""}},{"type":"Feature","geometry":{"type":"LineString","coordinates":[[-1.09859,51.36449],[-1.09848,51.36458]]},"properties":{"k":"ditch","name":""}},{"type":"Feature","geometry":{"type":"LineString","coordinates":[[-0.97392,51.25069],[-0.97339,51.25095],[-0.97347,51.2511],[-0.97323,51.25153],[-0.97294,51.25172],[-0.97275,51.25193],[-0.97263,51.25203],[-0.97261,51.25221],[-0.97247,51.25231],[-0.97186,51.25248],[-0.97135,51.25305],[-0.9713,51.25316],[-0.97124,51.25328],[-0.97107,51.25351],[-0.97088,51.25379],[-0.97073,51.25387],[-0.97056,51.25391],[-0.97005,51.25397],[-0.96994,51.25402],[-0.96981,51.25426],[-0.96933,51.25459],[-0.96887,51.25495],[-0.96883,51.2551],[-0.96885,51.25544],[-0.96881,51.25551],[-0.96833,51.2558],[-0.96831,51.25589],[-0.96825,51.25597],[-0.96793,51.25607],[-0.96695,51.25659],[-0.96668,51.25692],[-0.96626,51.25718],[-0.96596,51.25748],[-0.96564,51.25789],[-0.9649,51.25811],[-0.96407,51.25851],[-0.96396,51.25866],[-0.9639,51.25887],[-0.96392,51.259],[-0.96387,51.2592],[-0.9637,51.25935],[-0.96308,51.25962],[-0.96273,51.25997],[-0.96246,51.26023],[-0.96229,51.2604],[-0.96229,51.26052],[-0.96236,51.26067],[-0.96272,51.26143],[-0.96275,51.2616],[-0.96271,51.26177],[-0.9623,51.26211],[-0.96193,51.26222],[-0.96146,51.26223],[-0.96091,51.26237],[-0.96063,51.26236],[-0.9602,51.26235],[-0.95899,51.26217],[-0.95836,51.26208],[-0.95817,51.26211]]},"properties":{"k":"river","name":"River Whitewater"}},{"type":"Feature","geometry":{"type":"LineString","coordinates":[[-1.10611,51.36608],[-1.1061,51.36604],[-1.1061,51.36598]]},"properties":{"k":"ditch","name":""}},{"type":"Feature","geometry":{"type":"LineString","coordinates":[[-1.12058,51.36382],[-1.12043,51.36388],[-1.12016,51.3639],[-1.11977,51.364],[-1.11939,51.36403],[-1.11905,51.36418],[-1.11855,51.36434],[-1.11781,51.3645],[-1.11711,51.36463],[-1.11648,51.36478],[-1.1159,51.36477],[-1.11518,51.36491],[-1.11504,51.36505],[-1.11463,51.36507],[-1.11365,51.36502],[-1.11276,51.36495],[-1.11225,51.36492],[-1.11176,51.365],[-1.11106,51.36496],[-1.11075,51.36502],[-1.11026,51.36515],[-1.11024,51.36504],[-1.10982,51.36505],[-1.1096,51.36507],[-1.10884,51.36511],[-1.10745,51.36522],[-1.10649,51.36529],[-1.10593,51.36519],[-1.10495,51.36493],[-1.10483,51.36492]]},"properties":{"k":"stream","name":""}},{"type":"Feature","geometry":{"type":"LineString","coordinates":[[-1.12395,51.36252],[-1.12358,51.36262],[-1.12337,51.36267],[-1.12313,51.36278],[-1.12299,51.36287],[-1.12298,51.36296]]},"properties":{"k":"stream","name":""}},{"type":"Feature","geometry":{"type":"LineString","coordinates":[[-1.11373,51.37061],[-1.11307,51.37001],[-1.11307,51.36949],[-1.11328,51.36894],[-1.11346,51.36826],[-1.1134,51.36809],[-1.11334,51.36794],[-1.11294,51.36765],[-1.11236,51.36748],[-1.11175,51.36737],[-1.11146,51.36718],[-1.11132,51.36709],[-1.11058,51.36647],[-1.11004,51.3657],[-1.1099,51.3655]]},"properties":{"k":"stream","name":""}},{"type":"Feature","geometry":{"type":"LineString","coordinates":[[-0.96248,51.26073],[-0.96229,51.26079]]},"properties":{"k":"canal","name":"Basingstoke Canal (Aquaduct)"}},{"type":"Feature","geometry":{"type":"LineString","coordinates":[[-1.11744,51.36823],[-1.11701,51.36796],[-1.11683,51.36782],[-1.11678,51.36769],[-1.11674,51.36748],[-1.11657,51.36735],[-1.1163,51.36717],[-1.11612,51.36693],[-1.11598,51.36673],[-1.11573,51.36629],[-1.11564,51.36601],[-1.11565,51.36579],[-1.11577,51.36521],[-1.11561,51.36504],[-1.1154,51.36501],[-1.11518,51.36491]]},"properties":{"k":"stream","name":""}},{"type":"Feature","geometry":{"type":"LineString","coordinates":[[-1.10989,51.37238],[-1.11014,51.36792],[-1.11128,51.36747],[-1.11146,51.36718]]},"properties":{"k":"ditch","name":""}},{"type":"Feature","geometry":{"type":"LineString","coordinates":[[-1.10585,51.37067],[-1.10513,51.37054],[-1.10411,51.36988],[-1.10346,51.36983],[-1.10224,51.36975],[-1.10201,51.36958],[-1.10149,51.36921],[-1.10086,51.36877],[-1.10043,51.36849]]},"properties":{"k":"stream","name":""}},{"type":"Feature","geometry":{"type":"LineString","coordinates":[[-1.10016,51.36837],[-1.09974,51.36819],[-1.09934,51.36814],[-1.09901,51.36815],[-1.09851,51.36821],[-1.0976,51.36822],[-1.09663,51.36824],[-1.09597,51.36826],[-1.09544,51.36836],[-1.09499,51.36844],[-1.09469,51.36842]]},"properties":{"k":"stream","name":""}},{"type":"Feature","geometry":{"type":"LineString","coordinates":[[-1.10043,51.36849],[-1.10016,51.36837]]},"properties":{"k":"stream","name":""}},{"type":"Feature","geometry":{"type":"LineString","coordinates":[[-0.85041,51.26954],[-0.85045,51.26956],[-0.85076,51.26968],[-0.85086,51.26973],[-0.85132,51.26985],[-0.85157,51.26982],[-0.85178,51.26978],[-0.85202,51.26984],[-0.85238,51.26996],[-0.85274,51.2701],[-0.85314,51.27018],[-0.85335,51.2702],[-0.85346,51.27015],[-0.85384,51.27024],[-0.85403,51.27031],[-0.85399,51.27037],[-0.85403,51.2704],[-0.85426,51.27041],[-0.85437,51.27045],[-0.85447,51.27051],[-0.85464,51.27051],[-0.85469,51.27053],[-0.85475,51.27064],[-0.85475,51.2707],[-0.85484,51.27078],[-0.85491,51.27087],[-0.85491,51.27105],[-0.85508,51.27113],[-0.85501,51.27133],[-0.85489,51.27146],[-0.85497,51.27167],[-0.85517,51.27181],[-0.85525,51.27203],[-0.85545,51.27221],[-0.85563,51.27251],[-0.8556,51.27261],[-0.85545,51.27276],[-0.8554,51.27284]]},"properties":{"k":"stream","name":""}},{"type":"Feature","geometry":{"type":"LineString","coordinates":[[-0.8554,51.27284],[-0.85539,51.2729],[-0.85538,51.27301],[-0.85482,51.2745],[-0.85484,51.27466],[-0.85502,51.27482],[-0.85512,51.27509]]},"properties":{"k":"stream","name":""}},{"type":"Feature","geometry":{"type":"LineString","coordinates":[[-0.85512,51.27509],[-0.85512,51.27524],[-0.85529,51.27538],[-0.85545,51.27553],[-0.85584,51.27609],[-0.85617,51.27663],[-0.85619,51.27668],[-0.85619,51.27669]]},"properties":{"k":"stream","name":""}},{"type":"Feature","geometry":{"type":"LineString","coordinates":[[-1.12333,51.3797],[-1.12342,51.37999],[-1.12339,51.38009],[-1.12302,51.38053],[-1.1231,51.38061],[-1.12244,51.3813],[-1.1222,51.38153],[-1.12218,51.38162],[-1.12199,51.38178],[-1.12196,51.38187],[-1.12157,51.38211],[-1.12115,51.38245],[-1.1206,51.38298],[-1.1206,51.38304],[-1.12046,51.3831],[-1.12033,51.38315],[-1.12031,51.38327],[-1.1204,51.38339],[-1.12036,51.38345],[-1.12033,51.38356],[-1.12043,51.38368],[-1.12037,51.38377],[-1.12104,51.38414],[-1.12106,51.38427],[-1.12121,51.38428],[-1.1214,51.38442],[-1.12142,51.38455],[-1.12154,51.38456],[-1.12168,51.3847],[-1.1217,51.38486],[-1.12183,51.38484],[-1.12191,51.38491],[-1.12188,51.38499],[-1.12205,51.3853],[-1.12229,51.38544],[-1.12235,51.38554],[-1.12235,51.38584],[-1.12235,51.38604],[-1.1224,51.38615],[-1.1223,51.38699],[-1.12258,51.38744],[-1.12253,51.3876],[-1.12276,51.38782],[-1.12276,51.38786],[-1.12285,51.388],[-1.12273,51.38804],[-1.12288,51.38813],[-1.12278,51.38818],[-1.12287,51.38829],[-1.12277,51.3884],[-1.12287,51.38842],[-1.12282,51.38863],[-1.12298,51.38878],[-1.12292,51.38887],[-1.12301,51.38898],[-1.12303,51.38918],[-1.12298,51.38925],[-1.12308,51.38934],[-1.12306,51.38948],[-1.12311,51.38959],[-1.12302,51.3897],[-1.12311,51.38978],[-1.1231,51.38999],[-1.12298,51.39008],[-1.12291,51.39041],[-1.12304,51.39062],[-1.12374,51.39174],[-1.12404,51.3919],[-1.12434,51.39193],[-1.1248,51.3919],[-1.125,51.39191],[-1.12511,51.39194],[-1.12521,51.39198],[-1.12616,51.39272],[-1.12683,51.39309],[-1.12713,51.39318]]},"properties":{"k":"stream","name":""}},{"type":"Feature","geometry":{"type":"LineString","coordinates":[[-1.11763,51.37991],[-1.11711,51.37975],[-1.11705,51.37977],[-1.1167,51.37975],[-1.11585,51.37957],[-1.11541,51.37952],[-1.11517,51.3796],[-1.11505,51.37952],[-1.11459,51.3795],[-1.11414,51.37934],[-1.11394,51.37891],[-1.11396,51.3786],[-1.11404,51.37835]]},"properties":{"k":"stream","name":""}},{"type":"Feature","geometry":{"type":"LineString","coordinates":[[-1.11934,51.37414],[-1.11899,51.37453],[-1.11945,51.37488],[-1.11935,51.37543],[-1.11966,51.37636],[-1.11939,51.37654],[-1.1193,51.37666],[-1.11901,51.37693],[-1.1189,51.37694],[-1.11864,51.37733],[-1.11853,51.37738],[-1.11848,51.37751],[-1.11819,51.37781],[-1.11815,51.37808],[-1.11779,51.37853],[-1.11754,51.37911],[-1.11763,51.37991],[-1.11785,51.38014],[-1.11774,51.3802],[-1.11774,51.38032],[-1.11759,51.3804],[-1.11771,51.38053],[-1.11765,51.3806],[-1.11773,51.38069],[-1.11765,51.38087],[-1.11753,51.38097],[-1.11758,51.38106],[-1.11755,51.38118],[-1.11758,51.38139],[-1.11763,51.38135],[-1.11778,51.38143],[-1.11775,51.38153],[-1.11785,51.38172],[-1.11809,51.38185],[-1.11812,51.38192],[-1.11836,51.38218],[-1.11834,51.38223],[-1.11863,51.38245],[-1.1188,51.38264],[-1.11886,51.38259],[-1.1189,51.38266],[-1.11899,51.38262],[-1.11893,51.3827],[-1.11897,51.38284],[-1.11907,51.38296],[-1.11923,51.38296],[-1.11925,51.38305],[-1.11938,51.38304],[-1.11942,51.38309],[-1.1195,51.38307],[-1.11974,51.38321],[-1.11974,51.38331],[-1.11988,51.38329],[-1.12013,51.38341],[-1.12036,51.38345]]},"properties":{"k":"stream","name":""}},{"type":"Feature","geometry":{"type":"LineString","coordinates":[[-1.12466,51.3799],[-1.12435,51.37996],[-1.12339,51.38009]]},"properties":{"k":"stream","name":""}},{"type":"Feature","geometry":{"type":"LineString","coordinates":[[-1.12227,51.37767],[-1.1223,51.37817],[-1.12247,51.37868],[-1.12247,51.37891],[-1.12256,51.37898],[-1.12257,51.37904],[-1.12266,51.37911],[-1.12276,51.37922],[-1.12333,51.3797],[-1.12366,51.37942],[-1.12369,51.37934],[-1.12395,51.3792],[-1.12435,51.37859],[-1.12452,51.37845],[-1.12452,51.37839],[-1.12521,51.37803],[-1.12558,51.37769],[-1.12582,51.37746],[-1.12586,51.37734],[-1.12591,51.3773],[-1.12591,51.37723]]},"properties":{"k":"stream","name":""}},{"type":"Feature","geometry":{"type":"LineString","coordinates":[[-1.04846,51.29551],[-1.04833,51.29541],[-1.04825,51.2953],[-1.04817,51.29518],[-1.04808,51.29517],[-1.04795,51.29517],[-1.0478,51.29516],[-1.04772,51.29511],[-1.04765,51.29504],[-1.04752,51.29493],[-1.04737,51.29487],[-1.04726,51.29486],[-1.04715,51.29485],[-1.0471,51.29479],[-1.04714,51.29469],[-1.04722,51.29459],[-1.04723,51.29449],[-1.04709,51.29432],[-1.04704,51.29424],[-1.04692,51.29418],[-1.04681,51.2941],[-1.04674,51.29402],[-1.04677,51.29393],[-1.04686,51.29383],[-1.04704,51.29374],[-1.04717,51.29366],[-1.04722,51.2936],[-1.04721,51.29352],[-1.0472,51.29346],[-1.04717,51.29334],[-1.04711,51.29329],[-1.0471,51.29328],[-1.04699,51.29329],[-1.04696,51.2933],[-1.04688,51.29333],[-1.04672,51.29336],[-1.04653,51.2934],[-1.0463,51.2934],[-1.04622,51.29337],[-1.04619,51.29331],[-1.04618,51.29322],[-1.04612,51.29315],[-1.046,51.29311]]},"properties":{"k":"stream","name":"Petty's Brook"}},{"type":"Feature","geometry":{"type":"LineString","coordinates":[[-1.04846,51.29551],[-1.04855,51.29557]]},"properties":{"k":"stream","name":"Petty's Brook"}},{"type":"Feature","geometry":{"type":"LineString","coordinates":[[-1.05243,51.29676],[-1.0522,51.29676],[-1.05192,51.29676],[-1.05164,51.29676],[-1.05145,51.29673],[-1.05135,51.29669],[-1.05123,51.29663],[-1.0511,51.29656],[-1.05105,51.29653],[-1.05092,51.29646],[-1.05075,51.29639],[-1.05055,51.29632],[-1.05031,51.29625],[-1.0501,51.29619],[-1.0499,51.29612],[-1.04966,51.29604],[-1.04948,51.29597],[-1.04933,51.29593],[-1.0492,51.29586],[-1.04907,51.2958],[-1.04887,51.29571],[-1.0487,51.29564]]},"properties":{"k":"stream","name":"Petty's Brook"}},{"type":"Feature","geometry":{"type":"LineString","coordinates":[[-1.05799,51.29542],[-1.05799,51.29553],[-1.05794,51.29566],[-1.05779,51.29578],[-1.05764,51.29589]]},"properties":{"k":"stream","name":""}},{"type":"Feature","geometry":{"type":"LineString","coordinates":[[-1.05807,51.2952],[-1.05799,51.29542]]},"properties":{"k":"stream","name":""}},{"type":"Feature","geometry":{"type":"LineString","coordinates":[[-1.05881,51.29431],[-1.05868,51.29439],[-1.05834,51.29459],[-1.05802,51.2947],[-1.05786,51.29477],[-1.05784,51.29492],[-1.05792,51.29503],[-1.05807,51.2952]]},"properties":{"k":"stream","name":""}},{"type":"Feature","geometry":{"type":"LineString","coordinates":[[-1.05975,51.29363],[-1.05986,51.29353],[-1.06011,51.29333],[-1.06044,51.29313],[-1.06061,51.29304],[-1.06067,51.29302]]},"properties":{"k":"stream","name":""}},{"type":"Feature","geometry":{"type":"LineString","coordinates":[[-1.03543,51.32819],[-1.03534,51.32821],[-1.03528,51.32822],[-1.03524,51.32822],[-1.03516,51.32823],[-1.03508,51.32824],[-1.03506,51.32824],[-1.03503,51.32824],[-1.03501,51.32824],[-1.03497,51.32825],[-1.03493,51.32825],[-1.0349,51.32825],[-1.03488,51.32826],[-1.03485,51.32826],[-1.03485,51.32826],[-1.03481,51.32827],[-1.03476,51.32828],[-1.03465,51.3283],[-1.03459,51.32831],[-1.03449,51.32832],[-1.03444,51.32833],[-1.03442,51.32833],[-1.03438,51.32834],[-1.03437,51.32834],[-1.03431,51.32834],[-1.03424,51.32835],[-1.03415,51.32834],[-1.03406,51.32834],[-1.03401,51.32834],[-1.03397,51.32834],[-1.0339,51.32832],[-1.03379,51.32832],[-1.03376,51.32832],[-1.0337,51.32831],[-1.03367,51.32831],[-1.03366,51.32831],[-1.03362,51.32832],[-1.03358,51.32832],[-1.03338,51.32835],[-1.03324,51.32835],[-1.03303,51.32836],[-1.03283,51.32837],[-1.03276,51.32837],[-1.03262,51.32838],[-1.03234,51.3284],[-1.03219,51.32841],[-1.03201,51.32841],[-1.03195,51.32842],[-1.03181,51.32841],[-1.0316,51.32841],[-1.03138,51.3284],[-1.03128,51.3284],[-1.03118,51.32839],[-1.03108,51.32839],[-1.03108,51.32839],[-1.03098,51.32839],[-1.03088,51.32839],[-1.03078,51.3284],[-1.03067,51.3284],[-1.03064,51.3284],[-1.03063,51.3284],[-1.03059,51.32839],[-1.03056,51.32839],[-1.03055,51.32839],[-1.03053,51.32838],[-1.03052,51.32837],[-1.03049,51.32836]]},"properties":{"k":"stream","name":""}},{"type":"Feature","geometry":{"type":"LineString","coordinates":[[-1.03049,51.32836],[-1.0303,51.32839]]},"properties":{"k":"stream","name":""}},{"type":"Feature","geometry":{"type":"LineString","coordinates":[[-1.02972,51.32791],[-1.03021,51.32763],[-1.03028,51.32739],[-1.03029,51.32737],[-1.03029,51.32737],[-1.03028,51.32735],[-1.03017,51.32706],[-1.03024,51.32698]]},"properties":{"k":"stream","name":""}},{"type":"Feature","geometry":{"type":"LineString","coordinates":[[-1.03194,51.32569],[-1.03194,51.32579],[-1.03194,51.32586],[-1.03194,51.32588],[-1.03196,51.32594],[-1.03202,51.32605]]},"properties":{"k":"river","name":"River Loddon"}},{"type":"Feature","geometry":{"type":"LineString","coordinates":[[-1.03202,51.32605],[-1.03207,51.3263],[-1.03238,51.32669],[-1.03258,51.3272],[-1.03258,51.32739],[-1.03246,51.32748],[-1.03221,51.32747],[-1.03177,51.3275],[-1.03122,51.32774],[-1.03075,51.32811],[-1.03049,51.32831]]},"properties":{"k":"river","name":"River Loddon"}},{"type":"Feature","geometry":{"type":"LineString","coordinates":[[-1.02911,51.32253],[-1.02914,51.32256],[-1.02917,51.3226],[-1.02931,51.32276],[-1.02933,51.32278],[-1.02936,51.32282],[-1.02938,51.32284],[-1.0294,51.32286],[-1.02942,51.32288],[-1.02944,51.32288],[-1.02946,51.3229],[-1.02949,51.32291],[-1.02954,51.32293],[-1.02956,51.32294],[-1.02957,51.32294],[-1.02959,51.32295],[-1.02961,51.32296],[-1.02962,51.32297],[-1.02964,51.32298],[-1.02966,51.323],[-1.02966,51.32301],[-1.02967,51.32302],[-1.02967,51.32304],[-1.02964,51.32309],[-1.02958,51.32314],[-1.02951,51.32319],[-1.02951,51.3232],[-1.02949,51.32324],[-1.02949,51.32325],[-1.02955,51.3233],[-1.02959,51.32333],[-1.02962,51.32335],[-1.02968,51.32338],[-1.02971,51.32339],[-1.02972,51.32339],[-1.02974,51.32339],[-1.02981,51.32341],[-1.03011,51.32343],[-1.03016,51.32344],[-1.03018,51.32344],[-1.0302,51.32345],[-1.03021,51.32345],[-1.03022,51.32345],[-1.03023,51.32345],[-1.03024,51.32346],[-1.03025,51.32347],[-1.03026,51.32347],[-1.03026,51.32347],[-1.03028,51.32348],[-1.03029,51.32349],[-1.0303,51.32351],[-1.03031,51.32353],[-1.03031,51.32354],[-1.03032,51.32356],[-1.03034,51.32363],[-1.03034,51.3237],[-1.03035,51.32374],[-1.03035,51.32375],[-1.03042,51.32387],[-1.03048,51.32398],[-1.03053,51.32405],[-1.03055,51.32408],[-1.03056,51.32409],[-1.03057,51.3241],[-1.03059,51.32411],[-1.0306,51.32411],[-1.03061,51.32411],[-1.03063,51.32411],[-1.03068,51.32412],[-1.03074,51.32413],[-1.03081,51.32413],[-1.03111,51.32419],[-1.03131,51.32422],[-1.03136,51.32423],[-1.03141,51.32425],[-1.03143,51.32425],[-1.03144,51.32426],[-1.03146,51.32427],[-1.03149,51.32428],[-1.0315,51.32429],[-1.03151,51.3243],[-1.03152,51.3243],[-1.03154,51.32432],[-1.03156,51.32435],[-1.03156,51.32436],[-1.03157,51.32437],[-1.03157,51.32438],[-1.03157,51.32439],[-1.03157,51.32441],[-1.03157,51.32443],[-1.03157,51.32446],[-1.03156,51.32448],[-1.03153,51.32454],[-1.03149,51.32461],[-1.03149,51.32467],[-1.03149,51.32467],[-1.03149,51.3247],[-1.03149,51.32473],[-1.03149,51.32481],[-1.0315,51.32485],[-1.0315,51.32487],[-1.0315,51.32488],[-1.03151,51.32489],[-1.03152,51.3249],[-1.03153,51.32491],[-1.03155,51.32493],[-1.03157,51.32495],[-1.03161,51.32498],[-1.03166,51.32502],[-1.03173,51.32507],[-1.03183,51.32514],[-1.03192,51.32523],[-1.03201,51.32533],[-1.03207,51.3254],[-1.03208,51.32542],[-1.03208,51.32544],[-1.03209,51.32546],[-1.03209,51.32548],[-1.03209,51.3255],[-1.03208,51.32551],[-1.03207,51.32554],[-1.03205,51.32556],[-1.03203,51.3256],[-1.03198,51.32566],[-1.03197,51.32566],[-1.03194,51.32569]]},"properties":{"k":"stream","name":"Bow Brook"}},{"type":"Feature","geometry":{"type":"LineString","coordinates":[[-1.02896,51.32174],[-1.02902,51.32175],[-1.02907,51.32173],[-1.02909,51.32167],[-1.02914,51.32165],[-1.02921,51.32165],[-1.02927,51.32166],[-1.0293,51.3217],[-1.02932,51.32175],[-1.02933,51.32187],[-1.02935,51.32191],[-1.0294,51.32192],[-1.02946,51.32192],[-1.02967,51.32187],[-1.02975,51.32188],[-1.0298,51.32191],[-1.02981,51.32198],[-1.02979,51.32209],[-1.02974,51.32215],[-1.02963,51.32222],[-1.02952,51.32225],[-1.02941,51.3223],[-1.0293,51.32235],[-1.02918,51.3224],[-1.02911,51.32247],[-1.02911,51.32253]]},"properties":{"k":"stream","name":"Bow Brook"}},{"type":"Feature","geometry":{"type":"LineString","coordinates":[[-1.02969,51.32055],[-1.02963,51.32065],[-1.02957,51.32072],[-1.02952,51.32079],[-1.02943,51.32091],[-1.02936,51.32098],[-1.0293,51.32104],[-1.02921,51.32109],[-1.02915,51.32111]]},"properties":{"k":"stream","name":"Bow Brook"}},{"type":"Feature","geometry":{"type":"LineString","coordinates":[[-1.02915,51.32111],[-1.02911,51.32112],[-1.02907,51.32112],[-1.02903,51.32112],[-1.02897,51.32113],[-1.02894,51.32113],[-1.02891,51.32114],[-1.02888,51.32114],[-1.02886,51.32115],[-1.02884,51.32115],[-1.02882,51.32116],[-1.02881,51.32117],[-1.02879,51.32118],[-1.02877,51.3212],[-1.02875,51.32121],[-1.02873,51.32123],[-1.02872,51.32124],[-1.02871,51.32125],[-1.0287,51.32126],[-1.02868,51.32128],[-1.02867,51.3213],[-1.02866,51.32131],[-1.02866,51.32133],[-1.02865,51.32134],[-1.02865,51.32135],[-1.02865,51.32137],[-1.02865,51.3214],[-1.02866,51.32143],[-1.02867,51.32146],[-1.02868,51.32149],[-1.02868,51.32152],[-1.02868,51.32156],[-1.02866,51.32162],[-1.02866,51.32164],[-1.02866,51.32165],[-1.02867,51.32166],[-1.02867,51.32167],[-1.02868,51.32168],[-1.02869,51.32168],[-1.02869,51.32169],[-1.02871,51.3217],[-1.02874,51.32171],[-1.02882,51.32173],[-1.02896,51.32174]]},"properties":{"k":"stream","name":"Bow Brook"}},{"type":"Feature","geometry":{"type":"LineString","coordinates":[[-1.04796,51.31964],[-1.04791,51.3196],[-1.04788,51.31958],[-1.04786,51.31957],[-1.04785,51.31956],[-1.04783,51.31955],[-1.04782,51.31953],[-1.04779,51.31952],[-1.04778,51.31951],[-1.04776,51.3195],[-1.04772,51.31949],[-1.04765,51.31947],[-1.04755,51.31944],[-1.04747,51.31942],[-1.0474,51.3194],[-1.04733,51.31937],[-1.0472,51.31933],[-1.04712,51.3193],[-1.04699,51.31924],[-1.04691,51.3192],[-1.04689,51.3192],[-1.04688,51.31919],[-1.04685,51.31917],[-1.04682,51.31916],[-1.04679,51.31915],[-1.04675,51.31913],[-1.04672,51.31913],[-1.04669,51.31912],[-1.04666,51.31911],[-1.04661,51.31911],[-1.04653,51.31908],[-1.04633,51.31904],[-1.04631,51.31904],[-1.04629,51.31904],[-1.04628,51.31904],[-1.04626,51.31904],[-1.04624,51.31904],[-1.0462,51.31905],[-1.04619,51.31905],[-1.04616,51.31906],[-1.0461,51.3191],[-1.04608,51.31911],[-1.04601,51.31912],[-1.04598,51.31913],[-1.04596,51.31913],[-1.04592,51.31914],[-1.04589,51.31915],[-1.04587,51.31915],[-1.04583,51.31917],[-1.04579,51.31918],[-1.04578,51.31918],[-1.04577,51.31919],[-1.04575,51.31919],[-1.04574,51.31919],[-1.04572,51.31919],[-1.0457,51.31919],[-1.04569,51.31919],[-1.04567,51.31919],[-1.04564,51.31919],[-1.04562,51.31918],[-1.04561,51.31918],[-1.04558,51.31917],[-1.04557,51.31916],[-1.04549,51.31914],[-1.04541,51.31912],[-1.04539,51.31911],[-1.04536,51.3191],[-1.04534,51.31909],[-1.04533,51.31909],[-1.04531,51.31908],[-1.0453,51.31907],[-1.04528,51.31906],[-1.04527,51.31906],[-1.04526,51.31905],[-1.04524,51.31903],[-1.04519,51.31898],[-1.04514,51.31894],[-1.04513,51.31893],[-1.04511,51.31892],[-1.04508,51.3189],[-1.04507,51.3189],[-1.04505,51.31889],[-1.04504,51.31889],[-1.04502,51.31888],[-1.04501,51.31888],[-1.045,51.31888],[-1.04499,51.31888],[-1.04497,51.31888],[-1.04486,51.31889],[-1.04482,51.31889],[-1.04478,51.31889],[-1.04476,51.31888],[-1.04474,51.31888],[-1.04473,51.31888],[-1.04469,51.31887],[-1.04466,51.31885],[-1.04464,51.31884],[-1.04461,51.31883],[-1.04448,51.31876],[-1.0444,51.31873],[-1.04439,51.31872],[-1.04438,51.31872],[-1.04437,51.31871],[-1.04436,51.31871],[-1.04435,51.3187],[-1.04434,51.31869],[-1.04434,51.31869],[-1.04433,51.31868],[-1.04432,51.31866],[-1.04429,51.31862],[-1.04429,51.31861],[-1.04428,51.3186],[-1.04427,51.31859],[-1.04426,51.31858],[-1.04425,51.31858],[-1.04424,51.31857],[-1.04423,51.31856],[-1.04422,51.31855],[-1.0442,51.31855],[-1.0442,51.31854],[-1.04419,51.31854],[-1.04418,51.31854],[-1.04417,51.31854],[-1.04415,51.31854],[-1.04414,51.31854],[-1.04412,51.31854],[-1.0441,51.31854],[-1.04409,51.31854],[-1.04408,51.31854],[-1.04406,51.31854],[-1.04404,51.31854],[-1.04403,51.31854],[-1.04402,51.31854],[-1.04401,51.31853],[-1.044,51.31852],[-1.04399,51.31851],[-1.04399,51.31851],[-1.04399,51.3185],[-1.04396,51.31844],[-1.0439,51.31832],[-1.04386,51.31827]]},"properties":{"k":"stream","name":"Bow Brook"}},{"type":"Feature","geometry":{"type":"LineString","coordinates":[[-1.04217,51.31805],[-1.04209,51.31801],[-1.04198,51.31794],[-1.04195,51.31793],[-1.04194,51.31793],[-1.04191,51.3179],[-1.0419,51.31789],[-1.04188,51.31787],[-1.04185,51.31779],[-1.04184,51.31777],[-1.04183,51.31776],[-1.04182,51.31775],[-1.04181,51.31774],[-1.0418,51.31773],[-1.04179,51.31772],[-1.04177,51.31771],[-1.04171,51.31768],[-1.0417,51.31768],[-1.04169,51.31768],[-1.04168,51.31767],[-1.04167,51.31767],[-1.04166,51.31766],[-1.04165,51.31766],[-1.04165,51.31765],[-1.04164,51.31764],[-1.04164,51.31764],[-1.04163,51.31763],[-1.04163,51.31762],[-1.04163,51.31761],[-1.04163,51.3176],[-1.04163,51.3176],[-1.04164,51.31758],[-1.04164,51.31758],[-1.04165,51.31754],[-1.04165,51.31753],[-1.04165,51.31751],[-1.04165,51.3175],[-1.04164,51.31749],[-1.04164,51.31748],[-1.04163,51.31747],[-1.04161,51.31745],[-1.04161,51.31745],[-1.0416,51.31744],[-1.04159,51.31743],[-1.04158,51.31742],[-1.04158,51.31741],[-1.04156,51.3174],[-1.04156,51.3174],[-1.04155,51.31739],[-1.04154,51.31739],[-1.04153,51.31739],[-1.04152,51.31738],[-1.04151,51.31738],[-1.0415,51.31738],[-1.04149,51.31738],[-1.04147,51.31738],[-1.04145,51.31738],[-1.04143,51.31738],[-1.04142,51.31738],[-1.0414,51.31739],[-1.04139,51.31739],[-1.04138,51.3174],[-1.04136,51.31741],[-1.04133,51.31743],[-1.04125,51.31747],[-1.04121,51.31749],[-1.0412,51.31749],[-1.04118,51.31749],[-1.04116,51.3175],[-1.04114,51.3175],[-1.04113,51.3175],[-1.04111,51.31749],[-1.04109,51.31749],[-1.04108,51.31749],[-1.04098,51.31747],[-1.0409,51.31746],[-1.04087,51.31746],[-1.04084,51.31746],[-1.04082,51.31746],[-1.0408,51.31746],[-1.04079,51.31746],[-1.04078,51.31746],[-1.04076,51.31746],[-1.04075,51.31747],[-1.04074,51.31747],[-1.04073,51.31747],[-1.04072,51.31748],[-1.04071,51.31749],[-1.0407,51.31749],[-1.0407,51.3175],[-1.0407,51.31751],[-1.04069,51.31752],[-1.04069,51.31753],[-1.04069,51.31754],[-1.04069,51.31755],[-1.0407,51.31756],[-1.0407,51.31762],[-1.04071,51.31763],[-1.04071,51.31765],[-1.0407,51.31766],[-1.0407,51.31766],[-1.04069,51.31766],[-1.04069,51.31767],[-1.04067,51.31768],[-1.04066,51.31768],[-1.04065,51.31768],[-1.04063,51.31768],[-1.04059,51.31768],[-1.04058,51.31768],[-1.04056,51.31768],[-1.04055,51.31768],[-1.04053,51.31768],[-1.04052,51.31767],[-1.0405,51.31766],[-1.04048,51.31766],[-1.04046,51.31765],[-1.04043,51.31763],[-1.04042,51.31762],[-1.04041,51.31761],[-1.04039,51.3176],[-1.04039,51.31759],[-1.04037,51.31756],[-1.04036,51.31755],[-1.04036,51.31753],[-1.04035,51.31751],[-1.04035,51.31749],[-1.04035,51.31746],[-1.04035,51.31744],[-1.04036,51.31742],[-1.04036,51.31741],[-1.04037,51.3174],[-1.04038,51.31738],[-1.04038,51.31737],[-1.04043,51.31731],[-1.04043,51.31731],[-1.04044,51.31729],[-1.04045,51.31728],[-1.04045,51.31727],[-1.04044,51.31725],[-1.04045,51.31722],[-1.04046,51.31721],[-1.04046,51.3172],[-1.04046,51.3172],[-1.04046,51.31718],[-1.04046,51.31718],[-1.04045,51.31717],[-1.04043,51.31713],[-1.04042,51.31711],[-1.04039,51.31709],[-1.04035,51.31707],[-1.04032,51.31707],[-1.04031,51.31706],[-1.04027,51.31704],[-1.04025,51.31701],[-1.04024,51.31698],[-1.04024,51.31695],[-1.04023,51.31694],[-1.04023,51.31693],[-1.0402,51.31691],[-1.04015,51.31689],[-1.0401,51.31687],[-1.04007,51.31685],[-1.04001,51.3168],[-1.04001,51.3168],[-1.04001,51.3168],[-1.03999,51.31678],[-1.03998,51.31677],[-1.03997,51.31676],[-1.03996,51.31675],[-1.03995,51.31674],[-1.03994,51.31674],[-1.03992,51.31673],[-1.03991,51.31673],[-1.0399,51.31673],[-1.03989,51.31673],[-1.03987,51.31673],[-1.03986,51.31674],[-1.03984,51.31674],[-1.03983,51.31675],[-1.03981,51.31675],[-1.03977,51.31677],[-1.03975,51.31677],[-1.03973,51.31678],[-1.03971,51.31678],[-1.03969,51.31678],[-1.03967,51.31678],[-1.03965,51.31678],[-1.03964,51.31678],[-1.03962,51.31678],[-1.03961,51.31678],[-1.03959,51.31677],[-1.03958,51.31677],[-1.03956,51.31676],[-1.03955,51.31676],[-1.03949,51.31672],[-1.03947,51.31668],[-1.03943,51.31663],[-1.03939,51.3166],[-1.03937,51.31659],[-1.03932,51.31658],[-1.03927,51.31657],[-1.03921,51.31658],[-1.03916,51.31659],[-1.03915,51.31659],[-1.03913,51.3166],[-1.03912,51.3166],[-1.0391,51.3166],[-1.03909,51.31661],[-1.03908,51.31661],[-1.03907,51.31662],[-1.03905,51.31662],[-1.03904,51.31662],[-1.03903,51.31663],[-1.03901,51.31663],[-1.039,51.31664],[-1.03899,51.31665],[-1.03897,51.31665],[-1.03896,51.31666],[-1.03894,51.31666],[-1.03894,51.31666],[-1.03893,51.31666],[-1.03892,51.31667],[-1.0389,51.31667],[-1.03889,51.31667],[-1.03884,51.31667],[-1.03883,51.31667],[-1.03882,51.31667],[-1.0388,51.31666],[-1.03879,51.31666],[-1.03877,51.31666],[-1.03875,51.31665],[-1.03874,51.31665],[-1.03872,51.31664],[-1.03871,51.31664],[-1.0387,51.31663],[-1.03869,51.31663],[-1.03867,51.31662],[-1.03866,51.31662],[-1.03865,51.31661],[-1.03865,51.31661],[-1.03861,51.31659],[-1.03858,51.31655],[-1.03855,51.31652],[-1.03854,51.31648],[-1.03851,51.31641],[-1.03849,51.31637],[-1.03848,51.31635],[-1.03849,51.31634],[-1.03844,51.31632],[-1.03842,51.31632],[-1.0384,51.31632],[-1.03836,51.31632],[-1.03827,51.3163],[-1.03825,51.31629],[-1.03821,51.31628],[-1.03818,51.31627],[-1.03816,51.31627],[-1.03814,51.31626],[-1.03808,51.31626],[-1.03808,51.31627],[-1.03805,51.31626],[-1.03804,51.31627],[-1.03801,51.31628],[-1.038,51.31629],[-1.03799,51.3163],[-1.03799,51.3163],[-1.03798,51.31631],[-1.03796,51.31634],[-1.03794,51.31638],[-1.03793,51.3164],[-1.03792,51.31641],[-1.0379,51.31643],[-1.03789,51.31644],[-1.03789,51.31645],[-1.03788,51.31646],[-1.03787,51.31647],[-1.03786,51.31648],[-1.03785,51.31649],[-1.03785,51.3165],[-1.03784,51.31652],[-1.03783,51.31653],[-1.03783,51.31654],[-1.03783,51.31655],[-1.03783,51.31656],[-1.03783,51.31657],[-1.03784,51.31658],[-1.03784,51.3166],[-1.03785,51.31662],[-1.03786,51.31662],[-1.03787,51.31663],[-1.03788,51.31664],[-1.03788,51.31664],[-1.0379,51.31665],[-1.03791,51.31666],[-1.03792,51.31667],[-1.03794,51.31668],[-1.03794,51.31669],[-1.03794,51.3167],[-1.03794,51.31671],[-1.03794,51.31671],[-1.03794,51.31672],[-1.03793,51.31673],[-1.03792,51.31673],[-1.0379,51.31674],[-1.03787,51.31674],[-1.03786,51.31674],[-1.03784,51.31675],[-1.03782,51.31675],[-1.03781,51.31675],[-1.03779,51.31675],[-1.03777,51.31675],[-1.03775,51.31674],[-1.03771,51.31674],[-1.03769,51.31674],[-1.03767,51.31673],[-1.03765,51.31672],[-1.03763,51.31671],[-1.03762,51.3167],[-1.03761,51.31669],[-1.03758,51.31667],[-1.03758,51.31666],[-1.03757,51.31665],[-1.03749,51.31657],[-1.03748,51.31656],[-1.03747,51.31655],[-1.03745,51.31653],[-1.03744,51.31653],[-1.03743,51.31653],[-1.03742,51.31652],[-1.03741,51.31652],[-1.0374,51.31652],[-1.03739,51.31652],[-1.03737,51.31652],[-1.03736,51.31652],[-1.03734,51.31652],[-1.03731,51.31652],[-1.0373,51.31652],[-1.03729,51.31653],[-1.03728,51.31653],[-1.03721,51.31655],[-1.03719,51.31655],[-1.03717,51.31656],[-1.03714,51.31656],[-1.03709,51.31657],[-1.03708,51.31657],[-1.03705,51.31658],[-1.03701,51.31659],[-1.037,51.3166],[-1.03698,51.3166],[-1.03697,51.31662],[-1.03696,51.31663],[-1.03695,51.31664],[-1.03694,51.31664],[-1.03693,51.31665],[-1.03693,51.31666],[-1.03693,51.31666],[-1.03692,51.31667],[-1.03692,51.31668],[-1.03692,51.31669],[-1.03691,51.31673],[-1.03691,51.31674],[-1.03691,51.31675],[-1.03691,51.31676],[-1.0369,51.31677],[-1.0369,51.31678],[-1.03689,51.31681],[-1.03688,51.31681],[-1.03688,51.31682],[-1.03687,51.31683],[-1.03686,51.31685],[-1.03686,51.31686],[-1.03685,51.31687],[-1.03684,51.31688],[-1.03683,51.31689],[-1.03682,51.3169],[-1.03682,51.31691],[-1.03681,51.31692],[-1.0368,51.31693],[-1.03678,51.31694],[-1.03675,51.31696],[-1.03674,51.31697],[-1.03674,51.31697],[-1.03672,51.31698],[-1.03671,51.31699],[-1.03669,51.31699],[-1.03667,51.31699],[-1.03666,51.31699],[-1.03662,51.317],[-1.0366,51.317],[-1.03658,51.317],[-1.03657,51.317],[-1.03655,51.317],[-1.03654,51.317],[-1.03652,51.317],[-1.03651,51.317],[-1.03649,51.317],[-1.03647,51.317],[-1.03645,51.317],[-1.03641,51.317],[-1.03639,51.317],[-1.03633,51.31701],[-1.03632,51.31701],[-1.03631,51.31701],[-1.03629,51.31701],[-1.03628,51.31701],[-1.03626,51.31701],[-1.03624,51.31702],[-1.03622,51.31703],[-1.0362,51.31704],[-1.03619,51.31704],[-1.03619,51.31705],[-1.03619,51.31705],[-1.03618,51.31706],[-1.03617,51.31706],[-1.03617,51.31707],[-1.03616,51.31708],[-1.03616,51.31709],[-1.03615,51.3171],[-1.03614,51.31711],[-1.03613,51.31712],[-1.03612,51.31712],[-1.03611,51.31713],[-1.0361,51.31714],[-1.03609,51.31714],[-1.03609,51.31714],[-1.03607,51.31715],[-1.03606,51.31715],[-1.03605,51.31716],[-1.03604,51.31716],[-1.03603,51.31717],[-1.03601,51.31718],[-1.036,51.31719],[-1.03599,51.31719],[-1.03597,51.3172],[-1.03593,51.31721],[-1.03588,51.31722],[-1.03583,51.31722],[-1.03582,51.31722],[-1.03579,51.31723],[-1.03578,51.31723],[-1.03576,51.31724],[-1.03574,51.31725],[-1.03573,51.31726],[-1.03571,51.31728],[-1.03571,51.3173],[-1.0357,51.31731],[-1.03569,51.31732],[-1.03568,51.31734],[-1.03567,51.31736],[-1.03564,51.31738],[-1.03561,51.31739],[-1.03559,51.3174],[-1.03557,51.31741],[-1.03556,51.31743],[-1.03553,51.31746],[-1.03551,51.31754],[-1.03545,51.31759],[-1.03543,51.31761],[-1.03542,51.31762],[-1.0354,51.31763],[-1.03537,51.31764],[-1.03527,51.31765],[-1.0352,51.31766],[-1.03512,51.31766],[-1.0351,51.31765],[-1.03507,51.31765],[-1.03506,51.31765],[-1.03504,51.31765],[-1.03502,51.31764],[-1.03501,51.31764],[-1.03498,51.31763],[-1.03492,51.31759],[-1.03491,51.31758],[-1.03489,51.31757],[-1.03488,51.31757],[-1.03487,51.31756],[-1.03486,51.31756],[-1.03485,51.31756],[-1.03483,51.31757],[-1.03482,51.31757],[-1.03479,51.31759],[-1.03477,51.3176],[-1.03471,51.31765],[-1.03464,51.31771],[-1.03457,51.31776],[-1.03454,51.31778],[-1.03444,51.31786],[-1.03443,51.31788],[-1.03442,51.31789],[-1.03443,51.3179],[-1.03443,51.31791],[-1.03445,51.31792],[-1.03447,51.31793],[-1.03455,51.31797],[-1.03464,51.31801],[-1.03468,51.31804],[-1.0347,51.31805],[-1.03471,51.31805],[-1.03472,51.31806],[-1.03472,51.31807],[-1.03472,51.31808],[-1.03471,51.31809],[-1.03469,51.31811],[-1.03467,51.31813],[-1.03461,51.31816],[-1.03457,51.31818],[-1.03448,51.31822],[-1.03445,51.31823],[-1.03443,51.31824],[-1.03426,51.31826],[-1.03425,51.31826],[-1.03423,51.31827],[-1.03418,51.31828],[-1.03418,51.31828],[-1.03416,51.31828],[-1.03414,51.31829],[-1.03409,51.31831],[-1.03407,51.31832],[-1.03404,51.31834],[-1.03401,51.31836],[-1.03399,51.31838],[-1.03394,51.3184],[-1.03389,51.31844],[-1.03382,51.31845],[-1.03378,51.31846],[-1.0337,51.31848],[-1.03369,51.31848],[-1.03368,51.31848],[-1.03367,51.31848],[-1.03365,51.31848],[-1.03362,51.31849],[-1.03358,51.31849],[-1.03355,51.3185],[-1.03353,51.3185],[-1.0335,51.31851],[-1.03347,51.31852],[-1.03343,51.31853],[-1.0334,51.31854],[-1.03336,51.31856],[-1.03328,51.3186],[-1.03322,51.31863],[-1.03319,51.31864],[-1.03313,51.31866],[-1.0331,51.31867],[-1.03307,51.31868],[-1.03305,51.31869],[-1.03301,51.31869],[-1.03297,51.31869],[-1.03293,51.3187],[-1.03288,51.31869],[-1.03277,51.31868],[-1.03272,51.31868],[-1.03267,51.31867],[-1.03263,51.31867],[-1.0326,51.31867],[-1.03256,51.31868],[-1.03254,51.31868],[-1.03252,51.31869],[-1.03251,51.3187],[-1.0325,51.3187],[-1.03249,51.31871],[-1.03249,51.31873],[-1.03248,51.31875],[-1.03249,51.31878],[-1.03249,51.3188],[-1.03249,51.31883],[-1.03247,51.31887],[-1.03246,51.3189],[-1.03245,51.31892],[-1.03246,51.31894],[-1.03246,51.31896],[-1.03246,51.319],[-1.03245,51.31902],[-1.03244,51.31905],[-1.03242,51.31907],[-1.03241,51.31909],[-1.03239,51.31909],[-1.03234,51.31911],[-1.03222,51.31915],[-1.03193,51.31925],[-1.0317,51.31931],[-1.03168,51.31932],[-1.03166,51.31933],[-1.03165,51.31935],[-1.03165,51.31936],[-1.03165,51.31937],[-1.03165,51.31939],[-1.03165,51.31941],[-1.03166,51.31943],[-1.03166,51.31945],[-1.03165,51.31947],[-1.03165,51.31949],[-1.03164,51.31951],[-1.03163,51.31952],[-1.03161,51.31953],[-1.03157,51.31954],[-1.0315,51.31954],[-1.03144,51.31954],[-1.03139,51.31953],[-1.03132,51.31952],[-1.03129,51.31951],[-1.03127,51.31952],[-1.03125,51.31952],[-1.03122,51.31953],[-1.03118,51.31954],[-1.03114,51.31955],[-1.03111,51.31956],[-1.03107,51.31956],[-1.03104,51.31957],[-1.03102,51.31957],[-1.03099,51.31957],[-1.03096,51.31957],[-1.03091,51.31956],[-1.03086,51.31956],[-1.03083,51.31956],[-1.0308,51.31956],[-1.03077,51.31956],[-1.03074,51.31957],[-1.03073,51.31957],[-1.03072,51.31958],[-1.03072,51.31958],[-1.0307,51.3196],[-1.03065,51.31962],[-1.03062,51.31965],[-1.03059,51.31968],[-1.03055,51.31971],[-1.03053,51.31974],[-1.03051,51.31976],[-1.03049,51.31978],[-1.03048,51.31981],[-1.03046,51.31983],[-1.03043,51.31989],[-1.03038,51.31996],[-1.03036,51.31998],[-1.03033,51.32001],[-1.03029,51.32003],[-1.03025,51.32006],[-1.0302,51.32008],[-1.03018,51.3201],[-1.03016,51.32011],[-1.03013,51.32013],[-1.03003,51.32025],[-1.02991,51.32036],[-1.02985,51.32043],[-1.02971,51.32053],[-1.02969,51.32055]]},"properties":{"k":"stream","name":"Bow Brook"}},{"type":"Feature","geometry":{"type":"LineString","coordinates":[[-1.04386,51.31827],[-1.04382,51.31823],[-1.04375,51.31821],[-1.04361,51.3182],[-1.04338,51.31818],[-1.04318,51.31816],[-1.04298,51.31815],[-1.04283,51.31816],[-1.04266,51.31818],[-1.04255,51.31818],[-1.04244,51.31817],[-1.04237,51.31815],[-1.0423,51.31812],[-1.04217,51.31805]]},"properties":{"k":"stream","name":"Bow Brook"}},{"type":"Feature","geometry":{"type":"LineString","coordinates":[[-1.07543,51.32001],[-1.07541,51.31996],[-1.07533,51.31983],[-1.07527,51.31965],[-1.07523,51.31959],[-1.07511,51.31953],[-1.07487,51.3193],[-1.0747,51.3191],[-1.07454,51.31898],[-1.0744,51.31888],[-1.07429,51.31887],[-1.07413,51.31892],[-1.07379,51.31915],[-1.07361,51.31924],[-1.07353,51.31928],[-1.07352,51.31934],[-1.07356,51.31939],[-1.07353,51.31942],[-1.07341,51.31944],[-1.07318,51.31946],[-1.07303,51.31949],[-1.07271,51.31959],[-1.07238,51.3197],[-1.07218,51.31974],[-1.07178,51.31978],[-1.07163,51.31982],[-1.07151,51.31986],[-1.0711,51.31995],[-1.07085,51.32002],[-1.07057,51.32011],[-1.07036,51.32018],[-1.07012,51.32022],[-1.06991,51.32028],[-1.06977,51.32035],[-1.06967,51.32041],[-1.06959,51.32051],[-1.06951,51.32056],[-1.0694,51.32062],[-1.06929,51.32068],[-1.06929,51.32072],[-1.06932,51.32079],[-1.06933,51.32087],[-1.0693,51.32093],[-1.06923,51.32098],[-1.06912,51.32103],[-1.06906,51.32104],[-1.06899,51.32102],[-1.06892,51.32099],[-1.06884,51.32098],[-1.06876,51.321],[-1.0687,51.32104],[-1.06866,51.32108],[-1.06859,51.3211],[-1.06849,51.32108],[-1.06835,51.32107],[-1.06818,51.32108],[-1.06792,51.32112],[-1.06781,51.32112],[-1.06769,51.32114],[-1.06756,51.32115],[-1.06747,51.32117],[-1.06741,51.32122],[-1.06734,51.32122],[-1.06729,51.3212],[-1.06728,51.32115],[-1.06725,51.32111],[-1.06716,51.32106],[-1.067,51.321],[-1.06689,51.32094],[-1.06685,51.32094],[-1.06673,51.32096],[-1.06662,51.32097],[-1.06652,51.32093],[-1.06623,51.32081],[-1.0662,51.32077],[-1.06621,51.32073],[-1.06624,51.32068],[-1.06601,51.32052],[-1.06585,51.32043],[-1.0657,51.32036],[-1.0656,51.32033],[-1.06546,51.32032],[-1.0652,51.32027],[-1.0647,51.3202],[-1.06454,51.32018],[-1.06438,51.32019],[-1.06425,51.32018],[-1.06415,51.32019],[-1.0639,51.32027],[-1.06382,51.32033],[-1.06367,51.32038],[-1.06335,51.32043],[-1.06306,51.32047],[-1.0628,51.32049],[-1.0623,51.32052],[-1.06203,51.32053],[-1.06182,51.32056],[-1.06143,51.3206],[-1.06106,51.32063],[-1.06071,51.32067],[-1.06035,51.32072],[-1.05987,51.32077],[-1.0595,51.32084],[-1.05927,51.32086],[-1.05874,51.32086],[-1.05851,51.32088],[-1.05815,51.32091],[-1.058,51.32095],[-1.05776,51.32098],[-1.0572,51.32103],[-1.05666,51.32107],[-1.05651,51.32113],[-1.05638,51.32116],[-1.05611,51.32117],[-1.0558,51.32118],[-1.05568,51.3212],[-1.05532,51.32122],[-1.05506,51.32125],[-1.0549,51.32126],[-1.05476,51.32125],[-1.05451,51.32121],[-1.05432,51.32118],[-1.05423,51.32118],[-1.05395,51.3212],[-1.05367,51.32123],[-1.05337,51.32122],[-1.05323,51.3212],[-1.05309,51.32119],[-1.05293,51.32114],[-1.0527,51.32109],[-1.05247,51.32109],[-1.05235,51.32111],[-1.05201,51.32117],[-1.0518,51.32121],[-1.05169,51.3212],[-1.05157,51.32115],[-1.05138,51.32105],[-1.05107,51.32091],[-1.05082,51.32081],[-1.05068,51.32079],[-1.05052,51.32078],[-1.05033,51.32075],[-1.05014,51.3207],[-1.04989,51.32059],[-1.04965,51.32047],[-1.04934,51.32037],[-1.04906,51.32035],[-1.04881,51.32025],[-1.04851,51.32008],[-1.0483,51.31995],[-1.04814,51.31979],[-1.04796,51.31964]]},"properties":{"k":"stream","name":"Bow Brook"}},{"type":"Feature","geometry":{"type":"LineString","coordinates":[[-1.0958,51.32174],[-1.09582,51.32175],[-1.09582,51.32177],[-1.09581,51.32177],[-1.0958,51.32178],[-1.09579,51.32179],[-1.09578,51.32179],[-1.09575,51.32179],[-1.09573,51.32179],[-1.09573,51.32179],[-1.09571,51.32179],[-1.09569,51.32178],[-1.09566,51.32177],[-1.09565,51.32176],[-1.09562,51.32175],[-1.0956,51.32173],[-1.09557,51.32172],[-1.09556,51.32171],[-1.09555,51.32171],[-1.09554,51.3217],[-1.09553,51.3217],[-1.09551,51.32171],[-1.0955,51.32171],[-1.09549,51.32171],[-1.09548,51.32173],[-1.09547,51.32174],[-1.09546,51.32174],[-1.09545,51.32176],[-1.09545,51.32176],[-1.09536,51.32181],[-1.09535,51.32182],[-1.09535,51.32182],[-1.09533,51.32183],[-1.09532,51.32183],[-1.09532,51.32183],[-1.0953,51.32183],[-1.09529,51.32183],[-1.09528,51.32183],[-1.09528,51.32183],[-1.09526,51.32182],[-1.09525,51.32182],[-1.09524,51.32182],[-1.09524,51.32181],[-1.09523,51.32179],[-1.09523,51.32178],[-1.09522,51.32178],[-1.09522,51.32176],[-1.0952,51.32175],[-1.0952,51.32174],[-1.0952,51.32173],[-1.09519,51.32173],[-1.09519,51.32173],[-1.09518,51.32173],[-1.09516,51.32173],[-1.09515,51.32173],[-1.09513,51.32173],[-1.09511,51.32173],[-1.09509,51.32174],[-1.09507,51.32175],[-1.09506,51.32175],[-1.09504,51.32176],[-1.09504,51.32177],[-1.09503,51.32177],[-1.09502,51.32178],[-1.09502,51.32179],[-1.09501,51.32179],[-1.09501,51.32179],[-1.095,51.3218],[-1.095,51.32181],[-1.095,51.32182],[-1.095,51.32182],[-1.09501,51.32184],[-1.09501,51.32184],[-1.09502,51.32185],[-1.09502,51.32186],[-1.09503,51.32186],[-1.09505,51.32187],[-1.09506,51.32189],[-1.09508,51.3219],[-1.09508,51.32191],[-1.09509,51.32193],[-1.0951,51.32196],[-1.0951,51.32196],[-1.0951,51.32197],[-1.09511,51.32197],[-1.09511,51.32198],[-1.0951,51.32199],[-1.0951,51.322],[-1.0951,51.322],[-1.09508,51.32202],[-1.09508,51.32202],[-1.09508,51.32202],[-1.09507,51.32203],[-1.09504,51.32204],[-1.09502,51.32204],[-1.095,51.32205],[-1.09498,51.32205],[-1.09494,51.32206],[-1.09486,51.32207],[-1.09483,51.32206],[-1.09481,51.32206],[-1.09478,51.32205],[-1.09477,51.32205],[-1.09476,51.32205],[-1.09474,51.32205],[-1.09473,51.32205],[-1.09472,51.32205],[-1.09471,51.32205],[-1.0947,51.32205],[-1.09469,51.32206],[-1.09469,51.32206],[-1.09467,51.32207],[-1.09467,51.32208],[-1.09467,51.32209],[-1.09466,51.32211],[-1.09466,51.32213],[-1.09466,51.32214],[-1.09467,51.32216],[-1.09467,51.32217],[-1.09467,51.3222],[-1.09467,51.3222],[-1.09467,51.32222],[-1.09465,51.32224],[-1.09464,51.32226],[-1.09463,51.32227],[-1.09462,51.32228],[-1.09462,51.32229],[-1.0946,51.3223],[-1.09457,51.32232],[-1.09454,51.32233],[-1.09449,51.32236],[-1.09447,51.32237],[-1.09444,51.32238],[-1.09443,51.32238],[-1.09441,51.32239],[-1.0944,51.32239],[-1.09439,51.3224],[-1.09438,51.32239],[-1.09437,51.32239],[-1.09436,51.32239],[-1.09435,51.32239],[-1.09435,51.32239],[-1.09434,51.32238],[-1.09432,51.32237],[-1.09431,51.32236],[-1.09429,51.32235],[-1.09429,51.32234],[-1.09428,51.32233],[-1.09428,51.32233],[-1.09427,51.32233],[-1.09425,51.32232],[-1.09424,51.32232],[-1.09422,51.32231],[-1.0942,51.32231],[-1.09418,51.32231],[-1.09417,51.32231],[-1.09416,51.32231],[-1.09415,51.32231],[-1.09414,51.32232],[-1.09412,51.32232],[-1.09412,51.32233],[-1.09411,51.32234],[-1.09411,51.32235],[-1.09411,51.32236],[-1.0941,51.32237],[-1.0941,51.32238],[-1.09411,51.3224],[-1.09412,51.32241],[-1.09412,51.32241],[-1.09415,51.32243],[-1.09418,51.32246],[-1.0942,51.32247],[-1.09421,51.32248],[-1.09422,51.32249],[-1.09423,51.3225],[-1.09423,51.32251],[-1.09423,51.32252],[-1.09423,51.32252],[-1.09423,51.32252],[-1.09421,51.32254],[-1.09419,51.32256],[-1.09415,51.32259],[-1.09412,51.32262],[-1.09411,51.32262],[-1.09407,51.32265],[-1.09405,51.32266],[-1.09401,51.32267],[-1.09396,51.32268],[-1.09393,51.32269],[-1.09387,51.3227],[-1.09382,51.32271],[-1.0938,51.32272],[-1.09378,51.32273],[-1.09377,51.32273],[-1.09376,51.32274],[-1.09375,51.32274],[-1.09374,51.32275],[-1.09373,51.32276],[-1.09373,51.32276],[-1.09373,51.32279],[-1.09373,51.3228],[-1.09373,51.32281],[-1.09372,51.32282],[-1.09371,51.32283],[-1.09367,51.32285],[-1.09363,51.32287],[-1.09361,51.32288],[-1.09359,51.32289],[-1.09358,51.32289],[-1.09357,51.32289],[-1.09355,51.32289],[-1.09352,51.32289],[-1.09351,51.32289],[-1.0935,51.32288],[-1.09349,51.32288],[-1.09348,51.32287],[-1.09347,51.32287],[-1.09346,51.32287],[-1.09346,51.32286],[-1.09344,51.32287],[-1.0934,51.32287],[-1.09337,51.32288],[-1.09334,51.32289],[-1.09334,51.32289],[-1.09332,51.3229],[-1.09332,51.3229],[-1.09331,51.32292],[-1.0933,51.32292],[-1.09329,51.32292],[-1.09328,51.32293],[-1.09326,51.32293],[-1.09323,51.32294],[-1.0932,51.32294],[-1.09319,51.32295],[-1.09318,51.32295],[-1.09318,51.32295],[-1.09317,51.32296],[-1.09317,51.32296],[-1.09318,51.32299],[-1.09319,51.32301],[-1.09319,51.32302],[-1.09321,51.32303],[-1.09321,51.32304],[-1.09323,51.32306],[-1.09323,51.32307],[-1.09324,51.32308],[-1.09324,51.32309],[-1.09324,51.3231],[-1.09324,51.32311],[-1.09321,51.32313],[-1.09321,51.32313],[-1.09319,51.32314],[-1.09318,51.32315],[-1.09316,51.32316],[-1.09315,51.32316],[-1.09311,51.32316],[-1.0931,51.32316],[-1.09305,51.32317],[-1.09302,51.32316],[-1.09298,51.32317],[-1.09297,51.32317],[-1.09296,51.32317],[-1.09295,51.32317],[-1.09292,51.32318],[-1.09289,51.3232],[-1.09288,51.3232],[-1.09285,51.32321],[-1.09284,51.32322],[-1.09282,51.32323],[-1.09281,51.32323],[-1.09279,51.32324],[-1.09278,51.32324],[-1.09275,51.32324],[-1.09271,51.32325],[-1.09271,51.32325],[-1.09267,51.32325],[-1.09263,51.32325],[-1.09258,51.32325],[-1.09252,51.32326],[-1.0925,51.32326],[-1.09249,51.32326],[-1.09246,51.32327],[-1.09244,51.32328],[-1.09242,51.32328],[-1.09242,51.32329],[-1.09239,51.3233],[-1.09237,51.32333],[-1.09236,51.32334],[-1.09235,51.32335],[-1.09234,51.3234],[-1.09235,51.32342],[-1.09235,51.32346],[-1.09235,51.32347],[-1.09236,51.32349],[-1.09236,51.32349],[-1.09236,51.3235],[-1.09236,51.32351],[-1.09235,51.32352],[-1.09235,51.32352],[-1.09234,51.32353],[-1.09233,51.32354],[-1.09231,51.32355],[-1.0923,51.32355],[-1.09227,51.32355],[-1.09226,51.32355],[-1.09223,51.32354],[-1.09222,51.32354],[-1.09221,51.32354],[-1.0922,51.32354],[-1.09217,51.32354],[-1.09215,51.32354],[-1.09214,51.32354],[-1.09213,51.32355],[-1.09211,51.32355],[-1.0921,51.32356],[-1.09209,51.32357],[-1.09207,51.3236],[-1.09206,51.32362],[-1.09206,51.32363],[-1.09205,51.32364],[-1.09204,51.32365],[-1.09204,51.32366],[-1.09204,51.32367],[-1.09203,51.32367],[-1.09202,51.32368],[-1.09202,51.32368],[-1.092,51.32369],[-1.092,51.32368],[-1.09197,51.32368],[-1.09194,51.32367],[-1.09191,51.32365],[-1.0919,51.32365],[-1.09188,51.32364],[-1.09187,51.32363],[-1.09186,51.32363],[-1.09185,51.32362],[-1.09182,51.32362],[-1.09181,51.32362],[-1.0918,51.32362],[-1.09179,51.32362],[-1.09178,51.32363],[-1.09177,51.32363],[-1.09177,51.32364],[-1.09176,51.32365],[-1.09175,51.32365],[-1.09175,51.32366],[-1.09175,51.32367],[-1.09175,51.3237],[-1.09175,51.32372],[-1.09175,51.32372],[-1.09175,51.32374],[-1.09174,51.32375],[-1.09173,51.32377],[-1.09172,51.32378],[-1.0917,51.3238],[-1.09168,51.32382],[-1.09167,51.32383],[-1.09164,51.32384],[-1.0916,51.32386],[-1.09159,51.32387],[-1.09157,51.32387],[-1.09157,51.32387],[-1.09154,51.32388],[-1.09153,51.32388],[-1.09151,51.32388],[-1.09149,51.32388],[-1.09145,51.32386],[-1.09144,51.32386],[-1.09138,51.32385],[-1.09136,51.32385],[-1.09132,51.32384],[-1.0913,51.32383],[-1.09126,51.32382],[-1.09124,51.32381],[-1.09119,51.32378],[-1.09115,51.32376],[-1.09112,51.32375],[-1.09112,51.32375],[-1.09109,51.32374],[-1.09108,51.32374],[-1.09106,51.32373],[-1.09105,51.32373],[-1.09098,51.32373],[-1.09087,51.32374],[-1.09075,51.32375],[-1.0907,51.32375],[-1.09064,51.32375],[-1.09059,51.32375],[-1.09054,51.32376],[-1.09049,51.32377],[-1.09048,51.32378],[-1.09043,51.32379],[-1.09039,51.32381],[-1.09034,51.32383],[-1.09031,51.32385],[-1.09028,51.32387],[-1.09027,51.32387],[-1.09023,51.32389],[-1.09019,51.32391],[-1.09016,51.32392],[-1.09015,51.32392],[-1.09015,51.32392],[-1.09013,51.32393],[-1.09011,51.32395],[-1.09008,51.32396],[-1.09005,51.32397],[-1.09004,51.32398],[-1.09001,51.32398],[-1.08997,51.32399],[-1.08991,51.324],[-1.08988,51.32401],[-1.08985,51.32405],[-1.08984,51.32406],[-1.08983,51.32408],[-1.08977,51.32413],[-1.08976,51.32414],[-1.08974,51.32416],[-1.0897,51.32417],[-1.08969,51.32418],[-1.08968,51.32418],[-1.08966,51.32417],[-1.08964,51.32417],[-1.08963,51.32416],[-1.08961,51.32416],[-1.08961,51.32416],[-1.08959,51.32415],[-1.08956,51.32415],[-1.08953,51.32415],[-1.08949,51.32415],[-1.08945,51.32416],[-1.0894,51.32416],[-1.08939,51.32417],[-1.08936,51.32417],[-1.08933,51.32418],[-1.08932,51.32418],[-1.08928,51.32418],[-1.08926,51.32418],[-1.08919,51.32417],[-1.08913,51.32417],[-1.08906,51.32416],[-1.08903,51.32416],[-1.089,51.32416],[-1.08898,51.32416],[-1.08892,51.32417],[-1.0889,51.32417],[-1.08889,51.32418],[-1.08886,51.32418],[-1.08884,51.32419],[-1.08881,51.32421],[-1.08879,51.32423],[-1.08878,51.32424],[-1.08877,51.32424],[-1.08876,51.32426],[-1.08876,51.32426],[-1.08876,51.32427],[-1.08876,51.3243],[-1.08876,51.32431],[-1.08877,51.32433],[-1.08877,51.32436],[-1.08878,51.3244],[-1.08879,51.32441],[-1.08879,51.32441],[-1.08879,51.32443],[-1.08879,51.32444],[-1.08878,51.32445],[-1.08877,51.32446],[-1.08876,51.32447],[-1.08875,51.32448],[-1.08873,51.32449],[-1.08871,51.32449],[-1.0887,51.3245],[-1.08868,51.3245],[-1.08867,51.3245],[-1.08865,51.3245],[-1.08864,51.3245],[-1.0886,51.32449],[-1.08856,51.32448],[-1.08852,51.32447],[-1.08851,51.32447],[-1.08846,51.32446],[-1.08842,51.32445],[-1.08839,51.32444],[-1.08838,51.32444],[-1.08835,51.32444],[-1.08834,51.32443],[-1.0883,51.32443],[-1.08825,51.32443],[-1.08824,51.32443],[-1.08819,51.32443],[-1.08814,51.32442],[-1.08812,51.32442],[-1.08808,51.32442],[-1.08808,51.32442],[-1.08808,51.32442],[-1.08809,51.32442],[-1.08809,51.32441],[-1.08804,51.32441],[-1.08798,51.3244],[-1.08787,51.32437],[-1.08777,51.32433],[-1.08762,51.32429],[-1.08757,51.32428],[-1.08756,51.32428],[-1.08752,51.32427],[-1.08747,51.32427],[-1.08744,51.32427],[-1.08741,51.32427],[-1.08738,51.32427],[-1.08734,51.32427],[-1.08733,51.32427],[-1.08729,51.32428],[-1.08725,51.3243],[-1.08722,51.32431],[-1.08719,51.32433],[-1.08718,51.32434],[-1.08712,51.32438],[-1.08708,51.32442],[-1.08707,51.32444],[-1.08705,51.32446],[-1.08705,51.32446],[-1.08702,51.32447],[-1.087,51.32448],[-1.08697,51.32451],[-1.08696,51.32453],[-1.08691,51.32456],[-1.0869,51.32457],[-1.08687,51.3246],[-1.08686,51.32463],[-1.08685,51.32468],[-1.08684,51.32472],[-1.08684,51.32477],[-1.08683,51.32481],[-1.08682,51.32483],[-1.08682,51.32484],[-1.0868,51.32487],[-1.08679,51.32488],[-1.08678,51.3249],[-1.08677,51.32491],[-1.08675,51.32493],[-1.08672,51.32494],[-1.08671,51.32495],[-1.08666,51.32497],[-1.08664,51.32497],[-1.08657,51.32499],[-1.08645,51.32501],[-1.0864,51.32501],[-1.08635,51.32502],[-1.08629,51.32503],[-1.08625,51.32503],[-1.08613,51.32503],[-1.08603,51.32503],[-1.08602,51.32503],[-1.08595,51.32503],[-1.08589,51.32504],[-1.08587,51.32504],[-1.08584,51.32504],[-1.08581,51.32505],[-1.08577,51.32507],[-1.08571,51.3251],[-1.08566,51.32512],[-1.08565,51.32513],[-1.08563,51.32514],[-1.08562,51.32514],[-1.08556,51.32515],[-1.08553,51.32516],[-1.08549,51.32516],[-1.08545,51.32516],[-1.08541,51.32516],[-1.08534,51.32515],[-1.0853,51.32515],[-1.08527,51.32514],[-1.08523,51.32513],[-1.08521,51.32513],[-1.08519,51.32512],[-1.08517,51.32512],[-1.08513,51.32508],[-1.08513,51.32508],[-1.08511,51.32507],[-1.08509,51.32503],[-1.08508,51.32502],[-1.08507,51.325],[-1.08506,51.325],[-1.08503,51.32498],[-1.08501,51.32497],[-1.08497,51.32496],[-1.08495,51.32495],[-1.08492,51.32495],[-1.08489,51.32494],[-1.08485,51.32492],[-1.08484,51.32492],[-1.08482,51.32491],[-1.08481,51.32491],[-1.08478,51.32488],[-1.08475,51.32486],[-1.0847,51.32481],[-1.08469,51.32481],[-1.08467,51.3248],[-1.08464,51.32477],[-1.08463,51.32477],[-1.0846,51.32476],[-1.08457,51.32474],[-1.08455,51.32473],[-1.08454,51.32472],[-1.08452,51.32471],[-1.08452,51.32471],[-1.08451,51.32469],[-1.08451,51.32468],[-1.08452,51.32466],[-1.08452,51.32464],[-1.08452,51.32464],[-1.08456,51.32461],[-1.08458,51.32458],[-1.08462,51.32454],[-1.08465,51.32452],[-1.08466,51.32451],[-1.08469,51.3245],[-1.08471,51.32448],[-1.08472,51.32447],[-1.08473,51.32446],[-1.08475,51.32445],[-1.08475,51.32443],[-1.08476,51.32442],[-1.08476,51.32442],[-1.08475,51.32439],[-1.08474,51.32438],[-1.08473,51.32436],[-1.08472,51.32435],[-1.08469,51.32432],[-1.08467,51.32431],[-1.08466,51.3243],[-1.08464,51.32427],[-1.08464,51.32427],[-1.08462,51.32424],[-1.08459,51.3242],[-1.08459,51.32419],[-1.08456,51.32418],[-1.08455,51.32418],[-1.08452,51.32416],[-1.08451,51.32416],[-1.08449,51.32414],[-1.08448,51.32413],[-1.08447,51.32411],[-1.08446,51.32411],[-1.08446,51.32409],[-1.08445,51.32409],[-1.08445,51.32406],[-1.08444,51.32403],[-1.08444,51.32403],[-1.08443,51.32401],[-1.08442,51.324],[-1.08441,51.32398],[-1.0844,51.32397],[-1.08436,51.32396],[-1.08436,51.32395],[-1.08431,51.32393],[-1.08427,51.32392],[-1.08422,51.3239],[-1.08422,51.3239],[-1.08417,51.32389],[-1.08412,51.32388],[-1.08406,51.32388],[-1.08399,51.32388],[-1.08389,51.32389],[-1.08379,51.3239],[-1.08376,51.32391],[-1.08374,51.32391],[-1.08371,51.32392],[-1.08369,51.32391],[-1.08368,51.32391],[-1.08366,51.32391],[-1.08364,51.32391],[-1.08363,51.3239],[-1.08362,51.3239],[-1.0836,51.32388],[-1.08359,51.32387],[-1.08357,51.32384],[-1.08357,51.32382],[-1.08356,51.32381],[-1.08356,51.32375],[-1.08357,51.32369],[-1.0836,51.32347],[-1.0836,51.32346],[-1.0836,51.32345],[-1.08359,51.32344],[-1.08359,51.32344],[-1.08356,51.32343],[-1.08356,51.32343],[-1.08352,51.32342],[-1.08348,51.32341],[-1.08346,51.3234],[-1.0834,51.3234],[-1.08336,51.3234],[-1.08334,51.3234],[-1.08331,51.32338],[-1.08331,51.32338],[-1.08328,51.32336],[-1.08327,51.32335],[-1.08324,51.32332],[-1.08323,51.32332],[-1.08321,51.32329],[-1.08321,51.32329],[-1.08319,51.32326],[-1.08319,51.32325],[-1.08318,51.32324],[-1.08317,51.32323],[-1.08314,51.32322],[-1.08314,51.32322],[-1.08312,51.32321],[-1.0831,51.32321],[-1.08308,51.32321],[-1.08308,51.32321],[-1.08304,51.32321],[-1.08301,51.32321],[-1.083,51.32321],[-1.08297,51.32322],[-1.08293,51.32322],[-1.08293,51.32322],[-1.08291,51.32323],[-1.08289,51.32324],[-1.08285,51.32325],[-1.08282,51.32326],[-1.08278,51.32326],[-1.08278,51.32326],[-1.08275,51.32326],[-1.08272,51.32326],[-1.08271,51.32326],[-1.08263,51.32326],[-1.08242,51.32325],[-1.08235,51.32326],[-1.08229,51.32327],[-1.08227,51.32327],[-1.08225,51.32328],[-1.08223,51.32327],[-1.08221,51.32327],[-1.08218,51.32327],[-1.08216,51.32326],[-1.08213,51.32326],[-1.0821,51.32326],[-1.08208,51.32325],[-1.08206,51.32325],[-1.08204,51.32324],[-1.08202,51.32323],[-1.08192,51.32319],[-1.0819,51.32318],[-1.08187,51.32318],[-1.08185,51.32317],[-1.08184,51.32317],[-1.08181,51.32317],[-1.08179,51.32317],[-1.08176,51.32318],[-1.0817,51.32321],[-1.08162,51.32326],[-1.08161,51.32327],[-1.08159,51.32328],[-1.08156,51.32329],[-1.08153,51.3233],[-1.0815,51.3233],[-1.08147,51.3233],[-1.08144,51.32331],[-1.08133,51.32331],[-1.08122,51.32329],[-1.08113,51.32326],[-1.08103,51.32323],[-1.08094,51.3232],[-1.08084,51.32316],[-1.08081,51.32314],[-1.08075,51.3231],[-1.0807,51.32307],[-1.08065,51.32301],[-1.08061,51.32298],[-1.08057,51.32293],[-1.08056,51.32292],[-1.08055,51.3229],[-1.08052,51.32287],[-1.08049,51.32284],[-1.08047,51.32283],[-1.08038,51.32279],[-1.08029,51.32275],[-1.0802,51.32271],[-1.08012,51.32268],[-1.08002,51.32263],[-1.07994,51.32259],[-1.07988,51.32256],[-1.07982,51.32253],[-1.07976,51.3225],[-1.0797,51.32247],[-1.07965,51.32243],[-1.07961,51.32239],[-1.07957,51.32236],[-1.07953,51.32231],[-1.07944,51.3222],[-1.07933,51.32207],[-1.07919,51.32188],[-1.07907,51.32171],[-1.07899,51.3216],[-1.07891,51.32149],[-1.07888,51.32145],[-1.07866,51.32142],[-1.07845,51.3214],[-1.07823,51.32137],[-1.07802,51.32134],[-1.0779,51.32132],[-1.0778,51.32133],[-1.0777,51.32132],[-1.07759,51.32133],[-1.07749,51.32133],[-1.07738,51.32133],[-1.07726,51.32135],[-1.07718,51.32135],[-1.07706,51.32134],[-1.07694,51.32133],[-1.07671,51.3213],[-1.07657,51.32128],[-1.07654,51.32128],[-1.07652,51.32127],[-1.0765,51.32127],[-1.07647,51.32126],[-1.07645,51.32124],[-1.07643,51.32123],[-1.07641,51.32122],[-1.07627,51.32113],[-1.07613,51.32104],[-1.07602,51.32097],[-1.07599,51.32095],[-1.07596,51.32092],[-1.07594,51.32091],[-1.07592,51.32089],[-1.0759,51.32086],[-1.0759,51.32085],[-1.07589,51.32083],[-1.07588,51.32081],[-1.07588,51.32078],[-1.07588,51.32078],[-1.07586,51.3207],[-1.07584,51.32064],[-1.07579,51.32057],[-1.07574,51.32049],[-1.0757,51.32039],[-1.07565,51.32031],[-1.07561,51.32026],[-1.07555,51.32019],[-1.0755,51.32014],[-1.07549,51.32012],[-1.07548,51.3201],[-1.07547,51.32009],[-1.07546,51.32007],[-1.07544,51.32004],[-1.07543,51.32001]]},"properties":{"k":"stream","name":"Bow Brook"}},{"type":"Feature","geometry":{"type":"LineString","coordinates":[[-1.09794,51.32572],[-1.09797,51.3257],[-1.098,51.32566],[-1.09808,51.32553],[-1.09822,51.32535],[-1.09829,51.32527],[-1.0983,51.32525],[-1.09832,51.32523],[-1.09836,51.3252],[-1.09844,51.32515],[-1.09845,51.32515],[-1.09852,51.32511],[-1.09859,51.32508],[-1.09867,51.32505],[-1.09869,51.32504],[-1.09871,51.32503],[-1.09873,51.32502],[-1.09873,51.32501],[-1.09875,51.32499],[-1.09884,51.32486],[-1.09885,51.32485],[-1.09893,51.32468],[-1.09905,51.32445],[-1.09906,51.3244],[-1.09908,51.32436],[-1.09909,51.32433],[-1.09909,51.32431],[-1.09909,51.32429],[-1.09909,51.32427],[-1.09909,51.32426],[-1.09909,51.32425],[-1.09909,51.32424],[-1.09908,51.32423],[-1.09907,51.32422],[-1.09906,51.3242],[-1.09901,51.3241],[-1.09896,51.32402],[-1.09895,51.324],[-1.0989,51.32394],[-1.09889,51.32393],[-1.09881,51.32384],[-1.09879,51.32382],[-1.09872,51.32376],[-1.09869,51.32372],[-1.09862,51.32367],[-1.09861,51.32366],[-1.09858,51.32365],[-1.09856,51.32363],[-1.09855,51.32362],[-1.09853,51.3236],[-1.09852,51.32358],[-1.09851,51.32357],[-1.09851,51.32356],[-1.09851,51.32354],[-1.0985,51.32351],[-1.0985,51.32348],[-1.09849,51.32346],[-1.09848,51.32345],[-1.09846,51.32343],[-1.09844,51.32341],[-1.09841,51.32339],[-1.09839,51.32338],[-1.09837,51.32337],[-1.09836,51.32336],[-1.09834,51.32335],[-1.09834,51.32335],[-1.09833,51.32333],[-1.09833,51.32333],[-1.09831,51.32331],[-1.0983,51.32331],[-1.09829,51.32329],[-1.09828,51.32328],[-1.09827,51.32328],[-1.09826,51.32326],[-1.09826,51.32324],[-1.09826,51.32324],[-1.09826,51.32322],[-1.09826,51.32322],[-1.09826,51.32319],[-1.09827,51.32317],[-1.09827,51.32316],[-1.09827,51.32315],[-1.09826,51.32314],[-1.09826,51.32314],[-1.09825,51.32313],[-1.09824,51.32312],[-1.09824,51.32312],[-1.09822,51.32312],[-1.09817,51.32311],[-1.09813,51.3231],[-1.09812,51.32309],[-1.09811,51.32309],[-1.0981,51.32309],[-1.09809,51.32308],[-1.09808,51.32306],[-1.09807,51.32304],[-1.09805,51.32302],[-1.09804,51.323],[-1.09803,51.32299],[-1.09801,51.32298],[-1.09799,51.32296],[-1.09798,51.32294],[-1.09796,51.32293],[-1.09795,51.32291],[-1.09794,51.32288],[-1.09794,51.32288],[-1.09794,51.32286],[-1.09794,51.32285],[-1.09794,51.32281],[-1.09794,51.32278],[-1.09794,51.32276],[-1.09793,51.32273],[-1.09793,51.3227],[-1.09793,51.32267],[-1.09794,51.32265],[-1.09794,51.32263],[-1.09794,51.3226],[-1.09793,51.32258],[-1.09793,51.32258],[-1.09792,51.32257],[-1.09792,51.32255],[-1.0979,51.32253],[-1.09788,51.32251],[-1.09787,51.3225],[-1.09786,51.32248],[-1.09786,51.32248],[-1.09786,51.32246],[-1.09785,51.32244],[-1.09784,51.32242],[-1.09784,51.32242],[-1.09783,51.32241],[-1.09782,51.32239],[-1.0978,51.32237],[-1.0978,51.32237],[-1.09777,51.32234],[-1.09776,51.32232],[-1.09776,51.3223],[-1.09775,51.32229],[-1.09775,51.32228],[-1.09776,51.32225],[-1.09776,51.32223],[-1.09776,51.32223],[-1.09776,51.32219],[-1.09777,51.32217],[-1.09777,51.32216],[-1.09776,51.32215],[-1.09776,51.32215],[-1.09776,51.32214],[-1.09775,51.32214],[-1.09774,51.32213],[-1.0977,51.32211],[-1.09766,51.3221],[-1.09762,51.32209],[-1.0976,51.32208],[-1.09758,51.32207],[-1.09756,51.32206],[-1.0975,51.32202],[-1.09748,51.32201],[-1.09745,51.32199],[-1.09742,51.32197],[-1.09741,51.32196],[-1.09741,51.32196],[-1.09736,51.32194],[-1.09736,51.32194],[-1.09733,51.32194],[-1.09732,51.32193],[-1.09731,51.32193],[-1.09731,51.32193],[-1.09723,51.3219],[-1.09713,51.32186],[-1.09705,51.32182],[-1.097,51.32181],[-1.09696,51.32179],[-1.09693,51.32178],[-1.09689,51.32177],[-1.09686,51.32177],[-1.09683,51.32176],[-1.09678,51.32177],[-1.09675,51.32177],[-1.09669,51.32178],[-1.09667,51.32178],[-1.09665,51.32178],[-1.09662,51.32178],[-1.09661,51.32178],[-1.09653,51.32177],[-1.09646,51.32177],[-1.09645,51.32177],[-1.09642,51.32176],[-1.0964,51.32176],[-1.09636,51.32176],[-1.09633,51.32175],[-1.09633,51.32175],[-1.09627,51.32172],[-1.09626,51.32172],[-1.09625,51.32172],[-1.09623,51.32172],[-1.09623,51.32172],[-1.09621,51.32173],[-1.09619,51.32173],[-1.09618,51.32174],[-1.09616,51.32174],[-1.09612,51.32174],[-1.0961,51.32175],[-1.0961,51.32175],[-1.09608,51.32175],[-1.09607,51.32176],[-1.09604,51.32177],[-1.09604,51.32177],[-1.09601,51.32177],[-1.09599,51.32177],[-1.09599,51.32177],[-1.09593,51.32176],[-1.09592,51.32176],[-1.09588,51.32175],[-1.09585,51.32175],[-1.09585,51.32175],[-1.0958,51.32174]]},"properties":{"k":"stream","name":"Old Ponds"}},{"type":"Feature","geometry":{"type":"LineString","coordinates":[[-1.09646,51.32862],[-1.09645,51.3286],[-1.09645,51.32858],[-1.09644,51.32857],[-1.09644,51.32856],[-1.09643,51.32854],[-1.0964,51.32852],[-1.09639,51.32851],[-1.09639,51.3285],[-1.09638,51.32846],[-1.09638,51.32843],[-1.09637,51.32834],[-1.09636,51.32829],[-1.09635,51.32825],[-1.09634,51.32822],[-1.09634,51.32818],[-1.09633,51.32809],[-1.09633,51.32798],[-1.09632,51.32791],[-1.09633,51.32787],[-1.09632,51.32784],[-1.09632,51.32779],[-1.09632,51.32776],[-1.09631,51.32771],[-1.09631,51.32766],[-1.09631,51.3276],[-1.09631,51.32754],[-1.09631,51.32749],[-1.09632,51.32743],[-1.09633,51.32738],[-1.09633,51.32733],[-1.09635,51.32728],[-1.09638,51.32721],[-1.09641,51.32715],[-1.09642,51.32713],[-1.09643,51.3271],[-1.09645,51.32706],[-1.09647,51.32705],[-1.09648,51.32703],[-1.09649,51.32702],[-1.09649,51.32699],[-1.09649,51.32698],[-1.09649,51.32697],[-1.0965,51.32695],[-1.09652,51.32692],[-1.09654,51.3269],[-1.09656,51.32688],[-1.09659,51.32685],[-1.09661,51.32683],[-1.09664,51.3268],[-1.09668,51.32672],[-1.09671,51.32669],[-1.09673,51.32666],[-1.09676,51.32663],[-1.09677,51.32662],[-1.09678,51.32661],[-1.09678,51.3266],[-1.09684,51.32652],[-1.09695,51.32638],[-1.09698,51.32634],[-1.097,51.32631],[-1.097,51.32629],[-1.09703,51.32623],[-1.09703,51.32623],[-1.09703,51.32621],[-1.09704,51.3262],[-1.09705,51.3262],[-1.09705,51.32619],[-1.09706,51.32619],[-1.09706,51.32619],[-1.09708,51.32619],[-1.09711,51.32619],[-1.09714,51.3262],[-1.0972,51.32621],[-1.09721,51.32621],[-1.09722,51.32621],[-1.09724,51.32622],[-1.09726,51.32621],[-1.09727,51.32621],[-1.0973,51.3262],[-1.09732,51.32617]]},"properties":{"k":"stream","name":"Old Ponds"}},{"type":"Feature","geometry":{"type":"LineString","coordinates":[[-1.09732,51.32617],[-1.09736,51.32612],[-1.0974,51.32609],[-1.09791,51.32575],[-1.09794,51.32572]]},"properties":{"k":"stream","name":"Old Ponds"}},{"type":"Feature","geometry":{"type":"LineString","coordinates":[[-1.03019,51.32841],[-1.03009,51.32843],[-1.02998,51.32845],[-1.02992,51.32847],[-1.0298,51.3285],[-1.02956,51.3286],[-1.02939,51.32867],[-1.02926,51.32871],[-1.02922,51.32873],[-1.02922,51.32873],[-1.02917,51.32874],[-1.02916,51.32874],[-1.02915,51.32875],[-1.02914,51.32875],[-1.02911,51.32876],[-1.02907,51.32877],[-1.02902,51.32878],[-1.02901,51.32878],[-1.02894,51.32879],[-1.02889,51.32879],[-1.02888,51.32879],[-1.02881,51.32879],[-1.02874,51.32879],[-1.02869,51.32878],[-1.02863,51.32878],[-1.0286,51.32878],[-1.02856,51.32879],[-1.0285,51.32881],[-1.02848,51.32883],[-1.02845,51.32885],[-1.02841,51.32887],[-1.02829,51.32893],[-1.02825,51.32896],[-1.0282,51.32898],[-1.02811,51.32901],[-1.0281,51.32901],[-1.02801,51.32905],[-1.02793,51.32908],[-1.02785,51.32911],[-1.02785,51.32912],[-1.0278,51.32914],[-1.02779,51.32914],[-1.02778,51.32914],[-1.02774,51.32916],[-1.02766,51.32921],[-1.02751,51.32931],[-1.02744,51.32935],[-1.02737,51.32941],[-1.02734,51.32943],[-1.02733,51.32944],[-1.0273,51.32946],[-1.02728,51.32947],[-1.02724,51.32948],[-1.02722,51.32949],[-1.0272,51.3295],[-1.02717,51.3295],[-1.02715,51.32951],[-1.02703,51.32953],[-1.02692,51.32955],[-1.02681,51.32956],[-1.02671,51.32957],[-1.02662,51.32957],[-1.02653,51.32957],[-1.02639,51.32958],[-1.02633,51.32959],[-1.02629,51.32959],[-1.0262,51.32961],[-1.02613,51.32963],[-1.0261,51.32963],[-1.026,51.32964],[-1.02588,51.32966],[-1.0257,51.32968],[-1.0256,51.3297],[-1.0255,51.32971],[-1.02539,51.32973],[-1.02533,51.32974],[-1.02525,51.32975],[-1.02507,51.32977],[-1.02494,51.32979],[-1.02488,51.3298],[-1.02482,51.32981],[-1.02472,51.32981],[-1.02469,51.32981],[-1.02455,51.32983],[-1.02446,51.32983],[-1.02441,51.32984],[-1.0243,51.32986],[-1.02425,51.32987],[-1.02414,51.3299],[-1.02398,51.32994],[-1.0239,51.32996],[-1.02362,51.33003],[-1.02345,51.33009],[-1.02333,51.33012],[-1.0232,51.33014],[-1.02311,51.33014],[-1.02302,51.33015],[-1.02298,51.33015],[-1.02294,51.33014],[-1.02292,51.33014],[-1.0229,51.33014],[-1.02288,51.33013],[-1.02286,51.33013],[-1.02283,51.33012],[-1.02281,51.33011],[-1.02279,51.33009],[-1.02278,51.33009],[-1.02275,51.33002],[-1.02275,51.33002],[-1.02272,51.32992],[-1.02271,51.32988],[-1.02268,51.32981],[-1.02261,51.32968],[-1.02256,51.32964],[-1.0225,51.32961],[-1.02245,51.32959],[-1.02237,51.32957],[-1.0223,51.32956],[-1.02221,51.32956],[-1.02186,51.32967],[-1.02178,51.32968],[-1.02172,51.3297],[-1.02168,51.3297],[-1.02156,51.32969],[-1.0215,51.32968],[-1.02144,51.32968],[-1.02131,51.32971],[-1.0212,51.32974]]},"properties":{"k":"river","name":"River Loddon"}},{"type":"Feature","geometry":{"type":"LineString","coordinates":[[-1.046,51.29311],[-1.04529,51.29291]]},"properties":{"k":"stream","name":"Petty's Brook"}},{"type":"Feature","geometry":{"type":"LineString","coordinates":[[-1.04011,51.29275],[-1.03997,51.29275],[-1.03979,51.29276],[-1.0392,51.29277],[-1.03867,51.29279],[-1.03841,51.2928],[-1.0383,51.29282],[-1.03818,51.29285],[-1.03816,51.29286]]},"properties":{"k":"stream","name":"Petty's Brook"}},{"type":"Feature","geometry":{"type":"LineString","coordinates":[[-1.03799,51.29297],[-1.03797,51.29297],[-1.03794,51.29299],[-1.03792,51.29299],[-1.03789,51.293],[-1.03788,51.29301],[-1.03787,51.29301],[-1.03786,51.29301],[-1.03783,51.29303],[-1.0377,51.29307],[-1.03755,51.29312],[-1.03751,51.29313],[-1.03747,51.29314],[-1.03744,51.29315],[-1.03743,51.29315],[-1.03739,51.29315],[-1.03731,51.29315],[-1.03722,51.29315],[-1.03716,51.29314],[-1.03704,51.29314],[-1.03692,51.29314],[-1.03689,51.29313],[-1.03688,51.29313],[-1.03687,51.29314],[-1.03686,51.29314],[-1.03684,51.29314],[-1.03665,51.29318],[-1.03663,51.29318],[-1.03662,51.29318],[-1.0366,51.29319],[-1.0365,51.29321],[-1.03637,51.29324],[-1.03633,51.29326],[-1.03631,51.29327],[-1.03625,51.29329],[-1.0362,51.29331],[-1.03618,51.29332],[-1.03616,51.29333],[-1.03613,51.29334],[-1.03607,51.29336],[-1.03594,51.29341],[-1.0359,51.29342],[-1.03587,51.29343],[-1.03585,51.29343],[-1.03581,51.29344],[-1.03578,51.29344],[-1.03575,51.29345],[-1.03556,51.29347],[-1.03552,51.29348],[-1.03549,51.29348],[-1.03549,51.29348],[-1.03546,51.29348],[-1.03543,51.29348],[-1.0354,51.29347],[-1.03537,51.29347],[-1.03534,51.29346],[-1.03531,51.29346],[-1.03529,51.29346],[-1.03528,51.29345],[-1.03525,51.29345],[-1.03523,51.29345],[-1.0352,51.29344],[-1.03517,51.29344],[-1.03511,51.29342],[-1.03504,51.2934],[-1.03501,51.29339],[-1.03498,51.29338],[-1.03494,51.29338],[-1.03488,51.29338],[-1.03483,51.29337],[-1.0348,51.29337],[-1.03476,51.29338],[-1.03473,51.29338],[-1.0347,51.29338],[-1.03468,51.29339],[-1.03466,51.29339],[-1.03464,51.29339],[-1.03457,51.2934],[-1.03451,51.2934],[-1.0345,51.2934],[-1.03445,51.29341],[-1.03442,51.29342],[-1.03439,51.29343],[-1.03439,51.29343],[-1.03435,51.29344],[-1.0343,51.29347],[-1.03429,51.29347],[-1.03426,51.29349],[-1.03424,51.2935],[-1.0342,51.29352],[-1.03415,51.29356],[-1.03413,51.29358],[-1.03402,51.29367],[-1.03395,51.29373],[-1.03389,51.29377],[-1.03387,51.29379],[-1.03385,51.2938],[-1.03383,51.29382],[-1.03382,51.29383],[-1.0338,51.29383],[-1.03378,51.29383],[-1.03375,51.29384],[-1.03372,51.29385],[-1.03369,51.29385],[-1.03367,51.29385],[-1.03365,51.29385],[-1.03351,51.29386],[-1.0335,51.29386],[-1.03347,51.29386],[-1.03335,51.29387],[-1.03331,51.29388],[-1.03323,51.29388],[-1.03308,51.2939],[-1.03303,51.2939],[-1.03296,51.29391],[-1.03294,51.29391],[-1.03292,51.29391],[-1.0329,51.29391],[-1.03287,51.29391],[-1.0328,51.29392],[-1.03274,51.29392],[-1.03271,51.29392],[-1.03269,51.29392],[-1.03267,51.29392],[-1.03261,51.29392],[-1.03257,51.29393],[-1.03255,51.29393],[-1.03254,51.29393],[-1.03251,51.29392],[-1.0325,51.29392],[-1.03244,51.29391],[-1.03239,51.2939],[-1.03236,51.29389],[-1.03234,51.29388],[-1.03233,51.29388],[-1.0323,51.29387],[-1.03228,51.29385],[-1.03219,51.29378],[-1.03216,51.29376],[-1.03214,51.29375],[-1.03212,51.29374],[-1.03211,51.29374],[-1.03209,51.29373],[-1.03199,51.29371],[-1.03195,51.2937],[-1.03194,51.2937],[-1.0319,51.2937],[-1.03189,51.2937],[-1.03187,51.2937],[-1.03186,51.2937],[-1.03184,51.29371],[-1.03181,51.29371],[-1.0318,51.29372],[-1.03178,51.29372],[-1.03178,51.29373],[-1.03177,51.29374],[-1.03174,51.29376],[-1.03173,51.29377],[-1.03172,51.29377],[-1.0317,51.29377],[-1.03167,51.29378],[-1.03164,51.29378],[-1.0316,51.29378],[-1.03145,51.29378],[-1.03141,51.29378],[-1.03139,51.29378],[-1.03138,51.29378],[-1.03138,51.29379],[-1.03138,51.29379],[-1.03138,51.2938],[-1.03137,51.2938],[-1.03136,51.2938],[-1.03135,51.29381],[-1.0313,51.29381],[-1.03126,51.29382],[-1.03122,51.29382],[-1.03118,51.29382],[-1.03115,51.29382],[-1.03113,51.29382],[-1.0311,51.29382],[-1.03107,51.29382],[-1.03104,51.29382],[-1.03102,51.29382],[-1.03102,51.29382],[-1.03097,51.29381],[-1.03094,51.29381],[-1.03091,51.29381],[-1.03085,51.29381],[-1.03069,51.29383],[-1.03062,51.29383],[-1.03058,51.29383],[-1.03053,51.29383],[-1.03045,51.29383],[-1.03041,51.29383],[-1.03028,51.29384],[-1.03019,51.29385],[-1.03001,51.29385],[-1.02995,51.29386],[-1.02987,51.29386],[-1.02984,51.29386],[-1.02982,51.29386],[-1.02978,51.29387],[-1.02964,51.29389],[-1.0296,51.29389],[-1.02956,51.29389],[-1.0295,51.29389],[-1.02944,51.29389],[-1.0294,51.29389],[-1.02937,51.29389],[-1.02937,51.29389],[-1.02935,51.29388],[-1.02934,51.29388],[-1.0293,51.29385],[-1.02928,51.29384],[-1.02926,51.29384],[-1.02926,51.29384],[-1.02924,51.29384],[-1.02918,51.29385],[-1.02915,51.29385],[-1.02907,51.29387],[-1.02902,51.29387],[-1.02901,51.29387],[-1.02899,51.29387],[-1.02898,51.29386],[-1.02896,51.29386],[-1.02895,51.29385],[-1.02892,51.29384],[-1.02889,51.29382],[-1.02887,51.29381],[-1.02885,51.2938],[-1.02883,51.29379],[-1.02873,51.29374],[-1.02857,51.29367],[-1.0285,51.29365],[-1.02844,51.29362],[-1.02837,51.2936],[-1.02833,51.29359],[-1.02829,51.29357],[-1.02815,51.29352],[-1.02804,51.29348],[-1.02794,51.29344],[-1.02782,51.29339],[-1.02779,51.29337],[-1.02777,51.29336],[-1.02771,51.29333],[-1.02765,51.29331],[-1.02759,51.29327],[-1.02755,51.29325],[-1.02752,51.29324],[-1.02746,51.2932],[-1.02738,51.29314],[-1.02734,51.29311],[-1.02731,51.29309],[-1.02729,51.29307],[-1.02729,51.29306],[-1.02728,51.29304],[-1.02727,51.29302],[-1.02727,51.29302],[-1.02726,51.29299],[-1.02724,51.29298],[-1.02721,51.29295],[-1.0271,51.29286],[-1.02704,51.29281],[-1.02698,51.29276],[-1.02695,51.29274],[-1.02692,51.29272],[-1.02686,51.29266],[-1.02678,51.29259],[-1.02672,51.29254],[-1.02668,51.29252],[-1.02663,51.29248],[-1.0266,51.29246],[-1.02656,51.29244],[-1.02651,51.2924],[-1.02647,51.29237],[-1.02644,51.29234],[-1.0264,51.29231],[-1.02637,51.29227],[-1.02632,51.29224],[-1.02631,51.29223],[-1.02626,51.29221],[-1.02623,51.2922],[-1.02622,51.2922],[-1.0262,51.29219],[-1.02619,51.29219],[-1.02618,51.29219],[-1.02618,51.29219],[-1.02616,51.29219],[-1.02614,51.29218],[-1.0261,51.29219],[-1.02607,51.29219],[-1.02604,51.29219],[-1.026,51.29219],[-1.02596,51.2922],[-1.02595,51.2922],[-1.02591,51.29221],[-1.02587,51.29221],[-1.02585,51.29222],[-1.02579,51.29223],[-1.02577,51.29224],[-1.02574,51.29224],[-1.02573,51.29224],[-1.0257,51.29225],[-1.02568,51.29225],[-1.02566,51.29225],[-1.02563,51.29224],[-1.02561,51.29224],[-1.02559,51.29224],[-1.02556,51.29223],[-1.02555,51.29223],[-1.02555,51.29223],[-1.02553,51.29224],[-1.02552,51.29224],[-1.02551,51.29224],[-1.02549,51.29225]]},"properties":{"k":"stream","name":"Petty's Brook"}},{"type":"Feature","geometry":{"type":"LineString","coordinates":[[-1.02123,51.29218],[-1.02097,51.29218],[-1.02081,51.29219],[-1.02072,51.2922],[-1.02052,51.2922],[-1.02044,51.29219],[-1.02036,51.29215],[-1.02028,51.29211],[-1.0202,51.29208],[-1.0201,51.2921],[-1.01996,51.29214],[-1.01986,51.29219],[-1.01983,51.29224],[-1.01981,51.29227],[-1.0198,51.29232],[-1.01977,51.2924],[-1.0197,51.29246],[-1.01964,51.29249],[-1.01956,51.2925],[-1.01945,51.29247],[-1.01937,51.2924],[-1.0193,51.29234],[-1.01924,51.29231],[-1.01915,51.2923],[-1.01901,51.29234],[-1.01888,51.29239],[-1.01884,51.29244],[-1.01882,51.29249],[-1.01877,51.29251],[-1.01868,51.29252],[-1.01857,51.29248],[-1.0185,51.29247],[-1.01841,51.29249],[-1.01832,51.29256],[-1.0182,51.29264],[-1.01812,51.29268],[-1.01803,51.29268],[-1.01797,51.29263],[-1.01796,51.29259],[-1.01796,51.29252],[-1.01802,51.29238],[-1.01801,51.29232],[-1.01795,51.29226],[-1.01784,51.29225],[-1.01761,51.2923],[-1.01751,51.29231],[-1.01691,51.29221],[-1.01686,51.2922],[-1.0167,51.2923],[-1.01658,51.29243],[-1.01647,51.29254],[-1.01638,51.29262],[-1.01631,51.29266],[-1.01622,51.29269],[-1.01608,51.29269],[-1.01601,51.29267],[-1.01595,51.29262],[-1.01588,51.29253],[-1.01579,51.29249],[-1.01571,51.29245],[-1.01567,51.29237],[-1.01564,51.29226],[-1.0156,51.29215],[-1.01549,51.29206],[-1.01532,51.29197],[-1.0153,51.29196],[-1.01514,51.2919],[-1.0151,51.29187],[-1.01505,51.29182],[-1.01495,51.29175],[-1.01481,51.29167],[-1.01472,51.29161],[-1.0147,51.29154],[-1.01469,51.29141],[-1.01466,51.29136]]},"properties":{"k":"river","name":"River Loddon"}},{"type":"Feature","geometry":{"type":"LineString","coordinates":[[-1.01466,51.29136],[-1.0146,51.29132],[-1.01452,51.29129],[-1.01439,51.29126],[-1.01429,51.29126],[-1.01409,51.2913],[-1.01395,51.29135],[-1.01382,51.29141],[-1.01379,51.29142],[-1.0137,51.29144],[-1.01362,51.29144],[-1.01353,51.29143],[-1.01345,51.29143],[-1.01336,51.29145],[-1.01324,51.29149],[-1.01321,51.2915],[-1.01308,51.2915],[-1.01305,51.29149],[-1.01304,51.29146],[-1.01301,51.29143],[-1.01293,51.29138],[-1.01285,51.29136],[-1.01272,51.29134],[-1.01266,51.29132],[-1.01264,51.29132],[-1.01248,51.2913],[-1.0124,51.2913],[-1.01232,51.2913],[-1.01228,51.29131],[-1.01223,51.29131],[-1.01217,51.29134],[-1.01213,51.29136],[-1.0121,51.2914],[-1.01207,51.29145],[-1.012,51.29158],[-1.01198,51.29161],[-1.01195,51.29163],[-1.01189,51.29163],[-1.01188,51.29163],[-1.01185,51.29163],[-1.01184,51.29163],[-1.01182,51.29163],[-1.01178,51.2916],[-1.01178,51.2916],[-1.01174,51.29157],[-1.01172,51.29155],[-1.0117,51.29151],[-1.01168,51.29149],[-1.01167,51.29148],[-1.01166,51.29147],[-1.01163,51.29147],[-1.01161,51.29146],[-1.0116,51.29147],[-1.01158,51.29147],[-1.01156,51.29148],[-1.01154,51.29149],[-1.01153,51.2915],[-1.01151,51.29153],[-1.0115,51.29155],[-1.01148,51.2916],[-1.01146,51.29166],[-1.01146,51.29166],[-1.01145,51.29168],[-1.01144,51.2917],[-1.01144,51.29171],[-1.01142,51.29172],[-1.01141,51.29173],[-1.01138,51.29176],[-1.01134,51.29177],[-1.0113,51.29178],[-1.01125,51.29177],[-1.01118,51.29176],[-1.0111,51.29176],[-1.01104,51.29176],[-1.01101,51.29177],[-1.01098,51.29178],[-1.01095,51.2918],[-1.01093,51.29182],[-1.01091,51.29185],[-1.01089,51.29188],[-1.01088,51.29191],[-1.01088,51.29196],[-1.01088,51.29204],[-1.01087,51.29206],[-1.01086,51.2921],[-1.01085,51.29213],[-1.01083,51.29214],[-1.01079,51.29216],[-1.01074,51.2922],[-1.01067,51.29222],[-1.01057,51.29227],[-1.01053,51.2923],[-1.01052,51.29232],[-1.01051,51.29235],[-1.01052,51.29238],[-1.01052,51.29239],[-1.01053,51.29241],[-1.01053,51.29243],[-1.01053,51.29246],[-1.01052,51.29247],[-1.01051,51.2925],[-1.01048,51.29253],[-1.01043,51.29256],[-1.01039,51.29259],[-1.0103,51.29262],[-1.01022,51.29266],[-1.01017,51.29268],[-1.01014,51.2927],[-1.01011,51.29271],[-1.01007,51.29275],[-1.01004,51.29277],[-1.01003,51.29279],[-1.01001,51.29283],[-1.00999,51.29286],[-1.00998,51.29292],[-1.00997,51.29295],[-1.00997,51.293],[-1.00996,51.29305],[-1.00994,51.29312],[-1.00989,51.2932],[-1.0097,51.29345],[-1.00953,51.29367],[-1.00948,51.29374],[-1.00947,51.29375],[-1.00942,51.29386],[-1.00939,51.29393],[-1.00936,51.29399],[-1.00931,51.29407],[-1.00926,51.29416],[-1.00921,51.29423],[-1.00919,51.29426],[-1.00918,51.29429],[-1.00916,51.29431],[-1.00914,51.29433],[-1.00911,51.29435],[-1.0091,51.29436],[-1.00904,51.29439],[-1.00903,51.2944],[-1.00898,51.29442],[-1.00893,51.29444],[-1.00889,51.29445],[-1.00882,51.29447],[-1.00879,51.29448],[-1.00875,51.2945],[-1.00871,51.29452],[-1.00869,51.29454],[-1.00868,51.29456],[-1.00867,51.29457],[-1.00867,51.29459],[-1.00867,51.29461],[-1.00868,51.29464],[-1.00871,51.29467],[-1.00874,51.29471],[-1.00879,51.29476],[-1.00883,51.2948],[-1.00887,51.29484],[-1.0089,51.2949],[-1.00891,51.29492],[-1.00892,51.29494],[-1.00893,51.29496],[-1.00893,51.29498],[-1.00892,51.29499],[-1.00891,51.29501],[-1.0089,51.29503],[-1.00889,51.29504],[-1.00888,51.29506],[-1.00886,51.29507],[-1.00885,51.29509],[-1.00882,51.2951],[-1.00882,51.29511],[-1.00879,51.29512],[-1.00875,51.29513],[-1.00873,51.29514],[-1.0087,51.29514],[-1.00866,51.29515],[-1.0086,51.29516],[-1.00856,51.29516],[-1.00849,51.29517],[-1.00846,51.29518],[-1.00844,51.29518],[-1.00841,51.29519],[-1.00839,51.29519],[-1.00837,51.29521],[-1.00836,51.29522],[-1.00835,51.29524],[-1.00834,51.29525],[-1.00834,51.29527],[-1.00834,51.29531],[-1.00835,51.29536],[-1.00835,51.29541],[-1.00836,51.29544],[-1.00837,51.29547],[-1.00838,51.29549],[-1.00841,51.29553],[-1.00844,51.29558],[-1.00849,51.29563],[-1.0085,51.29566],[-1.00852,51.29571],[-1.00853,51.29574],[-1.00854,51.29577],[-1.00854,51.29578],[-1.00854,51.2958],[-1.00854,51.29582],[-1.00854,51.29583],[-1.00853,51.29585],[-1.00852,51.29586],[-1.00852,51.29586],[-1.00848,51.29588],[-1.00847,51.29589],[-1.00843,51.2959],[-1.0084,51.29592],[-1.00832,51.29593],[-1.0083,51.29594],[-1.00818,51.29596],[-1.00814,51.29596],[-1.00812,51.29597],[-1.00809,51.29597],[-1.00804,51.29599],[-1.00804,51.29599]]},"properties":{"k":"river","name":"River Loddon"}},{"type":"Feature","geometry":{"type":"LineString","coordinates":[[-1.00804,51.29599],[-1.0079,51.29602],[-1.00776,51.29606],[-1.00761,51.29612],[-1.0076,51.29616],[-1.00756,51.2962],[-1.00752,51.29627],[-1.00757,51.29632],[-1.00766,51.29635],[-1.00775,51.29639],[-1.00783,51.29646],[-1.00789,51.29655],[-1.00792,51.29663],[-1.00791,51.29671],[-1.00789,51.29675],[-1.00786,51.29679],[-1.00779,51.29681],[-1.00771,51.2968],[-1.00762,51.29677],[-1.00754,51.29676],[-1.00746,51.2968],[-1.00736,51.29687],[-1.00729,51.29695],[-1.00726,51.29703],[-1.00728,51.29712],[-1.0073,51.29723],[-1.00731,51.29732],[-1.00734,51.29742],[-1.00743,51.29765],[-1.00739,51.29785],[-1.00739,51.29794],[-1.00771,51.29798],[-1.00779,51.29808],[-1.00772,51.29819],[-1.00756,51.29827],[-1.0074,51.29841],[-1.00731,51.29856],[-1.00728,51.29877],[-1.00721,51.29895],[-1.00704,51.2991],[-1.00665,51.29925],[-1.00645,51.29939],[-1.00593,51.29958]]},"properties":{"k":"river","name":"River Loddon"}},{"type":"Feature","geometry":{"type":"LineString","coordinates":[[-1.02173,51.31991],[-1.02176,51.31994],[-1.02178,51.31997],[-1.02181,51.32],[-1.02184,51.32004],[-1.02188,51.32007],[-1.02189,51.32008],[-1.02194,51.32012],[-1.02219,51.32033],[-1.02252,51.32048],[-1.0227,51.32062],[-1.02279,51.32075],[-1.02281,51.32084],[-1.02273,51.32093],[-1.02253,51.32108],[-1.02241,51.32124],[-1.0225,51.32136],[-1.02274,51.32142],[-1.02298,51.32147],[-1.02303,51.32159],[-1.02259,51.32196],[-1.02258,51.32208],[-1.02264,51.32225],[-1.02276,51.32228],[-1.02299,51.32225]]},"properties":{"k":"river","name":"River Loddon"}},{"type":"Feature","geometry":{"type":"LineString","coordinates":[[-1.00478,51.3073],[-1.00477,51.30741],[-1.00474,51.30747],[-1.00451,51.30766],[-1.00439,51.30776],[-1.00427,51.30799],[-1.00408,51.30823],[-1.00394,51.3083],[-1.00395,51.30838],[-1.00402,51.30856],[-1.00412,51.30872],[-1.00423,51.30882],[-1.00467,51.30894],[-1.00494,51.30902],[-1.00504,51.30907],[-1.00503,51.30918],[-1.00493,51.30926],[-1.00448,51.30953],[-1.00439,51.3096],[-1.00439,51.3097],[-1.00444,51.30975],[-1.00461,51.30981],[-1.00506,51.30983],[-1.0052,51.30985],[-1.0052,51.30989],[-1.0051,51.30998],[-1.00467,51.31016],[-1.00452,51.31022],[-1.0044,51.31033],[-1.0044,51.31045],[-1.00451,51.3105],[-1.00462,51.31057],[-1.00462,51.31061],[-1.00435,51.31062],[-1.00422,51.31065],[-1.00421,51.31072],[-1.00438,51.3108],[-1.00459,51.31081],[-1.00471,51.31084],[-1.00495,51.31095],[-1.00507,51.31097],[-1.00525,51.31091],[-1.00534,51.3109],[-1.00542,51.3109],[-1.00544,51.31096],[-1.0054,51.31104],[-1.00529,51.31113],[-1.00508,51.31118],[-1.00491,51.31122],[-1.00483,51.31127],[-1.00482,51.31133],[-1.00495,51.31143],[-1.00514,51.31145],[-1.00524,51.31142],[-1.00539,51.31127],[-1.00559,51.31115],[-1.00582,51.31105],[-1.00599,51.31104],[-1.00618,51.31108],[-1.00642,51.31121],[-1.00724,51.31176],[-1.00744,51.31201],[-1.00753,51.31216],[-1.00753,51.31229],[-1.00746,51.31238],[-1.00735,51.31249],[-1.0073,51.31263],[-1.00724,51.3128],[-1.00713,51.313],[-1.00717,51.31306],[-1.00731,51.31308],[-1.00746,51.31305],[-1.00767,51.3129],[-1.00785,51.31277],[-1.00805,51.31264],[-1.00829,51.3126],[-1.0084,51.31262],[-1.00856,51.31273],[-1.00865,51.31287],[-1.00867,51.31302]]},"properties":{"k":"river","name":"River Loddon"}},{"type":"Feature","geometry":{"type":"LineString","coordinates":[[-1.01748,51.31724],[-1.01839,51.3176],[-1.01907,51.31815],[-1.01986,51.31852],[-1.02025,51.31858]]},"properties":{"k":"river","name":"River Loddon"}},{"type":"Feature","geometry":{"type":"LineString","coordinates":[[-1.00753,51.3132],[-1.0076,51.31322],[-1.00778,51.31324],[-1.00788,51.31322],[-1.008,51.31313],[-1.00804,51.31301],[-1.00813,51.31291],[-1.00822,51.31289],[-1.00834,51.31291],[-1.00852,51.31298],[-1.00867,51.31302]]},"properties":{"k":"river","name":"Lyde river"}},{"type":"Feature","geometry":{"type":"LineString","coordinates":[[-1.00593,51.29958],[-1.00589,51.29962],[-1.00588,51.29963],[-1.00586,51.29967],[-1.00584,51.29971],[-1.00582,51.29975],[-1.00581,51.29977],[-1.00578,51.29984],[-1.00576,51.29991],[-1.00576,51.29993],[-1.00576,51.29999],[-1.00576,51.30004],[-1.00577,51.30005],[-1.00577,51.3001],[-1.00578,51.30011],[-1.00579,51.30016],[-1.00588,51.30047],[-1.00588,51.30053],[-1.00587,51.3006],[-1.00585,51.30063],[-1.00583,51.30066],[-1.00581,51.30069],[-1.00578,51.30071],[-1.00578,51.30071],[-1.00575,51.30074],[-1.00574,51.30074],[-1.00571,51.30076],[-1.00567,51.30078],[-1.00565,51.30079],[-1.0056,51.3008],[-1.00556,51.30081],[-1.00554,51.30082],[-1.0055,51.30082],[-1.00546,51.30082],[-1.00536,51.30081],[-1.00534,51.30081],[-1.00526,51.3008],[-1.00519,51.30081],[-1.00517,51.30081],[-1.00514,51.30082],[-1.00511,51.30083],[-1.00508,51.30085],[-1.00506,51.30086],[-1.00504,51.30087],[-1.00502,51.30089],[-1.00501,51.30091],[-1.005,51.30093],[-1.00499,51.30095],[-1.00499,51.30096],[-1.00498,51.30099],[-1.00497,51.30102],[-1.00498,51.30105],[-1.00498,51.30106],[-1.005,51.30108],[-1.00501,51.3011],[-1.00503,51.30112],[-1.00505,51.30113],[-1.00507,51.30115],[-1.0051,51.30116],[-1.00512,51.30117],[-1.00515,51.30118],[-1.00519,51.30119],[-1.00523,51.30119],[-1.00539,51.30122],[-1.00542,51.30122],[-1.00553,51.30125],[-1.00554,51.30126],[-1.00555,51.30126],[-1.00562,51.30131],[-1.00566,51.30138],[-1.00569,51.30145],[-1.00569,51.30152],[-1.00567,51.30156],[-1.00564,51.30162],[-1.00557,51.30172],[-1.00547,51.30184],[-1.00545,51.30186],[-1.00545,51.30187],[-1.00541,51.30194],[-1.0054,51.30197],[-1.00539,51.30201],[-1.00539,51.30202],[-1.0054,51.30204],[-1.00541,51.30207],[-1.00543,51.3022],[-1.00543,51.30232],[-1.00542,51.30236],[-1.00541,51.30241],[-1.00538,51.30252],[-1.00538,51.30253],[-1.00525,51.30279],[-1.00512,51.30314],[-1.00501,51.30334],[-1.00498,51.30339],[-1.00492,51.30347],[-1.0049,51.30349],[-1.00485,51.30354],[-1.0048,51.30358],[-1.00477,51.3036],[-1.00473,51.30363],[-1.00472,51.30363],[-1.00467,51.30365],[-1.00467,51.30365],[-1.00461,51.30367],[-1.00456,51.30369],[-1.00453,51.3037],[-1.00445,51.30372],[-1.00423,51.30378],[-1.00421,51.30379],[-1.00413,51.30382],[-1.00412,51.30382],[-1.0041,51.30384],[-1.00408,51.30386],[-1.00407,51.30387],[-1.00406,51.30388],[-1.00405,51.3039],[-1.00405,51.30392],[-1.00406,51.30394],[-1.00406,51.30395],[-1.00407,51.30396],[-1.00408,51.30397],[-1.0041,51.30398],[-1.00412,51.30399],[-1.00415,51.30401],[-1.00418,51.30402],[-1.00421,51.30403],[-1.00426,51.30404],[-1.00431,51.30405],[-1.00436,51.30406],[-1.00457,51.3041],[-1.00459,51.3041],[-1.00463,51.30412],[-1.00464,51.30413],[-1.00465,51.30414],[-1.00465,51.30415],[-1.00465,51.30417],[-1.00465,51.30417],[-1.00465,51.30418],[-1.00464,51.30419],[-1.00463,51.3042],[-1.0046,51.30422],[-1.00444,51.30429],[-1.00428,51.30435],[-1.00417,51.30439],[-1.00416,51.3044],[-1.0041,51.30441],[-1.00408,51.30442],[-1.00401,51.30444],[-1.00372,51.30451],[-1.00356,51.30455],[-1.00347,51.30458],[-1.00343,51.3046],[-1.00338,51.30464],[-1.00335,51.30469],[-1.00331,51.30477],[-1.00329,51.30483],[-1.0033,51.30487],[-1.00331,51.30491],[-1.00333,51.30496],[-1.00335,51.30499],[-1.0034,51.30502],[-1.00348,51.30506],[-1.00363,51.3051],[-1.00381,51.30513],[-1.00385,51.30514],[-1.00396,51.30517],[-1.00397,51.30518],[-1.00398,51.30519],[-1.004,51.30521],[-1.004,51.30521],[-1.00401,51.30522],[-1.00401,51.30523],[-1.00401,51.30524],[-1.004,51.30525],[-1.004,51.30526],[-1.00399,51.30528],[-1.00397,51.3053],[-1.00396,51.30531],[-1.00394,51.30533],[-1.00391,51.30536],[-1.00388,51.30538],[-1.00387,51.30538],[-1.00384,51.30541],[-1.00379,51.30543],[-1.00375,51.30544],[-1.00372,51.30546],[-1.00366,51.30548],[-1.00348,51.30554],[-1.00348,51.30554],[-1.00344,51.30557],[-1.00344,51.30557],[-1.00343,51.30557],[-1.00342,51.30559],[-1.00342,51.30559],[-1.00342,51.30561],[-1.00342,51.30562],[-1.00342,51.30563],[-1.00343,51.30563],[-1.00344,51.30565],[-1.00346,51.30567],[-1.00348,51.30569],[-1.00354,51.30573],[-1.00365,51.3058],[-1.00384,51.30592],[-1.00393,51.30597],[-1.004,51.30603],[-1.00403,51.30606],[-1.00407,51.30609],[-1.00408,51.3061],[-1.0041,51.30611],[-1.00411,51.30611],[-1.00413,51.30612],[-1.00415,51.30612],[-1.00417,51.30611],[-1.00418,51.30611],[-1.0042,51.3061],[-1.00424,51.30609],[-1.00425,51.30609],[-1.00428,51.30607],[-1.00442,51.30601],[-1.00446,51.306],[-1.00447,51.306],[-1.00448,51.30599],[-1.00449,51.30599],[-1.0045,51.30599],[-1.00452,51.306],[-1.00453,51.306],[-1.00455,51.30601],[-1.00456,51.30601],[-1.00458,51.30602],[-1.0046,51.30603],[-1.00461,51.30605],[-1.00462,51.30606],[-1.00463,51.30608],[-1.00464,51.30608],[-1.00465,51.30611],[-1.00466,51.30616],[-1.00468,51.30619],[-1.00469,51.30621],[-1.0047,51.30622],[-1.00472,51.30623],[-1.00474,51.30623],[-1.00481,51.30626],[-1.00483,51.30628],[-1.00484,51.30629],[-1.00484,51.30629],[-1.00484,51.30632],[-1.00484,51.30632],[-1.00484,51.30633],[-1.00476,51.30655],[-1.00472,51.30672],[-1.00471,51.30677],[-1.00471,51.30685],[-1.00471,51.30686],[-1.00471,51.30692],[-1.00471,51.30692],[-1.00472,51.30696],[-1.00473,51.30698],[-1.00475,51.30704],[-1.00476,51.30706],[-1.00477,51.30712],[-1.00478,51.30719],[-1.00478,51.30725],[-1.00478,51.3073]]},"properties":{"k":"river","name":"River Loddon"}},{"type":"Feature","geometry":{"type":"LineString","coordinates":[[-1.02861,51.32444],[-1.02864,51.32445],[-1.0287,51.32447],[-1.02876,51.32447],[-1.02886,51.32447],[-1.02902,51.32445],[-1.02914,51.32443],[-1.02941,51.32439],[-1.02961,51.32438],[-1.02981,51.32437],[-1.02985,51.32437],[-1.02991,51.32438],[-1.03003,51.32441],[-1.03022,51.32445],[-1.03039,51.32448],[-1.0305,51.32449],[-1.03054,51.3245],[-1.03057,51.32451],[-1.0306,51.32452],[-1.03061,51.32452],[-1.03062,51.32452],[-1.03063,51.32453],[-1.03064,51.32454],[-1.03066,51.32455],[-1.03066,51.32455],[-1.03068,51.32458],[-1.03069,51.32459],[-1.03071,51.32463],[-1.03074,51.32469],[-1.03076,51.32472],[-1.03078,51.32474],[-1.03079,51.32475],[-1.03082,51.32478],[-1.03085,51.3248],[-1.03087,51.32482],[-1.03089,51.32483],[-1.03092,51.32485],[-1.03094,51.32486],[-1.03096,51.32487],[-1.031,51.32489],[-1.03109,51.32491],[-1.03118,51.32494],[-1.03121,51.32495],[-1.03126,51.32498],[-1.03127,51.32498],[-1.03129,51.32499],[-1.0313,51.325],[-1.03131,51.32501],[-1.03133,51.32503],[-1.03135,51.3251],[-1.03138,51.32516],[-1.0314,51.32524],[-1.03143,51.3253],[-1.03144,51.32531],[-1.03146,51.32533],[-1.0315,51.32536],[-1.03159,51.32542],[-1.03172,51.32552],[-1.03184,51.32561],[-1.03194,51.32569]]},"properties":{"k":"river","name":"River Loddon"}},{"type":"Feature","geometry":{"type":"LineString","coordinates":[[-1.02299,51.32225],[-1.02345,51.32212],[-1.02364,51.32213],[-1.02373,51.3223],[-1.02372,51.3225],[-1.02395,51.32271],[-1.02415,51.3229],[-1.02433,51.32306],[-1.02444,51.32317],[-1.0246,51.32327],[-1.02466,51.32347],[-1.02484,51.32355],[-1.02529,51.32354],[-1.02563,51.32361],[-1.02567,51.32387]]},"properties":{"k":"river","name":"River Loddon"}},{"type":"Feature","geometry":{"type":"LineString","coordinates":[[-1.02549,51.29225],[-1.02538,51.29229],[-1.0253,51.29232],[-1.02524,51.29233],[-1.02517,51.29233],[-1.02511,51.29234],[-1.02504,51.29234],[-1.02496,51.29234],[-1.02487,51.29235],[-1.02467,51.29238],[-1.02457,51.29237],[-1.0245,51.29235],[-1.02437,51.2923],[-1.02436,51.29229],[-1.02435,51.29229],[-1.02433,51.29228],[-1.02432,51.29228],[-1.0243,51.29228],[-1.02429,51.29228],[-1.02424,51.29228],[-1.02422,51.29228],[-1.0242,51.29229],[-1.02416,51.2923],[-1.02415,51.2923],[-1.0241,51.29233],[-1.02405,51.29236],[-1.02398,51.29241],[-1.02397,51.29241],[-1.0239,51.29244],[-1.0239,51.29244],[-1.02382,51.29247],[-1.02377,51.29249],[-1.02375,51.2925],[-1.02372,51.29251],[-1.02369,51.29252],[-1.02368,51.29253],[-1.02359,51.29261],[-1.02354,51.29265],[-1.02348,51.29266],[-1.02342,51.29266],[-1.02337,51.29264],[-1.0232,51.29254],[-1.02314,51.29245],[-1.0231,51.29237],[-1.02305,51.29234],[-1.02287,51.29227],[-1.02282,51.29225],[-1.02276,51.2922],[-1.02275,51.29219],[-1.02274,51.29217],[-1.02273,51.29217],[-1.02271,51.29216],[-1.0227,51.29215],[-1.02267,51.29214],[-1.02265,51.29214],[-1.02259,51.29214],[-1.02256,51.29214],[-1.02247,51.29215],[-1.0224,51.29216],[-1.02235,51.29216],[-1.02232,51.29217],[-1.02227,51.29217],[-1.02226,51.29217],[-1.02218,51.29217],[-1.02212,51.29217],[-1.0221,51.29216],[-1.02203,51.29216],[-1.02191,51.29214],[-1.02185,51.29213],[-1.02183,51.29212],[-1.02181,51.29212],[-1.02178,51.29212],[-1.02172,51.29214],[-1.02166,51.29215],[-1.02163,51.29216],[-1.02159,51.29217],[-1.02157,51.29218],[-1.02154,51.29219],[-1.02151,51.29219],[-1.02148,51.2922],[-1.02146,51.2922],[-1.02141,51.2922],[-1.02134,51.29219],[-1.02127,51.29218],[-1.02123,51.29218]]},"properties":{"k":"river","name":"River Loddon"}},{"type":"Feature","geometry":{"type":"LineString","coordinates":[[-1.04507,51.29288],[-1.04505,51.29289],[-1.04502,51.2929],[-1.04498,51.2929],[-1.04495,51.29291],[-1.04491,51.29292],[-1.04488,51.29293],[-1.04486,51.29293],[-1.04483,51.29294],[-1.0448,51.29295],[-1.04479,51.29295],[-1.04478,51.29295],[-1.04477,51.29295],[-1.04475,51.29295],[-1.04474,51.29295],[-1.04472,51.29295],[-1.04472,51.29295],[-1.04471,51.29295],[-1.0447,51.29294],[-1.04465,51.29293],[-1.04461,51.29291],[-1.04456,51.2929],[-1.04454,51.29289],[-1.04452,51.29288],[-1.0445,51.29287],[-1.04448,51.29287],[-1.04445,51.29286],[-1.04443,51.29286],[-1.0444,51.29285],[-1.04437,51.29285],[-1.04435,51.29284],[-1.04432,51.29284],[-1.04429,51.29283],[-1.04427,51.29283],[-1.04424,51.29282],[-1.04421,51.29282],[-1.04419,51.29281],[-1.04416,51.29281],[-1.04414,51.2928],[-1.04412,51.2928],[-1.0441,51.29279],[-1.04408,51.29279],[-1.04406,51.29278],[-1.04403,51.29278],[-1.04399,51.29277],[-1.04394,51.29276],[-1.04391,51.29276],[-1.04389,51.29276],[-1.04387,51.29275],[-1.04384,51.29275],[-1.04381,51.29274],[-1.04378,51.29273],[-1.04375,51.29273],[-1.04372,51.29272],[-1.0437,51.29271],[-1.04368,51.29271],[-1.04366,51.29271],[-1.04365,51.2927],[-1.04358,51.2927],[-1.04354,51.29269],[-1.04349,51.29269],[-1.04345,51.29269],[-1.04341,51.29268],[-1.04339,51.29268],[-1.04335,51.29268],[-1.04334,51.29267],[-1.04332,51.29267],[-1.0433,51.29268],[-1.04327,51.29268],[-1.04324,51.29268],[-1.04314,51.29268],[-1.04312,51.29269],[-1.04309,51.29269],[-1.04306,51.29269],[-1.04304,51.29269],[-1.04301,51.29269],[-1.04298,51.29269],[-1.04292,51.29269],[-1.0429,51.29269],[-1.04287,51.29269],[-1.04284,51.29269],[-1.04282,51.29268],[-1.0428,51.29268],[-1.04278,51.29268],[-1.04277,51.29268],[-1.04276,51.29268],[-1.04275,51.29268],[-1.04273,51.29268],[-1.04271,51.29268],[-1.04269,51.29268],[-1.04265,51.29268],[-1.0426,51.29268],[-1.04254,51.29268],[-1.04249,51.29269],[-1.04243,51.29269],[-1.04233,51.29269],[-1.04217,51.2927],[-1.04206,51.29271],[-1.04191,51.29271],[-1.04175,51.29272],[-1.04167,51.29272],[-1.04159,51.29272],[-1.04148,51.29273],[-1.04146,51.29273],[-1.04143,51.29273],[-1.04132,51.29273],[-1.04124,51.29273],[-1.04123,51.29273],[-1.04121,51.29273],[-1.04116,51.29273],[-1.04114,51.29274],[-1.04111,51.29274],[-1.04109,51.29274],[-1.04107,51.29274],[-1.04105,51.29274],[-1.04103,51.29274],[-1.04099,51.29275],[-1.04095,51.29274],[-1.04092,51.29274],[-1.04088,51.29274],[-1.04086,51.29274],[-1.04084,51.29275],[-1.04081,51.29275],[-1.04074,51.29275],[-1.04071,51.29275],[-1.04068,51.29275],[-1.04063,51.29275],[-1.04061,51.29275],[-1.04059,51.29275],[-1.04057,51.29275],[-1.04052,51.29275],[-1.04051,51.29275],[-1.04047,51.29275],[-1.04042,51.29274],[-1.04038,51.29274],[-1.04029,51.29275],[-1.04019,51.29275],[-1.04011,51.29275]]},"properties":{"k":"stream","name":"Petty's Brook"}},{"type":"Feature","geometry":{"type":"LineString","coordinates":[[-1.04529,51.29291],[-1.04527,51.2929],[-1.04526,51.2929],[-1.04524,51.29289],[-1.04523,51.29289],[-1.04519,51.29288],[-1.04518,51.29288],[-1.04517,51.29288],[-1.04516,51.29288],[-1.04514,51.29288],[-1.04512,51.29288],[-1.0451,51.29288],[-1.04508,51.29288],[-1.04507,51.29288]]},"properties":{"k":"river","name":"Petty's Brook"}},{"type":"Feature","geometry":{"type":"LineString","coordinates":[[-1.11321,51.35006],[-1.11306,51.34999],[-1.11282,51.34993],[-1.11276,51.34988],[-1.11249,51.34979],[-1.11225,51.34967],[-1.11202,51.34951],[-1.112,51.3495],[-1.11179,51.34935],[-1.1117,51.34917],[-1.11138,51.34899],[-1.11117,51.34889],[-1.11089,51.34884],[-1.11076,51.34882],[-1.11064,51.34882],[-1.11026,51.34876],[-1.11013,51.34874],[-1.10999,51.34874],[-1.10983,51.34867],[-1.10962,51.34864],[-1.10944,51.34856],[-1.10922,51.34855],[-1.10899,51.34847],[-1.10874,51.3483],[-1.10851,51.3481],[-1.10841,51.34798],[-1.10845,51.34789],[-1.10841,51.34781],[-1.10829,51.34774],[-1.10832,51.34761],[-1.10833,51.34746],[-1.10823,51.34733],[-1.10814,51.34724]]},"properties":{"k":"stream","name":"Silchester Brook"}},{"type":"Feature","geometry":{"type":"LineString","coordinates":[[-1.10814,51.34724],[-1.10823,51.34706],[-1.10825,51.34692],[-1.1082,51.34679],[-1.10821,51.34666],[-1.10828,51.34658],[-1.10836,51.34652],[-1.10836,51.34644],[-1.10826,51.34634],[-1.10827,51.34622],[-1.10823,51.34601],[-1.10814,51.34564],[-1.10804,51.34549]]},"properties":{"k":"stream","name":"Silchester Brook"}},{"type":"Feature","geometry":{"type":"LineString","coordinates":[[-1.1078,51.34514],[-1.10758,51.34486],[-1.10742,51.34466],[-1.10717,51.34431],[-1.10591,51.34267],[-1.10578,51.3425],[-1.10554,51.34217],[-1.10549,51.3421]]},"properties":{"k":"stream","name":"Silchester Brook"}},{"type":"Feature","geometry":{"type":"LineString","coordinates":[[-1.10549,51.3421],[-1.10497,51.3421]]},"properties":{"k":"stream","name":"Silchester Brook"}},{"type":"Feature","geometry":{"type":"LineString","coordinates":[[-1.03049,51.32831],[-1.0304,51.32835],[-1.0303,51.32839]]},"properties":{"k":"river","name":"River Loddon"}},{"type":"Feature","geometry":{"type":"LineString","coordinates":[[-1.01906,51.33105],[-1.01917,51.33119],[-1.01935,51.33129],[-1.01945,51.33138],[-1.01943,51.33149],[-1.01931,51.3316],[-1.01899,51.33171],[-1.0187,51.33176],[-1.01849,51.33177],[-1.01819,51.33178],[-1.01805,51.33179],[-1.01796,51.3318]]},"properties":{"k":"river","name":"River Loddon"}},{"type":"Feature","geometry":{"type":"LineString","coordinates":[[-1.0212,51.32974],[-1.02098,51.32977],[-1.02085,51.32977],[-1.02076,51.32978],[-1.02052,51.3298],[-1.02021,51.32982],[-1.02004,51.32984],[-1.01984,51.32988],[-1.01963,51.32994],[-1.01937,51.32999],[-1.01912,51.33005],[-1.01887,51.33012],[-1.01869,51.3302],[-1.01865,51.33022],[-1.01844,51.33029],[-1.01838,51.33031],[-1.01823,51.33036],[-1.01799,51.33042],[-1.0178,51.3305],[-1.01762,51.33058],[-1.01744,51.33069],[-1.01737,51.33073],[-1.01724,51.33079],[-1.01698,51.33092],[-1.01675,51.33105],[-1.01657,51.33118],[-1.01643,51.33128],[-1.01625,51.33138],[-1.01606,51.3315],[-1.01597,51.33159],[-1.01584,51.33175],[-1.0157,51.33192],[-1.01547,51.3321],[-1.01518,51.33233],[-1.0149,51.33252],[-1.01464,51.33267],[-1.01409,51.33294],[-1.01375,51.33309],[-1.01337,51.33324],[-1.01305,51.33339],[-1.01285,51.33355],[-1.01265,51.33375],[-1.0124,51.33405],[-1.01219,51.33424]]},"properties":{"k":"river","name":""}},{"type":"Feature","geometry":{"type":"LineString","coordinates":[[-1.01768,51.33357],[-1.01767,51.33363],[-1.01766,51.33366],[-1.01765,51.33369],[-1.01763,51.33372],[-1.01762,51.33374],[-1.0176,51.33376],[-1.01758,51.33378],[-1.01758,51.33378],[-1.01752,51.33382],[-1.01748,51.33385],[-1.01745,51.33386],[-1.01742,51.33387],[-1.01738,51.33387],[-1.01733,51.33388],[-1.01727,51.33388],[-1.01725,51.33389],[-1.01721,51.3339],[-1.01708,51.33394],[-1.01686,51.33402],[-1.01672,51.33405],[-1.01658,51.33405],[-1.01642,51.33406],[-1.0163,51.33408],[-1.01615,51.33413],[-1.01601,51.33421],[-1.01584,51.33434],[-1.01562,51.33448],[-1.01557,51.33448],[-1.01548,51.33449],[-1.01546,51.33449],[-1.01538,51.3345],[-1.0153,51.3345],[-1.01527,51.3345],[-1.01519,51.33451],[-1.01518,51.33452],[-1.01508,51.33453],[-1.01506,51.33454],[-1.01502,51.33455],[-1.01496,51.33456],[-1.01487,51.33457],[-1.01486,51.33457],[-1.01479,51.33458],[-1.01475,51.33458],[-1.01471,51.33459],[-1.01469,51.33459],[-1.01447,51.33467],[-1.01431,51.33474],[-1.0142,51.3348],[-1.01409,51.33485],[-1.01404,51.33486],[-1.01386,51.3349],[-1.01374,51.33493],[-1.01373,51.33494]]},"properties":{"k":"river","name":"River Loddon"}},{"type":"Feature","geometry":{"type":"LineString","coordinates":[[-1.01312,51.3362],[-1.01294,51.33632],[-1.01281,51.33639],[-1.01267,51.33656],[-1.01257,51.3367],[-1.01247,51.33686],[-1.01235,51.33704],[-1.01219,51.33717]]},"properties":{"k":"river","name":"River Loddon"}},{"type":"Feature","geometry":{"type":"LineString","coordinates":[[-1.01312,51.3362],[-1.01311,51.33621],[-1.0131,51.33621],[-1.0131,51.33621],[-1.01309,51.33621],[-1.01308,51.33622],[-1.01307,51.33622],[-1.01306,51.33622],[-1.01304,51.33622],[-1.01296,51.33626],[-1.01288,51.33631],[-1.01289,51.33635],[-1.01289,51.33637],[-1.0129,51.33638],[-1.01291,51.33639],[-1.01293,51.3364],[-1.01294,51.33641],[-1.01295,51.33642],[-1.01295,51.33643],[-1.01294,51.33643],[-1.01296,51.33646],[-1.013,51.3365],[-1.01303,51.33653],[-1.01304,51.33655],[-1.01305,51.33657],[-1.01304,51.33657],[-1.01303,51.33658],[-1.01302,51.33659],[-1.01299,51.33662],[-1.01298,51.33662],[-1.01296,51.33663],[-1.01294,51.33663],[-1.01293,51.33663],[-1.0129,51.33663],[-1.01285,51.33662],[-1.01281,51.33662],[-1.0128,51.33662],[-1.01278,51.33662],[-1.01274,51.33663],[-1.01272,51.33664],[-1.0127,51.33664],[-1.01268,51.33666],[-1.01266,51.33667],[-1.01264,51.33668],[-1.01262,51.3367],[-1.0126,51.33672],[-1.01252,51.33682],[-1.01247,51.33689],[-1.01247,51.3369],[-1.01247,51.33692],[-1.01247,51.33694],[-1.01245,51.337],[-1.01243,51.33704],[-1.01242,51.33705],[-1.01241,51.33707],[-1.01239,51.33708],[-1.01238,51.33709],[-1.01236,51.33711],[-1.01235,51.33711],[-1.01231,51.33712],[-1.01226,51.33714],[-1.01219,51.33717]]},"properties":{"k":"river","name":"River Loddon"}},{"type":"Feature","geometry":{"type":"LineString","coordinates":[[-1.01373,51.33494],[-1.01372,51.33494],[-1.01361,51.33495],[-1.0136,51.33496],[-1.01359,51.33498],[-1.01357,51.335],[-1.01357,51.33501],[-1.01346,51.33528],[-1.01345,51.33531],[-1.01344,51.33534],[-1.01343,51.33536],[-1.01344,51.33538],[-1.01344,51.33541],[-1.01345,51.33543],[-1.01345,51.33545],[-1.01344,51.33546],[-1.01344,51.33548],[-1.01344,51.3355],[-1.01343,51.33552],[-1.01342,51.33553],[-1.0134,51.33556],[-1.01339,51.33557],[-1.01338,51.33559],[-1.01337,51.3356],[-1.01335,51.33561],[-1.01328,51.33567],[-1.01324,51.33573],[-1.01318,51.33579],[-1.01316,51.33585],[-1.01315,51.33591],[-1.01315,51.33599],[-1.01315,51.33605],[-1.01316,51.33608],[-1.01316,51.3361],[-1.01316,51.33613],[-1.01315,51.33617],[-1.01316,51.33617],[-1.01315,51.33618],[-1.01315,51.33619],[-1.01314,51.33619],[-1.01314,51.3362],[-1.01312,51.3362]]},"properties":{"k":"river","name":"River Loddon"}},{"type":"Feature","geometry":{"type":"LineString","coordinates":[[-1.00869,51.34102],[-1.00868,51.34104],[-1.00867,51.34107],[-1.00866,51.34109],[-1.00866,51.34112],[-1.00866,51.34115],[-1.00866,51.34121],[-1.00867,51.34128],[-1.00868,51.34134],[-1.00868,51.34141],[-1.00868,51.34148],[-1.00869,51.34154],[-1.0087,51.3416],[-1.00872,51.34173],[-1.00874,51.34186],[-1.00876,51.34199],[-1.00879,51.34212],[-1.00882,51.34218],[-1.00885,51.34224],[-1.00889,51.3423],[-1.0089,51.34234],[-1.00891,51.34237],[-1.00892,51.34243],[-1.00893,51.34247],[-1.00893,51.3425],[-1.00892,51.34253],[-1.00891,51.34257],[-1.00889,51.34263],[-1.00887,51.34269],[-1.00883,51.34275],[-1.00879,51.34281],[-1.00878,51.34284],[-1.00877,51.34288],[-1.00877,51.34291],[-1.00877,51.34294],[-1.00878,51.34297],[-1.00878,51.343],[-1.0088,51.34303],[-1.00881,51.34305],[-1.00884,51.34309],[-1.00886,51.34311],[-1.00888,51.34314],[-1.00891,51.34317],[-1.00898,51.34322],[-1.009,51.34324],[-1.00903,51.34325],[-1.00915,51.34331],[-1.00923,51.34335],[-1.00931,51.34339],[-1.00938,51.34344],[-1.00942,51.34347],[-1.00945,51.3435],[-1.00947,51.34353],[-1.00949,51.34356],[-1.0095,51.34358],[-1.00951,51.3436],[-1.00952,51.34363],[-1.00952,51.34365],[-1.00952,51.34367],[-1.00951,51.34369],[-1.0095,51.34373],[-1.00949,51.34376],[-1.00947,51.34379],[-1.0094,51.34389],[-1.0094,51.34389],[-1.0094,51.34389],[-1.0094,51.3439],[-1.00938,51.34393],[-1.00926,51.34403],[-1.00922,51.34406],[-1.00916,51.3441],[-1.00911,51.34413],[-1.00906,51.34416],[-1.00899,51.34421],[-1.00893,51.34427],[-1.00886,51.34433],[-1.00883,51.34436],[-1.00879,51.34439],[-1.00875,51.34445],[-1.00871,51.34451],[-1.00868,51.34457],[-1.00866,51.3446],[-1.00864,51.34464],[-1.00864,51.34466],[-1.00864,51.34468],[-1.00863,51.3447],[-1.00858,51.34477],[-1.00853,51.34483],[-1.00848,51.34488],[-1.00846,51.34491],[-1.00845,51.34493],[-1.00843,51.34495],[-1.00836,51.34501],[-1.00833,51.34503],[-1.00829,51.34506],[-1.00827,51.34507],[-1.00824,51.34509],[-1.00821,51.3451],[-1.00816,51.34511],[-1.00811,51.34513],[-1.00806,51.34514],[-1.008,51.34514],[-1.00796,51.34515],[-1.00793,51.34515],[-1.00789,51.34515],[-1.00778,51.34514],[-1.00765,51.34512],[-1.00755,51.34511],[-1.00744,51.34508],[-1.00738,51.34507],[-1.00734,51.34507],[-1.00729,51.34507],[-1.00724,51.34508],[-1.00704,51.34513],[-1.00693,51.34516],[-1.00684,51.34519],[-1.00673,51.34521],[-1.00662,51.34524],[-1.00652,51.34526],[-1.00641,51.34529],[-1.00632,51.34531],[-1.00621,51.34534],[-1.0061,51.34536],[-1.00589,51.34541],[-1.00578,51.34544],[-1.00567,51.34547],[-1.00557,51.34549],[-1.00546,51.34552],[-1.00535,51.34554],[-1.00524,51.34556],[-1.00514,51.34558],[-1.00503,51.34562],[-1.00498,51.34563],[-1.00493,51.34564],[-1.00484,51.34568],[-1.00475,51.34572],[-1.00467,51.34576],[-1.00458,51.3458],[-1.00447,51.34583],[-1.00433,51.34587],[-1.00428,51.34589],[-1.00417,51.34591],[-1.00412,51.34592],[-1.00408,51.34593],[-1.00396,51.34595],[-1.00385,51.34596],[-1.00375,51.34597],[-1.0037,51.34597],[-1.00365,51.34597],[-1.00354,51.34596],[-1.00343,51.34595],[-1.00332,51.34593],[-1.00327,51.34593],[-1.00322,51.34592],[-1.00313,51.3459],[-1.00303,51.34588],[-1.00271,51.34582],[-1.00259,51.34581],[-1.00254,51.3458],[-1.00249,51.34579],[-1.00238,51.34577],[-1.00233,51.34576],[-1.00227,51.34574],[-1.00222,51.34574],[-1.00217,51.34573],[-1.00205,51.3457],[-1.00195,51.34568],[-1.00185,51.34566],[-1.00175,51.34563],[-1.00164,51.34561],[-1.00154,51.34558],[-1.00149,51.34556],[-1.00143,51.34555],[-1.00139,51.34554],[-1.00134,51.34552],[-1.00123,51.3455],[-1.00121,51.34549],[-1.00117,51.34548],[-1.00115,51.34548],[-1.00112,51.34547],[-1.00102,51.34549]]},"properties":{"k":"river","name":"River Loddon"}},{"type":"Feature","geometry":{"type":"LineString","coordinates":[[-1.00899,51.33819],[-1.00909,51.33822],[-1.00921,51.3382],[-1.00927,51.33826],[-1.00923,51.33834],[-1.00908,51.33842],[-1.00881,51.33849]]},"properties":{"k":"river","name":""}},{"type":"Feature","geometry":{"type":"LineString","coordinates":[[-1.00839,51.33876],[-1.00839,51.33877],[-1.0084,51.33878],[-1.0084,51.33878],[-1.00841,51.33879],[-1.00842,51.33879],[-1.00843,51.3388],[-1.00844,51.33882],[-1.00844,51.33883],[-1.00844,51.33885],[-1.00844,51.33886],[-1.00844,51.33888],[-1.00843,51.3389],[-1.00842,51.33891],[-1.00841,51.33893],[-1.00837,51.33899],[-1.00836,51.33905],[-1.00836,51.33907],[-1.00837,51.3391],[-1.00841,51.33919],[-1.00844,51.33925],[-1.00847,51.33931],[-1.0085,51.33938],[-1.00854,51.33944],[-1.00862,51.33956],[-1.00863,51.33957],[-1.00863,51.33959],[-1.00863,51.33962],[-1.00862,51.33969],[-1.00862,51.33974],[-1.00862,51.33974],[-1.00862,51.33975],[-1.00863,51.33983],[-1.00864,51.33987],[-1.00867,51.33992],[-1.00873,51.34003],[-1.00876,51.34006],[-1.00878,51.3401],[-1.00878,51.34013],[-1.00878,51.34015],[-1.00878,51.34017],[-1.00872,51.34023],[-1.00865,51.34034],[-1.00864,51.34036],[-1.00865,51.34039],[-1.00867,51.34042],[-1.00869,51.34047],[-1.00869,51.34047],[-1.00869,51.34049],[-1.00869,51.34053],[-1.00869,51.3406],[-1.0087,51.34066],[-1.00869,51.34073],[-1.00869,51.34076],[-1.0087,51.3408],[-1.00871,51.34082]]},"properties":{"k":"river","name":""}},{"type":"Feature","geometry":{"type":"LineString","coordinates":[[-1.00871,51.34082],[-1.00872,51.34091],[-1.0087,51.34098],[-1.00869,51.34102]]},"properties":{"k":"river","name":""}},{"type":"Feature","geometry":{"type":"LineString","coordinates":[[-1.00899,51.33819],[-1.00879,51.33825],[-1.00864,51.33838],[-1.00849,51.33847],[-1.00841,51.33859],[-1.00836,51.33867],[-1.00835,51.33871],[-1.00839,51.33876]]},"properties":{"k":"river","name":""}},{"type":"Feature","geometry":{"type":"LineString","coordinates":[[-0.98612,51.36336],[-0.98613,51.3635],[-0.98652,51.36387],[-0.98822,51.36446],[-0.9885,51.36467],[-0.98912,51.36496],[-0.98965,51.36489],[-0.99012,51.36514],[-0.99054,51.3654],[-0.99097,51.36546],[-0.99104,51.36569],[-0.99169,51.36585],[-0.99177,51.36596],[-0.99163,51.36628],[-0.99182,51.36652],[-0.99179,51.36673],[-0.99152,51.36684],[-0.99132,51.36701],[-0.99108,51.3671],[-0.99088,51.36746],[-0.99077,51.36767],[-0.99047,51.36797],[-0.9905,51.36818],[-0.99062,51.36834],[-0.9909,51.36849],[-0.99082,51.36883],[-0.9907,51.36894],[-0.99027,51.36924],[-0.99028,51.36938],[-0.99048,51.36954],[-0.99058,51.36971],[-0.99035,51.36981],[-0.99013,51.36996],[-0.98981,51.36974],[-0.9896,51.36976],[-0.98938,51.36993],[-0.98945,51.37014],[-0.98937,51.37032],[-0.9889,51.37036],[-0.98866,51.37007],[-0.98835,51.37002],[-0.98801,51.37013],[-0.98797,51.37038],[-0.98813,51.37079],[-0.98761,51.371],[-0.98623,51.37071],[-0.98516,51.37061],[-0.9845,51.37092],[-0.98405,51.37127],[-0.98352,51.37137],[-0.98323,51.37175],[-0.98279,51.37188],[-0.98242,51.37234],[-0.98198,51.37224],[-0.98146,51.37223],[-0.98135,51.37261],[-0.98105,51.3731],[-0.98131,51.37349],[-0.98124,51.37389],[-0.9808,51.37423],[-0.98071,51.37488],[-0.98053,51.37503]]},"properties":{"k":"river","name":"River Loddon"}},{"type":"Feature","geometry":{"type":"LineString","coordinates":[[-1.0108,51.33813],[-1.01069,51.33822],[-1.01056,51.33832],[-1.01036,51.33844],[-1.01021,51.33858],[-1.01014,51.33871],[-1.01013,51.33885],[-1.01015,51.33905],[-1.01014,51.33915],[-1.01003,51.33923],[-1.00986,51.33928],[-1.00971,51.3393],[-1.00961,51.33934],[-1.00955,51.33939],[-1.00953,51.33945],[-1.00955,51.33954],[-1.0096,51.33965],[-1.00964,51.33974],[-1.00964,51.33986],[-1.00962,51.33998],[-1.00959,51.3401],[-1.00959,51.34022],[-1.00962,51.34034],[-1.00965,51.34042],[-1.00955,51.34052],[-1.00939,51.34058],[-1.00924,51.34067],[-1.00914,51.34076],[-1.00905,51.34083],[-1.00893,51.34089],[-1.00881,51.34093],[-1.00874,51.34097]]},"properties":{"k":"river","name":"River Loddon"}},{"type":"Feature","geometry":{"type":"LineString","coordinates":[[-1.05864,51.33136],[-1.05848,51.33134],[-1.05843,51.33133],[-1.05841,51.33134],[-1.05837,51.33135],[-1.05835,51.33135],[-1.05812,51.33134],[-1.058,51.33134],[-1.05782,51.33132],[-1.05778,51.33131],[-1.0577,51.33127],[-1.05724,51.33119],[-1.05694,51.33112],[-1.05663,51.33101]]},"properties":{"k":"stream","name":""}},{"type":"Feature","geometry":{"type":"LineString","coordinates":[[-1.05642,51.33092],[-1.05621,51.33081],[-1.05612,51.33077],[-1.05607,51.33076],[-1.05582,51.33074],[-1.05568,51.33072],[-1.05561,51.33071],[-1.05553,51.33068]]},"properties":{"k":"stream","name":""}},{"type":"Feature","geometry":{"type":"LineString","coordinates":[[-1.05973,51.3315],[-1.05951,51.33149],[-1.05936,51.33148],[-1.05932,51.33147]]},"properties":{"k":"stream","name":""}},{"type":"Feature","geometry":{"type":"LineString","coordinates":[[-1.05932,51.33147],[-1.05922,51.33145],[-1.05897,51.33141],[-1.05868,51.33137],[-1.05864,51.33136]]},"properties":{"k":"stream","name":""}},{"type":"Feature","geometry":{"type":"LineString","coordinates":[[-1.05663,51.33101],[-1.05642,51.33092]]},"properties":{"k":"stream","name":""}},{"type":"Feature","geometry":{"type":"LineString","coordinates":[[-1.05553,51.33068],[-1.05539,51.33062],[-1.05452,51.33026],[-1.05321,51.32956],[-1.05191,51.32904],[-1.05089,51.32884],[-1.05,51.32874],[-1.04924,51.32855],[-1.04859,51.32838],[-1.04791,51.32839],[-1.04764,51.32819],[-1.04694,51.32773],[-1.04641,51.32747],[-1.04564,51.32731],[-1.04516,51.32726],[-1.04446,51.32731],[-1.04385,51.32728],[-1.04298,51.32703],[-1.04238,51.32694],[-1.04172,51.32699],[-1.04072,51.32706],[-1.04025,51.32708],[-1.03933,51.32764],[-1.03889,51.32776],[-1.03848,51.32787],[-1.038,51.32789],[-1.03745,51.32786],[-1.03714,51.3279],[-1.03659,51.32799],[-1.03602,51.32807],[-1.03555,51.32814],[-1.03543,51.32819]]},"properties":{"k":"stream","name":""}},{"type":"Feature","geometry":{"type":"LineString","coordinates":[[-1.18343,51.34085],[-1.18364,51.34083],[-1.184,51.34091],[-1.1843,51.34101],[-1.18467,51.34114],[-1.18489,51.34121],[-1.18509,51.34121],[-1.18516,51.34122]]},"properties":{"k":"stream","name":""}},{"type":"Feature","geometry":{"type":"LineString","coordinates":[[-1.01935,51.32231],[-1.01985,51.32242]]},"properties":{"k":"ditch","name":""}},{"type":"Feature","geometry":{"type":"LineString","coordinates":[[-1.019,51.32221],[-1.01935,51.32231]]},"properties":{"k":"ditch","name":""}},{"type":"Feature","geometry":{"type":"LineString","coordinates":[[-1.01729,51.32317],[-1.01775,51.32299],[-1.018,51.32285],[-1.0185,51.32256],[-1.019,51.32221]]},"properties":{"k":"ditch","name":""}},{"type":"Feature","geometry":{"type":"LineString","coordinates":[[-1.04953,51.33717],[-1.04904,51.33683],[-1.04865,51.33643],[-1.04847,51.33617],[-1.04803,51.33598],[-1.04771,51.3357],[-1.04725,51.33534],[-1.04677,51.3352],[-1.04633,51.33516],[-1.04499,51.33523]]},"properties":{"k":"stream","name":""}},{"type":"Feature","geometry":{"type":"LineString","coordinates":[[-1.03462,51.33626],[-1.03451,51.33618],[-1.03413,51.33591],[-1.0339,51.33574],[-1.0337,51.33559],[-1.03329,51.33547],[-1.03285,51.33538],[-1.03224,51.33523],[-1.03174,51.33511],[-1.03142,51.33503],[-1.03091,51.33487],[-1.03005,51.33459]]},"properties":{"k":"stream","name":""}},{"type":"Feature","geometry":{"type":"LineString","coordinates":[[-1.05606,51.3362],[-1.05592,51.33627],[-1.05515,51.33661],[-1.0543,51.33697],[-1.05379,51.33713],[-1.05301,51.33728],[-1.05192,51.3375],[-1.05123,51.3376],[-1.04975,51.33724]]},"properties":{"k":"stream","name":""}},{"type":"Feature","geometry":{"type":"LineString","coordinates":[[-1.04975,51.33724],[-1.04953,51.33717]]},"properties":{"k":"stream","name":""}},{"type":"Feature","geometry":{"type":"LineString","coordinates":[[-1.03477,51.33637],[-1.03462,51.33626]]},"properties":{"k":"stream","name":""}},{"type":"Feature","geometry":{"type":"LineString","coordinates":[[-1.03005,51.33459],[-1.02979,51.3345]]},"properties":{"k":"stream","name":""}},{"type":"Feature","geometry":{"type":"LineString","coordinates":[[-1.04499,51.33523],[-1.04477,51.33523]]},"properties":{"k":"stream","name":""}},{"type":"Feature","geometry":{"type":"LineString","coordinates":[[-1.04477,51.33523],[-1.0443,51.33523],[-1.04412,51.3352],[-1.04303,51.33527],[-1.04271,51.33542],[-1.04259,51.33544],[-1.04182,51.33562],[-1.04136,51.33568],[-1.04091,51.33593],[-1.0405,51.33616],[-1.03979,51.33636],[-1.03904,51.33657],[-1.03853,51.33683],[-1.03789,51.33715],[-1.03773,51.3372],[-1.03741,51.33728],[-1.03708,51.33733],[-1.0367,51.33734],[-1.03626,51.33728],[-1.03596,51.33717],[-1.03571,51.33703],[-1.03537,51.33683],[-1.03508,51.33669],[-1.03493,51.33662],[-1.03478,51.33652],[-1.03477,51.33637]]},"properties":{"k":"stream","name":""}},{"type":"Feature","geometry":{"type":"LineString","coordinates":[[-1.02979,51.3345],[-1.02941,51.33441],[-1.02909,51.33434],[-1.02865,51.33424],[-1.02814,51.33414],[-1.0277,51.33405],[-1.02732,51.33397],[-1.02689,51.33388],[-1.02634,51.33375],[-1.02583,51.33364],[-1.02539,51.33355],[-1.02496,51.33344],[-1.02455,51.33335],[-1.02394,51.33329],[-1.02326,51.33322],[-1.02267,51.33315],[-1.02228,51.3331],[-1.02187,51.33302],[-1.02148,51.33292],[-1.02128,51.33287],[-1.02111,51.33291],[-1.02091,51.33302],[-1.02062,51.33312],[-1.02039,51.33319],[-1.02029,51.33319],[-1.02022,51.33312],[-1.02013,51.33301],[-1.01992,51.33294],[-1.01965,51.33287],[-1.01939,51.33286],[-1.01913,51.33288],[-1.01879,51.33296],[-1.01847,51.33316],[-1.01812,51.33338],[-1.01789,51.3335],[-1.01768,51.33357]]},"properties":{"k":"stream","name":""}},{"type":"Feature","geometry":{"type":"LineString","coordinates":[[-1.10541,51.31924],[-1.10536,51.31924]]},"properties":{"k":"stream","name":""}},{"type":"Feature","geometry":{"type":"LineString","coordinates":[[-1.00611,51.36733],[-1.00568,51.36738]]},"properties":{"k":"stream","name":""}},{"type":"Feature","geometry":{"type":"LineString","coordinates":[[-1.00114,51.36809],[-1.00093,51.36818],[-0.99999,51.36873],[-0.99901,51.36899],[-0.99785,51.36931],[-0.9971,51.36944],[-0.99609,51.36944],[-0.99592,51.36957],[-0.99555,51.36949],[-0.99504,51.3693],[-0.99459,51.36945],[-0.99355,51.3698],[-0.99348,51.36983]]},"properties":{"k":"stream","name":""}},{"type":"Feature","geometry":{"type":"LineString","coordinates":[[-1.00137,51.36804],[-1.00114,51.36809]]},"properties":{"k":"stream","name":""}},{"type":"Feature","geometry":{"type":"LineString","coordinates":[[-1.06455,51.29647],[-1.06424,51.29642],[-1.06381,51.29644],[-1.06336,51.29648],[-1.06309,51.29649],[-1.06269,51.2965],[-1.0625,51.29646],[-1.06227,51.29642],[-1.0621,51.2964],[-1.06181,51.29638],[-1.0616,51.29637],[-1.06142,51.29635],[-1.06119,51.2963],[-1.06106,51.29627]]},"properties":{"k":"stream","name":""}},{"type":"Feature","geometry":{"type":"LineString","coordinates":[[-1.06775,51.29668],[-1.06721,51.29677],[-1.06648,51.29669],[-1.06554,51.29668],[-1.06479,51.29652]]},"properties":{"k":"stream","name":""}},{"type":"Feature","geometry":{"type":"LineString","coordinates":[[-1.06643,51.35018],[-1.0664,51.3502],[-1.06629,51.35025],[-1.06623,51.35029],[-1.06617,51.3503],[-1.06606,51.35026],[-1.06594,51.35023],[-1.06584,51.35019],[-1.06574,51.35017],[-1.06568,51.35017],[-1.06563,51.35016],[-1.06555,51.35015],[-1.06548,51.35012],[-1.06542,51.3501],[-1.06533,51.35008],[-1.06524,51.35006],[-1.06516,51.35004],[-1.0651,51.35001],[-1.06505,51.34999],[-1.06502,51.34996],[-1.06499,51.34995],[-1.06494,51.34995],[-1.06489,51.34998],[-1.06486,51.34999],[-1.06483,51.35001],[-1.0648,51.35004],[-1.06476,51.35007],[-1.06471,51.3501],[-1.06467,51.35011],[-1.06463,51.35011],[-1.06459,51.35011],[-1.06454,51.3501],[-1.06449,51.3501],[-1.06439,51.3501],[-1.06431,51.35011],[-1.06425,51.35012],[-1.06419,51.35013],[-1.06415,51.35013],[-1.06406,51.35016],[-1.06403,51.35017],[-1.06397,51.35018],[-1.06392,51.35019],[-1.06384,51.35021],[-1.06378,51.35021],[-1.06372,51.35021],[-1.06367,51.35021],[-1.06363,51.3502],[-1.06355,51.35019],[-1.06349,51.35019],[-1.06341,51.35021],[-1.06337,51.35021],[-1.06332,51.35022],[-1.06323,51.35024],[-1.06316,51.35025],[-1.06307,51.35026],[-1.063,51.35027],[-1.06297,51.35027],[-1.06295,51.35028],[-1.06291,51.35028],[-1.06289,51.3503],[-1.06287,51.35033],[-1.06285,51.35036],[-1.06279,51.35038],[-1.06273,51.35039],[-1.06268,51.35041],[-1.06263,51.35042],[-1.06259,51.35044],[-1.06254,51.35045],[-1.0625,51.35046],[-1.06246,51.35048],[-1.06245,51.35052],[-1.06247,51.35056],[-1.06248,51.3506],[-1.06245,51.35063],[-1.06242,51.35068],[-1.06239,51.35072],[-1.06233,51.35074],[-1.06227,51.35076],[-1.06225,51.35078],[-1.06225,51.35082],[-1.06225,51.35085],[-1.06227,51.35088],[-1.06235,51.35095],[-1.06238,51.35098],[-1.06243,51.35101],[-1.06249,51.35104],[-1.06251,51.35105],[-1.06251,51.35108],[-1.06246,51.35111],[-1.06242,51.35113],[-1.06241,51.35116],[-1.06242,51.35118],[-1.06245,51.35121],[-1.06254,51.35123],[-1.06258,51.35123],[-1.06261,51.35123],[-1.06264,51.35124],[-1.06268,51.35127],[-1.06272,51.35133],[-1.06277,51.35139],[-1.0628,51.35142],[-1.06285,51.35146],[-1.06288,51.35148],[-1.06288,51.35151],[-1.06286,51.35154],[-1.06281,51.35159],[-1.06278,51.35162],[-1.06276,51.35164],[-1.06276,51.35167],[-1.06276,51.35172],[-1.06281,51.35182],[-1.06285,51.35192],[-1.06286,51.35196],[-1.06289,51.35202],[-1.0629,51.35205],[-1.06288,51.35207],[-1.06282,51.35208],[-1.06278,51.35209],[-1.06276,51.35211],[-1.06275,51.35213],[-1.06275,51.35217],[-1.06276,51.3522],[-1.0628,51.35226],[-1.06285,51.35232],[-1.0629,51.35235],[-1.06295,51.35237],[-1.063,51.35238],[-1.06304,51.35238],[-1.06307,51.35236],[-1.06312,51.35234],[-1.06316,51.35233],[-1.0632,51.35233],[-1.06323,51.35234],[-1.06325,51.35236],[-1.06326,51.35239],[-1.06326,51.35242],[-1.06324,51.35244],[-1.0632,51.35248],[-1.06315,51.35252],[-1.06312,51.35256],[-1.0631,51.35261],[-1.06309,51.35264],[-1.06305,51.35267],[-1.06302,51.35269],[-1.06297,51.35271],[-1.06292,51.35273],[-1.06289,51.35277],[-1.06284,51.35284],[-1.06282,51.3529],[-1.06281,51.35294],[-1.06281,51.35298],[-1.06284,51.35303],[-1.06286,51.35304],[-1.06295,51.35305],[-1.06303,51.35306],[-1.06309,51.35309],[-1.0631,51.35311],[-1.06308,51.35315],[-1.06305,51.35319],[-1.06305,51.35321],[-1.06305,51.35324],[-1.06309,51.35333],[-1.0631,51.35336],[-1.06309,51.3534],[-1.06305,51.35343],[-1.06293,51.35344],[-1.06286,51.35346],[-1.06279,51.3535],[-1.06277,51.35352],[-1.06269,51.35353],[-1.06266,51.35355],[-1.06263,51.35357],[-1.06263,51.3536],[-1.06264,51.35367],[-1.06264,51.35371],[-1.06259,51.35376],[-1.06256,51.35382],[-1.06256,51.35388],[-1.06259,51.35392],[-1.06264,51.35394],[-1.06272,51.35398],[-1.06276,51.354],[-1.06283,51.35405],[-1.06284,51.35408],[-1.06281,51.3541],[-1.06274,51.35411],[-1.06265,51.35417],[-1.06257,51.35423],[-1.06254,51.35426],[-1.06254,51.35429],[-1.06257,51.35432],[-1.06261,51.35435],[-1.06263,51.35438],[-1.06263,51.3544],[-1.0626,51.35444],[-1.06257,51.35446],[-1.06256,51.35451],[-1.0626,51.35455],[-1.06264,51.35458],[-1.06269,51.35459],[-1.06275,51.35459],[-1.06286,51.35458],[-1.06291,51.35458],[-1.06297,51.35459],[-1.06298,51.35461],[-1.06298,51.35467],[-1.06296,51.3547],[-1.06294,51.35475],[-1.06293,51.35479],[-1.06291,51.35484],[-1.06291,51.35487],[-1.06293,51.35488],[-1.06304,51.35492],[-1.06309,51.35494],[-1.06312,51.35499],[-1.06313,51.35505],[-1.06309,51.3551],[-1.06303,51.35516],[-1.06301,51.3552],[-1.06302,51.35523],[-1.06304,51.35528],[-1.06309,51.35533],[-1.06311,51.35537],[-1.06311,51.35541],[-1.06309,51.35546],[-1.06308,51.3555],[-1.06307,51.35558],[-1.06305,51.3556],[-1.063,51.35564],[-1.06297,51.35566],[-1.06294,51.35567],[-1.06287,51.3557],[-1.06284,51.35573],[-1.06282,51.35575],[-1.06278,51.3558],[-1.06272,51.35587],[-1.06269,51.35592],[-1.06265,51.35603],[-1.06263,51.35607],[-1.06262,51.3561],[-1.06258,51.35614],[-1.06255,51.35616],[-1.0625,51.35616],[-1.06246,51.35616],[-1.06242,51.35615],[-1.06239,51.35614],[-1.06236,51.3561],[-1.06232,51.35608],[-1.06228,51.35607],[-1.06225,51.35607],[-1.06221,51.3561],[-1.06219,51.35613],[-1.06218,51.35617],[-1.0622,51.35626],[-1.06221,51.35631],[-1.0622,51.35635],[-1.06215,51.35646],[-1.06206,51.35665],[-1.06206,51.35669],[-1.06205,51.35671],[-1.06201,51.35675],[-1.06199,51.35681],[-1.06196,51.35686],[-1.06193,51.35689],[-1.06192,51.35703],[-1.06191,51.35708],[-1.06189,51.35716],[-1.06186,51.35724],[-1.06176,51.35745],[-1.06173,51.35752],[-1.06169,51.3576],[-1.06166,51.35766],[-1.06162,51.35783],[-1.0616,51.35788],[-1.06159,51.35789],[-1.06152,51.35793],[-1.06144,51.35796],[-1.06131,51.358],[-1.06124,51.35802],[-1.06108,51.35805],[-1.06099,51.35807],[-1.06092,51.3581],[-1.06085,51.35812],[-1.06078,51.35813],[-1.0607,51.35813],[-1.06065,51.35813],[-1.06044,51.35819],[-1.06019,51.35825],[-1.06014,51.35827],[-1.06005,51.35829],[-1.05997,51.35833],[-1.05991,51.35835],[-1.05983,51.35838],[-1.05974,51.35841],[-1.05966,51.35843],[-1.05963,51.35845],[-1.05962,51.35847],[-1.05962,51.35849],[-1.05962,51.35852],[-1.05961,51.35853],[-1.05954,51.35858],[-1.05941,51.35865],[-1.05925,51.35876],[-1.05919,51.35878],[-1.05907,51.35878],[-1.05897,51.3588],[-1.05892,51.35882],[-1.05888,51.35885],[-1.05867,51.35901],[-1.05864,51.35905],[-1.05863,51.35911],[-1.05862,51.35918],[-1.0586,51.35922],[-1.05857,51.35924],[-1.05848,51.35925],[-1.05838,51.35925],[-1.05834,51.35928],[-1.05825,51.35936],[-1.05818,51.35942],[-1.05809,51.35948],[-1.058,51.35954],[-1.05788,51.35961],[-1.05773,51.35969],[-1.05762,51.35975],[-1.05749,51.35981],[-1.05731,51.35992],[-1.05724,51.35997],[-1.05702,51.36012],[-1.05697,51.36012],[-1.05692,51.36011],[-1.05686,51.36008],[-1.05682,51.36009],[-1.05677,51.36013],[-1.05652,51.36032],[-1.05626,51.36053],[-1.0561,51.36065],[-1.05595,51.36076],[-1.0557,51.36099],[-1.05541,51.36124],[-1.05511,51.36151],[-1.05484,51.36174],[-1.05478,51.36178],[-1.05445,51.36197],[-1.05434,51.36205],[-1.05427,51.3621],[-1.05421,51.36215],[-1.05402,51.36227],[-1.05396,51.36229],[-1.05381,51.36231],[-1.05369,51.36233],[-1.05355,51.36236],[-1.05343,51.36239]]},"properties":{"k":"stream","name":"Silchester Brook"}},{"type":"Feature","geometry":{"type":"LineString","coordinates":[[-1.06403,51.35017],[-1.06398,51.35022],[-1.06394,51.35028],[-1.06389,51.35031],[-1.06384,51.35035],[-1.06381,51.35037],[-1.06377,51.35038],[-1.06372,51.35039],[-1.06366,51.3504],[-1.06361,51.35041],[-1.06357,51.35041],[-1.06352,51.35041],[-1.06351,51.35039],[-1.06351,51.35036],[-1.06352,51.35029],[-1.06354,51.35024],[-1.06353,51.35022],[-1.06349,51.35019]]},"properties":{"k":"stream","name":"Silchester Brook"}},{"type":"Feature","geometry":{"type":"LineString","coordinates":[[-1.06341,51.35021],[-1.06337,51.35024],[-1.06333,51.35028],[-1.06329,51.35033],[-1.06326,51.35036],[-1.0632,51.35039],[-1.06315,51.35039],[-1.06311,51.35038],[-1.06307,51.35036],[-1.06304,51.35033],[-1.06301,51.35031],[-1.06295,51.35028]]},"properties":{"k":"stream","name":"Silchester Brook"}},{"type":"Feature","geometry":{"type":"LineString","coordinates":[[-1.08228,51.26645],[-1.08224,51.26646],[-1.0822,51.26647],[-1.08215,51.26647],[-1.0821,51.26648],[-1.08207,51.26648],[-1.08203,51.26647],[-1.08198,51.26647],[-1.08195,51.26647],[-1.08192,51.26646]]},"properties":{"k":"stream","name":""}},{"type":"Feature","geometry":{"type":"LineString","coordinates":[[-1.08205,51.26624],[-1.08209,51.26623],[-1.08215,51.26622],[-1.0822,51.26621],[-1.08225,51.26621],[-1.0823,51.26621],[-1.08233,51.26621],[-1.08236,51.26622]]},"properties":{"k":"stream","name":""}},{"type":"Feature","geometry":{"type":"LineString","coordinates":[[-1.08244,51.26626],[-1.08247,51.26628],[-1.08247,51.26631],[-1.08246,51.26634],[-1.08245,51.26636],[-1.08244,51.26638],[-1.08241,51.2664],[-1.08239,51.26641],[-1.08236,51.26642]]},"properties":{"k":"stream","name":""}},{"type":"Feature","geometry":{"type":"LineString","coordinates":[[-1.08188,51.26644],[-1.08186,51.26642],[-1.08186,51.26639],[-1.08187,51.26637],[-1.08187,51.26634],[-1.08188,51.26633],[-1.0819,51.26631],[-1.08192,51.26629],[-1.08196,51.26627]]},"properties":{"k":"stream","name":""}},{"type":"Feature","geometry":{"type":"LineString","coordinates":[[-0.86064,51.23463],[-0.86033,51.23476],[-0.85954,51.23518],[-0.85936,51.23524],[-0.85921,51.23532],[-0.85917,51.23541],[-0.85929,51.23571],[-0.8592,51.236],[-0.8592,51.23622],[-0.85898,51.23675],[-0.85875,51.23701],[-0.85871,51.23714],[-0.85881,51.23763],[-0.85881,51.2378],[-0.85883,51.23797]]},"properties":{"k":"stream","name":"River Hart"}},{"type":"Feature","geometry":{"type":"LineString","coordinates":[[-0.92532,51.25118],[-0.92543,51.25133],[-0.92563,51.25124],[-0.92591,51.25124],[-0.92606,51.25145]]},"properties":{"k":"stream","name":""}},{"type":"Feature","geometry":{"type":"LineString","coordinates":[[-0.91156,51.24994],[-0.91267,51.2503],[-0.91311,51.25033],[-0.91362,51.25052],[-0.91431,51.25099]]},"properties":{"k":"stream","name":""}},{"type":"Feature","geometry":{"type":"LineString","coordinates":[[-0.91898,51.25187],[-0.91986,51.2527],[-0.92006,51.25278],[-0.92008,51.25284],[-0.92032,51.25294],[-0.92263,51.25432],[-0.9223,51.25466],[-0.92208,51.25504],[-0.9219,51.25532]]},"properties":{"k":"stream","name":""}},{"type":"Feature","geometry":{"type":"LineString","coordinates":[[-0.92606,51.25145],[-0.92614,51.25174],[-0.92604,51.25194],[-0.92643,51.25229],[-0.92668,51.25242],[-0.92648,51.25282],[-0.92615,51.25304],[-0.92582,51.25354],[-0.92562,51.2537],[-0.92501,51.25435],[-0.92506,51.25449],[-0.92401,51.25525],[-0.92373,51.2554],[-0.92329,51.25573]]},"properties":{"k":"river","name":""}},{"type":"Feature","geometry":{"type":"LineString","coordinates":[[-0.9219,51.25532],[-0.92166,51.25557]]},"properties":{"k":"stream","name":""}},{"type":"Feature","geometry":{"type":"LineString","coordinates":[[-0.92166,51.25557],[-0.92124,51.25599],[-0.92071,51.25682],[-0.92038,51.2571],[-0.92,51.25754],[-0.91915,51.25808],[-0.91892,51.25813],[-0.91887,51.25823],[-0.91877,51.25829],[-0.91869,51.2584],[-0.9185,51.25871],[-0.91828,51.25896],[-0.91827,51.25922],[-0.91786,51.2602],[-0.91766,51.26057],[-0.91753,51.26093],[-0.91725,51.26141],[-0.91684,51.2619],[-0.91664,51.2621],[-0.91677,51.26238]]},"properties":{"k":"stream","name":""}},{"type":"Feature","geometry":{"type":"LineString","coordinates":[[-0.92318,51.2559],[-0.92301,51.25607],[-0.92237,51.25654],[-0.92248,51.25662],[-0.92225,51.25661],[-0.92169,51.25716],[-0.92147,51.25748],[-0.92162,51.25755],[-0.92138,51.25757],[-0.92113,51.25789],[-0.9208,51.25819],[-0.92063,51.25863],[-0.92054,51.25929],[-0.92014,51.26014],[-0.91997,51.26049],[-0.91978,51.26079],[-0.91962,51.26126],[-0.9192,51.26238],[-0.91918,51.26244]]},"properties":{"k":"stream","name":""}},{"type":"Feature","geometry":{"type":"LineString","coordinates":[[-0.92329,51.25573],[-0.92318,51.2559]]},"properties":{"k":"river","name":""}},{"type":"Feature","geometry":{"type":"LineString","coordinates":[[-0.93646,51.31321],[-0.93641,51.31324],[-0.93631,51.31334]]},"properties":{"k":"river","name":""}},{"type":"Feature","geometry":{"type":"LineString","coordinates":[[-0.93623,51.31348],[-0.93618,51.3137],[-0.93609,51.31386],[-0.93613,51.31392],[-0.93627,51.314]]},"properties":{"k":"river","name":""}},{"type":"Feature","geometry":{"type":"LineString","coordinates":[[-1.03014,51.26595],[-1.02976,51.26627],[-1.02973,51.2664],[-1.02971,51.26646],[-1.02968,51.26654],[-1.02965,51.26657],[-1.02959,51.26661],[-1.02954,51.26666],[-1.02946,51.26671],[-1.02938,51.26676],[-1.02932,51.26678],[-1.02924,51.2668],[-1.02917,51.26681],[-1.02908,51.26681],[-1.029,51.26681],[-1.02893,51.26682],[-1.02885,51.26683],[-1.02878,51.26685],[-1.02876,51.26686],[-1.02874,51.26687],[-1.02873,51.26689],[-1.02871,51.2669],[-1.0287,51.26692],[-1.02868,51.26693],[-1.02866,51.26694],[-1.02862,51.26698],[-1.02861,51.267],[-1.02859,51.26701],[-1.02854,51.26707],[-1.02852,51.26709],[-1.02851,51.2671],[-1.0285,51.26712],[-1.02848,51.26715],[-1.02846,51.26717],[-1.02845,51.26718],[-1.02843,51.26719],[-1.02842,51.26721],[-1.0284,51.26722],[-1.02839,51.26723],[-1.02837,51.26725],[-1.02836,51.26726],[-1.02837,51.26731],[-1.02838,51.26733],[-1.02838,51.26744],[-1.0284,51.2675],[-1.02842,51.26755],[-1.02846,51.2676],[-1.02848,51.26763],[-1.02849,51.26765],[-1.0285,51.26775],[-1.02851,51.26777],[-1.02854,51.2678],[-1.02856,51.26781],[-1.02857,51.26783],[-1.02859,51.26795],[-1.0286,51.26796],[-1.02861,51.26798],[-1.02863,51.26799],[-1.02864,51.268],[-1.02866,51.26802],[-1.02866,51.26808],[-1.02864,51.26809],[-1.02861,51.2681],[-1.02844,51.26811],[-1.02841,51.26812],[-1.02834,51.26812],[-1.02829,51.26813],[-1.02826,51.26814],[-1.02824,51.26815],[-1.02822,51.26816],[-1.0282,51.26817],[-1.02809,51.26825],[-1.02807,51.26826],[-1.02805,51.26827],[-1.02803,51.26827],[-1.02801,51.26828],[-1.02796,51.26829],[-1.02793,51.2683],[-1.02786,51.2683],[-1.02774,51.26829],[-1.02742,51.26829],[-1.0274,51.26829],[-1.02726,51.26831],[-1.02724,51.26831],[-1.02658,51.26832],[-1.02655,51.26833],[-1.02653,51.26834],[-1.02651,51.26835],[-1.02649,51.26837],[-1.02648,51.26838],[-1.02646,51.26839],[-1.02646,51.26841],[-1.02644,51.26846],[-1.02643,51.26857],[-1.02641,51.26862],[-1.0264,51.26864],[-1.02638,51.26867],[-1.02637,51.26869],[-1.02632,51.26876],[-1.02626,51.26882],[-1.02624,51.26884],[-1.02622,51.26885],[-1.0262,51.26886],[-1.02618,51.26887],[-1.02616,51.26888],[-1.02609,51.26891],[-1.02607,51.26892],[-1.02605,51.26893],[-1.02603,51.26894],[-1.026,51.26895],[-1.02598,51.26896],[-1.02596,51.26897],[-1.02594,51.26898],[-1.02592,51.26899],[-1.02589,51.26899],[-1.02586,51.269],[-1.02581,51.26901],[-1.02579,51.26902],[-1.02537,51.26903],[-1.02534,51.26904],[-1.02532,51.26905],[-1.0253,51.26906],[-1.02528,51.26907],[-1.02527,51.26908],[-1.02526,51.2691],[-1.02524,51.26911],[-1.02522,51.26914],[-1.02518,51.26919],[-1.02516,51.2692],[-1.02514,51.26922],[-1.02512,51.26923],[-1.02511,51.26924],[-1.02509,51.26925],[-1.02495,51.2693],[-1.0249,51.26932],[-1.02483,51.26934],[-1.0248,51.26934],[-1.02475,51.26935],[-1.02472,51.26936],[-1.02458,51.26937],[-1.02453,51.26938],[-1.02429,51.2694],[-1.02427,51.2694],[-1.02232,51.2694],[-1.02229,51.2694],[-1.02227,51.26938],[-1.02222,51.26933],[-1.02218,51.26929],[-1.02217,51.26927],[-1.02215,51.26925],[-1.02216,51.26909],[-1.02217,51.26906],[-1.02217,51.26902],[-1.02215,51.269],[-1.02213,51.26898],[-1.0221,51.26896],[-1.02203,51.26894],[-1.022,51.26893],[-1.02196,51.26892],[-1.02193,51.26891],[-1.02182,51.26883],[-1.02169,51.26873],[-1.02167,51.26871],[-1.02155,51.26862],[-1.02152,51.2686],[-1.02146,51.26855],[-1.02145,51.26852],[-1.02143,51.26851],[-1.02135,51.2684],[-1.02133,51.26838],[-1.02132,51.26836],[-1.0213,51.26831],[-1.02129,51.26829],[-1.02127,51.26827],[-1.02123,51.26827],[-1.0212,51.26828],[-1.02117,51.26829],[-1.02113,51.2683],[-1.02106,51.26831],[-1.02102,51.26831],[-1.02098,51.26831],[-1.02095,51.2683],[-1.02088,51.26825],[-1.02086,51.26823],[-1.02085,51.26821],[-1.02084,51.26818],[-1.02083,51.26816],[-1.02082,51.26814],[-1.02079,51.26812],[-1.02077,51.26809],[-1.02074,51.26808],[-1.02063,51.26807],[-1.0206,51.26808],[-1.02057,51.26809],[-1.0205,51.26812],[-1.02043,51.26813],[-1.02039,51.26813],[-1.02032,51.26813],[-1.02028,51.26813],[-1.02024,51.26813],[-1.02021,51.26814],[-1.02018,51.26815],[-1.02007,51.26821],[-1.02005,51.26823],[-1.02004,51.26825],[-1.02003,51.26827],[-1.02001,51.2683],[-1.01999,51.26832],[-1.01993,51.26838],[-1.01991,51.2684],[-1.01985,51.26843],[-1.01982,51.26844],[-1.01971,51.26844],[-1.01968,51.26843],[-1.01965,51.26842],[-1.01961,51.26841],[-1.01958,51.2684],[-1.01944,51.26836],[-1.01922,51.26836],[-1.01918,51.26837],[-1.01907,51.26838],[-1.01904,51.26838],[-1.01896,51.26839],[-1.01893,51.26838],[-1.01889,51.26837],[-1.01886,51.26836],[-1.01878,51.26835],[-1.01875,51.26834],[-1.01868,51.26833],[-1.01864,51.26833],[-1.01857,51.26831],[-1.01853,51.2683],[-1.01849,51.2683],[-1.01846,51.26829],[-1.01839,51.26828],[-1.01835,51.26827],[-1.01832,51.26826],[-1.01829,51.26825],[-1.01825,51.26824],[-1.01823,51.26822],[-1.01816,51.2682],[-1.01813,51.26819],[-1.01807,51.26816],[-1.01803,51.26815],[-1.01788,51.26809],[-1.01784,51.26808],[-1.01781,51.26807],[-1.01773,51.26806],[-1.01769,51.26805],[-1.01762,51.26804],[-1.01759,51.26804],[-1.01751,51.26802],[-1.01747,51.26802],[-1.01744,51.26801],[-1.0174,51.268],[-1.01737,51.26799],[-1.01733,51.26798],[-1.0173,51.26797],[-1.01727,51.26796],[-1.01723,51.26795],[-1.0172,51.26794],[-1.01717,51.26793],[-1.01713,51.26792],[-1.0171,51.26791],[-1.01706,51.2679],[-1.01703,51.2679],[-1.01699,51.26789],[-1.01696,51.26788],[-1.01692,51.26787],[-1.01689,51.26786],[-1.01685,51.26785],[-1.01678,51.26784],[-1.01674,51.26783],[-1.01671,51.26783],[-1.01667,51.26782],[-1.01663,51.26781],[-1.0166,51.2678],[-1.01657,51.26779],[-1.01642,51.26771],[-1.01639,51.2677],[-1.01628,51.26764],[-1.01625,51.26763],[-1.01613,51.26757],[-1.0161,51.26755],[-1.01543,51.26727],[-1.01496,51.26711],[-1.01489,51.26708],[-1.01485,51.26707],[-1.01482,51.26706],[-1.01479,51.26705],[-1.01475,51.26705],[-1.01461,51.26705],[-1.01458,51.26706],[-1.01454,51.26706],[-1.01451,51.26707],[-1.01405,51.26708],[-1.01397,51.2671],[-1.01394,51.26711],[-1.0139,51.26712],[-1.01386,51.26712],[-1.01379,51.26714],[-1.01375,51.26714],[-1.01357,51.26714],[-1.01353,51.26713],[-1.01344,51.26713],[-1.0134,51.26714],[-1.01336,51.26716],[-1.01331,51.26718],[-1.01328,51.2672],[-1.01324,51.26722],[-1.0132,51.26725],[-1.01316,51.26726],[-1.01312,51.26729],[-1.01308,51.26731],[-1.01305,51.26733],[-1.01301,51.26736],[-1.01298,51.26738],[-1.01295,51.26741],[-1.01291,51.26743],[-1.01287,51.26745],[-1.01281,51.26746],[-1.01277,51.26747],[-1.01271,51.26748],[-1.01267,51.26749],[-1.01249,51.26754],[-1.01227,51.26764],[-1.01208,51.26775],[-1.01192,51.26788],[-1.01172,51.26804],[-1.01163,51.26813],[-1.01127,51.26859],[-1.01125,51.26866],[-1.01124,51.26868],[-1.01122,51.26882],[-1.01121,51.26884],[-1.01119,51.26886],[-1.01111,51.26891],[-1.01107,51.26892],[-1.01104,51.26893],[-1.011,51.26894],[-1.01096,51.26897],[-1.01089,51.26903],[-1.01088,51.26905],[-1.01086,51.26907],[-1.01086,51.26912],[-1.01088,51.26914],[-1.0109,51.26916],[-1.01091,51.26932],[-1.01089,51.26935],[-1.01066,51.26955],[-1.01063,51.26957],[-1.01058,51.26963],[-1.01055,51.26966],[-1.01051,51.26972],[-1.01049,51.26975],[-1.01047,51.26978],[-1.01046,51.26981],[-1.01044,51.26985],[-1.0104,51.26991],[-1.01038,51.26994],[-1.01037,51.26997],[-1.01035,51.27011],[-1.0104,51.27027],[-1.0104,51.27031],[-1.01041,51.27034],[-1.01041,51.2704],[-1.0104,51.27044],[-1.01038,51.2705],[-1.01037,51.27053],[-1.01034,51.27056],[-1.01032,51.27059],[-1.0103,51.27062],[-1.01017,51.27078],[-1.01011,51.27083],[-1.00998,51.27098],[-1.00982,51.27113],[-1.00974,51.27118],[-1.0097,51.27125],[-1.0096,51.27148],[-1.00958,51.2715],[-1.00955,51.27153],[-1.00951,51.27155],[-1.00946,51.27156],[-1.00936,51.27158],[-1.00931,51.27159],[-1.00926,51.2716],[-1.00892,51.27166],[-1.00887,51.27168],[-1.00877,51.27169],[-1.00873,51.27169],[-1.00862,51.27169],[-1.00856,51.27169],[-1.00815,51.27169],[-1.0081,51.2717],[-1.00806,51.27172],[-1.00783,51.2719],[-1.00773,51.27198],[-1.00757,51.27214],[-1.0075,51.27218],[-1.00735,51.27229],[-1.00723,51.27243],[-1.00709,51.27255],[-1.00698,51.27264],[-1.00691,51.27274],[-1.00687,51.27282],[-1.00687,51.27284]]},"properties":{"k":"river","name":"Lyde River"}},{"type":"Feature","geometry":{"type":"LineString","coordinates":[[-1.1129,51.2989],[-1.11341,51.29868],[-1.11354,51.29856],[-1.11383,51.29818],[-1.11401,51.29815],[-1.11472,51.29804]]},"properties":{"k":"stream","name":""}},{"type":"Feature","geometry":{"type":"LineString","coordinates":[[-0.99539,51.26614],[-0.99622,51.26541],[-0.99628,51.26528]]},"properties":{"k":"canal","name":""}},{"type":"Feature","geometry":{"type":"LineString","coordinates":[[-1.12623,51.32005],[-1.12581,51.31996],[-1.1254,51.31996],[-1.12404,51.32017],[-1.12381,51.32015],[-1.12304,51.32025],[-1.12245,51.32021],[-1.12218,51.32029],[-1.12186,51.32033],[-1.12171,51.32027],[-1.1211,51.32055],[-1.12042,51.32074],[-1.12005,51.32073],[-1.11963,51.32086],[-1.11906,51.32101],[-1.11861,51.32106],[-1.11834,51.32104],[-1.11696,51.32128],[-1.11667,51.32131],[-1.11633,51.32122],[-1.11617,51.32131],[-1.11596,51.32115],[-1.11584,51.32125],[-1.11578,51.32117],[-1.11555,51.32118],[-1.11527,51.32108],[-1.11507,51.321],[-1.11485,51.32095],[-1.11465,51.32108],[-1.11438,51.32115],[-1.11419,51.32107],[-1.11406,51.32116],[-1.11373,51.32107],[-1.11367,51.3212],[-1.11373,51.32135],[-1.1135,51.3214],[-1.11336,51.32147],[-1.11315,51.32138],[-1.11296,51.32137],[-1.11274,51.32151],[-1.11256,51.32143],[-1.11243,51.32142],[-1.11242,51.3215],[-1.1121,51.32148],[-1.11176,51.32158],[-1.11157,51.32153],[-1.11145,51.32145],[-1.11124,51.32153]]},"properties":{"k":"stream","name":""}},{"type":"Feature","geometry":{"type":"LineString","coordinates":[[-1.12245,51.32021],[-1.12261,51.31946],[-1.12282,51.31936],[-1.12327,51.31877],[-1.12361,51.31821],[-1.12366,51.31795],[-1.1237,51.31771],[-1.1239,51.3173],[-1.12385,51.31709],[-1.12395,51.31644],[-1.12456,51.31552],[-1.12476,51.31524],[-1.12521,51.31473],[-1.12544,51.31436],[-1.12551,51.31406],[-1.12543,51.31377],[-1.12531,51.31359],[-1.12502,51.31296],[-1.12463,51.31285],[-1.1247,51.31172],[-1.12484,51.31108],[-1.1248,51.31076],[-1.12464,51.31064],[-1.12475,51.31034],[-1.12533,51.30961],[-1.12537,51.30944],[-1.12563,51.30889],[-1.12586,51.30853],[-1.12586,51.30828]]},"properties":{"k":"stream","name":""}},{"type":"Feature","geometry":{"type":"LineString","coordinates":[[-0.87803,51.28726],[-0.87833,51.28746],[-0.87967,51.2884],[-0.88109,51.28937],[-0.88283,51.29059],[-0.8829,51.29058],[-0.88316,51.29047],[-0.88342,51.29038],[-0.8835,51.29035],[-0.88359,51.29032],[-0.88368,51.2903],[-0.88401,51.29024],[-0.88406,51.29023],[-0.88411,51.29022],[-0.88416,51.29022],[-0.88425,51.2902],[-0.8843,51.29019],[-0.88445,51.29017],[-0.8845,51.29016],[-0.88459,51.29015],[-0.88464,51.29015],[-0.8847,51.29014],[-0.88474,51.29014],[-0.88479,51.29013],[-0.88489,51.29013],[-0.88501,51.29015],[-0.88511,51.29015],[-0.88516,51.29015],[-0.88521,51.29015],[-0.88526,51.29015],[-0.88531,51.29015],[-0.88535,51.29014],[-0.8855,51.29014],[-0.88555,51.29014],[-0.8856,51.29015],[-0.88564,51.29017],[-0.88568,51.29019],[-0.88573,51.2902],[-0.88578,51.29021],[-0.88582,51.29023],[-0.88587,51.29024],[-0.88591,51.29025],[-0.88596,51.29026],[-0.88601,51.29028],[-0.88606,51.29029],[-0.88611,51.2903],[-0.88615,51.29031],[-0.8862,51.29032],[-0.88624,51.29034],[-0.88631,51.29035],[-0.88637,51.29037],[-0.88642,51.29041],[-0.88644,51.29042],[-0.88644,51.29044]]},"properties":{"k":"stream","name":""}},{"type":"Feature","geometry":{"type":"LineString","coordinates":[[-0.83814,51.30259],[-0.8384,51.3026],[-0.8385,51.3026],[-0.83873,51.3026],[-0.83894,51.30262],[-0.83905,51.30262],[-0.83916,51.30263],[-0.83926,51.30263],[-0.83937,51.30264],[-0.83948,51.30264],[-0.83959,51.30268],[-0.83969,51.30271],[-0.83994,51.30279],[-0.84005,51.30281],[-0.84016,51.30282],[-0.84028,51.30282],[-0.84038,51.3028],[-0.84049,51.30277],[-0.84064,51.3027],[-0.84069,51.30264],[-0.84074,51.30258],[-0.84076,51.30252],[-0.8408,51.30245],[-0.84089,51.30242],[-0.841,51.30242],[-0.84109,51.30246],[-0.84119,51.30251],[-0.84128,51.30255],[-0.84138,51.30259],[-0.84144,51.30262],[-0.8415,51.30262],[-0.84155,51.30262],[-0.8416,51.30261],[-0.84164,51.30259],[-0.84168,51.30256],[-0.84172,51.30254],[-0.84176,51.30252],[-0.84181,51.3025],[-0.84186,51.30249],[-0.84191,51.30248],[-0.84197,51.30247],[-0.84202,51.30247],[-0.84229,51.30247],[-0.84235,51.30248],[-0.8424,51.30248],[-0.84246,51.30249],[-0.84257,51.30251],[-0.84262,51.30252],[-0.84268,51.30253],[-0.84279,51.30255],[-0.84285,51.30256],[-0.84291,51.30257],[-0.84296,51.30258],[-0.84301,51.30259],[-0.84307,51.30259],[-0.84313,51.3026],[-0.8432,51.30259],[-0.84326,51.30259],[-0.8433,51.30257],[-0.84333,51.30255],[-0.84334,51.30251],[-0.84334,51.30245],[-0.84333,51.30242],[-0.84332,51.30239],[-0.84331,51.30236],[-0.84331,51.30233],[-0.8433,51.30229],[-0.8433,51.30206],[-0.84331,51.30203],[-0.84333,51.302],[-0.84338,51.30198],[-0.84343,51.30197],[-0.84348,51.30199],[-0.84354,51.302],[-0.84365,51.30202],[-0.8437,51.30202],[-0.84393,51.30202],[-0.84399,51.30202],[-0.84404,51.302],[-0.84409,51.30199],[-0.84415,51.30199],[-0.8442,51.30199],[-0.84426,51.30199],[-0.84431,51.302],[-0.84437,51.30201],[-0.84442,51.30201],[-0.84448,51.30202],[-0.84454,51.30202],[-0.84459,51.30201],[-0.84464,51.302],[-0.8447,51.30199],[-0.84475,51.302],[-0.8448,51.30202],[-0.84494,51.30207],[-0.84499,51.3021],[-0.84505,51.3021],[-0.84515,51.30208],[-0.84519,51.30206],[-0.84525,51.30205],[-0.84529,51.30203],[-0.84533,51.30201],[-0.84537,51.30198],[-0.84541,51.30196],[-0.84544,51.30193],[-0.84547,51.3019],[-0.84551,51.30188],[-0.84555,51.30186],[-0.8456,51.30185],[-0.84565,51.30183],[-0.8457,51.30182],[-0.84574,51.30179],[-0.84578,51.30177],[-0.84583,51.30177],[-0.84594,51.30177],[-0.84599,51.30176],[-0.8461,51.30173],[-0.84615,51.30173],[-0.84621,51.30173],[-0.84627,51.30173],[-0.84632,51.30174],[-0.84638,51.30174],[-0.84643,51.30175],[-0.84646,51.30178],[-0.84646,51.30181],[-0.84647,51.30185],[-0.84649,51.30188],[-0.84652,51.30191],[-0.84657,51.30193],[-0.84663,51.30193],[-0.84668,51.30192],[-0.84672,51.3019],[-0.84679,51.3019],[-0.84684,51.30189],[-0.84689,51.30188],[-0.84695,51.30188],[-0.847,51.30187],[-0.84705,51.30186],[-0.8471,51.30184],[-0.84714,51.30182],[-0.84719,51.3018],[-0.84723,51.30178],[-0.84727,51.30176],[-0.84731,51.30173],[-0.84735,51.30171],[-0.84739,51.30168],[-0.84743,51.30166],[-0.84746,51.30163],[-0.8475,51.30161],[-0.84754,51.30159],[-0.84758,51.30156],[-0.84768,51.30153],[-0.84773,51.30151],[-0.84778,51.3015],[-0.84783,51.30149],[-0.84788,51.30147],[-0.84792,51.30145],[-0.84794,51.30143],[-0.84797,51.3014],[-0.84798,51.30137],[-0.848,51.30133],[-0.84802,51.30131],[-0.84804,51.30127],[-0.84805,51.30124],[-0.84805,51.30121],[-0.84805,51.30117],[-0.84806,51.30114],[-0.84807,51.30111],[-0.84809,51.30108],[-0.84814,51.30106],[-0.8482,51.30106],[-0.84825,51.30106],[-0.84831,51.30106],[-0.84836,51.30107],[-0.84842,51.30108],[-0.84847,51.30108],[-0.84853,51.30109],[-0.84865,51.30109],[-0.8487,51.30109],[-0.84876,51.30108],[-0.84881,51.30108],[-0.84887,51.30106],[-0.84892,51.30106],[-0.84908,51.30101],[-0.84913,51.301],[-0.84918,51.30099],[-0.84923,51.30097],[-0.84926,51.30094],[-0.84927,51.30091],[-0.84929,51.30087],[-0.84932,51.30084],[-0.84935,51.30082],[-0.84938,51.30079],[-0.84942,51.30076],[-0.84947,51.30074],[-0.84951,51.30072],[-0.84956,51.30071],[-0.84961,51.30069],[-0.84964,51.30066],[-0.84968,51.30064],[-0.84973,51.30063],[-0.84979,51.30063],[-0.84984,51.30062],[-0.84989,51.3006],[-0.84994,51.30058],[-0.84998,51.30056],[-0.85003,51.30055],[-0.85008,51.30054],[-0.85014,51.30054],[-0.85019,51.30054],[-0.85025,51.30055],[-0.8503,51.30054],[-0.85035,51.30053],[-0.85039,51.30051],[-0.85051,51.30045],[-0.85055,51.30043],[-0.85063,51.30037],[-0.85071,51.30032],[-0.85076,51.30029],[-0.85084,51.30026],[-0.85089,51.30025],[-0.85098,51.30022],[-0.85103,51.30021],[-0.85109,51.30021],[-0.8512,51.30021],[-0.85126,51.3002],[-0.85131,51.30018],[-0.85136,51.30017],[-0.85141,51.30016],[-0.85147,51.30015],[-0.85152,51.30014],[-0.85158,51.30014],[-0.85163,51.30013],[-0.85169,51.30012],[-0.85174,51.30012],[-0.8518,51.30012],[-0.85186,51.30013],[-0.85196,51.30014],[-0.85204,51.30018],[-0.85213,51.30024],[-0.85226,51.30039],[-0.85232,51.30043],[-0.85236,51.30046],[-0.85239,51.30047],[-0.85242,51.3005],[-0.85247,51.30053],[-0.85251,51.30055],[-0.85255,51.30058],[-0.85259,51.3006],[-0.85263,51.30062],[-0.85268,51.30064],[-0.85273,51.30066],[-0.85285,51.3007],[-0.85305,51.30071],[-0.8531,51.30071],[-0.85315,51.30071],[-0.85346,51.30071],[-0.85351,51.3007],[-0.85357,51.3007],[-0.85367,51.30067],[-0.85372,51.30066],[-0.85377,51.30065],[-0.85382,51.30064],[-0.85393,51.30064],[-0.85398,51.30066],[-0.85401,51.30069],[-0.85405,51.30071],[-0.85411,51.30072],[-0.85416,51.30071],[-0.85434,51.30067],[-0.8544,51.30066],[-0.85445,51.30066],[-0.85451,51.30067],[-0.85456,51.30067],[-0.85461,51.30069],[-0.85467,51.3007],[-0.85472,51.30071],[-0.85477,51.30072],[-0.85483,51.30072],[-0.85489,51.30073],[-0.85495,51.30073],[-0.85512,51.30073],[-0.85524,51.30072],[-0.8553,51.30071],[-0.85535,51.3007],[-0.85546,51.30068],[-0.8557,51.30065],[-0.85576,51.30065],[-0.85582,51.30064],[-0.85593,51.30064],[-0.85598,51.30065],[-0.8561,51.30065],[-0.85621,51.30066],[-0.85626,51.30067],[-0.85632,51.30067],[-0.85637,51.30067],[-0.85647,51.30065],[-0.85653,51.30064],[-0.85657,51.30063],[-0.85663,51.30061],[-0.85668,51.3006],[-0.85673,51.30058],[-0.85678,51.30057],[-0.85683,51.30055],[-0.85687,51.30053],[-0.85693,51.30052],[-0.85698,51.3005],[-0.85703,51.30049],[-0.85708,51.30049],[-0.85713,51.30048],[-0.85719,51.30047],[-0.85725,51.30047],[-0.8573,51.30048],[-0.85735,51.3005],[-0.85739,51.30052],[-0.85743,51.30055],[-0.85745,51.30058],[-0.85748,51.30061],[-0.8575,51.30064],[-0.85754,51.30067],[-0.85757,51.3007],[-0.85761,51.30072],[-0.85765,51.30075],[-0.85769,51.30077],[-0.85777,51.30082],[-0.85781,51.30084],[-0.85784,51.30087],[-0.85786,51.30091],[-0.85786,51.30094],[-0.85785,51.30097],[-0.85784,51.301],[-0.85781,51.30103],[-0.85779,51.30106],[-0.85776,51.30109],[-0.85768,51.30116],[-0.85768,51.30119],[-0.85769,51.30122],[-0.85774,51.30124],[-0.8578,51.30125],[-0.85785,51.30126],[-0.85791,51.30127],[-0.85795,51.30129],[-0.858,51.30131],[-0.85801,51.30134],[-0.85801,51.30147],[-0.85802,51.30151],[-0.85803,51.30154],[-0.85805,51.30157],[-0.85808,51.3016],[-0.85811,51.30163],[-0.85814,51.30166],[-0.85817,51.30168],[-0.85821,51.30171],[-0.85826,51.30173],[-0.85832,51.30174],[-0.85837,51.30175],[-0.85843,51.30175],[-0.8585,51.30177],[-0.85854,51.30179],[-0.85858,51.30182],[-0.85861,51.30184],[-0.85864,51.30188],[-0.85867,51.30191],[-0.85871,51.30193],[-0.85875,51.30196],[-0.8588,51.30198],[-0.85885,51.30199],[-0.85891,51.30198],[-0.85895,51.30196],[-0.85899,51.30194],[-0.85905,51.30194],[-0.85909,51.30196],[-0.85911,51.30199],[-0.85911,51.30202],[-0.85911,51.30206],[-0.85908,51.30209],[-0.85905,51.30211],[-0.85902,51.30214],[-0.859,51.30217],[-0.85896,51.3022],[-0.85894,51.30222],[-0.85894,51.30226],[-0.85896,51.30229],[-0.85901,51.3023],[-0.85906,51.30232],[-0.85911,51.30232],[-0.85917,51.30233],[-0.85923,51.30233],[-0.85928,51.30234],[-0.85934,51.30234],[-0.85939,51.30235],[-0.85945,51.30236],[-0.8595,51.30237],[-0.85954,51.30239],[-0.85959,51.30242],[-0.85963,51.30244],[-0.85973,51.30246],[-0.85993,51.30252],[-0.85999,51.30255],[-0.86004,51.30256],[-0.86009,51.30259],[-0.86014,51.30261],[-0.86018,51.30263],[-0.86022,51.30266],[-0.86027,51.30268],[-0.86031,51.3027],[-0.86036,51.30272],[-0.86041,51.30273],[-0.86046,51.30274],[-0.86052,51.30275],[-0.86057,51.30276],[-0.86061,51.30278],[-0.86066,51.3028],[-0.86069,51.30283],[-0.86072,51.30286],[-0.86077,51.30288],[-0.86082,51.30289],[-0.86086,51.30291],[-0.86088,51.30294],[-0.8609,51.30297],[-0.86092,51.303],[-0.86097,51.30302],[-0.86102,51.30303],[-0.86108,51.30303],[-0.86113,51.30303],[-0.86119,51.30303],[-0.86124,51.30301],[-0.86128,51.30299],[-0.86133,51.30297],[-0.86137,51.30294],[-0.8614,51.30292],[-0.86149,51.30288],[-0.86153,51.30285],[-0.86158,51.30284],[-0.86163,51.30285],[-0.86166,51.30287],[-0.86167,51.30291],[-0.86168,51.30294],[-0.86169,51.30298],[-0.86171,51.30301],[-0.86174,51.30304],[-0.86177,51.30306],[-0.86182,51.30309],[-0.86185,51.30312],[-0.86191,51.30315],[-0.86195,51.30317],[-0.862,51.30319],[-0.86205,51.30319],[-0.86211,51.30318],[-0.86216,51.30317],[-0.86219,51.30314],[-0.86221,51.30311],[-0.86223,51.30308],[-0.86225,51.30305],[-0.86228,51.30302],[-0.86231,51.30299],[-0.86235,51.30297],[-0.86241,51.30298],[-0.86256,51.30302],[-0.86262,51.30302],[-0.86267,51.30301],[-0.86272,51.30299],[-0.86277,51.30298],[-0.86282,51.30297],[-0.86288,51.30297],[-0.86293,51.30298],[-0.86299,51.30299],[-0.86304,51.30299],[-0.86309,51.30298],[-0.86317,51.30295],[-0.86322,51.30293],[-0.86328,51.30293],[-0.86333,51.30293],[-0.86337,51.30296],[-0.86339,51.30299],[-0.86345,51.303],[-0.8635,51.30302],[-0.86355,51.30303],[-0.86358,51.30306],[-0.86361,51.30309],[-0.86364,51.30312],[-0.86368,51.30315],[-0.86376,51.3032],[-0.8638,51.30322],[-0.86385,51.30324],[-0.86389,51.30326],[-0.86395,51.30327],[-0.86401,51.30328],[-0.86406,51.30329],[-0.86411,51.3033],[-0.86417,51.3033],[-0.86428,51.30331],[-0.86433,51.30332],[-0.86439,51.30333],[-0.86444,51.30333],[-0.8645,51.30333],[-0.86455,51.30333],[-0.86461,51.30333],[-0.86466,51.30333],[-0.86471,51.30334],[-0.86477,51.30335],[-0.86482,51.30335],[-0.86488,51.30335],[-0.865,51.30336],[-0.86512,51.30336],[-0.86518,51.30336],[-0.86523,51.30337],[-0.86527,51.30339],[-0.86532,51.30341],[-0.86534,51.30345],[-0.86535,51.30348],[-0.86536,51.30351],[-0.86537,51.30354],[-0.86538,51.30357],[-0.8654,51.30361],[-0.86543,51.30364],[-0.86545,51.30367],[-0.86548,51.3037],[-0.86552,51.30373],[-0.86556,51.30375],[-0.86562,51.30376],[-0.86567,51.30377],[-0.86573,51.30378],[-0.86578,51.30379],[-0.86584,51.3038],[-0.8659,51.3038],[-0.86602,51.30378],[-0.86606,51.30376],[-0.86612,51.30375],[-0.86617,51.30374],[-0.86621,51.30372],[-0.86626,51.3037],[-0.8663,51.30368],[-0.86634,51.30366],[-0.86639,51.30364],[-0.86644,51.30363],[-0.86649,51.30362],[-0.86655,51.30361],[-0.8666,51.3036],[-0.86666,51.3036],[-0.86672,51.30363],[-0.86676,51.30365],[-0.86682,51.30366],[-0.86687,51.30366],[-0.86691,51.30363],[-0.86692,51.3036],[-0.86693,51.30356],[-0.86694,51.30353],[-0.86694,51.30347],[-0.86696,51.30344],[-0.86701,51.30342],[-0.86712,51.30342],[-0.86718,51.30343],[-0.86723,51.30343],[-0.86729,51.30343],[-0.8674,51.30343],[-0.86745,51.30343],[-0.86751,51.30343],[-0.86757,51.30343],[-0.86762,51.30344],[-0.86766,51.30347],[-0.86768,51.3035],[-0.86769,51.30354],[-0.86769,51.30357],[-0.86771,51.3036],[-0.86773,51.30363],[-0.86773,51.30367],[-0.86772,51.3037],[-0.8677,51.30373],[-0.86769,51.30376],[-0.86771,51.3038],[-0.86775,51.30382],[-0.86779,51.30385],[-0.86784,51.30387],[-0.8679,51.30388],[-0.86795,51.3039],[-0.868,51.30391],[-0.86816,51.30394],[-0.86822,51.30393],[-0.86827,51.30392],[-0.86831,51.3039],[-0.86836,51.30388],[-0.8684,51.30386],[-0.86846,51.30386],[-0.86851,51.30386],[-0.86857,51.30386],[-0.8687,51.30389],[-0.86876,51.30389],[-0.86881,51.3039],[-0.86887,51.3039],[-0.86892,51.30391],[-0.86896,51.30393],[-0.86901,51.30395],[-0.86907,51.30395],[-0.86913,51.30395],[-0.86918,51.30395],[-0.86924,51.30395],[-0.86935,51.30394],[-0.8694,51.30394],[-0.8695,51.30396],[-0.86955,51.30397],[-0.86967,51.30399],[-0.86972,51.304],[-0.86978,51.30401],[-0.86983,51.30402],[-0.86989,51.30402],[-0.87006,51.30402],[-0.87011,51.30401],[-0.87017,51.30401],[-0.87022,51.30401],[-0.87027,51.30403],[-0.87036,51.30406],[-0.87049,51.30412],[-0.87053,51.30414],[-0.87058,51.30416],[-0.87063,51.30417],[-0.87068,51.30419],[-0.87073,51.3042],[-0.87079,51.30422],[-0.87084,51.30424],[-0.87089,51.30426],[-0.87093,51.30428],[-0.87098,51.30431],[-0.87103,51.30433],[-0.87108,51.30435],[-0.8712,51.30435],[-0.87131,51.30434],[-0.87137,51.30434],[-0.87142,51.30435],[-0.87146,51.30437],[-0.87151,51.30439],[-0.87155,51.30442],[-0.87158,51.30444],[-0.87161,51.30448],[-0.87164,51.30451],[-0.87167,51.30453],[-0.87171,51.30456],[-0.87176,51.30458],[-0.87181,51.30459],[-0.87186,51.3046],[-0.87192,51.3046],[-0.87204,51.30462],[-0.87209,51.30464],[-0.87214,51.30466],[-0.87217,51.30469],[-0.87219,51.30472],[-0.8722,51.30475],[-0.87223,51.30496],[-0.87225,51.30499],[-0.87227,51.30502],[-0.8723,51.30505],[-0.87235,51.30511],[-0.87238,51.30514],[-0.87265,51.30524],[-0.8727,51.30527],[-0.87274,51.30529],[-0.87278,51.30531],[-0.87281,51.30534],[-0.87286,51.30536],[-0.87292,51.30542],[-0.87294,51.30545],[-0.87295,51.30548],[-0.87292,51.30551],[-0.87283,51.30554],[-0.8728,51.30557],[-0.87279,51.3056],[-0.87284,51.30563],[-0.87289,51.30563],[-0.87295,51.30563],[-0.873,51.30563],[-0.87305,51.30562],[-0.8731,51.30561],[-0.87315,51.30559],[-0.8732,51.30561],[-0.87322,51.30564],[-0.87322,51.30567],[-0.8732,51.3057],[-0.8732,51.30578],[-0.8732,51.30581],[-0.87322,51.30584],[-0.87324,51.30588],[-0.87326,51.30591],[-0.87329,51.30597],[-0.87331,51.30601],[-0.87335,51.30603],[-0.8734,51.30604],[-0.87346,51.30605],[-0.87351,51.30606],[-0.87357,51.30606],[-0.87362,51.30604],[-0.87366,51.30602],[-0.87371,51.30602],[-0.87375,51.30604],[-0.87378,51.30607],[-0.87381,51.3061],[-0.87383,51.30613],[-0.87385,51.30616],[-0.87387,51.30619],[-0.87389,51.30622],[-0.87394,51.30625],[-0.87399,51.30625],[-0.8741,51.30625],[-0.87415,51.30625],[-0.87421,51.30625],[-0.87427,51.30626],[-0.87432,51.30628],[-0.87437,51.30629],[-0.87443,51.30629],[-0.87453,51.30629],[-0.87459,51.3063],[-0.87464,51.30631],[-0.8747,51.30632],[-0.87475,51.30633],[-0.8748,51.30634],[-0.87486,51.30635],[-0.87497,51.30634],[-0.87502,51.30633],[-0.87508,51.30633],[-0.87513,51.30632],[-0.87519,51.30632],[-0.87524,51.30632],[-0.8753,51.30632],[-0.87535,51.30634],[-0.87537,51.30637],[-0.87537,51.3064],[-0.87535,51.30644],[-0.87531,51.30647],[-0.87527,51.30649],[-0.87523,51.30651],[-0.87519,51.30652],[-0.87515,51.30654],[-0.87511,51.30656],[-0.87505,51.30662],[-0.87502,51.30665],[-0.875,51.30668],[-0.87497,51.30674],[-0.87496,51.30677],[-0.87496,51.30681],[-0.87495,51.30684],[-0.87497,51.30687],[-0.875,51.3069],[-0.87504,51.30693],[-0.87509,51.30695],[-0.87514,51.30696],[-0.87519,51.30697],[-0.87524,51.30699],[-0.87529,51.30701],[-0.87531,51.30704],[-0.87533,51.30708],[-0.87538,51.3071],[-0.8755,51.30714],[-0.87555,51.30716],[-0.8756,51.30718],[-0.87565,51.30719],[-0.8757,51.30721],[-0.87578,51.30727],[-0.87584,51.30727],[-0.87589,51.30728],[-0.87595,51.30729],[-0.87601,51.3073],[-0.87606,51.3073],[-0.87612,51.30731],[-0.87617,51.30733],[-0.87622,51.30734],[-0.87627,51.30735],[-0.87633,51.30736],[-0.87639,51.30737],[-0.87649,51.30739],[-0.87655,51.3074],[-0.8766,51.30741],[-0.87666,51.30742],[-0.87671,51.30742],[-0.87676,51.30743],[-0.87682,51.30743],[-0.87692,51.30745]]},"properties":{"k":"stream","name":"Minley Brook"}},{"type":"Feature","geometry":{"type":"LineString","coordinates":[[-0.99484,51.34602],[-0.99498,51.34613],[-0.99513,51.34627],[-0.99515,51.34636],[-0.99502,51.34677],[-0.99473,51.34728],[-0.99443,51.3477],[-0.99408,51.348],[-0.99332,51.34863],[-0.99303,51.34887],[-0.99229,51.34925],[-0.99148,51.34957],[-0.99094,51.3498],[-0.99064,51.34984]]},"properties":{"k":"river","name":"River Loddon"}},{"type":"Feature","geometry":{"type":"LineString","coordinates":[[-0.94813,51.3748],[-0.94855,51.37479],[-0.94881,51.37484],[-0.9491,51.37477],[-0.94954,51.37493],[-0.95005,51.37491],[-0.95045,51.37479],[-0.95072,51.37475],[-0.95171,51.37514],[-0.95191,51.37569],[-0.95211,51.37586],[-0.95202,51.37623],[-0.95233,51.37663],[-0.95221,51.37715],[-0.95184,51.37763],[-0.95195,51.37802],[-0.95177,51.37821]]},"properties":{"k":"river","name":"Whitewater Stream"}},{"type":"Feature","geometry":{"type":"LineString","coordinates":[[-1.01607,51.25528],[-1.0161,51.25557],[-1.01616,51.25565],[-1.01606,51.25599],[-1.01596,51.25616],[-1.01593,51.2562],[-1.0159,51.25626],[-1.01588,51.2563],[-1.01584,51.25634]]},"properties":{"k":"stream","name":""}},{"type":"Feature","geometry":{"type":"LineString","coordinates":[[-1.23932,51.24579],[-1.23934,51.246],[-1.23938,51.2461],[-1.23946,51.24622],[-1.23958,51.24629],[-1.23989,51.24643],[-1.2401,51.24651],[-1.2403,51.24655],[-1.24055,51.24662],[-1.24072,51.24665],[-1.24083,51.24665],[-1.24099,51.24661],[-1.24119,51.24656],[-1.24138,51.24656],[-1.24154,51.24659],[-1.24174,51.24665],[-1.2419,51.24676],[-1.24217,51.24693],[-1.24246,51.24709],[-1.24262,51.24719],[-1.24268,51.24725],[-1.24271,51.2473],[-1.24271,51.24737],[-1.24271,51.24742],[-1.24274,51.24747],[-1.24284,51.24756],[-1.24296,51.24771],[-1.24315,51.24798],[-1.24319,51.24802],[-1.24323,51.24804],[-1.24333,51.24805],[-1.24369,51.24805],[-1.24403,51.24806],[-1.24426,51.24804],[-1.24446,51.24802],[-1.24466,51.24802],[-1.24485,51.24804],[-1.245,51.24807],[-1.24524,51.24815],[-1.24547,51.24826],[-1.24562,51.24835],[-1.24578,51.24846],[-1.24594,51.2486],[-1.24606,51.24871],[-1.24626,51.24883],[-1.24635,51.24891],[-1.24641,51.24896],[-1.2465,51.24908],[-1.24655,51.24919],[-1.24658,51.24929],[-1.24658,51.24943],[-1.24657,51.24951],[-1.24651,51.24973],[-1.24647,51.24994],[-1.24637,51.25034],[-1.24635,51.25044],[-1.24633,51.25049],[-1.24629,51.25054],[-1.24566,51.25093],[-1.24546,51.25106],[-1.24542,51.25111],[-1.2454,51.25116],[-1.24539,51.2512],[-1.24536,51.25123],[-1.24528,51.25126]]},"properties":{"k":"stream","name":"River Test"}},{"type":"Feature","geometry":{"type":"LineString","coordinates":[[-1.23891,51.24332],[-1.23913,51.24334],[-1.23928,51.24336],[-1.23943,51.24341],[-1.23954,51.24346],[-1.23966,51.24357],[-1.23973,51.24364],[-1.23982,51.2437],[-1.23986,51.24375],[-1.23987,51.2438],[-1.23988,51.24387],[-1.2399,51.24394],[-1.23992,51.24405],[-1.23994,51.24413],[-1.23993,51.24418],[-1.23991,51.24429],[-1.23992,51.24434],[-1.23993,51.2444],[-1.23993,51.24451],[-1.23989,51.24467],[-1.23982,51.24485],[-1.23975,51.245],[-1.23969,51.24507],[-1.23966,51.24511]]},"properties":{"k":"ditch","name":""}},{"type":"Feature","geometry":{"type":"LineString","coordinates":[[-0.97398,51.24838],[-0.9739,51.24858],[-0.97382,51.24875],[-0.97394,51.24893],[-0.97382,51.24907],[-0.97378,51.24918],[-0.97366,51.24932],[-0.97375,51.24948],[-0.97416,51.24966],[-0.97426,51.24977],[-0.97423,51.24987],[-0.97422,51.24996],[-0.97412,51.25001],[-0.97408,51.25007],[-0.97411,51.25032],[-0.97403,51.25044],[-0.97392,51.25069]]},"properties":{"k":"stream","name":""}},{"type":"Feature","geometry":{"type":"LineString","coordinates":[[-1.03164,51.26453],[-1.03121,51.26479],[-1.03087,51.26536],[-1.03068,51.26558]]},"properties":{"k":"river","name":"Lyde River"}},{"type":"Feature","geometry":{"type":"LineString","coordinates":[[-1.07266,51.26688],[-1.07267,51.26683],[-1.07232,51.26683],[-1.07146,51.26682],[-1.07123,51.26685],[-1.07098,51.26691],[-1.07094,51.26692],[-1.07085,51.26695],[-1.07068,51.26704],[-1.07046,51.26718]]},"properties":{"k":"stream","name":"River Loddon"}},{"type":"Feature","geometry":{"type":"LineString","coordinates":[[-1.28282,51.3333],[-1.28253,51.33329],[-1.28235,51.33339],[-1.28229,51.33358],[-1.28199,51.33361],[-1.28168,51.33372],[-1.28122,51.33383],[-1.28082,51.33402],[-1.28058,51.33424],[-1.28049,51.33439],[-1.28036,51.33473],[-1.28018,51.33492],[-1.2796,51.33511],[-1.27916,51.33528],[-1.27877,51.33532],[-1.27828,51.33538],[-1.27794,51.33538],[-1.27784,51.33548],[-1.27766,51.3355],[-1.27718,51.3357],[-1.2767,51.33596],[-1.27636,51.33621],[-1.27623,51.33641],[-1.27598,51.33669],[-1.27577,51.33684],[-1.27566,51.33694],[-1.27536,51.3371],[-1.27533,51.33718],[-1.27522,51.33724],[-1.27517,51.33741],[-1.27495,51.33754],[-1.27481,51.33765],[-1.27457,51.33769],[-1.27433,51.3378],[-1.27424,51.3379],[-1.27396,51.33816],[-1.27387,51.33823],[-1.27371,51.33827],[-1.27369,51.33837],[-1.27347,51.33848],[-1.27343,51.33858],[-1.27311,51.33864],[-1.27299,51.33877],[-1.27281,51.33885],[-1.27272,51.33911],[-1.27256,51.33915],[-1.27256,51.33928],[-1.27227,51.33953],[-1.27219,51.3397],[-1.27206,51.33977],[-1.27203,51.33989]]},"properties":{"k":"stream","name":""}},{"type":"Feature","geometry":{"type":"LineString","coordinates":[[-1.10644,51.26501],[-1.10644,51.26494]]},"properties":{"k":"stream","name":""}},{"type":"Feature","geometry":{"type":"LineString","coordinates":[[-1.09789,51.26556],[-1.09769,51.26558],[-1.09756,51.26567],[-1.09737,51.26572]]},"properties":{"k":"stream","name":"River Loddon"}},{"type":"Feature","geometry":{"type":"LineString","coordinates":[[-1.0699,51.26763],[-1.06984,51.26769],[-1.06952,51.26778]]},"properties":{"k":"stream","name":"River Loddon"}},{"type":"Feature","geometry":{"type":"LineString","coordinates":[[-1.06629,51.26889],[-1.06619,51.26888],[-1.06616,51.26889],[-1.06609,51.26889],[-1.06601,51.26884],[-1.06554,51.26892],[-1.06499,51.26913],[-1.06485,51.26912],[-1.06424,51.26919],[-1.06401,51.26918],[-1.06386,51.26921],[-1.06371,51.26919],[-1.06357,51.2692],[-1.06349,51.26919],[-1.06326,51.26906],[-1.06319,51.26903],[-1.06311,51.26903]]},"properties":{"k":"stream","name":"River Loddon"}},{"type":"Feature","geometry":{"type":"LineString","coordinates":[[-1.12851,51.26252],[-1.12704,51.26247],[-1.12647,51.26261]]},"properties":{"k":"stream","name":""}},{"type":"Feature","geometry":{"type":"LineString","coordinates":[[-1.06649,51.26876],[-1.06633,51.26886],[-1.06629,51.26889],[-1.06619,51.26895],[-1.06619,51.26904],[-1.0654,51.26919],[-1.06501,51.26933],[-1.06422,51.26933],[-1.06418,51.26933],[-1.06382,51.26936],[-1.06351,51.26932],[-1.06329,51.26926],[-1.06311,51.26903],[-1.06294,51.26887],[-1.06267,51.26881],[-1.06247,51.26861],[-1.062,51.26848],[-1.06144,51.26805],[-1.06108,51.2677],[-1.06069,51.26787],[-1.06049,51.26795],[-1.0604,51.268],[-1.06034,51.26809],[-1.06015,51.26798]]},"properties":{"k":"stream","name":"River Loddon"}},{"type":"Feature","geometry":{"type":"LineString","coordinates":[[-1.11637,51.26446],[-1.11578,51.26446],[-1.11409,51.26468],[-1.11271,51.26486]]},"properties":{"k":"stream","name":""}},{"type":"Feature","geometry":{"type":"LineString","coordinates":[[-1.10186,51.26515],[-1.10175,51.2652],[-1.10063,51.26533],[-1.10053,51.26539]]},"properties":{"k":"stream","name":"River Loddon"}},{"type":"Feature","geometry":{"type":"LineString","coordinates":[[-1.06625,51.26878],[-1.0659,51.26855],[-1.06565,51.26838],[-1.06507,51.26811],[-1.06437,51.26807],[-1.06424,51.26806],[-1.06379,51.26806],[-1.06361,51.26823],[-1.06351,51.26832],[-1.06317,51.26821],[-1.06305,51.2682],[-1.06287,51.26822],[-1.06266,51.26818],[-1.06245,51.26824],[-1.06227,51.26822],[-1.06204,51.26812],[-1.06199,51.26808],[-1.06184,51.26806],[-1.06144,51.26805]]},"properties":{"k":"stream","name":"River Loddon"}},{"type":"Feature","geometry":{"type":"LineString","coordinates":[[-1.12655,51.26199],[-1.12628,51.26209],[-1.1262,51.26215],[-1.12592,51.26228]]},"properties":{"k":"stream","name":""}},{"type":"Feature","geometry":{"type":"LineString","coordinates":[[-1.06858,51.26791],[-1.06814,51.26802],[-1.06772,51.26816],[-1.06724,51.26836]]},"properties":{"k":"stream","name":"River Loddon"}},{"type":"Feature","geometry":{"type":"LineString","coordinates":[[-1.09076,51.26551],[-1.09064,51.26562],[-1.09046,51.26567],[-1.0899,51.26577],[-1.08948,51.26578],[-1.08937,51.26581],[-1.08922,51.26588],[-1.08913,51.26599]]},"properties":{"k":"stream","name":""}},{"type":"Feature","geometry":{"type":"LineString","coordinates":[[-1.1254,51.26227],[-1.12485,51.26256],[-1.12422,51.26281],[-1.12417,51.26283],[-1.12366,51.26302],[-1.1233,51.26313],[-1.12286,51.26326]]},"properties":{"k":"stream","name":""}},{"type":"Feature","geometry":{"type":"LineString","coordinates":[[-1.09737,51.26572],[-1.09731,51.26573]]},"properties":{"k":"stream","name":"River Loddon"}},{"type":"Feature","geometry":{"type":"LineString","coordinates":[[-1.09731,51.26573],[-1.09679,51.26572]]},"properties":{"k":"stream","name":"River Loddon"}},{"type":"Feature","geometry":{"type":"LineString","coordinates":[[-0.99348,51.36983],[-0.99321,51.37001],[-0.99287,51.37022],[-0.99266,51.37031],[-0.99242,51.37043],[-0.99215,51.37051],[-0.99172,51.37062],[-0.99144,51.37071],[-0.99098,51.37082],[-0.99032,51.37099],[-0.99002,51.3711],[-0.98959,51.37123],[-0.98929,51.37131],[-0.98896,51.37139],[-0.98845,51.3715],[-0.98778,51.37165],[-0.98747,51.37172],[-0.98694,51.37189],[-0.98655,51.37203],[-0.9862,51.37216],[-0.98604,51.37224],[-0.98561,51.37233],[-0.98519,51.37243],[-0.98493,51.37252],[-0.98464,51.37266],[-0.9843,51.37291],[-0.98391,51.37318],[-0.98351,51.37344],[-0.98342,51.37356],[-0.98331,51.37374],[-0.98321,51.37383],[-0.98309,51.37394],[-0.98299,51.37408],[-0.98297,51.37411],[-0.98298,51.37418],[-0.98295,51.37423],[-0.98283,51.37437],[-0.98267,51.3746],[-0.98259,51.37472],[-0.98242,51.37493],[-0.98213,51.3752],[-0.98206,51.37524],[-0.98198,51.37531],[-0.98194,51.37536],[-0.98186,51.37548],[-0.98178,51.37562],[-0.98175,51.37564],[-0.98169,51.37563],[-0.98162,51.37562],[-0.98158,51.37564],[-0.98148,51.37569],[-0.98143,51.37569],[-0.98137,51.37566],[-0.98123,51.37559],[-0.98107,51.37549],[-0.98093,51.37542],[-0.98085,51.37536],[-0.98082,51.37532],[-0.98079,51.37527],[-0.98077,51.37521],[-0.98075,51.37517],[-0.98071,51.37513],[-0.98065,51.37509],[-0.98053,51.37503]]},"properties":{"k":"stream","name":""}},{"type":"Feature","geometry":{"type":"LineString","coordinates":[[-0.98772,51.3611],[-0.98735,51.36144],[-0.98696,51.36196],[-0.98695,51.36208],[-0.98698,51.36218],[-0.98714,51.36236],[-0.98727,51.36242],[-0.98727,51.36247],[-0.98705,51.36257],[-0.98666,51.36264],[-0.98624,51.36279],[-0.98617,51.36281],[-0.98623,51.36293],[-0.98621,51.36305],[-0.98616,51.36311]]},"properties":{"k":"stream","name":""}},{"type":"Feature","geometry":{"type":"LineString","coordinates":[[-0.98554,51.36244],[-0.98554,51.36258],[-0.9857,51.36285],[-0.98584,51.36304],[-0.98603,51.36327],[-0.98612,51.36336]]},"properties":{"k":"stream","name":""}},{"type":"Feature","geometry":{"type":"LineString","coordinates":[[-1.01579,51.25653],[-1.01575,51.25663]]},"properties":{"k":"stream","name":""}},{"type":"Feature","geometry":{"type":"LineString","coordinates":[[-1.01575,51.25663],[-1.01565,51.25667],[-1.01558,51.25672],[-1.01553,51.2568],[-1.01551,51.25689],[-1.01547,51.25702],[-1.01545,51.25715],[-1.01541,51.25728],[-1.01538,51.25738],[-1.01534,51.25747],[-1.01535,51.25752],[-1.01536,51.2576],[-1.01539,51.25766],[-1.0155,51.25781],[-1.01555,51.2579],[-1.01561,51.25803],[-1.01564,51.25814],[-1.01569,51.25833],[-1.0157,51.25843],[-1.01573,51.25862],[-1.01575,51.25881],[-1.01578,51.25894],[-1.01581,51.25911]]},"properties":{"k":"stream","name":""}},{"type":"Feature","geometry":{"type":"LineString","coordinates":[[-1.01581,51.25911],[-1.01571,51.25913]]},"properties":{"k":"stream","name":""}},{"type":"Feature","geometry":{"type":"LineString","coordinates":[[-1.01571,51.25913],[-1.01564,51.25923],[-1.01563,51.25931],[-1.01567,51.25943],[-1.01563,51.25951],[-1.01559,51.25956],[-1.01561,51.25975],[-1.01563,51.25984],[-1.01561,51.25991],[-1.01553,51.26007],[-1.01544,51.26024],[-1.0154,51.26036],[-1.01538,51.26046],[-1.01531,51.26062],[-1.01527,51.26072],[-1.01508,51.26079],[-1.015,51.26093],[-1.01497,51.26111]]},"properties":{"k":"stream","name":""}},{"type":"Feature","geometry":{"type":"LineString","coordinates":[[-0.90708,51.35972],[-0.90727,51.35982],[-0.90784,51.35997],[-0.90819,51.36001],[-0.90867,51.36008],[-0.90885,51.36012],[-0.90895,51.36016],[-0.90903,51.3602],[-0.90911,51.36025],[-0.90949,51.36059],[-0.90969,51.36078],[-0.90974,51.36082],[-0.90981,51.36085],[-0.90988,51.36088],[-0.90998,51.36091],[-0.91008,51.36093],[-0.91016,51.36094],[-0.91068,51.36099],[-0.91112,51.36104],[-0.9112,51.36105],[-0.9113,51.36104],[-0.91145,51.36103],[-0.91182,51.36095],[-0.91211,51.36092],[-0.91237,51.36092],[-0.9128,51.36091],[-0.91355,51.3609],[-0.9137,51.36089],[-0.91398,51.36083],[-0.91402,51.36083],[-0.91409,51.36083],[-0.91417,51.36084],[-0.91425,51.36087],[-0.91439,51.36092],[-0.91444,51.36093],[-0.91449,51.36093],[-0.91454,51.36093],[-0.91464,51.36091],[-0.91485,51.36083],[-0.91492,51.3608],[-0.91498,51.36078],[-0.91505,51.36078],[-0.9151,51.36078],[-0.91514,51.36079],[-0.91518,51.3608],[-0.91523,51.36083],[-0.91525,51.36088],[-0.91526,51.36094],[-0.91527,51.36097],[-0.91529,51.36099],[-0.91533,51.36101],[-0.91538,51.36103],[-0.91548,51.36105],[-0.91569,51.36106],[-0.91578,51.36105],[-0.91584,51.36106],[-0.9159,51.36108],[-0.91597,51.36112],[-0.91605,51.36118],[-0.91628,51.36131],[-0.91648,51.36138],[-0.91661,51.36145],[-0.91668,51.36148],[-0.917,51.36172],[-0.91725,51.36187],[-0.91743,51.36197],[-0.91783,51.36223],[-0.91788,51.36227],[-0.91791,51.3623],[-0.91792,51.36233],[-0.91793,51.36237],[-0.9179,51.36249],[-0.91791,51.36254],[-0.91792,51.36258],[-0.91796,51.36263],[-0.918,51.36267],[-0.91805,51.3627],[-0.9182,51.36278],[-0.91826,51.36282],[-0.91835,51.3629],[-0.91842,51.36307],[-0.91842,51.36312],[-0.91839,51.36318],[-0.91828,51.36328],[-0.91823,51.36332],[-0.91817,51.36336],[-0.91781,51.36349],[-0.91764,51.36358],[-0.91764,51.36365],[-0.91764,51.36368],[-0.91772,51.36384],[-0.91775,51.36394],[-0.91775,51.36402],[-0.91773,51.36441],[-0.91774,51.36447],[-0.91777,51.36456]]},"properties":{"k":"river","name":"River Blackwater"}},{"type":"Feature","geometry":{"type":"LineString","coordinates":[[-0.84772,51.35253],[-0.84833,51.35287],[-0.84851,51.35294],[-0.8486,51.35297],[-0.8488,51.35301],[-0.84904,51.35303],[-0.84928,51.35306],[-0.84958,51.35309],[-0.84995,51.35303],[-0.85002,51.35304],[-0.85011,51.35305],[-0.85019,51.35309],[-0.85023,51.35314],[-0.85024,51.35316],[-0.85024,51.35329],[-0.85032,51.3535],[-0.85038,51.35355],[-0.8506,51.35369],[-0.85121,51.35398],[-0.85142,51.35403],[-0.85176,51.35402],[-0.85182,51.35402],[-0.85192,51.35403],[-0.85224,51.35409],[-0.85254,51.35412],[-0.85254,51.35412],[-0.85326,51.35423],[-0.85361,51.35425],[-0.85372,51.35425],[-0.85378,51.35423],[-0.85383,51.35421],[-0.85396,51.35413],[-0.85399,51.35409],[-0.854,51.35405],[-0.85407,51.35397],[-0.85411,51.35394],[-0.85418,51.35391],[-0.85423,51.3539],[-0.85429,51.35389],[-0.85437,51.3539],[-0.85446,51.35392],[-0.8547,51.35393],[-0.85504,51.3539],[-0.85541,51.3539],[-0.85568,51.35388],[-0.85592,51.35385],[-0.85642,51.35384],[-0.8568,51.35388],[-0.85694,51.35389],[-0.85706,51.35389],[-0.85746,51.35385],[-0.85772,51.35387],[-0.85791,51.35391],[-0.85839,51.35408],[-0.85861,51.35411],[-0.85874,51.35411],[-0.85883,51.35412],[-0.85899,51.35417],[-0.85913,51.35419],[-0.8592,51.35419],[-0.86013,51.35412],[-0.86084,51.35413],[-0.86138,51.35415],[-0.86213,51.35423],[-0.86239,51.35425],[-0.863,51.35427],[-0.86314,51.35425],[-0.86367,51.35415],[-0.86376,51.35415],[-0.86383,51.35415],[-0.86459,51.35423],[-0.86468,51.35426],[-0.86478,51.35427],[-0.86485,51.35426],[-0.86491,51.35425],[-0.86529,51.35411],[-0.86555,51.35392],[-0.86563,51.35388],[-0.8657,51.35387],[-0.86577,51.35386],[-0.86583,51.35385],[-0.86589,51.35386],[-0.86597,51.35387],[-0.86619,51.35398],[-0.86632,51.35402],[-0.86638,51.35405],[-0.86645,51.35409],[-0.86651,51.35414],[-0.86659,51.35422],[-0.86665,51.35426],[-0.86676,51.35428],[-0.86684,51.35428],[-0.86695,51.35427],[-0.86713,51.35425],[-0.8672,51.35425],[-0.86727,51.35426],[-0.86732,51.35428],[-0.86737,51.35431],[-0.86741,51.35435],[-0.86746,51.35445],[-0.8675,51.3545],[-0.86759,51.35457],[-0.86782,51.35466],[-0.86797,51.3547],[-0.86812,51.35474],[-0.86823,51.35474],[-0.8688,51.35448],[-0.86888,51.35443],[-0.8689,51.3544],[-0.86891,51.35437],[-0.86894,51.35426],[-0.86894,51.3542],[-0.86894,51.35417],[-0.86897,51.35414],[-0.86899,51.35412],[-0.86904,51.3541],[-0.86921,51.35398],[-0.86945,51.35387],[-0.86966,51.35379],[-0.86979,51.35375],[-0.86991,51.35373],[-0.87026,51.35368],[-0.87032,51.35366],[-0.87038,51.35364],[-0.87043,51.35361],[-0.87048,51.35357],[-0.87056,51.35349],[-0.87061,51.35345],[-0.87069,51.3534],[-0.87106,51.35325],[-0.87128,51.35311],[-0.8717,51.35273],[-0.87174,51.3527],[-0.87179,51.35268],[-0.87186,51.35266],[-0.87194,51.35265],[-0.87205,51.35266],[-0.87226,51.35264],[-0.87244,51.3526],[-0.87258,51.35255],[-0.873,51.35239],[-0.87325,51.3523],[-0.87329,51.35229],[-0.87347,51.35228],[-0.87362,51.35229],[-0.87378,51.35231],[-0.87398,51.35237],[-0.87409,51.35239],[-0.87424,51.35239],[-0.87469,51.35237],[-0.87482,51.35237],[-0.87543,51.35236],[-0.87572,51.35238],[-0.87656,51.35245],[-0.87717,51.35252],[-0.87787,51.35259],[-0.87814,51.35266],[-0.87818,51.3527],[-0.87826,51.35287],[-0.87835,51.35296],[-0.87839,51.35299],[-0.87844,51.35302],[-0.87856,51.35306],[-0.87865,51.35306],[-0.87885,51.35308],[-0.87893,51.35307],[-0.87899,51.35308],[-0.87906,51.35309],[-0.87911,51.35311],[-0.87915,51.35313],[-0.87919,51.35316],[-0.87921,51.35319],[-0.87923,51.35322],[-0.87924,51.35331],[-0.87923,51.35337],[-0.87919,51.35341],[-0.87918,51.35344],[-0.87917,51.35347],[-0.87917,51.3535],[-0.87919,51.35354],[-0.87923,51.3538],[-0.87925,51.35383],[-0.87927,51.35386],[-0.8793,51.35389],[-0.87935,51.35392],[-0.8794,51.35393],[-0.87976,51.35392],[-0.87989,51.35393],[-0.88002,51.35393],[-0.88023,51.35391],[-0.88036,51.35389],[-0.88042,51.35388],[-0.88053,51.35383],[-0.88073,51.35378],[-0.88078,51.35378],[-0.88086,51.35379],[-0.88093,51.35381],[-0.88099,51.35383],[-0.88104,51.35387],[-0.88108,51.35388],[-0.88118,51.35389],[-0.88123,51.35388],[-0.88129,51.35387],[-0.88138,51.35384],[-0.88156,51.3538],[-0.88165,51.35379],[-0.88169,51.35379],[-0.88172,51.35379],[-0.88176,51.3538],[-0.8818,51.35383],[-0.88183,51.35385],[-0.88185,51.35388],[-0.88194,51.35397],[-0.88199,51.35406],[-0.88201,51.35417],[-0.88206,51.35427],[-0.88214,51.35435],[-0.88219,51.35439],[-0.88232,51.35448],[-0.88236,51.35452],[-0.8824,51.35457],[-0.88241,51.3546],[-0.8824,51.35466],[-0.88237,51.35469],[-0.88211,51.35487],[-0.88204,51.3549],[-0.88201,51.35493],[-0.88199,51.35497],[-0.88198,51.355],[-0.88198,51.35503],[-0.882,51.35507],[-0.88204,51.35511],[-0.88211,51.35516],[-0.88242,51.3553],[-0.88268,51.35543],[-0.88277,51.35548],[-0.88289,51.35553],[-0.88302,51.35556],[-0.88385,51.35568],[-0.884,51.35568],[-0.8841,51.35567],[-0.88418,51.35565],[-0.88445,51.35557],[-0.88454,51.35555],[-0.88459,51.35553],[-0.88463,51.35551],[-0.8847,51.35545],[-0.88482,51.35535],[-0.88495,51.35508],[-0.88498,51.35504],[-0.88502,51.355],[-0.88512,51.35494],[-0.88514,51.35491],[-0.88513,51.35485],[-0.88511,51.35477],[-0.88512,51.35474],[-0.88515,51.35472],[-0.8852,51.35469],[-0.88527,51.35467],[-0.88531,51.35467],[-0.88571,51.35467],[-0.88587,51.35469],[-0.88598,51.35471],[-0.88606,51.35473],[-0.88628,51.35481],[-0.88636,51.35486],[-0.88639,51.3549],[-0.88642,51.35495],[-0.88642,51.355],[-0.88641,51.35507],[-0.88641,51.35509],[-0.88646,51.35517],[-0.88649,51.3552],[-0.88654,51.35523],[-0.88665,51.35529],[-0.88732,51.35576],[-0.88779,51.35605],[-0.88817,51.35629],[-0.88895,51.35662],[-0.88942,51.3568],[-0.88967,51.3569],[-0.88979,51.35692],[-0.88988,51.35692],[-0.88996,51.35691],[-0.89002,51.3569],[-0.89037,51.3568],[-0.89051,51.35677],[-0.8906,51.35677],[-0.89065,51.35678],[-0.89073,51.35681],[-0.89102,51.35683],[-0.89113,51.35682],[-0.89119,51.35681],[-0.89125,51.35678],[-0.89131,51.35675],[-0.89152,51.3567],[-0.89178,51.35666],[-0.89201,51.35658],[-0.8922,51.35648],[-0.89252,51.35637],[-0.89259,51.35635],[-0.89265,51.35634],[-0.89272,51.35634],[-0.89277,51.35634],[-0.89282,51.35635],[-0.8929,51.35638],[-0.89306,51.35652],[-0.89315,51.35657],[-0.89322,51.35659],[-0.89327,51.35661],[-0.89333,51.35662],[-0.89341,51.35663],[-0.89367,51.3567],[-0.89375,51.35673],[-0.8938,51.35674],[-0.89384,51.35674],[-0.89389,51.35674],[-0.89395,51.35673],[-0.894,51.35671],[-0.89413,51.35665],[-0.89417,51.35663],[-0.89424,51.35662],[-0.89427,51.35663],[-0.89431,51.35664],[-0.89435,51.35665],[-0.89438,51.35667],[-0.89443,51.35673],[-0.89448,51.35675],[-0.89461,51.35676],[-0.89469,51.35676],[-0.89482,51.35675],[-0.89485,51.35675],[-0.89496,51.35678],[-0.89501,51.3568],[-0.89506,51.35682],[-0.8951,51.35686],[-0.89513,51.35691],[-0.89514,51.35695],[-0.89514,51.357],[-0.89518,51.35706],[-0.89521,51.35709],[-0.89525,51.35712],[-0.89532,51.35715],[-0.89539,51.35718],[-0.89549,51.3572],[-0.89579,51.35724],[-0.89643,51.35736],[-0.89648,51.35736],[-0.89659,51.35735],[-0.89668,51.35733],[-0.89685,51.35729],[-0.89698,51.35726],[-0.89706,51.35726],[-0.89712,51.35726],[-0.89719,51.35728],[-0.89746,51.35739],[-0.89768,51.35751],[-0.89772,51.35755],[-0.89772,51.35757],[-0.89771,51.35762],[-0.89768,51.35766],[-0.89762,51.35769],[-0.89754,51.35771],[-0.89743,51.35777],[-0.89742,51.35785],[-0.89745,51.35789],[-0.89747,51.35791],[-0.89817,51.35818],[-0.89826,51.3582],[-0.8983,51.35822],[-0.89833,51.35824],[-0.89847,51.35838],[-0.8985,51.3584],[-0.89893,51.3586],[-0.89901,51.35865],[-0.89916,51.35876],[-0.89923,51.3588],[-0.89934,51.35887],[-0.89945,51.3589],[-0.89952,51.35891],[-0.89979,51.35899],[-0.89984,51.359],[-0.89991,51.35901],[-0.90002,51.35901],[-0.90043,51.35898],[-0.90104,51.35902],[-0.90137,51.35901],[-0.90151,51.35898],[-0.90185,51.35888],[-0.90246,51.35867],[-0.90252,51.35864],[-0.9026,51.35859],[-0.90269,51.35853],[-0.9028,51.35842],[-0.90298,51.3583],[-0.90322,51.35818],[-0.90341,51.35814],[-0.90351,51.35813],[-0.90357,51.35812],[-0.90363,51.35813],[-0.90369,51.35814],[-0.90374,51.35815],[-0.90419,51.35831],[-0.90461,51.35847],[-0.9047,51.3585],[-0.90485,51.35856],[-0.90515,51.35866],[-0.90538,51.35875],[-0.90547,51.3588],[-0.90602,51.35914],[-0.90619,51.35922],[-0.90628,51.35926],[-0.90638,51.35929],[-0.90647,51.35931],[-0.9067,51.35934],[-0.90678,51.35936],[-0.9069,51.35941],[-0.90696,51.35946],[-0.90701,51.35952],[-0.90704,51.35961],[-0.90707,51.35968],[-0.90708,51.35972]]},"properties":{"k":"river","name":"River Blackwater"}},{"type":"Feature","geometry":{"type":"LineString","coordinates":[[-0.93636,51.33858],[-0.93666,51.33859],[-0.93693,51.33869],[-0.93717,51.33884],[-0.93732,51.33899],[-0.93739,51.33914],[-0.93731,51.33974],[-0.93725,51.33995],[-0.93731,51.34008],[-0.93742,51.34016],[-0.93747,51.34025],[-0.93743,51.34039],[-0.93749,51.34066],[-0.93761,51.34098],[-0.93781,51.34123],[-0.93803,51.34138]]},"properties":{"k":"stream","name":""}},{"type":"Feature","geometry":{"type":"LineString","coordinates":[[-1.2876,51.36819],[-1.28737,51.3682],[-1.28703,51.36827],[-1.28697,51.36828],[-1.28693,51.36828],[-1.28688,51.36826],[-1.28684,51.36825],[-1.28683,51.36824],[-1.28683,51.36822],[-1.28693,51.36814],[-1.28704,51.36807],[-1.28711,51.36805],[-1.28713,51.36802],[-1.28714,51.36798],[-1.28714,51.36794],[-1.28713,51.36791],[-1.28711,51.36789],[-1.28709,51.36788],[-1.28703,51.36785],[-1.28683,51.36783],[-1.28669,51.36782],[-1.28661,51.36782],[-1.28655,51.36783],[-1.2865,51.36785],[-1.28647,51.36786],[-1.28645,51.36788],[-1.2864,51.36793],[-1.28631,51.368],[-1.28625,51.36803],[-1.28617,51.36804],[-1.28611,51.36804],[-1.286,51.36802],[-1.28577,51.36793],[-1.2857,51.36792],[-1.28532,51.3679],[-1.28499,51.36791],[-1.28481,51.36797],[-1.28472,51.368],[-1.28469,51.368],[-1.28461,51.368],[-1.28455,51.36798],[-1.28435,51.36788],[-1.28411,51.3677],[-1.28407,51.36767],[-1.28398,51.36764],[-1.2839,51.36763],[-1.28381,51.36764],[-1.28377,51.36765],[-1.28359,51.36771],[-1.28348,51.36777],[-1.28344,51.36778],[-1.28339,51.36779],[-1.28333,51.36779],[-1.28322,51.36777],[-1.28315,51.36775],[-1.28315,51.36775],[-1.28312,51.36774],[-1.28309,51.36769],[-1.28307,51.36767],[-1.28302,51.36765],[-1.28296,51.36764],[-1.28289,51.36765],[-1.28266,51.36777],[-1.28263,51.3678],[-1.28264,51.36784],[-1.28266,51.36786],[-1.28269,51.36788],[-1.28284,51.36796],[-1.28287,51.36804],[-1.28284,51.36807],[-1.28281,51.36808],[-1.28278,51.36809],[-1.28274,51.3681],[-1.28267,51.36811],[-1.28249,51.36807],[-1.28234,51.36798],[-1.28228,51.36796],[-1.28221,51.36796],[-1.28209,51.36799],[-1.28203,51.36801],[-1.28196,51.36805],[-1.28191,51.36809],[-1.28177,51.36823],[-1.28172,51.36827],[-1.28166,51.36829],[-1.28158,51.36832],[-1.28145,51.36835],[-1.28122,51.36837],[-1.28099,51.36837],[-1.2809,51.36838],[-1.28086,51.36839],[-1.28082,51.36841],[-1.28075,51.36847],[-1.28071,51.36849],[-1.28066,51.3685],[-1.28063,51.3685],[-1.28058,51.3685],[-1.28044,51.36847],[-1.28013,51.36836],[-1.28009,51.36835],[-1.28001,51.36835],[-1.27993,51.36836],[-1.27986,51.36838],[-1.27981,51.36842],[-1.27978,51.36845],[-1.27974,51.3685],[-1.27971,51.36853],[-1.27967,51.36855],[-1.27962,51.36856],[-1.27956,51.36857],[-1.27951,51.36857],[-1.27944,51.36857],[-1.2792,51.36859],[-1.27895,51.36862],[-1.27865,51.3687],[-1.27844,51.3688],[-1.27839,51.36881],[-1.27832,51.36882],[-1.27826,51.36882],[-1.27817,51.3688],[-1.27788,51.36869],[-1.27768,51.36856],[-1.27746,51.36839],[-1.27745,51.36837],[-1.27743,51.36834],[-1.27743,51.3683],[-1.27744,51.36828],[-1.27747,51.36824],[-1.27747,51.36821],[-1.27747,51.36818],[-1.27746,51.36814],[-1.27742,51.36809],[-1.27739,51.36806],[-1.27735,51.36805],[-1.27732,51.36804],[-1.27728,51.36804],[-1.27724,51.36805],[-1.2772,51.36806],[-1.27712,51.36813],[-1.27705,51.36817],[-1.27698,51.36819],[-1.27692,51.3682],[-1.27684,51.3682],[-1.27677,51.36819],[-1.27672,51.36817],[-1.27669,51.36815],[-1.27667,51.36814],[-1.27667,51.36797],[-1.27658,51.36782],[-1.27634,51.36767],[-1.27624,51.36759],[-1.27622,51.36756],[-1.27621,51.36753],[-1.27621,51.36744],[-1.2762,51.36742],[-1.27615,51.36739],[-1.27604,51.36735],[-1.27596,51.36733],[-1.27561,51.36729],[-1.27532,51.36723],[-1.27511,51.36727],[-1.27487,51.36734],[-1.27474,51.36728],[-1.2746,51.36728],[-1.27457,51.3673],[-1.27456,51.36733],[-1.27457,51.36736],[-1.27462,51.36741],[-1.27463,51.36744],[-1.27464,51.36747],[-1.27463,51.36749],[-1.27461,51.36751],[-1.27457,51.36753],[-1.27452,51.36755],[-1.27448,51.36756],[-1.27443,51.36757],[-1.27438,51.36756],[-1.27431,51.36755],[-1.27407,51.36759],[-1.27383,51.36762],[-1.27359,51.36749],[-1.27343,51.36752]]},"properties":{"k":"river","name":"River Enborne"}},{"type":"Feature","geometry":{"type":"LineString","coordinates":[[-1.30346,51.37087],[-1.30339,51.37084],[-1.30336,51.37083],[-1.30329,51.37084],[-1.30323,51.37085],[-1.30316,51.37089],[-1.30313,51.37093],[-1.3031,51.37095],[-1.30305,51.37098],[-1.30301,51.37099],[-1.30298,51.37099],[-1.30294,51.37099],[-1.30289,51.37097],[-1.30284,51.37095],[-1.3027,51.37087],[-1.30263,51.37084],[-1.30257,51.37082],[-1.30251,51.37081],[-1.30246,51.3708],[-1.30208,51.37082],[-1.30201,51.37081],[-1.30186,51.37079],[-1.3018,51.37078],[-1.30173,51.37078],[-1.30166,51.37078],[-1.3016,51.37079],[-1.30155,51.37081],[-1.30144,51.37089],[-1.3014,51.37091],[-1.30131,51.37093],[-1.30128,51.37094],[-1.30113,51.37095],[-1.30101,51.37099],[-1.30094,51.37099],[-1.30089,51.371],[-1.30085,51.37099],[-1.3008,51.37098],[-1.3005,51.37086],[-1.30047,51.37082],[-1.30044,51.37081],[-1.30041,51.3708],[-1.30038,51.37079],[-1.30029,51.37079],[-1.30012,51.37081],[-1.3,51.3708],[-1.2999,51.37078],[-1.29981,51.37076],[-1.29971,51.37074],[-1.29964,51.37074],[-1.29959,51.37075],[-1.29945,51.3708],[-1.2993,51.3708],[-1.29924,51.37079],[-1.29919,51.37078],[-1.29913,51.37075],[-1.29895,51.37068],[-1.29884,51.37061],[-1.29878,51.37059],[-1.29875,51.37059],[-1.29871,51.3706],[-1.29863,51.37063],[-1.29858,51.37064],[-1.29854,51.37064],[-1.29849,51.37063],[-1.29843,51.37062],[-1.29839,51.3706],[-1.29833,51.37054],[-1.2983,51.37053],[-1.29826,51.37052],[-1.29821,51.37052],[-1.29817,51.37053],[-1.29813,51.37054],[-1.29794,51.37063],[-1.29786,51.37066],[-1.29776,51.37069],[-1.29768,51.37071],[-1.29764,51.37071],[-1.29759,51.3707],[-1.29752,51.37068],[-1.29728,51.37066],[-1.29696,51.37068],[-1.2969,51.37069],[-1.29684,51.37071],[-1.29676,51.37072],[-1.29667,51.3707],[-1.29664,51.37068],[-1.29663,51.37067],[-1.29664,51.37064],[-1.29673,51.37057],[-1.29681,51.37053],[-1.29684,51.3705],[-1.29684,51.37049],[-1.29683,51.37047],[-1.29682,51.37045],[-1.29679,51.37043],[-1.29673,51.37041],[-1.29668,51.37041],[-1.29655,51.37039],[-1.29631,51.37034],[-1.29614,51.3703],[-1.29609,51.3703],[-1.29605,51.37032],[-1.29601,51.37034],[-1.29599,51.37038],[-1.29598,51.37042],[-1.29598,51.37045],[-1.29605,51.37057],[-1.29583,51.3706],[-1.29541,51.37058],[-1.29519,51.37058],[-1.29513,51.37059],[-1.29506,51.37061],[-1.29498,51.37065],[-1.29492,51.37068],[-1.29488,51.37071],[-1.29481,51.37081],[-1.29476,51.37085],[-1.29469,51.37088],[-1.29462,51.3709],[-1.29436,51.37093],[-1.29427,51.37093],[-1.29412,51.37086],[-1.29409,51.37086],[-1.29405,51.37086],[-1.29402,51.37088],[-1.29399,51.3709],[-1.29398,51.37093],[-1.294,51.37098],[-1.294,51.371],[-1.29399,51.37103],[-1.29397,51.37106],[-1.29395,51.37109],[-1.29392,51.3711],[-1.29389,51.37111],[-1.29385,51.37112],[-1.2938,51.37112],[-1.29355,51.37109],[-1.29331,51.37106],[-1.29326,51.37103],[-1.29325,51.37102],[-1.29324,51.371],[-1.29327,51.37091],[-1.29327,51.37088],[-1.29326,51.37086],[-1.29324,51.37085],[-1.2932,51.37084],[-1.29304,51.3708],[-1.29294,51.37072],[-1.29289,51.3707],[-1.29273,51.37068],[-1.29269,51.37067],[-1.29261,51.3706],[-1.2926,51.37058],[-1.29259,51.37056],[-1.29261,51.37052],[-1.29268,51.37043],[-1.29269,51.37039],[-1.29268,51.37036],[-1.29266,51.37035],[-1.29263,51.37034],[-1.29257,51.37034],[-1.29244,51.37037],[-1.29235,51.3704],[-1.29228,51.37042],[-1.29221,51.37044],[-1.29215,51.37044],[-1.29211,51.37044],[-1.29206,51.37043],[-1.29186,51.37035],[-1.29181,51.37032],[-1.29177,51.37029],[-1.29176,51.37026],[-1.29177,51.37024],[-1.2918,51.37019],[-1.29182,51.37014],[-1.29182,51.37012],[-1.29166,51.37004],[-1.29159,51.37002],[-1.29151,51.37002],[-1.29141,51.37004],[-1.29126,51.37009],[-1.29105,51.37014],[-1.29094,51.37015],[-1.29056,51.37011],[-1.29033,51.37013],[-1.29022,51.37012],[-1.2901,51.3701],[-1.29002,51.37007],[-1.28979,51.36991],[-1.28976,51.36988],[-1.28972,51.36981],[-1.28972,51.36977],[-1.28975,51.36974],[-1.28981,51.36971],[-1.28994,51.36967],[-1.28996,51.36965],[-1.28997,51.36964],[-1.28997,51.36962],[-1.28996,51.36959],[-1.28992,51.36955],[-1.28951,51.36935],[-1.28945,51.36931],[-1.28937,51.36925],[-1.28927,51.36915],[-1.28923,51.36913],[-1.28915,51.36911],[-1.28908,51.36911],[-1.28878,51.36899],[-1.28868,51.36896],[-1.28839,51.36888],[-1.28821,51.36879],[-1.28815,51.36874],[-1.28813,51.36872],[-1.28808,51.3686],[-1.28806,51.36856],[-1.28804,51.36855],[-1.28802,51.36854],[-1.28792,51.36856],[-1.28788,51.36855],[-1.28785,51.36854],[-1.28783,51.36853],[-1.28781,51.36851],[-1.28781,51.36849],[-1.28784,51.36843],[-1.28788,51.36838],[-1.28788,51.36836],[-1.28788,51.36833],[-1.28782,51.36829],[-1.28779,51.36828],[-1.28774,51.36826],[-1.2876,51.36819]]},"properties":{"k":"river","name":"River Enborne"}},{"type":"Feature","geometry":{"type":"LineString","coordinates":[[-0.91777,51.36456],[-0.91783,51.36465],[-0.91806,51.3648],[-0.91813,51.36484],[-0.91821,51.36487],[-0.91832,51.36491],[-0.91889,51.36503],[-0.91919,51.36507],[-0.91938,51.36511],[-0.91946,51.36513],[-0.91954,51.36516],[-0.91965,51.36521],[-0.91983,51.36525],[-0.92056,51.36536],[-0.92061,51.36537],[-0.92088,51.36542],[-0.92172,51.36562],[-0.92193,51.36566],[-0.9221,51.36569],[-0.92234,51.36572],[-0.92254,51.36574],[-0.92291,51.36576],[-0.92301,51.36576],[-0.92316,51.36577],[-0.92325,51.36579],[-0.92335,51.36583],[-0.92343,51.36587],[-0.92347,51.36592],[-0.92352,51.36595],[-0.92358,51.36598],[-0.92364,51.366],[-0.92371,51.36601],[-0.92379,51.36601],[-0.92386,51.366],[-0.92396,51.36597],[-0.92407,51.36597],[-0.92407,51.36597],[-0.92416,51.36596],[-0.92434,51.36594],[-0.92453,51.36588],[-0.92457,51.36588],[-0.92465,51.36588],[-0.92469,51.36589],[-0.92477,51.36592],[-0.92489,51.36594],[-0.92498,51.36593],[-0.92508,51.36591],[-0.92512,51.36589],[-0.92521,51.36585],[-0.92569,51.36567],[-0.92574,51.36564],[-0.92581,51.3656],[-0.92586,51.36557],[-0.92589,51.36554],[-0.926,51.36541],[-0.92604,51.36538],[-0.92611,51.36534],[-0.92619,51.36531],[-0.92634,51.36527],[-0.9267,51.36524],[-0.92699,51.36517],[-0.92711,51.36516],[-0.92735,51.36514],[-0.92746,51.36513],[-0.92775,51.36516],[-0.92793,51.36519],[-0.92815,51.36525],[-0.92829,51.36528],[-0.92841,51.36528],[-0.92853,51.36525],[-0.92858,51.36524],[-0.92884,51.36511],[-0.92901,51.36499],[-0.92918,51.36488],[-0.92929,51.36487],[-0.92933,51.36487],[-0.92938,51.36488],[-0.92952,51.36493],[-0.92956,51.36493],[-0.92963,51.36493],[-0.92969,51.36492],[-0.92977,51.3649],[-0.93026,51.36469],[-0.93058,51.36453],[-0.93063,51.36448],[-0.93067,51.36446],[-0.93071,51.36444],[-0.93076,51.36444],[-0.93092,51.36445],[-0.93152,51.36453],[-0.93179,51.36455],[-0.93184,51.36454],[-0.93188,51.36454],[-0.93192,51.36454],[-0.93196,51.36455],[-0.932,51.36456],[-0.93206,51.36461],[-0.93216,51.36467],[-0.93234,51.36479],[-0.93241,51.36482],[-0.93247,51.36483],[-0.93251,51.36483],[-0.93258,51.36482],[-0.93264,51.36478],[-0.93267,51.36474],[-0.93274,51.36469],[-0.93281,51.36466],[-0.93289,51.36465],[-0.933,51.36466],[-0.93307,51.36468],[-0.93315,51.3647],[-0.93319,51.36472],[-0.9333,51.36479],[-0.93344,51.36486],[-0.93382,51.36499],[-0.93412,51.36507],[-0.93419,51.36509],[-0.93448,51.36516],[-0.93471,51.36522],[-0.93483,51.36522],[-0.93493,51.36522],[-0.93501,51.36523],[-0.93507,51.36524],[-0.9354,51.36533],[-0.93576,51.36546],[-0.93626,51.36568],[-0.93631,51.36572],[-0.93634,51.36575],[-0.93636,51.36578],[-0.93637,51.36584],[-0.93636,51.36587],[-0.93633,51.3659],[-0.9363,51.36593],[-0.93601,51.36603],[-0.93599,51.36604],[-0.93595,51.36607],[-0.93593,51.36612],[-0.93593,51.36616],[-0.93593,51.36619],[-0.93596,51.36626],[-0.93601,51.36632]]},"properties":{"k":"river","name":"River Blackwater"}},{"type":"Feature","geometry":{"type":"LineString","coordinates":[[-1.2707,51.36883],[-1.27058,51.36887],[-1.2705,51.36884],[-1.27046,51.36884],[-1.27039,51.36884],[-1.27033,51.36886],[-1.2703,51.36889],[-1.27027,51.36892],[-1.27025,51.36895],[-1.27024,51.369],[-1.27017,51.36919],[-1.2701,51.36929],[-1.27007,51.36931],[-1.27003,51.36933],[-1.26999,51.36935],[-1.26973,51.3694],[-1.26968,51.36943],[-1.26967,51.36946],[-1.26968,51.36949],[-1.26969,51.36952],[-1.2698,51.36961],[-1.26993,51.36977],[-1.26995,51.36979],[-1.26995,51.36983],[-1.26993,51.36989],[-1.26986,51.36999],[-1.2698,51.37003],[-1.26977,51.37006],[-1.26976,51.37009],[-1.26976,51.37011],[-1.26978,51.37016],[-1.26982,51.37018],[-1.26986,51.3702],[-1.26988,51.37023],[-1.26989,51.37025],[-1.26989,51.37031],[-1.26988,51.37033],[-1.26985,51.37036],[-1.26982,51.37038],[-1.26959,51.37046],[-1.26935,51.37049],[-1.26916,51.37048],[-1.26883,51.37043],[-1.2681,51.37034],[-1.26783,51.37032],[-1.26753,51.37042],[-1.26686,51.37056],[-1.26648,51.37058],[-1.26627,51.37054],[-1.26612,51.37058],[-1.26608,51.3707],[-1.26596,51.37078],[-1.26577,51.37077],[-1.26562,51.37082],[-1.26546,51.37082],[-1.26539,51.37078],[-1.26532,51.37076],[-1.2652,51.37074],[-1.26508,51.37075],[-1.26498,51.37076],[-1.26494,51.37076],[-1.2649,51.37075],[-1.26486,51.37074],[-1.26483,51.37071],[-1.26482,51.37069],[-1.26482,51.37063],[-1.26481,51.3706],[-1.26478,51.37056],[-1.26476,51.37053],[-1.26465,51.37049],[-1.26441,51.37061],[-1.26436,51.37063],[-1.26432,51.37063],[-1.26429,51.37062],[-1.26426,51.37061],[-1.26422,51.37058],[-1.2641,51.37042],[-1.26392,51.37027],[-1.26391,51.37022],[-1.26388,51.3702],[-1.26385,51.37018],[-1.26381,51.37016],[-1.26378,51.37015],[-1.26372,51.37015],[-1.26367,51.37016],[-1.26363,51.37017],[-1.2636,51.37019],[-1.26355,51.37022],[-1.26344,51.37022],[-1.26311,51.37019],[-1.26307,51.37017],[-1.26301,51.37014],[-1.26298,51.3701],[-1.26296,51.37006],[-1.26295,51.37002],[-1.26295,51.36997],[-1.26297,51.36994],[-1.26299,51.36991],[-1.26319,51.36968],[-1.26323,51.36953],[-1.2632,51.36949],[-1.26317,51.36946],[-1.26313,51.36945],[-1.26309,51.36944],[-1.26304,51.36944],[-1.26299,51.36945],[-1.26293,51.36947],[-1.26285,51.36946],[-1.26281,51.36945],[-1.26278,51.36943],[-1.26274,51.36939],[-1.26273,51.36935],[-1.26272,51.36932],[-1.26273,51.36928],[-1.26277,51.36922],[-1.2628,51.3691],[-1.26271,51.36893],[-1.26267,51.36888],[-1.26265,51.36885],[-1.26264,51.36882],[-1.26265,51.36879],[-1.26268,51.36874],[-1.26272,51.3687],[-1.26282,51.36861],[-1.26283,51.3686],[-1.26283,51.36859],[-1.26282,51.36858],[-1.2628,51.36856],[-1.26277,51.36855],[-1.26273,51.36854],[-1.26269,51.36855],[-1.26265,51.36856],[-1.26237,51.36863],[-1.26235,51.36862],[-1.26225,51.36856],[-1.26231,51.36843],[-1.26221,51.36838],[-1.26186,51.3685],[-1.26175,51.36862],[-1.26152,51.36876],[-1.26134,51.36883],[-1.26127,51.36884],[-1.26122,51.36886],[-1.26119,51.36887],[-1.26114,51.36891],[-1.26106,51.369],[-1.26089,51.3693],[-1.26073,51.36949],[-1.2606,51.36958],[-1.26052,51.36962],[-1.26043,51.36964],[-1.26037,51.36965],[-1.25999,51.36965],[-1.25993,51.36966],[-1.25989,51.36968],[-1.25985,51.36971],[-1.25983,51.36973],[-1.25982,51.36977],[-1.25982,51.36983],[-1.25985,51.36985],[-1.25986,51.36989],[-1.25985,51.36991],[-1.25983,51.36995],[-1.2598,51.36997],[-1.25973,51.36998],[-1.25965,51.36998],[-1.2595,51.36998],[-1.25936,51.37007],[-1.25927,51.37011],[-1.25911,51.37015],[-1.25909,51.37017],[-1.25907,51.37019],[-1.25907,51.37021],[-1.25908,51.37027],[-1.25913,51.37032],[-1.25926,51.3704],[-1.25932,51.37053],[-1.2593,51.37065],[-1.25921,51.37095],[-1.25916,51.37099],[-1.25914,51.37102],[-1.25913,51.37106],[-1.25912,51.3711],[-1.25913,51.37114],[-1.25915,51.37119],[-1.25921,51.37125],[-1.25921,51.37142],[-1.25906,51.37146],[-1.25878,51.37145],[-1.25871,51.37147],[-1.25865,51.3715],[-1.25855,51.37165],[-1.25835,51.37177],[-1.25814,51.37186],[-1.25798,51.37181],[-1.25771,51.37186],[-1.25769,51.37187],[-1.2575,51.37197],[-1.2574,51.37211],[-1.25718,51.37204],[-1.25696,51.37192],[-1.25679,51.37185],[-1.25659,51.37183],[-1.25592,51.37193],[-1.25544,51.37198],[-1.2549,51.37207],[-1.25454,51.37208],[-1.25427,51.37202],[-1.25432,51.37185],[-1.25434,51.37183],[-1.25435,51.37181],[-1.25433,51.37179],[-1.25431,51.37177],[-1.25428,51.37175],[-1.25424,51.37174],[-1.25417,51.37175],[-1.2541,51.37172],[-1.25407,51.37169],[-1.25404,51.37165],[-1.25403,51.3716],[-1.25403,51.37153],[-1.25403,51.37151],[-1.254,51.37148],[-1.25397,51.37146],[-1.25393,51.37145],[-1.25389,51.37144],[-1.25384,51.37144],[-1.25379,51.37145],[-1.25373,51.37147],[-1.25368,51.37152],[-1.25344,51.3716],[-1.25322,51.37182],[-1.25322,51.37187],[-1.25321,51.37189],[-1.25319,51.37193],[-1.25315,51.37196],[-1.25311,51.37199],[-1.25305,51.37201],[-1.253,51.37202],[-1.25294,51.37203],[-1.25287,51.37202],[-1.25281,51.37201],[-1.25268,51.37196],[-1.25262,51.37194],[-1.25254,51.37193],[-1.25245,51.37192],[-1.25236,51.37193],[-1.25219,51.37196],[-1.25176,51.37196],[-1.25152,51.37187],[-1.2513,51.37183],[-1.25127,51.37184],[-1.25124,51.37187],[-1.25124,51.3719],[-1.25125,51.37192],[-1.25128,51.37195],[-1.25128,51.37196],[-1.25128,51.37198],[-1.25127,51.37201],[-1.25124,51.37203],[-1.25121,51.37204],[-1.25116,51.37204],[-1.25093,51.37197],[-1.25089,51.37196],[-1.25073,51.37185],[-1.25056,51.37168],[-1.2505,51.37165],[-1.25043,51.37163],[-1.25039,51.37163],[-1.25031,51.37164],[-1.25023,51.37166],[-1.25019,51.3717],[-1.24997,51.37182],[-1.24987,51.3718],[-1.2495,51.37176],[-1.24912,51.37181],[-1.24883,51.37188],[-1.24876,51.37188],[-1.24869,51.37187],[-1.24858,51.37183],[-1.24839,51.37172],[-1.24833,51.37167],[-1.2481,51.3714],[-1.248,51.37123],[-1.2481,51.37088],[-1.24809,51.37081],[-1.24785,51.37074],[-1.24783,51.37075],[-1.24773,51.3708],[-1.2477,51.37082],[-1.24766,51.37088],[-1.24764,51.37095],[-1.24762,51.37099],[-1.24759,51.37101],[-1.24755,51.37104],[-1.2475,51.37106],[-1.24743,51.37108],[-1.24733,51.3711],[-1.24727,51.37112],[-1.24722,51.37114],[-1.24718,51.37114],[-1.2471,51.37114],[-1.24707,51.37113],[-1.24701,51.3711],[-1.24698,51.37108],[-1.24695,51.37103],[-1.24695,51.37099],[-1.247,51.37081],[-1.24708,51.37068],[-1.24706,51.37052],[-1.2471,51.37039],[-1.2471,51.37021],[-1.2471,51.3702],[-1.24715,51.37015],[-1.24719,51.37013],[-1.24723,51.37011],[-1.24738,51.37007],[-1.24747,51.37006],[-1.24762,51.37004],[-1.24779,51.36995],[-1.24784,51.36993],[-1.24788,51.3699],[-1.24789,51.36986],[-1.24788,51.36983],[-1.24786,51.36981],[-1.24783,51.36979],[-1.24777,51.36977],[-1.24773,51.36977],[-1.24747,51.36959],[-1.24726,51.36947],[-1.24695,51.36943],[-1.2468,51.36939],[-1.24667,51.36955],[-1.24664,51.36956],[-1.24658,51.36956],[-1.24652,51.36956],[-1.24649,51.36955],[-1.24647,51.36953],[-1.24639,51.36945],[-1.24636,51.36938],[-1.24635,51.36935],[-1.24636,51.36916],[-1.24633,51.36906],[-1.24626,51.36893],[-1.24628,51.36878],[-1.24615,51.36866],[-1.24613,51.36863],[-1.24612,51.3686],[-1.24612,51.36856],[-1.24617,51.36848],[-1.24618,51.36845],[-1.24617,51.36841],[-1.24615,51.36839],[-1.24612,51.36837],[-1.24607,51.36834],[-1.24602,51.36833],[-1.24592,51.36832],[-1.24562,51.3682],[-1.24523,51.36811],[-1.24527,51.368],[-1.24528,51.36783],[-1.24524,51.3678],[-1.24517,51.36777],[-1.24509,51.36777],[-1.24504,51.36777],[-1.24498,51.36778],[-1.24489,51.36774],[-1.24481,51.36769],[-1.24474,51.36763],[-1.24484,51.3675],[-1.24481,51.36744],[-1.24477,51.36742],[-1.24472,51.3674],[-1.24467,51.36739],[-1.24462,51.36739],[-1.24456,51.3674],[-1.24395,51.36743],[-1.24383,51.36751],[-1.24376,51.36773],[-1.24354,51.36786],[-1.24331,51.36787],[-1.24324,51.36785],[-1.24321,51.36783],[-1.24318,51.36781],[-1.24317,51.36779],[-1.24316,51.36775],[-1.24316,51.3677],[-1.24319,51.36761],[-1.24315,51.36733],[-1.24317,51.3672],[-1.2432,51.36711],[-1.24298,51.36709],[-1.24268,51.367],[-1.24264,51.36697],[-1.24262,51.36695],[-1.24261,51.36692],[-1.24262,51.36689],[-1.24263,51.36687],[-1.24254,51.36682],[-1.24225,51.36692],[-1.24205,51.36691],[-1.24191,51.3667],[-1.24186,51.36665],[-1.24186,51.36659],[-1.24182,51.36649],[-1.24179,51.3664],[-1.24167,51.36628],[-1.24152,51.36625],[-1.24086,51.36624],[-1.24074,51.36624],[-1.24016,51.36623],[-1.24012,51.36626],[-1.24011,51.36627],[-1.24011,51.36629],[-1.24015,51.36636],[-1.24014,51.36649],[-1.24011,51.36653],[-1.24005,51.36656],[-1.23996,51.36659],[-1.23991,51.36659],[-1.23984,51.36658],[-1.23962,51.36652],[-1.23953,51.36652],[-1.23946,51.36652],[-1.23942,51.36654],[-1.23937,51.36656],[-1.23934,51.36658],[-1.23929,51.36661],[-1.23926,51.36665],[-1.23924,51.36668],[-1.23921,51.36679],[-1.2391,51.36682],[-1.23903,51.36676],[-1.23896,51.36672],[-1.23893,51.36671],[-1.2389,51.3667],[-1.23886,51.3667],[-1.23881,51.36671],[-1.23876,51.36673],[-1.23873,51.36675],[-1.2387,51.36679],[-1.2387,51.36689],[-1.2388,51.36712],[-1.2387,51.36721],[-1.23851,51.36719],[-1.23844,51.36716],[-1.23844,51.36705],[-1.23846,51.36695],[-1.2384,51.3669],[-1.23829,51.36687],[-1.23806,51.36683],[-1.23803,51.36683],[-1.23774,51.36691],[-1.23761,51.36695],[-1.23738,51.36707],[-1.23719,51.36715],[-1.23703,51.36716],[-1.23695,51.36718],[-1.2369,51.36719],[-1.23681,51.36719],[-1.23676,51.36718],[-1.23672,51.36716],[-1.23664,51.36712],[-1.2364,51.36702],[-1.23636,51.36702],[-1.2363,51.36704],[-1.23625,51.36707],[-1.23624,51.36712],[-1.23624,51.36719],[-1.23626,51.36725],[-1.23629,51.3673],[-1.23631,51.36734],[-1.23631,51.36736],[-1.23628,51.3674],[-1.23621,51.36746],[-1.23612,51.3675],[-1.23609,51.36752],[-1.23605,51.36754],[-1.23599,51.36756],[-1.23593,51.36757],[-1.23588,51.36757],[-1.23582,51.36757],[-1.23573,51.36755],[-1.23565,51.36754],[-1.23559,51.36753],[-1.23552,51.36751],[-1.23547,51.36749],[-1.23544,51.36747],[-1.23541,51.36744],[-1.23536,51.36737],[-1.2353,51.36724],[-1.23519,51.36709],[-1.23501,51.36706],[-1.23485,51.36706],[-1.23471,51.36713],[-1.23454,51.36728],[-1.23454,51.36746],[-1.23448,51.36759],[-1.23445,51.36762],[-1.23439,51.36765],[-1.23435,51.36765],[-1.23431,51.36763],[-1.23424,51.36757],[-1.23415,51.36753],[-1.2341,51.36748],[-1.23402,51.36731],[-1.23398,51.36728],[-1.23392,51.36724],[-1.23383,51.3672],[-1.23378,51.36719],[-1.23353,51.36714],[-1.23333,51.36713],[-1.2333,51.36714],[-1.23251,51.3676],[-1.23217,51.36768],[-1.23199,51.36755],[-1.23169,51.36748],[-1.23156,51.36747],[-1.23147,51.36747],[-1.23136,51.36749],[-1.23124,51.36753],[-1.23091,51.36773],[-1.23053,51.36788],[-1.23034,51.3679],[-1.22998,51.36782],[-1.22989,51.36796],[-1.22975,51.36801],[-1.22954,51.36792],[-1.22931,51.36787],[-1.22908,51.36783],[-1.22895,51.36785],[-1.22873,51.36803],[-1.2287,51.36821],[-1.22857,51.36828],[-1.22787,51.36828],[-1.22742,51.36831],[-1.22735,51.36837],[-1.22729,51.36841],[-1.22694,51.3685],[-1.227,51.36862],[-1.22703,51.3687],[-1.22706,51.36878],[-1.22704,51.36879],[-1.22693,51.36883],[-1.2268,51.36886],[-1.22674,51.36888],[-1.22665,51.36894],[-1.22659,51.36899],[-1.22653,51.369],[-1.22646,51.36902],[-1.22637,51.36898],[-1.22629,51.36897],[-1.22621,51.36897],[-1.22614,51.36899],[-1.22552,51.36932],[-1.22534,51.36938],[-1.22523,51.36943],[-1.22509,51.3695],[-1.22484,51.36954],[-1.22473,51.36942],[-1.22472,51.36937],[-1.22471,51.36933],[-1.22469,51.3693],[-1.22462,51.36925],[-1.22458,51.36922],[-1.22453,51.3692],[-1.22447,51.36919],[-1.22438,51.36918],[-1.22427,51.36918],[-1.22412,51.36921],[-1.22401,51.36918],[-1.22391,51.36919],[-1.22384,51.3692],[-1.22381,51.36922],[-1.2237,51.3693],[-1.22365,51.36937],[-1.22345,51.3695],[-1.22319,51.36959],[-1.22296,51.36965],[-1.22269,51.36974],[-1.22261,51.36975],[-1.22255,51.36976],[-1.22247,51.36975],[-1.2224,51.36974],[-1.2223,51.3697],[-1.22209,51.36957],[-1.22201,51.36945],[-1.222,51.36927],[-1.22221,51.36898],[-1.22228,51.3688],[-1.22228,51.36876],[-1.22226,51.36873],[-1.22222,51.36869],[-1.22217,51.36867],[-1.2221,51.36866],[-1.222,51.36867],[-1.22141,51.36865],[-1.22104,51.36859],[-1.22104,51.36846],[-1.22107,51.36837],[-1.22115,51.3682],[-1.2212,51.36811],[-1.22151,51.36791],[-1.22175,51.36782],[-1.22182,51.36779],[-1.2217,51.36768],[-1.22142,51.36762],[-1.22125,51.36764],[-1.22105,51.36759]]},"properties":{"k":"river","name":"River Enborne"}},{"type":"Feature","geometry":{"type":"LineString","coordinates":[[-1.27343,51.36752],[-1.27296,51.36763],[-1.27266,51.36778],[-1.27264,51.36779],[-1.27256,51.36781],[-1.27238,51.36787],[-1.27215,51.36796],[-1.27195,51.36809],[-1.27157,51.36826],[-1.27124,51.36838],[-1.2711,51.36838],[-1.27095,51.36844],[-1.27094,51.36847],[-1.27092,51.3686],[-1.27079,51.36873],[-1.2707,51.36883]]},"properties":{"k":"river","name":"River Enborne"}},{"type":"Feature","geometry":{"type":"LineString","coordinates":[[-1.00568,51.36738],[-1.00562,51.36739]]},"properties":{"k":"stream","name":""}},{"type":"Feature","geometry":{"type":"LineString","coordinates":[[-1.00562,51.36739],[-1.00538,51.36741],[-1.0045,51.36738],[-1.00431,51.36756],[-1.00279,51.36761],[-1.00227,51.36768],[-1.00162,51.36798],[-1.00137,51.36804]]},"properties":{"k":"stream","name":""}},{"type":"Feature","geometry":{"type":"LineString","coordinates":[[-1.15359,51.36482],[-1.15353,51.36481],[-1.15342,51.36481],[-1.1533,51.36485],[-1.15313,51.36493],[-1.15303,51.36496],[-1.15274,51.36505]]},"properties":{"k":"stream","name":""}},{"type":"Feature","geometry":{"type":"LineString","coordinates":[[-1.13434,51.37643],[-1.13433,51.37632],[-1.1343,51.37625],[-1.13427,51.37621],[-1.13422,51.37619]]},"properties":{"k":"stream","name":""}},{"type":"Feature","geometry":{"type":"LineString","coordinates":[[-1.1359,51.37295],[-1.13517,51.37359],[-1.13486,51.37392],[-1.1348,51.37404],[-1.13457,51.37434]]},"properties":{"k":"stream","name":""}},{"type":"Feature","geometry":{"type":"LineString","coordinates":[[-1.14125,51.37452],[-1.14087,51.37472],[-1.1407,51.37484],[-1.1406,51.37491]]},"properties":{"k":"stream","name":""}},{"type":"Feature","geometry":{"type":"LineString","coordinates":[[-1.1406,51.37491],[-1.14019,51.3751],[-1.13957,51.37533],[-1.13946,51.37536],[-1.1392,51.37545],[-1.13899,51.37552],[-1.13855,51.37559],[-1.13851,51.3756],[-1.13845,51.37563],[-1.13807,51.37581]]},"properties":{"k":"stream","name":""}},{"type":"Feature","geometry":{"type":"LineString","coordinates":[[-1.13831,51.37463],[-1.13832,51.37501],[-1.13832,51.37533],[-1.13825,51.37557],[-1.13807,51.37581]]},"properties":{"k":"stream","name":""}},{"type":"Feature","geometry":{"type":"LineString","coordinates":[[-1.13967,51.37274],[-1.13946,51.373],[-1.13931,51.37313]]},"properties":{"k":"stream","name":""}},{"type":"Feature","geometry":{"type":"LineString","coordinates":[[-1.13931,51.37313],[-1.13911,51.3734],[-1.13899,51.37353],[-1.13886,51.37371]]},"properties":{"k":"stream","name":""}},{"type":"Feature","geometry":{"type":"LineString","coordinates":[[-1.13417,51.37543],[-1.13421,51.37548]]},"properties":{"k":"stream","name":""}},{"type":"Feature","geometry":{"type":"LineString","coordinates":[[-1.13423,51.37542],[-1.13421,51.37548]]},"properties":{"k":"stream","name":""}},{"type":"Feature","geometry":{"type":"LineString","coordinates":[[-1.13869,51.37406],[-1.13859,51.37414],[-1.13852,51.37424],[-1.13837,51.37448],[-1.13831,51.37463]]},"properties":{"k":"stream","name":""}},{"type":"Feature","geometry":{"type":"LineString","coordinates":[[-1.14881,51.37155],[-1.14942,51.37198]]},"properties":{"k":"stream","name":""}},{"type":"Feature","geometry":{"type":"LineString","coordinates":[[-1.13452,51.37496],[-1.1345,51.37512],[-1.13435,51.37529],[-1.13423,51.37542]]},"properties":{"k":"stream","name":""}},{"type":"Feature","geometry":{"type":"LineString","coordinates":[[-1.13886,51.37371],[-1.13882,51.37385],[-1.13869,51.37406]]},"properties":{"k":"stream","name":""}},{"type":"Feature","geometry":{"type":"LineString","coordinates":[[-1.13463,51.37386],[-1.13454,51.37413],[-1.13457,51.37434],[-1.13457,51.37442],[-1.13459,51.37472],[-1.13452,51.37496]]},"properties":{"k":"stream","name":""}},{"type":"Feature","geometry":{"type":"LineString","coordinates":[[-1.14781,51.37367],[-1.14733,51.37349],[-1.1468,51.37331],[-1.14613,51.37286],[-1.14607,51.37282],[-1.14564,51.37264]]},"properties":{"k":"stream","name":""}},{"type":"Feature","geometry":{"type":"LineString","coordinates":[[-0.95971,51.26283],[-0.95929,51.26275],[-0.9587,51.26256],[-0.95832,51.26242],[-0.95831,51.26236],[-0.95835,51.26228],[-0.95833,51.26224]]},"properties":{"k":"stream","name":""}},{"type":"Feature","geometry":{"type":"LineString","coordinates":[[-0.95952,51.26292],[-0.95843,51.26321],[-0.95814,51.26302],[-0.95812,51.26297],[-0.95802,51.26283],[-0.95798,51.26284],[-0.95785,51.26286],[-0.95744,51.26305],[-0.95703,51.26324],[-0.95695,51.26327]]},"properties":{"k":"stream","name":""}},{"type":"Feature","geometry":{"type":"LineString","coordinates":[[-0.9629,51.26091],[-0.96304,51.26133],[-0.9631,51.26217],[-0.96289,51.26245],[-0.96252,51.26275],[-0.96222,51.26292],[-0.9619,51.26313],[-0.96171,51.26315],[-0.95964,51.26296],[-0.95952,51.26292]]},"properties":{"k":"stream","name":""}},{"type":"Feature","geometry":{"type":"LineString","coordinates":[[-1.07008,51.35915],[-1.06992,51.35914],[-1.06762,51.3602]]},"properties":{"k":"stream","name":""}},{"type":"Feature","geometry":{"type":"LineString","coordinates":[[-1.07408,51.36133],[-1.07253,51.36111],[-1.0716,51.36111],[-1.06991,51.36097],[-1.06875,51.36061],[-1.06762,51.3602],[-1.06691,51.35997],[-1.06671,51.35985],[-1.06649,51.36003],[-1.06513,51.35917],[-1.06472,51.35903],[-1.06449,51.35889],[-1.06434,51.35889],[-1.06412,51.35873],[-1.06408,51.35874]]},"properties":{"k":"stream","name":""}},{"type":"Feature","geometry":{"type":"LineString","coordinates":[[-1.06073,51.29605],[-1.06044,51.29586]]},"properties":{"k":"stream","name":""}},{"type":"Feature","geometry":{"type":"LineString","coordinates":[[-0.92155,51.3564],[-0.92122,51.35643]]},"properties":{"k":"ditch","name":""}},{"type":"Feature","geometry":{"type":"LineString","coordinates":[[-0.8582,51.25605],[-0.85839,51.25604],[-0.85911,51.2561],[-0.85984,51.25619],[-0.86015,51.25629],[-0.8604,51.25632],[-0.86054,51.25634],[-0.86063,51.25634],[-0.86072,51.25643],[-0.86077,51.25653],[-0.86092,51.25671],[-0.86112,51.25687],[-0.86131,51.25698],[-0.86158,51.25711],[-0.86185,51.25715],[-0.86217,51.25712],[-0.86255,51.25696]]},"properties":{"k":"stream","name":""}},{"type":"Feature","geometry":{"type":"LineString","coordinates":[[-1.08468,51.31105],[-1.08442,51.31143],[-1.08411,51.31173],[-1.08385,51.31203],[-1.08351,51.31276],[-1.08335,51.31324],[-1.0833,51.31345],[-1.08322,51.31366],[-1.08318,51.31377],[-1.08312,51.31394]]},"properties":{"k":"stream","name":""}},{"type":"Feature","geometry":{"type":"LineString","coordinates":[[-1.12257,51.28563],[-1.12252,51.28564],[-1.12247,51.28564],[-1.12243,51.28563],[-1.12241,51.28561],[-1.1224,51.28558],[-1.12241,51.28556],[-1.12241,51.28554],[-1.12238,51.28552],[-1.12235,51.28551],[-1.1223,51.28551],[-1.12224,51.2855],[-1.12217,51.28548],[-1.12212,51.28547],[-1.12208,51.28546],[-1.12203,51.28546],[-1.12195,51.28546],[-1.1219,51.28547],[-1.12184,51.28549],[-1.12181,51.28552],[-1.12174,51.28553],[-1.12166,51.28553],[-1.12162,51.28552],[-1.12158,51.28549],[-1.12152,51.28548],[-1.12145,51.28548],[-1.1214,51.28548],[-1.12135,51.28549],[-1.1213,51.28548],[-1.12125,51.28544]]},"properties":{"k":"ditch","name":""}},{"type":"Feature","geometry":{"type":"LineString","coordinates":[[-1.12864,51.28817],[-1.12874,51.28809],[-1.1288,51.28805],[-1.12884,51.28799],[-1.12888,51.28791],[-1.12894,51.28785],[-1.12898,51.28779],[-1.12901,51.28775],[-1.12903,51.28769],[-1.12904,51.28765],[-1.12906,51.2876],[-1.12912,51.28756],[-1.12916,51.28755],[-1.12922,51.28755],[-1.12929,51.28755],[-1.12935,51.28753],[-1.12938,51.28747],[-1.12946,51.28739],[-1.12951,51.28732],[-1.12956,51.28728]]},"properties":{"k":"stream","name":""}},{"type":"Feature","geometry":{"type":"LineString","coordinates":[[-0.96345,51.2601],[-0.96316,51.26034],[-0.963,51.26046],[-0.96275,51.26065],[-0.96248,51.26073]]},"properties":{"k":"canal","name":"Basingstoke Canal"}},{"type":"Feature","geometry":{"type":"LineString","coordinates":[[-1.0221,51.3071],[-1.022,51.30702],[-1.02195,51.30694],[-1.02192,51.30688],[-1.02185,51.30684],[-1.02179,51.30678],[-1.02176,51.30673],[-1.02174,51.30669],[-1.02175,51.30663],[-1.02176,51.30653],[-1.02174,51.3065],[-1.02172,51.30645],[-1.02165,51.30642],[-1.02161,51.30642],[-1.02155,51.30638],[-1.02152,51.30634],[-1.02151,51.30627],[-1.02151,51.30621],[-1.02142,51.30613],[-1.02133,51.30601],[-1.02124,51.3059],[-1.02117,51.30581],[-1.02116,51.30578],[-1.02116,51.30574],[-1.02122,51.30568],[-1.02124,51.30563],[-1.02122,51.30558],[-1.02113,51.30551],[-1.02111,51.30544],[-1.02109,51.3054]]},"properties":{"k":"ditch","name":""}},{"type":"Feature","geometry":{"type":"LineString","coordinates":[[-1.01,51.33674],[-1.00899,51.33819]]},"properties":{"k":"river","name":""}},{"type":"Feature","geometry":{"type":"LineString","coordinates":[[-0.89642,51.30747],[-0.89609,51.30764],[-0.89586,51.30776],[-0.89574,51.30787],[-0.89563,51.30798],[-0.89553,51.30802],[-0.89546,51.30804],[-0.89541,51.30804],[-0.89534,51.30806],[-0.89521,51.30817],[-0.89502,51.30831],[-0.89485,51.30845],[-0.89469,51.30854],[-0.89454,51.30862],[-0.89438,51.30866],[-0.89397,51.30879],[-0.89363,51.3089],[-0.89341,51.30898],[-0.89334,51.30902],[-0.89331,51.30904],[-0.89327,51.30908],[-0.89324,51.30911],[-0.89318,51.30913],[-0.8929,51.30922],[-0.89257,51.3093],[-0.89181,51.30951],[-0.89153,51.30958],[-0.89142,51.30959],[-0.89129,51.3096],[-0.89113,51.30961],[-0.89078,51.30967],[-0.89051,51.30978],[-0.88972,51.31008],[-0.8894,51.31024],[-0.889,51.31046],[-0.88864,51.31065],[-0.88848,51.31078],[-0.88837,51.31087],[-0.88824,51.31099],[-0.88808,51.31115],[-0.8879,51.31137]]},"properties":{"k":"ditch","name":""}},{"type":"Feature","geometry":{"type":"LineString","coordinates":[[-0.88812,51.30948],[-0.88759,51.30985],[-0.88739,51.31001],[-0.88715,51.31019],[-0.88681,51.31044],[-0.88658,51.31067],[-0.88626,51.31103]]},"properties":{"k":"ditch","name":""}},{"type":"Feature","geometry":{"type":"LineString","coordinates":[[-0.89274,51.30952],[-0.89287,51.3094],[-0.89257,51.3093]]},"properties":{"k":"ditch","name":""}},{"type":"Feature","geometry":{"type":"LineString","coordinates":[[-0.88614,51.309],[-0.88608,51.30911],[-0.88605,51.30921],[-0.88603,51.30931]]},"properties":{"k":"stream","name":""}},{"type":"Feature","geometry":{"type":"LineString","coordinates":[[-0.88538,51.30986],[-0.8853,51.30996],[-0.88518,51.31008],[-0.88511,51.3102],[-0.88507,51.31028],[-0.88506,51.31035],[-0.88506,51.31041],[-0.88508,51.31052],[-0.88514,51.31076],[-0.88522,51.311]]},"properties":{"k":"stream","name":""}},{"type":"Feature","geometry":{"type":"LineString","coordinates":[[-1.32537,51.33877],[-1.32505,51.33877],[-1.32475,51.33879],[-1.32448,51.33882],[-1.32417,51.33885],[-1.32392,51.33887],[-1.32371,51.33889],[-1.32355,51.33891],[-1.32334,51.33893],[-1.32317,51.33896],[-1.32301,51.339],[-1.32283,51.33904],[-1.32262,51.3391],[-1.32226,51.33919],[-1.32195,51.33927],[-1.32172,51.33933],[-1.32155,51.33937],[-1.32145,51.3394],[-1.32137,51.33945],[-1.32127,51.3395],[-1.32109,51.3396],[-1.32085,51.33972],[-1.32062,51.33986],[-1.32021,51.34007],[-1.31991,51.34024],[-1.31955,51.34043],[-1.3193,51.34057],[-1.31906,51.34071],[-1.31882,51.34084],[-1.31862,51.34095],[-1.31836,51.34109],[-1.31824,51.34116],[-1.31821,51.34117],[-1.31817,51.34119],[-1.31814,51.34119],[-1.31811,51.3412],[-1.31807,51.3412],[-1.31804,51.34121],[-1.31802,51.34122],[-1.318,51.34123],[-1.318,51.34125],[-1.31797,51.34128],[-1.31793,51.3413],[-1.31785,51.34135],[-1.31764,51.34145],[-1.31733,51.34161],[-1.31694,51.34179],[-1.31648,51.34201],[-1.31635,51.34208],[-1.31631,51.34209],[-1.31627,51.3421],[-1.31624,51.3421],[-1.3162,51.3421],[-1.31617,51.34212],[-1.31615,51.34214],[-1.31612,51.34217],[-1.31608,51.3422],[-1.316,51.34222],[-1.31578,51.34233],[-1.31538,51.34249],[-1.3148,51.34274],[-1.31429,51.34296],[-1.31361,51.34325],[-1.31335,51.34336],[-1.31319,51.34343],[-1.31314,51.34346],[-1.31311,51.34348],[-1.31309,51.3435],[-1.31307,51.34352],[-1.31306,51.34354],[-1.31304,51.34356],[-1.31302,51.34358],[-1.31298,51.3436],[-1.31295,51.34362],[-1.31292,51.34363],[-1.3129,51.34365],[-1.31289,51.34368],[-1.31289,51.34369],[-1.31289,51.34371],[-1.31289,51.34373],[-1.31287,51.34375],[-1.31284,51.34379],[-1.31281,51.34381],[-1.31279,51.34383],[-1.31275,51.34385],[-1.31273,51.34387],[-1.31269,51.34389],[-1.31266,51.3439],[-1.31265,51.34392],[-1.31263,51.34393],[-1.31262,51.34395],[-1.31261,51.34397],[-1.3126,51.34398],[-1.31258,51.34399],[-1.31255,51.34398],[-1.31253,51.34398],[-1.31248,51.34397],[-1.31245,51.34396],[-1.31241,51.34395],[-1.31238,51.34394],[-1.31235,51.34394],[-1.31231,51.34394],[-1.31227,51.34394],[-1.31223,51.34395],[-1.3122,51.34395],[-1.31216,51.34396],[-1.31213,51.34396],[-1.3121,51.34396],[-1.31206,51.34397],[-1.31203,51.34398],[-1.312,51.34399],[-1.31197,51.34401],[-1.31194,51.34402],[-1.3119,51.34404],[-1.31187,51.34405],[-1.31181,51.34407],[-1.31178,51.34408],[-1.31174,51.34409],[-1.31168,51.3441],[-1.31164,51.34411],[-1.31158,51.34411],[-1.31152,51.34411],[-1.31146,51.34412],[-1.3114,51.34412],[-1.31137,51.34413],[-1.31133,51.34413],[-1.31129,51.34414],[-1.31126,51.34414],[-1.31122,51.34415],[-1.3112,51.34416],[-1.31117,51.34418],[-1.31115,51.34419],[-1.31113,51.3442],[-1.31111,51.3442],[-1.31109,51.34419],[-1.31108,51.34419],[-1.31107,51.34418],[-1.31106,51.34417],[-1.31105,51.34416],[-1.31102,51.34415],[-1.31099,51.34415],[-1.31097,51.34415],[-1.31092,51.34415],[-1.31089,51.34415],[-1.31086,51.34417],[-1.31084,51.34419],[-1.31083,51.34421],[-1.31082,51.34423],[-1.3108,51.34426],[-1.31079,51.34427],[-1.31077,51.34429],[-1.31076,51.3443],[-1.31074,51.34432],[-1.31073,51.34433],[-1.3107,51.34433],[-1.31067,51.34433],[-1.31064,51.34433],[-1.31062,51.34432],[-1.3106,51.34431],[-1.31059,51.3443],[-1.31057,51.34429],[-1.31054,51.34429],[-1.31051,51.34429],[-1.31049,51.3443],[-1.31047,51.34431],[-1.31045,51.34432],[-1.31043,51.34433],[-1.31042,51.34434],[-1.31039,51.34435],[-1.31037,51.34435],[-1.31035,51.34435],[-1.31033,51.34434],[-1.31032,51.34434],[-1.3103,51.34433],[-1.31029,51.34432],[-1.31027,51.34432],[-1.31026,51.34432],[-1.31026,51.34433],[-1.31026,51.34434],[-1.31027,51.34435],[-1.31028,51.34435],[-1.31028,51.34436],[-1.31028,51.34437],[-1.31027,51.34438],[-1.31025,51.34438],[-1.31024,51.34438],[-1.31023,51.34438],[-1.31021,51.34437],[-1.3102,51.34437],[-1.31018,51.34437],[-1.31016,51.34437],[-1.31015,51.34437],[-1.31014,51.34437],[-1.31013,51.34438],[-1.31013,51.34439],[-1.31013,51.34439],[-1.31013,51.34441],[-1.31013,51.34442],[-1.31013,51.34443],[-1.31012,51.34444],[-1.3101,51.34446],[-1.31008,51.34447],[-1.31005,51.34448],[-1.31001,51.34449],[-1.30998,51.3445],[-1.30995,51.34451],[-1.30992,51.34451],[-1.30991,51.3445],[-1.30989,51.3445],[-1.30987,51.34449],[-1.30985,51.34449],[-1.30982,51.34449],[-1.3098,51.34449],[-1.30977,51.34449],[-1.30974,51.34449],[-1.30971,51.3445],[-1.30969,51.34451],[-1.30966,51.34451],[-1.30963,51.34451],[-1.30961,51.34451],[-1.30958,51.34452],[-1.30956,51.34452],[-1.30953,51.34453],[-1.30951,51.34455],[-1.30948,51.34456],[-1.30946,51.34456],[-1.30944,51.34457],[-1.3094,51.34457],[-1.30936,51.34458],[-1.30933,51.34458],[-1.30931,51.34458],[-1.30929,51.34458],[-1.30926,51.34459],[-1.30924,51.3446],[-1.30921,51.34461],[-1.30919,51.34462],[-1.30918,51.34464],[-1.30916,51.34465],[-1.30914,51.34466],[-1.30911,51.34468],[-1.30909,51.34468],[-1.30905,51.34469],[-1.30902,51.3447],[-1.30899,51.3447],[-1.30897,51.34469],[-1.30894,51.34469],[-1.30892,51.3447],[-1.30889,51.34471],[-1.30887,51.34472],[-1.30885,51.34473],[-1.30881,51.34474],[-1.30878,51.34474],[-1.30875,51.34474],[-1.30871,51.34475],[-1.30867,51.34476],[-1.30865,51.34476],[-1.30861,51.34476],[-1.30858,51.34476],[-1.30855,51.34475],[-1.30853,51.34474],[-1.30851,51.34473],[-1.3085,51.34472],[-1.30849,51.34471],[-1.30848,51.3447],[-1.30847,51.34469],[-1.30845,51.34468],[-1.30843,51.34466],[-1.30841,51.34465],[-1.30839,51.34465],[-1.30837,51.34465],[-1.30835,51.34465],[-1.30833,51.34466],[-1.30831,51.34467],[-1.30829,51.34468],[-1.30827,51.34468],[-1.30824,51.34468],[-1.30822,51.34468],[-1.3082,51.34468],[-1.30818,51.34467],[-1.30816,51.34466],[-1.30816,51.34465],[-1.30815,51.34464],[-1.30815,51.34462],[-1.30815,51.34461],[-1.30814,51.3446],[-1.30812,51.34458],[-1.30809,51.34458],[-1.30807,51.34457],[-1.30804,51.34457],[-1.30801,51.34458],[-1.308,51.34459],[-1.30797,51.3446],[-1.30795,51.34462],[-1.30792,51.34463],[-1.30789,51.34464],[-1.30785,51.34465],[-1.30783,51.34466],[-1.30778,51.34467],[-1.30774,51.34468],[-1.30771,51.34469],[-1.30768,51.3447],[-1.30766,51.34471],[-1.30764,51.34472],[-1.30762,51.34474],[-1.30761,51.34475],[-1.3076,51.34476],[-1.30759,51.34477],[-1.30757,51.34477],[-1.30755,51.34477],[-1.30752,51.34477],[-1.30749,51.34477],[-1.30746,51.34477],[-1.30743,51.34476],[-1.3074,51.34475],[-1.30736,51.34474],[-1.30734,51.34473],[-1.3073,51.34472],[-1.30726,51.34472],[-1.30722,51.34472],[-1.30718,51.34472],[-1.30714,51.34471],[-1.30711,51.34471],[-1.30707,51.34471],[-1.30704,51.34471],[-1.30701,51.34471],[-1.30698,51.34472],[-1.30696,51.34472],[-1.30693,51.34472],[-1.30691,51.34471],[-1.30689,51.34471],[-1.30687,51.34471],[-1.30684,51.34471],[-1.30683,51.34471],[-1.30682,51.34471],[-1.30679,51.34471],[-1.30678,51.34471],[-1.30676,51.34471],[-1.30675,51.3447],[-1.30674,51.34469],[-1.30672,51.34469],[-1.3067,51.34468],[-1.30667,51.34468],[-1.30665,51.34468],[-1.30663,51.34468],[-1.30661,51.34468],[-1.30658,51.34468],[-1.30655,51.34467],[-1.30654,51.34467],[-1.30653,51.34466],[-1.30652,51.34466],[-1.3065,51.34466],[-1.30648,51.34466],[-1.30646,51.34466],[-1.30643,51.34466],[-1.30642,51.34465],[-1.3064,51.34464],[-1.30639,51.34463],[-1.30638,51.34461],[-1.30638,51.34459],[-1.30637,51.34457],[-1.30634,51.34455],[-1.30632,51.34454],[-1.30626,51.34452],[-1.30623,51.34451],[-1.3062,51.34449],[-1.30618,51.34448],[-1.30614,51.34446],[-1.30612,51.34444],[-1.3061,51.34442],[-1.30606,51.34441],[-1.30604,51.34441],[-1.30602,51.3444],[-1.306,51.3444],[-1.30598,51.34438],[-1.30597,51.34437],[-1.30596,51.34436],[-1.30595,51.34434],[-1.30594,51.34433],[-1.30593,51.34432],[-1.30591,51.34432],[-1.30589,51.34432],[-1.30587,51.34432],[-1.30586,51.34434],[-1.30584,51.34435],[-1.30582,51.34436],[-1.30579,51.34437],[-1.30577,51.34438],[-1.30571,51.34439],[-1.30568,51.34439],[-1.30566,51.34438],[-1.30564,51.34437],[-1.30563,51.34437],[-1.30563,51.34435],[-1.30563,51.34434],[-1.30562,51.34433],[-1.3056,51.34433],[-1.30558,51.34433],[-1.30555,51.34433],[-1.30553,51.34432],[-1.30551,51.34431],[-1.3055,51.3443],[-1.3055,51.34429],[-1.3055,51.34429],[-1.30551,51.34428],[-1.30551,51.34427],[-1.30551,51.34425],[-1.3055,51.34424],[-1.30547,51.34424],[-1.30545,51.34423],[-1.30543,51.34422],[-1.3054,51.34422],[-1.30538,51.34422],[-1.30536,51.34423],[-1.30534,51.34423],[-1.30532,51.34425],[-1.30531,51.34427],[-1.30531,51.34428],[-1.30531,51.3443],[-1.30531,51.34434],[-1.30532,51.34435],[-1.30532,51.34437],[-1.30531,51.34438],[-1.3053,51.34439],[-1.30528,51.34441],[-1.30525,51.34441],[-1.30522,51.34442],[-1.30519,51.34441],[-1.30516,51.3444],[-1.30514,51.34439],[-1.30512,51.34439],[-1.30511,51.34439],[-1.30508,51.3444],[-1.30507,51.34441],[-1.30505,51.34441],[-1.30503,51.34441],[-1.30501,51.34441],[-1.30501,51.34441],[-1.30498,51.3444],[-1.30496,51.3444],[-1.30494,51.3444],[-1.30491,51.3444],[-1.30488,51.34439],[-1.30485,51.34438],[-1.30483,51.34436],[-1.3048,51.34435],[-1.30477,51.34434],[-1.30473,51.34434],[-1.30469,51.34434],[-1.30464,51.34434],[-1.30458,51.34436],[-1.3045,51.34438],[-1.30444,51.3444],[-1.30438,51.34442],[-1.3043,51.34445],[-1.30421,51.34448],[-1.30414,51.3445],[-1.30405,51.34453],[-1.30399,51.34454],[-1.30392,51.34456],[-1.30388,51.34457],[-1.30383,51.34458],[-1.30378,51.3446],[-1.30374,51.34461],[-1.30372,51.34462],[-1.3037,51.34463],[-1.30369,51.34465],[-1.30367,51.34466],[-1.30366,51.34468],[-1.30366,51.3447],[-1.30365,51.34472],[-1.30363,51.34475],[-1.3036,51.34478],[-1.30357,51.34481],[-1.30353,51.34483],[-1.30348,51.34486],[-1.30344,51.34488],[-1.30338,51.34492],[-1.30334,51.34493],[-1.30329,51.34494],[-1.30325,51.34495],[-1.30322,51.34495],[-1.30318,51.34494],[-1.30314,51.34494],[-1.30309,51.34494],[-1.30305,51.34493],[-1.303,51.34492],[-1.30296,51.34491],[-1.30291,51.3449],[-1.30286,51.34488],[-1.30281,51.34487],[-1.30274,51.34485],[-1.3027,51.34483],[-1.30266,51.34482],[-1.30261,51.34482],[-1.30254,51.34482],[-1.30247,51.34482],[-1.30244,51.34482],[-1.3024,51.34483],[-1.30237,51.34484],[-1.30234,51.34486],[-1.30232,51.34488],[-1.30231,51.3449],[-1.3023,51.34492],[-1.30228,51.34493],[-1.30225,51.34493],[-1.30222,51.34494],[-1.30219,51.34495],[-1.30218,51.34497],[-1.30215,51.34498],[-1.30213,51.34498],[-1.30209,51.34498],[-1.30205,51.34498],[-1.30202,51.34497],[-1.30199,51.34497],[-1.30195,51.34497],[-1.30191,51.34498],[-1.30187,51.345],[-1.30184,51.34501],[-1.30181,51.34503],[-1.30178,51.34505],[-1.30174,51.34508],[-1.30171,51.34509],[-1.30168,51.34511],[-1.30166,51.34511],[-1.30164,51.34511],[-1.30162,51.34511],[-1.30161,51.3451],[-1.30161,51.34509],[-1.30161,51.34508],[-1.3016,51.34507],[-1.30159,51.34505],[-1.30158,51.34505],[-1.30156,51.34505],[-1.30152,51.34505],[-1.30149,51.34506],[-1.30146,51.34507],[-1.30145,51.34508],[-1.30145,51.3451],[-1.30145,51.34512],[-1.30145,51.34513],[-1.30146,51.34514],[-1.30146,51.34517],[-1.30145,51.34518],[-1.30143,51.34518],[-1.30141,51.34518],[-1.30138,51.34517],[-1.30137,51.34516],[-1.30135,51.34514],[-1.30133,51.34514],[-1.30129,51.34515],[-1.30126,51.34515],[-1.30124,51.34515],[-1.30121,51.34515],[-1.30119,51.34515],[-1.30113,51.34515],[-1.30109,51.34515],[-1.30104,51.34515],[-1.30101,51.34514],[-1.30098,51.34514],[-1.30095,51.34513],[-1.30092,51.34512],[-1.30088,51.34511],[-1.30084,51.34511],[-1.30081,51.34511],[-1.30078,51.34512],[-1.30075,51.34513],[-1.30069,51.34514],[-1.30066,51.34514],[-1.30065,51.34514],[-1.30064,51.34512],[-1.30062,51.34511],[-1.30062,51.3451],[-1.30062,51.34508],[-1.30062,51.34506],[-1.30062,51.34504],[-1.30062,51.34503],[-1.30061,51.34501],[-1.30059,51.345],[-1.30057,51.34498],[-1.30054,51.34498],[-1.30051,51.34498],[-1.30048,51.34498],[-1.30045,51.345],[-1.30044,51.34502],[-1.30041,51.34504],[-1.30039,51.34506],[-1.30037,51.34506],[-1.30033,51.34506],[-1.3003,51.34507],[-1.30028,51.34508],[-1.30025,51.34509],[-1.30022,51.34509],[-1.30018,51.34509],[-1.30015,51.34509],[-1.30012,51.34509],[-1.30008,51.34508],[-1.30004,51.34507],[-1.30001,51.34506],[-1.29996,51.34504],[-1.29991,51.34503],[-1.29987,51.34503],[-1.29983,51.34503],[-1.29979,51.34503],[-1.29976,51.34504],[-1.29972,51.34503],[-1.29969,51.34503],[-1.29967,51.34502],[-1.29964,51.34502],[-1.29961,51.34502],[-1.29958,51.34502],[-1.29955,51.34501],[-1.29953,51.345],[-1.29951,51.34499],[-1.29948,51.34498],[-1.29946,51.34498],[-1.29944,51.34498],[-1.29942,51.34499],[-1.29939,51.34501],[-1.29937,51.34502],[-1.29934,51.34504],[-1.29931,51.34505],[-1.29927,51.34506],[-1.29923,51.34506],[-1.29918,51.34506],[-1.29913,51.34506],[-1.2991,51.34506],[-1.29906,51.34505],[-1.29903,51.34504],[-1.29901,51.34503],[-1.29899,51.34501],[-1.29897,51.34499],[-1.29896,51.34497],[-1.29894,51.34496],[-1.29893,51.34494],[-1.29891,51.34492],[-1.29889,51.3449],[-1.29887,51.34487],[-1.29885,51.34486],[-1.29883,51.34485],[-1.29881,51.34485],[-1.29879,51.34486],[-1.29877,51.34487],[-1.29876,51.34487],[-1.29873,51.34487],[-1.29871,51.34487],[-1.29871,51.34485],[-1.29871,51.34484],[-1.2987,51.34483],[-1.29869,51.34482],[-1.29866,51.34481],[-1.29864,51.34482],[-1.29863,51.34483],[-1.29862,51.34484],[-1.29859,51.34484],[-1.29855,51.34482],[-1.29854,51.34481],[-1.29851,51.3448],[-1.29848,51.3448],[-1.29844,51.3448],[-1.29841,51.3448],[-1.29836,51.34481],[-1.29834,51.34481],[-1.29831,51.3448],[-1.2983,51.34479],[-1.29829,51.34478],[-1.29828,51.34477],[-1.29828,51.34476],[-1.29828,51.34476],[-1.29826,51.34475],[-1.29822,51.34475],[-1.29819,51.34476],[-1.29815,51.34476],[-1.29811,51.34476],[-1.29808,51.34475],[-1.29806,51.34474],[-1.29806,51.34473],[-1.29806,51.34472],[-1.29807,51.34471],[-1.29807,51.3447],[-1.29807,51.34469],[-1.29805,51.34468],[-1.29803,51.34467],[-1.29801,51.34467],[-1.29799,51.34467],[-1.29797,51.34468],[-1.29794,51.34469]]},"properties":{"k":"stream","name":""}},{"type":"Feature","geometry":{"type":"LineString","coordinates":[[-1.2942,51.34641],[-1.29429,51.34644],[-1.29433,51.34646],[-1.29435,51.34647],[-1.29437,51.34649],[-1.29438,51.34651],[-1.29438,51.34653],[-1.29438,51.34656],[-1.29438,51.34659],[-1.29435,51.34662],[-1.29431,51.34665],[-1.29428,51.34667],[-1.29423,51.34669],[-1.29418,51.34671],[-1.29413,51.34673],[-1.2941,51.34674],[-1.29406,51.34674],[-1.294,51.34673],[-1.29395,51.34672],[-1.2939,51.3467],[-1.29387,51.34668],[-1.29383,51.34667],[-1.2938,51.34667],[-1.29377,51.34668],[-1.29374,51.34669],[-1.2937,51.34672],[-1.29366,51.34673],[-1.29362,51.34673],[-1.29359,51.34673],[-1.29354,51.34671],[-1.29351,51.34671],[-1.29347,51.34671],[-1.29341,51.34672],[-1.29338,51.34673],[-1.29333,51.34674],[-1.29329,51.34676],[-1.29327,51.34678],[-1.29324,51.3468],[-1.29323,51.34682],[-1.29322,51.34684],[-1.29322,51.34687],[-1.29321,51.34689],[-1.2932,51.34692],[-1.29319,51.34694],[-1.29317,51.34696],[-1.29314,51.34696],[-1.29311,51.34697],[-1.29309,51.34698],[-1.29307,51.347],[-1.29307,51.34702],[-1.29308,51.34704],[-1.2931,51.34706],[-1.29313,51.34708],[-1.29316,51.34711],[-1.29319,51.34713],[-1.29321,51.34715],[-1.29323,51.34717],[-1.29326,51.34719],[-1.29328,51.34721],[-1.29331,51.34723],[-1.29334,51.34726],[-1.29334,51.34728],[-1.29334,51.34729],[-1.29332,51.34731],[-1.29328,51.34732],[-1.29324,51.34733],[-1.29317,51.34736],[-1.29314,51.34737],[-1.29311,51.34739],[-1.2931,51.34741],[-1.29308,51.34743],[-1.29307,51.34746],[-1.29307,51.34748],[-1.29307,51.3475],[-1.29306,51.34752],[-1.29304,51.34752],[-1.29302,51.34752],[-1.29299,51.34752],[-1.29297,51.3475],[-1.29296,51.34748],[-1.29295,51.34746],[-1.29293,51.34743],[-1.29292,51.34741],[-1.29291,51.34741],[-1.29288,51.3474],[-1.29285,51.3474],[-1.29283,51.34741],[-1.29281,51.34742],[-1.2928,51.34744],[-1.29279,51.34747],[-1.29278,51.34749],[-1.29278,51.34752],[-1.29278,51.34756],[-1.29278,51.34759],[-1.29277,51.3476],[-1.29277,51.34762],[-1.29275,51.34764],[-1.29273,51.34766],[-1.29271,51.34768],[-1.29268,51.34769],[-1.29265,51.34771],[-1.29261,51.34773],[-1.29258,51.34774],[-1.29255,51.34776],[-1.29252,51.34778],[-1.29251,51.3478],[-1.2925,51.34781],[-1.29249,51.34784],[-1.29249,51.34786],[-1.29249,51.34788],[-1.29249,51.34791],[-1.29249,51.34794],[-1.29249,51.34799],[-1.29249,51.34802],[-1.2925,51.34806],[-1.2925,51.34809],[-1.29249,51.34813],[-1.29248,51.34815],[-1.29246,51.34817],[-1.29244,51.34819],[-1.29243,51.3482],[-1.2924,51.34822],[-1.29238,51.34824],[-1.29237,51.34827],[-1.29237,51.3483],[-1.29236,51.34832],[-1.29235,51.34835],[-1.29234,51.34837],[-1.29233,51.34839],[-1.2923,51.34841],[-1.29227,51.34841],[-1.29223,51.34841],[-1.2922,51.34841],[-1.29217,51.34841],[-1.29214,51.34841],[-1.29212,51.34843],[-1.2921,51.34844],[-1.29208,51.34847],[-1.29208,51.34849],[-1.29208,51.34851],[-1.29209,51.34852],[-1.29211,51.34854],[-1.29214,51.34856],[-1.29217,51.34857],[-1.2922,51.34858],[-1.29223,51.34859],[-1.29225,51.3486],[-1.29226,51.34861],[-1.29226,51.34863],[-1.29225,51.34864],[-1.29224,51.34865],[-1.29222,51.34865],[-1.29219,51.34867],[-1.29218,51.34868],[-1.29216,51.3487],[-1.29216,51.34872],[-1.29215,51.34874],[-1.29215,51.34876],[-1.29215,51.34877],[-1.29216,51.34879],[-1.29216,51.34881],[-1.29215,51.34883],[-1.29212,51.34885],[-1.29209,51.34886],[-1.29206,51.34887],[-1.29201,51.34887],[-1.29194,51.34887],[-1.29189,51.34887],[-1.29181,51.34887],[-1.29175,51.34887],[-1.2917,51.34887],[-1.29166,51.34888],[-1.29164,51.34889],[-1.29163,51.34889],[-1.29163,51.34891],[-1.29163,51.34892],[-1.29164,51.34893],[-1.29166,51.34895],[-1.29168,51.34897],[-1.29171,51.34899],[-1.29174,51.34901],[-1.29178,51.34903],[-1.29181,51.34905],[-1.29183,51.34907],[-1.29185,51.34909],[-1.29186,51.34912],[-1.29187,51.34916],[-1.29188,51.3492],[-1.29188,51.34923],[-1.29188,51.34928],[-1.29188,51.3493],[-1.29187,51.34933],[-1.29185,51.34935],[-1.29182,51.34936],[-1.29179,51.34937],[-1.29176,51.34937],[-1.29172,51.34937],[-1.29167,51.34937],[-1.29164,51.34937],[-1.29161,51.34938],[-1.29159,51.34939],[-1.29157,51.3494],[-1.29155,51.34942],[-1.29155,51.34944],[-1.29154,51.34948],[-1.29154,51.3495],[-1.29155,51.34951],[-1.29158,51.34952],[-1.2916,51.34952],[-1.29163,51.34952],[-1.29166,51.34952],[-1.29167,51.34953],[-1.29169,51.34955],[-1.2917,51.34956],[-1.2917,51.34958],[-1.29171,51.34961],[-1.29171,51.34963],[-1.29172,51.34965],[-1.29174,51.34967],[-1.29176,51.34969],[-1.29179,51.34971],[-1.29182,51.34972],[-1.29184,51.34973],[-1.29185,51.34975],[-1.29185,51.34977],[-1.29183,51.34979],[-1.29181,51.34982],[-1.2918,51.34984],[-1.29179,51.34986],[-1.29179,51.34987],[-1.29179,51.34989],[-1.29179,51.34992],[-1.29178,51.34994],[-1.29177,51.34996],[-1.29176,51.34998],[-1.29174,51.35],[-1.29174,51.35001],[-1.29173,51.35003],[-1.29172,51.35005],[-1.29172,51.35006],[-1.2917,51.35008],[-1.29168,51.3501],[-1.29166,51.35012],[-1.29163,51.35014],[-1.2916,51.35015],[-1.29157,51.35017],[-1.29155,51.35018],[-1.29152,51.35019],[-1.29148,51.35019],[-1.29143,51.3502],[-1.29141,51.35021],[-1.29139,51.35022],[-1.29138,51.35023],[-1.29137,51.35025],[-1.29137,51.35026],[-1.29138,51.35028],[-1.2914,51.35029],[-1.29142,51.35029],[-1.29145,51.35029],[-1.29148,51.3503],[-1.29152,51.35032],[-1.29153,51.35033],[-1.29153,51.35035],[-1.29153,51.35036],[-1.29153,51.35038],[-1.29152,51.35039],[-1.2915,51.35041],[-1.29147,51.35042],[-1.29144,51.35043],[-1.2914,51.35044],[-1.29137,51.35045],[-1.29133,51.35045],[-1.2913,51.35044],[-1.29126,51.35042],[-1.29123,51.3504],[-1.29119,51.35039],[-1.29115,51.35039],[-1.29113,51.35039],[-1.29111,51.3504],[-1.29109,51.35041],[-1.29106,51.35044],[-1.29105,51.35046],[-1.29104,51.35048],[-1.29104,51.35051],[-1.29104,51.35053],[-1.29105,51.35056],[-1.29106,51.35059],[-1.29108,51.35062],[-1.2911,51.35064],[-1.29112,51.35067],[-1.29115,51.35069],[-1.29118,51.35071],[-1.29121,51.35073],[-1.29124,51.35076],[-1.29127,51.35078],[-1.29129,51.3508],[-1.29131,51.35082],[-1.29131,51.35084],[-1.2913,51.35087],[-1.29128,51.35089],[-1.29127,51.35091],[-1.29126,51.35093],[-1.29126,51.35095],[-1.29126,51.35098],[-1.29126,51.35101],[-1.29126,51.35105],[-1.29126,51.35109],[-1.29127,51.35111],[-1.29128,51.35113],[-1.2913,51.35115],[-1.29132,51.35117],[-1.29136,51.35119],[-1.2914,51.3512],[-1.29143,51.3512],[-1.29147,51.35121],[-1.2915,51.35122],[-1.29153,51.35123],[-1.29153,51.35126],[-1.29152,51.35128],[-1.29149,51.3513],[-1.29145,51.35132],[-1.29142,51.35133],[-1.29139,51.35135],[-1.29137,51.35137],[-1.29135,51.35138],[-1.29134,51.3514],[-1.29134,51.35143],[-1.29135,51.35146],[-1.29135,51.35148],[-1.29135,51.35151],[-1.29135,51.35153],[-1.29134,51.35155],[-1.29133,51.35157],[-1.29132,51.35158],[-1.29128,51.3516],[-1.29125,51.35161],[-1.29121,51.35162],[-1.29117,51.35163],[-1.29113,51.35165],[-1.2911,51.35166],[-1.29107,51.35168],[-1.29104,51.35168],[-1.29101,51.35169],[-1.291,51.3517],[-1.29097,51.35171],[-1.29093,51.35171],[-1.2909,51.35171],[-1.29088,51.35172],[-1.29087,51.35173],[-1.29086,51.35175],[-1.29084,51.35177],[-1.29084,51.35179],[-1.29084,51.35181],[-1.29083,51.35183],[-1.29082,51.35185],[-1.29082,51.35188],[-1.29082,51.35189],[-1.29083,51.35193],[-1.29084,51.35194],[-1.29084,51.35196],[-1.29084,51.35197],[-1.29084,51.35198],[-1.29082,51.352],[-1.29082,51.35202],[-1.29082,51.35204],[-1.29082,51.35206],[-1.29082,51.3521],[-1.29082,51.35212],[-1.29081,51.35215],[-1.29081,51.35218],[-1.29081,51.35221],[-1.2908,51.35223],[-1.2908,51.35226],[-1.29078,51.35228],[-1.29076,51.35229],[-1.29072,51.3523],[-1.29069,51.35231],[-1.29066,51.35231],[-1.29063,51.35231],[-1.29062,51.35231],[-1.2906,51.3523],[-1.29058,51.35229],[-1.29055,51.35229],[-1.29051,51.3523],[-1.29048,51.35231],[-1.29047,51.35232],[-1.29046,51.35235],[-1.29046,51.35238],[-1.29046,51.3524],[-1.29045,51.35244],[-1.29043,51.35246],[-1.29041,51.35247],[-1.29037,51.35248],[-1.29033,51.35249],[-1.2903,51.35249],[-1.29027,51.3525],[-1.29025,51.35252],[-1.29024,51.35253],[-1.29024,51.35255],[-1.29024,51.35256],[-1.29024,51.35258],[-1.29025,51.3526],[-1.29027,51.35262],[-1.29029,51.35265],[-1.2903,51.35267],[-1.2903,51.3527],[-1.2903,51.35272],[-1.2903,51.35274],[-1.2903,51.35277],[-1.29029,51.35279],[-1.29029,51.35282],[-1.29028,51.35285],[-1.29028,51.35287],[-1.29028,51.35289],[-1.29027,51.35291],[-1.29025,51.35291],[-1.29023,51.35291],[-1.2902,51.35291],[-1.29017,51.3529],[-1.29014,51.3529],[-1.29013,51.35291],[-1.29012,51.35292],[-1.29012,51.35294],[-1.29011,51.35296],[-1.2901,51.35299],[-1.2901,51.35302],[-1.2901,51.35305],[-1.2901,51.35309],[-1.2901,51.35311],[-1.29011,51.35314],[-1.29012,51.35316],[-1.29014,51.35318],[-1.29017,51.3532],[-1.29019,51.35323],[-1.29023,51.35325],[-1.29026,51.35327],[-1.29029,51.35329],[-1.2903,51.35331],[-1.29032,51.35333],[-1.29035,51.35334],[-1.29039,51.35335],[-1.29042,51.35335],[-1.29045,51.35335],[-1.29048,51.35336],[-1.2905,51.35337],[-1.29051,51.35338],[-1.29051,51.3534],[-1.29051,51.35342],[-1.29049,51.35343],[-1.29045,51.35344],[-1.29038,51.35344],[-1.29034,51.35344],[-1.29029,51.35344],[-1.29026,51.35346],[-1.29022,51.35347],[-1.29019,51.35348],[-1.29016,51.3535],[-1.29014,51.35353],[-1.29011,51.35355],[-1.29011,51.35357],[-1.29011,51.35358],[-1.29012,51.3536],[-1.29015,51.35363],[-1.29017,51.35364],[-1.29021,51.35366],[-1.29024,51.35367],[-1.29027,51.35368],[-1.29031,51.3537],[-1.29033,51.35372],[-1.29033,51.35374],[-1.29033,51.35375],[-1.29032,51.35377],[-1.29027,51.35379],[-1.29024,51.35379],[-1.29022,51.3538],[-1.29019,51.35382],[-1.29019,51.35383],[-1.29019,51.35385],[-1.2902,51.35387],[-1.29022,51.35389],[-1.29025,51.35392],[-1.29028,51.35394],[-1.2903,51.35396],[-1.29033,51.35397],[-1.29035,51.35397],[-1.29039,51.35397],[-1.29042,51.35396],[-1.29044,51.35396],[-1.29047,51.35395],[-1.2905,51.35395],[-1.29054,51.35396],[-1.29058,51.35396],[-1.2906,51.35398],[-1.29062,51.35399],[-1.29063,51.354],[-1.29064,51.35403],[-1.29065,51.35406],[-1.29065,51.35409],[-1.29065,51.35412],[-1.29065,51.35414],[-1.29065,51.35416],[-1.29064,51.35417],[-1.29063,51.35419],[-1.29062,51.35421],[-1.29062,51.35422],[-1.29062,51.35424],[-1.29064,51.35426],[-1.29066,51.35427],[-1.29069,51.35427],[-1.29072,51.35427],[-1.29078,51.35427],[-1.29081,51.35427],[-1.29086,51.35427],[-1.2909,51.35427],[-1.29093,51.35427],[-1.29095,51.35428],[-1.29098,51.35429],[-1.29099,51.3543],[-1.29099,51.35432],[-1.29099,51.35434],[-1.29098,51.35437],[-1.29097,51.35439],[-1.29096,51.35442],[-1.29096,51.35444],[-1.29096,51.35447],[-1.29095,51.35448],[-1.29093,51.35451],[-1.29092,51.35452],[-1.29089,51.35455],[-1.29089,51.35457],[-1.29089,51.3546],[-1.29089,51.35463],[-1.29089,51.35464],[-1.29089,51.35467],[-1.29087,51.35468],[-1.29085,51.3547],[-1.29083,51.35471],[-1.2908,51.35473],[-1.29079,51.35475],[-1.29079,51.35476],[-1.29079,51.35478],[-1.29079,51.35481],[-1.29081,51.35482],[-1.29084,51.35483],[-1.29088,51.35484],[-1.29091,51.35484],[-1.29096,51.35484],[-1.29099,51.35485],[-1.29103,51.35485],[-1.29107,51.35486],[-1.2911,51.35486],[-1.29114,51.35487],[-1.29117,51.35488],[-1.29123,51.35489],[-1.29127,51.35489],[-1.29131,51.3549],[-1.29135,51.3549],[-1.2914,51.3549],[-1.29144,51.3549],[-1.2915,51.3549],[-1.29156,51.35489],[-1.2916,51.35488],[-1.29163,51.35488],[-1.29169,51.35487],[-1.29174,51.35487],[-1.29179,51.35487],[-1.29184,51.35487],[-1.29187,51.35487],[-1.29192,51.35487],[-1.29195,51.35488],[-1.29198,51.35489],[-1.292,51.3549],[-1.29203,51.35491],[-1.29206,51.35491],[-1.29208,51.3549],[-1.29211,51.3549],[-1.29214,51.35489],[-1.29217,51.35489],[-1.29219,51.3549],[-1.2922,51.3549],[-1.29223,51.3549],[-1.29224,51.3549],[-1.29225,51.35489],[-1.29225,51.35487],[-1.29225,51.35484],[-1.29225,51.35482],[-1.29225,51.3548],[-1.29224,51.35478],[-1.29223,51.35477],[-1.29223,51.35476],[-1.29224,51.35475],[-1.29226,51.35475],[-1.29229,51.35475],[-1.29231,51.35476],[-1.29234,51.35476],[-1.29238,51.35477],[-1.2924,51.35477],[-1.29244,51.35476],[-1.29246,51.35476],[-1.29248,51.35476],[-1.29251,51.35476],[-1.29254,51.35477],[-1.29256,51.35477],[-1.29258,51.35479],[-1.2926,51.3548],[-1.29261,51.35482],[-1.29261,51.35485],[-1.2926,51.35488],[-1.29259,51.3549],[-1.29257,51.35492],[-1.29255,51.35495],[-1.29254,51.35497],[-1.29252,51.35499],[-1.29251,51.35499],[-1.29249,51.35501],[-1.29247,51.35503],[-1.29247,51.35505],[-1.29248,51.35507],[-1.2925,51.35508],[-1.29252,51.3551],[-1.29254,51.35512],[-1.29258,51.35513],[-1.29261,51.35513],[-1.29265,51.35513],[-1.29269,51.35513],[-1.29274,51.35512],[-1.29277,51.35512],[-1.2928,51.3551],[-1.29282,51.35509],[-1.29284,51.35508],[-1.29286,51.35507],[-1.29288,51.35506],[-1.29291,51.35506],[-1.29293,51.35506],[-1.29296,51.35507],[-1.29297,51.35508],[-1.29299,51.3551],[-1.293,51.35511],[-1.29302,51.35512],[-1.29305,51.35514],[-1.29308,51.35514],[-1.29312,51.35513],[-1.29314,51.35513],[-1.29316,51.35512],[-1.29319,51.35511],[-1.29322,51.3551],[-1.29325,51.3551],[-1.29329,51.3551],[-1.29333,51.3551],[-1.29337,51.3551],[-1.29341,51.35511],[-1.29344,51.35512],[-1.29346,51.35513],[-1.29348,51.35514],[-1.2935,51.35516],[-1.29351,51.35517],[-1.29351,51.35519],[-1.2935,51.35521],[-1.2935,51.35523],[-1.2935,51.35525],[-1.29351,51.35527],[-1.29353,51.35529],[-1.29355,51.35531],[-1.29357,51.35533],[-1.2936,51.35535],[-1.29362,51.35537],[-1.29363,51.35539],[-1.29364,51.3554],[-1.29368,51.35542],[-1.29372,51.35543],[-1.29377,51.35544],[-1.29382,51.35545],[-1.29386,51.35546],[-1.29389,51.35546],[-1.29392,51.35547],[-1.29394,51.35548],[-1.29397,51.35549],[-1.29401,51.35549],[-1.29404,51.35548],[-1.29408,51.35548],[-1.2941,51.35548],[-1.29413,51.35548],[-1.29415,51.35549],[-1.29417,51.35551],[-1.29419,51.35553],[-1.2942,51.35554],[-1.29421,51.35556],[-1.29424,51.35559],[-1.29427,51.35562],[-1.29428,51.35564],[-1.2943,51.35567],[-1.2943,51.35569],[-1.2943,51.35571],[-1.29429,51.35572],[-1.29426,51.35574],[-1.29422,51.35577],[-1.29417,51.35579],[-1.29414,51.35579],[-1.29411,51.35579],[-1.29408,51.35578],[-1.29405,51.35576],[-1.29401,51.35575],[-1.29396,51.35575],[-1.29392,51.35575],[-1.29388,51.35577],[-1.29387,51.35578],[-1.29385,51.35581],[-1.29384,51.35584],[-1.29384,51.35588],[-1.29384,51.35591],[-1.29385,51.35593],[-1.29387,51.35595],[-1.2939,51.35597],[-1.29394,51.35598],[-1.29399,51.35599],[-1.29403,51.35599],[-1.29406,51.35598],[-1.29409,51.35597],[-1.2941,51.35596],[-1.29411,51.35594],[-1.29412,51.35592],[-1.29414,51.35591],[-1.29418,51.3559],[-1.2942,51.3559],[-1.29423,51.3559],[-1.29425,51.35592],[-1.29426,51.35595],[-1.29426,51.35597],[-1.29426,51.35599],[-1.29425,51.35602],[-1.29424,51.35604],[-1.29423,51.35607],[-1.29423,51.35609],[-1.29423,51.35611],[-1.29421,51.35613],[-1.29418,51.35615],[-1.29412,51.35617],[-1.29408,51.35619],[-1.29404,51.35621],[-1.29401,51.35621],[-1.29397,51.35621],[-1.29393,51.35621],[-1.29388,51.3562],[-1.29384,51.35619],[-1.2938,51.35618],[-1.29377,51.35618],[-1.29373,51.35617],[-1.29369,51.35616],[-1.29365,51.35616],[-1.29362,51.35616],[-1.29359,51.35617],[-1.29357,51.35619],[-1.29356,51.3562],[-1.29355,51.35622],[-1.29356,51.35624],[-1.29357,51.35625],[-1.29358,51.35627],[-1.29361,51.35629],[-1.29364,51.3563],[-1.29368,51.35631],[-1.29372,51.35632],[-1.29375,51.35633],[-1.29378,51.35634],[-1.2938,51.35635],[-1.29382,51.35637],[-1.29383,51.3564],[-1.29383,51.35642],[-1.29382,51.35644],[-1.29379,51.35646],[-1.29376,51.35648],[-1.29374,51.35649],[-1.29372,51.35651],[-1.29371,51.35654],[-1.29371,51.35656],[-1.29372,51.35658],[-1.29373,51.3566],[-1.29374,51.35662],[-1.29376,51.35664],[-1.29377,51.35668],[-1.29378,51.35673],[-1.29378,51.35677],[-1.29379,51.35682],[-1.2938,51.35687],[-1.29381,51.35692],[-1.29383,51.35696],[-1.29385,51.357],[-1.29387,51.35703],[-1.2939,51.35706],[-1.29394,51.35709],[-1.29398,51.35712],[-1.29402,51.35714],[-1.29406,51.35714],[-1.29409,51.35716],[-1.29411,51.35717],[-1.29413,51.35719],[-1.29415,51.35721],[-1.29417,51.35723],[-1.2942,51.35725],[-1.29423,51.35726],[-1.29426,51.35727],[-1.2943,51.35728],[-1.29433,51.35729],[-1.29437,51.35731],[-1.2944,51.35732],[-1.29442,51.35733],[-1.29445,51.35734],[-1.29448,51.35736],[-1.2945,51.35736],[-1.29453,51.35737],[-1.29457,51.35737],[-1.2946,51.35737],[-1.29463,51.35737],[-1.29466,51.35736],[-1.29469,51.35734],[-1.29471,51.35733],[-1.29473,51.35731],[-1.29477,51.35729],[-1.29478,51.35728],[-1.2948,51.35727],[-1.29482,51.35727],[-1.29485,51.35727],[-1.29487,51.35727],[-1.29491,51.35728],[-1.29494,51.35728],[-1.29497,51.35728],[-1.295,51.35728],[-1.29502,51.35726],[-1.29504,51.35725],[-1.29506,51.35724],[-1.29508,51.35723],[-1.2951,51.35722],[-1.29511,51.35722],[-1.29515,51.35722],[-1.29518,51.35723],[-1.2952,51.35724],[-1.29521,51.35725],[-1.29523,51.35725],[-1.29526,51.35725],[-1.29529,51.35725],[-1.29533,51.35725],[-1.29538,51.35726],[-1.29542,51.35727],[-1.29545,51.35728],[-1.29548,51.3573],[-1.2955,51.35732],[-1.29552,51.35733],[-1.29553,51.35735],[-1.29556,51.35736],[-1.29558,51.35738],[-1.29562,51.35738],[-1.29565,51.35739],[-1.29567,51.3574],[-1.2957,51.35741],[-1.29572,51.35743],[-1.29573,51.35745],[-1.29574,51.35748],[-1.29574,51.3575],[-1.29574,51.35751],[-1.29575,51.35754],[-1.29576,51.35756],[-1.29578,51.35759],[-1.2958,51.3576],[-1.29583,51.35762],[-1.29585,51.35764],[-1.29588,51.35766],[-1.29591,51.35768],[-1.29594,51.3577],[-1.29597,51.35773],[-1.296,51.35776],[-1.29603,51.35779],[-1.29606,51.35781],[-1.29609,51.35783],[-1.29611,51.35785],[-1.29611,51.35786],[-1.29611,51.35789],[-1.2961,51.35792],[-1.29609,51.35795],[-1.29609,51.35797],[-1.29608,51.358],[-1.29608,51.35801],[-1.29608,51.35803],[-1.2961,51.35806],[-1.29612,51.35806],[-1.29615,51.35807],[-1.29619,51.35807],[-1.29622,51.35808],[-1.29623,51.3581],[-1.29623,51.35813],[-1.29623,51.35815],[-1.29624,51.35817],[-1.29626,51.35819],[-1.29629,51.35821],[-1.29631,51.35822],[-1.29634,51.35824],[-1.29637,51.35825],[-1.29639,51.35827],[-1.29641,51.35828],[-1.29643,51.3583],[-1.29643,51.35831],[-1.29643,51.35834],[-1.29643,51.35836],[-1.29642,51.35839],[-1.29641,51.35842],[-1.2964,51.35845],[-1.2964,51.35847],[-1.29641,51.35848],[-1.29643,51.35849],[-1.29645,51.3585],[-1.29647,51.3585],[-1.2965,51.3585],[-1.29653,51.3585],[-1.29655,51.35851],[-1.29657,51.35853],[-1.29657,51.35855],[-1.29655,51.35856],[-1.29653,51.35857],[-1.29652,51.35858],[-1.29652,51.3586],[-1.29653,51.35862],[-1.29654,51.35863],[-1.29655,51.35864],[-1.29657,51.35866],[-1.2966,51.35868],[-1.29662,51.35869],[-1.29665,51.35869],[-1.29669,51.3587],[-1.29672,51.35871],[-1.29675,51.35871],[-1.29678,51.35873],[-1.2968,51.35874],[-1.29682,51.35875],[-1.29684,51.35875],[-1.29687,51.35875],[-1.29689,51.35876],[-1.29689,51.35878],[-1.29689,51.3588],[-1.29689,51.35882],[-1.29688,51.35883],[-1.29688,51.35886],[-1.29689,51.35888],[-1.2969,51.3589],[-1.29692,51.35892],[-1.29695,51.35894],[-1.29697,51.35896],[-1.29699,51.35899],[-1.29701,51.35901],[-1.29704,51.35904],[-1.29706,51.35906],[-1.29708,51.35909],[-1.29709,51.35912],[-1.29709,51.35914],[-1.29709,51.35917],[-1.29709,51.35919],[-1.29709,51.35923],[-1.29708,51.35924],[-1.29707,51.35925],[-1.29704,51.35925],[-1.29702,51.35925],[-1.297,51.35925],[-1.29698,51.35925],[-1.29697,51.35927],[-1.29697,51.35928],[-1.29698,51.3593],[-1.29699,51.35931],[-1.297,51.35933],[-1.297,51.35934],[-1.29699,51.35936],[-1.29698,51.35937],[-1.29696,51.35939],[-1.29693,51.3594],[-1.29689,51.3594],[-1.29685,51.3594],[-1.29682,51.35939],[-1.29681,51.35938],[-1.2968,51.35937],[-1.29679,51.35935],[-1.29678,51.35935],[-1.29674,51.35934],[-1.29672,51.35934],[-1.29668,51.35934],[-1.29666,51.35935],[-1.29663,51.35936],[-1.29661,51.35938],[-1.29658,51.3594],[-1.29658,51.35941],[-1.29659,51.35943],[-1.2966,51.35944],[-1.29663,51.35946],[-1.29665,51.35947],[-1.29668,51.35948],[-1.2967,51.35948],[-1.29672,51.35949],[-1.29672,51.35951],[-1.29672,51.35953],[-1.29673,51.35954],[-1.29675,51.35955],[-1.29677,51.35956],[-1.29681,51.35956],[-1.29683,51.35956],[-1.29687,51.35956],[-1.2969,51.35956],[-1.29694,51.35956],[-1.29696,51.35956],[-1.29698,51.35957],[-1.29699,51.35958],[-1.29699,51.35959],[-1.29699,51.35961],[-1.29698,51.35962],[-1.29696,51.35964],[-1.29693,51.35966],[-1.29691,51.35968],[-1.29688,51.3597],[-1.29687,51.35971],[-1.29687,51.35972],[-1.29688,51.35974],[-1.2969,51.35976],[-1.29692,51.35977],[-1.29694,51.35977],[-1.29697,51.35978],[-1.29699,51.35978],[-1.29701,51.35979],[-1.29702,51.3598],[-1.29703,51.35982],[-1.29703,51.35984],[-1.29703,51.35988],[-1.29703,51.35991],[-1.29703,51.35993],[-1.29702,51.35995],[-1.297,51.35995],[-1.29698,51.35994],[-1.29696,51.35993],[-1.29692,51.35992],[-1.2969,51.35991],[-1.29688,51.3599],[-1.29685,51.35989],[-1.29681,51.35989],[-1.29679,51.35989],[-1.29675,51.35989],[-1.29672,51.3599],[-1.29671,51.35991],[-1.29669,51.35992],[-1.29669,51.35994],[-1.29669,51.35996],[-1.2967,51.35997],[-1.29672,51.35999],[-1.29675,51.36001],[-1.29678,51.36001],[-1.29682,51.36002],[-1.29686,51.36003],[-1.29689,51.36004],[-1.29691,51.36006],[-1.29693,51.36007],[-1.29695,51.36009],[-1.29696,51.36011],[-1.29698,51.36014],[-1.29699,51.36016],[-1.29699,51.36019],[-1.297,51.36021],[-1.29701,51.36023],[-1.29703,51.36024],[-1.29703,51.36026],[-1.29703,51.36027],[-1.29702,51.36028],[-1.29701,51.3603],[-1.297,51.36032],[-1.297,51.36033],[-1.29701,51.36034],[-1.29702,51.36036],[-1.29704,51.36037],[-1.29707,51.36038],[-1.2971,51.3604],[-1.29713,51.36041],[-1.29717,51.36042],[-1.29721,51.36042],[-1.29724,51.36042],[-1.29728,51.36042],[-1.2973,51.36043],[-1.29732,51.36044],[-1.29732,51.36046],[-1.29732,51.36048],[-1.29732,51.3605],[-1.29732,51.36051],[-1.29733,51.36053],[-1.29736,51.36054],[-1.29739,51.36055],[-1.29741,51.36056],[-1.29745,51.36056],[-1.29748,51.36056],[-1.2975,51.36058],[-1.2975,51.36059],[-1.29748,51.36061],[-1.29747,51.36063],[-1.29745,51.36064],[-1.29744,51.36066],[-1.29743,51.36068],[-1.29744,51.3607],[-1.29747,51.36071],[-1.29749,51.36072],[-1.29755,51.36072],[-1.29758,51.36071],[-1.29761,51.36071],[-1.29766,51.3607],[-1.29768,51.36069],[-1.2977,51.36069],[-1.29773,51.36068],[-1.29775,51.36067],[-1.29778,51.36067],[-1.29782,51.36068],[-1.29786,51.36068],[-1.2979,51.36069],[-1.29792,51.36071],[-1.29792,51.36072],[-1.29792,51.36075],[-1.29792,51.36077],[-1.29791,51.36078],[-1.29789,51.36079],[-1.29785,51.36081],[-1.29782,51.36082],[-1.2978,51.36083],[-1.29779,51.36084],[-1.29778,51.36085],[-1.29778,51.36086],[-1.29779,51.36089],[-1.2978,51.36091],[-1.29781,51.36092],[-1.29783,51.36093],[-1.29786,51.36095],[-1.29789,51.36096],[-1.29792,51.36097],[-1.29793,51.36099],[-1.29794,51.361],[-1.29794,51.36103],[-1.29793,51.36105],[-1.29791,51.36107],[-1.29788,51.3611],[-1.29785,51.36113],[-1.29782,51.36116],[-1.2978,51.36117],[-1.29778,51.36119],[-1.29774,51.36121],[-1.29772,51.36122],[-1.29767,51.36124],[-1.29764,51.36126],[-1.29761,51.36128],[-1.29758,51.3613],[-1.29756,51.36132],[-1.29753,51.36135],[-1.29751,51.36138],[-1.2975,51.36141],[-1.2975,51.36144],[-1.2975,51.36147],[-1.2975,51.36151],[-1.29751,51.36154],[-1.29753,51.36157],[-1.29754,51.36159],[-1.29756,51.36161],[-1.29758,51.36163],[-1.29761,51.36165],[-1.29763,51.36165],[-1.29765,51.36164],[-1.29767,51.36163],[-1.2977,51.36162],[-1.29772,51.36161],[-1.29775,51.36161],[-1.29778,51.36162],[-1.29781,51.36163],[-1.29783,51.36164],[-1.29783,51.36166],[-1.29783,51.36168],[-1.29783,51.3617],[-1.29783,51.36172],[-1.29781,51.36174],[-1.2978,51.36176],[-1.29777,51.36178],[-1.29775,51.36179],[-1.29772,51.36181],[-1.29769,51.36183],[-1.29767,51.36184],[-1.29763,51.36185],[-1.2976,51.36186],[-1.29758,51.36185],[-1.29756,51.36184],[-1.29754,51.36182],[-1.29751,51.3618],[-1.29749,51.3618],[-1.29747,51.3618],[-1.29745,51.36181],[-1.29743,51.36182],[-1.29743,51.36183],[-1.29743,51.36185],[-1.29743,51.36188],[-1.29743,51.36191],[-1.29743,51.36193],[-1.29742,51.36195],[-1.2974,51.36197],[-1.29737,51.36198],[-1.29734,51.36198],[-1.29731,51.36198],[-1.29728,51.36197],[-1.29726,51.36196],[-1.29723,51.36194],[-1.2972,51.36193],[-1.29717,51.36193],[-1.29715,51.36193],[-1.29714,51.36193],[-1.29712,51.36195],[-1.29712,51.36197],[-1.29712,51.362],[-1.29712,51.36202],[-1.29711,51.36204],[-1.29709,51.36207],[-1.29707,51.36209],[-1.29704,51.3621],[-1.29701,51.36212],[-1.29698,51.36213],[-1.29695,51.36215],[-1.29692,51.36217],[-1.2969,51.36218],[-1.29689,51.3622],[-1.29688,51.36223],[-1.29686,51.36225],[-1.29685,51.36227],[-1.29683,51.36229],[-1.29681,51.3623]]},"properties":{"k":"stream","name":""}},{"type":"Feature","geometry":{"type":"LineString","coordinates":[[-0.95361,51.3214],[-0.95341,51.32163],[-0.95331,51.32173],[-0.95318,51.32182],[-0.9531,51.32183],[-0.95298,51.32194],[-0.95289,51.32201],[-0.95279,51.32203],[-0.9525,51.32227],[-0.95195,51.32284],[-0.95185,51.32295],[-0.95157,51.32311],[-0.95151,51.3232],[-0.95154,51.3233],[-0.95152,51.32335],[-0.95111,51.32383],[-0.95104,51.32395],[-0.95078,51.32419],[-0.95035,51.32467],[-0.95024,51.32473],[-0.95016,51.3248],[-0.95012,51.32485],[-0.95001,51.32488]]},"properties":{"k":"stream","name":""}},{"type":"Feature","geometry":{"type":"LineString","coordinates":[[-0.938,51.31381],[-0.938,51.31391],[-0.93792,51.31406],[-0.93793,51.31414],[-0.93776,51.3142],[-0.93771,51.31429],[-0.93759,51.31433],[-0.93749,51.31443],[-0.93753,51.31457],[-0.93748,51.31465],[-0.93744,51.31471]]},"properties":{"k":"stream","name":""}},{"type":"Feature","geometry":{"type":"LineString","coordinates":[[-0.94385,51.3054],[-0.94342,51.30528],[-0.94273,51.30502],[-0.94257,51.30495],[-0.94173,51.30473]]},"properties":{"k":"ditch","name":""}},{"type":"Feature","geometry":{"type":"LineString","coordinates":[[-1.04193,51.28001],[-1.04172,51.28019],[-1.0414,51.28034],[-1.04049,51.28066],[-1.03918,51.28109],[-1.03889,51.28119],[-1.03852,51.28134],[-1.03812,51.28152],[-1.03705,51.28195],[-1.0365,51.28222],[-1.03576,51.2826],[-1.03522,51.28319],[-1.03408,51.28423],[-1.03317,51.28468],[-1.03261,51.28505],[-1.03203,51.28599],[-1.03181,51.28624],[-1.02983,51.28768],[-1.02844,51.28796],[-1.02769,51.288],[-1.02662,51.28798],[-1.02562,51.28798],[-1.02459,51.28795],[-1.02432,51.28799],[-1.02294,51.28877],[-1.02208,51.28883],[-1.02198,51.28884],[-1.02179,51.28886],[-1.02127,51.28892]]},"properties":{"k":"river","name":"River Loddon"}},{"type":"Feature","geometry":{"type":"LineString","coordinates":[[-1.00237,51.31043],[-1.00243,51.31052],[-1.0025,51.31062],[-1.00264,51.31076],[-1.00276,51.31077],[-1.00278,51.31078],[-1.00317,51.31088],[-1.00335,51.311],[-1.00344,51.31106],[-1.00348,51.31104],[-1.00359,51.31101],[-1.00372,51.31112],[-1.00393,51.3113],[-1.00422,51.31157],[-1.00448,51.31152],[-1.00462,51.31152],[-1.00493,51.31159],[-1.00523,51.31171],[-1.00564,51.3117],[-1.00572,51.31172],[-1.00572,51.31173],[-1.00572,51.31178],[-1.00572,51.3118],[-1.00568,51.31182],[-1.00564,51.31184],[-1.00559,51.31193],[-1.0058,51.31203],[-1.00589,51.31205],[-1.00605,51.31207],[-1.00628,51.312],[-1.00629,51.312],[-1.00637,51.31201],[-1.00636,51.31209],[-1.00609,51.31224],[-1.0061,51.31236],[-1.00631,51.31253],[-1.00633,51.31261],[-1.00623,51.31273],[-1.00624,51.31285],[-1.00633,51.31293],[-1.00642,51.31298],[-1.00655,51.31306],[-1.00661,51.31316],[-1.00671,51.31329],[-1.00672,51.31332],[-1.00685,51.31334],[-1.00704,51.31328],[-1.00721,51.31323],[-1.00753,51.3132]]},"properties":{"k":"river","name":"Lyde river"}},{"type":"Feature","geometry":{"type":"LineString","coordinates":[[-0.89151,51.17997],[-0.89127,51.18007],[-0.89099,51.18012],[-0.89082,51.18011],[-0.89066,51.18009],[-0.89007,51.17995],[-0.88992,51.17994],[-0.88979,51.17997],[-0.88969,51.18002],[-0.88964,51.18009],[-0.8896,51.18015],[-0.8896,51.18022],[-0.88961,51.18033],[-0.88953,51.18038],[-0.88935,51.1804],[-0.88889,51.18038],[-0.88874,51.18042],[-0.88861,51.18049],[-0.88846,51.18053],[-0.88827,51.18057],[-0.88823,51.18063],[-0.88832,51.18076],[-0.88835,51.18083],[-0.88833,51.18092],[-0.88834,51.18107],[-0.88829,51.18113],[-0.88822,51.18113],[-0.88791,51.18107]]},"properties":{"k":"river","name":"River Wey"}},{"type":"Feature","geometry":{"type":"LineString","coordinates":[[-0.88644,51.29044],[-0.88635,51.29056],[-0.88657,51.29107],[-0.8868,51.29161],[-0.88698,51.2921],[-0.88655,51.29236],[-0.88598,51.29283],[-0.88533,51.2934],[-0.88508,51.29344],[-0.88477,51.29348],[-0.88448,51.29366],[-0.88431,51.29428],[-0.88438,51.29456],[-0.88415,51.29495],[-0.88374,51.29514],[-0.88393,51.2955],[-0.88364,51.29574],[-0.88367,51.2962],[-0.88346,51.29641],[-0.88361,51.29654],[-0.8837,51.29681],[-0.88333,51.29683],[-0.88307,51.29704],[-0.88331,51.2972],[-0.88326,51.29749],[-0.88389,51.29782],[-0.88396,51.29823],[-0.88365,51.29881],[-0.88381,51.29897],[-0.88385,51.29923],[-0.88379,51.30025],[-0.88363,51.30059],[-0.88342,51.30103],[-0.88246,51.30176],[-0.88126,51.30224],[-0.88102,51.30235],[-0.87952,51.30277],[-0.87911,51.30297],[-0.87821,51.30389],[-0.87721,51.3045],[-0.87693,51.30465],[-0.87617,51.30488],[-0.8759,51.30542],[-0.87608,51.30594],[-0.87634,51.30671],[-0.87655,51.30705],[-0.87688,51.30742],[-0.87692,51.30745]]},"properties":{"k":"river","name":"River Hart"}},{"type":"Feature","geometry":{"type":"LineString","coordinates":[[-0.88186,51.28695],[-0.88191,51.28703],[-0.88202,51.28711],[-0.8822,51.28721],[-0.8823,51.28722],[-0.88249,51.28722],[-0.88261,51.28725],[-0.88267,51.28728],[-0.88275,51.28736],[-0.88284,51.28744],[-0.88291,51.28746],[-0.883,51.2875],[-0.88302,51.28754],[-0.88306,51.28763],[-0.88313,51.28767],[-0.88328,51.2877],[-0.88347,51.28772],[-0.88354,51.28771],[-0.88358,51.28768],[-0.88369,51.28761],[-0.88376,51.28758],[-0.88392,51.28759],[-0.88412,51.28761],[-0.88434,51.28762],[-0.88447,51.28763],[-0.88456,51.28762],[-0.88468,51.28759],[-0.88478,51.28758],[-0.88491,51.2876],[-0.8853,51.28773],[-0.88536,51.28777],[-0.88541,51.28784],[-0.88549,51.28789],[-0.8856,51.2879],[-0.88567,51.28793],[-0.88576,51.28799],[-0.88588,51.28803],[-0.88597,51.28803],[-0.88603,51.28806],[-0.88604,51.28814],[-0.88607,51.28818],[-0.88611,51.28822],[-0.88637,51.28836],[-0.88656,51.28848],[-0.88672,51.28859],[-0.88699,51.28873],[-0.88741,51.28895],[-0.88761,51.28905],[-0.88767,51.2891],[-0.88769,51.28915],[-0.88768,51.28921],[-0.88764,51.28924],[-0.88759,51.28925],[-0.88757,51.28928],[-0.88755,51.28935],[-0.88751,51.28941],[-0.88742,51.2895],[-0.88738,51.28958],[-0.88735,51.28964],[-0.88736,51.2897],[-0.88735,51.28976],[-0.88733,51.28982],[-0.88717,51.28986],[-0.88703,51.28989],[-0.88692,51.28996],[-0.88687,51.29003],[-0.88676,51.29013],[-0.88664,51.29022],[-0.88651,51.29035],[-0.88644,51.29044]]},"properties":{"k":"river","name":"River Hart"}},{"type":"Feature","geometry":{"type":"LineString","coordinates":[[-0.91921,51.25094],[-0.91898,51.25187]]},"properties":{"k":"stream","name":""}},{"type":"Feature","geometry":{"type":"LineString","coordinates":[[-0.9258,51.24939],[-0.92606,51.24957],[-0.92628,51.24986],[-0.92662,51.25005],[-0.92686,51.25022],[-0.92683,51.25052],[-0.92664,51.25096],[-0.92606,51.25145]]},"properties":{"k":"river","name":""}},{"type":"Feature","geometry":{"type":"LineString","coordinates":[[-0.96063,51.26236],[-0.96041,51.26253],[-0.95971,51.26283],[-0.95952,51.26292]]},"properties":{"k":"stream","name":""}},{"type":"Feature","geometry":{"type":"LineString","coordinates":[[-0.9871,51.23756],[-0.98657,51.23817],[-0.9849,51.23969],[-0.98493,51.23996],[-0.98489,51.24025],[-0.98483,51.24063],[-0.98474,51.24079],[-0.98448,51.24077],[-0.98407,51.2409],[-0.98395,51.24116],[-0.98376,51.24123],[-0.98339,51.24151],[-0.98302,51.24149],[-0.98242,51.24205],[-0.98178,51.24259],[-0.98167,51.24269],[-0.98131,51.24269],[-0.98102,51.24271],[-0.98091,51.24289],[-0.98081,51.24302],[-0.98073,51.24308],[-0.98058,51.24312],[-0.98012,51.24341],[-0.98007,51.24347],[-0.98006,51.24357],[-0.98,51.24365],[-0.97971,51.24393],[-0.97944,51.24413],[-0.97925,51.24433],[-0.97914,51.24453],[-0.97912,51.24471],[-0.97918,51.24488],[-0.97914,51.24495],[-0.97907,51.245],[-0.97896,51.24502],[-0.97872,51.24501],[-0.9786,51.24498],[-0.9784,51.245],[-0.97827,51.24509],[-0.97813,51.24517],[-0.97828,51.24531],[-0.97837,51.24548],[-0.97833,51.2456],[-0.97829,51.24589],[-0.97802,51.2458],[-0.97787,51.24582],[-0.97785,51.24593],[-0.97778,51.24615],[-0.97777,51.24639],[-0.97766,51.2466],[-0.97724,51.24673],[-0.97711,51.24689],[-0.97705,51.24705],[-0.97681,51.2473],[-0.97641,51.24742],[-0.9763,51.24757],[-0.97608,51.24791],[-0.97569,51.248],[-0.97554,51.24814],[-0.97528,51.24824],[-0.97484,51.24843],[-0.9749,51.24977],[-0.97489,51.25017],[-0.97475,51.25037],[-0.97472,51.25039]]},"properties":{"k":"stream","name":"River Whitewater"}},{"type":"Feature","geometry":{"type":"LineString","coordinates":[[-0.88522,51.311],[-0.88554,51.31102],[-0.88599,51.31095],[-0.88626,51.31103],[-0.88653,51.31111],[-0.88734,51.31126],[-0.8879,51.31137],[-0.88816,51.31142],[-0.88908,51.31173],[-0.88931,51.31199],[-0.8893,51.31225],[-0.88926,51.31235],[-0.88921,51.31244],[-0.88917,51.3125],[-0.88917,51.31254],[-0.88917,51.31259],[-0.88921,51.31265],[-0.88928,51.3127],[-0.88935,51.31275],[-0.88941,51.31282],[-0.88948,51.31291],[-0.88952,51.313],[-0.88954,51.31308],[-0.88951,51.31318],[-0.8895,51.3132],[-0.8895,51.31322],[-0.8895,51.31324],[-0.88951,51.31326],[-0.8895,51.31329],[-0.8895,51.31332],[-0.88948,51.31335],[-0.88946,51.31337],[-0.88943,51.31339],[-0.88942,51.31341],[-0.88941,51.31344],[-0.88942,51.31348],[-0.88943,51.3135],[-0.88944,51.31354],[-0.88942,51.31356],[-0.88939,51.31362],[-0.88939,51.31366],[-0.88939,51.31369],[-0.8894,51.31373],[-0.8894,51.31376],[-0.8894,51.31379],[-0.88939,51.31384],[-0.88938,51.31388],[-0.88938,51.31391],[-0.88939,51.31396],[-0.8894,51.31399],[-0.88946,51.31415],[-0.8895,51.31423],[-0.8895,51.31426],[-0.88955,51.31437],[-0.8896,51.31447],[-0.88963,51.31452],[-0.88965,51.31456],[-0.88966,51.3146],[-0.88967,51.31463],[-0.88968,51.31466],[-0.88969,51.31468],[-0.88972,51.31471],[-0.88973,51.31472],[-0.88978,51.31476],[-0.89026,51.31502],[-0.89061,51.31507],[-0.89084,51.31497],[-0.89117,51.31483],[-0.89153,51.31483],[-0.89196,51.315],[-0.89215,51.31497],[-0.89235,51.31474],[-0.89258,51.31478],[-0.89285,51.31486],[-0.89309,51.31507],[-0.89337,51.31514],[-0.89336,51.31527],[-0.89322,51.31537],[-0.89331,51.31551],[-0.89367,51.31555],[-0.89382,51.31577],[-0.89407,51.316],[-0.89446,51.31611],[-0.89472,51.31626],[-0.89492,51.31618],[-0.89508,51.3162],[-0.8952,51.31631],[-0.8954,51.31627],[-0.8956,51.31616],[-0.89585,51.31624],[-0.89612,51.31622],[-0.8963,51.31624],[-0.8964,51.31639],[-0.89661,51.31642],[-0.89702,51.31644],[-0.89733,51.3165],[-0.89749,51.31662],[-0.89781,51.31706],[-0.89835,51.31742],[-0.89914,51.31752],[-0.89944,51.31748],[-0.8996,51.31738],[-0.89965,51.31721],[-0.89973,51.31716],[-0.89989,51.31716],[-0.89999,51.31724],[-0.9001,51.31729],[-0.90025,51.31728],[-0.90072,51.31719],[-0.90112,51.31677],[-0.90148,51.31656],[-0.90184,51.31658],[-0.90216,51.31668],[-0.90237,51.31705],[-0.90228,51.31735],[-0.90232,51.31754],[-0.90226,51.31765],[-0.90196,51.31778],[-0.90215,51.31805],[-0.9021,51.31825],[-0.90222,51.31833],[-0.9023,51.31851],[-0.90218,51.31862],[-0.9024,51.31878],[-0.90258,51.31875],[-0.90275,51.31902],[-0.90335,51.31945],[-0.9032,51.3206],[-0.90342,51.3208],[-0.90329,51.32114],[-0.90346,51.32139],[-0.90296,51.32176],[-0.90327,51.32217],[-0.90303,51.32241],[-0.90301,51.32273],[-0.90289,51.32289],[-0.90289,51.32303],[-0.90333,51.32332],[-0.90451,51.32317],[-0.90605,51.3235],[-0.90665,51.32371],[-0.90672,51.32407],[-0.90755,51.32415],[-0.9082,51.32407],[-0.90851,51.32338],[-0.90909,51.32317],[-0.90925,51.32278],[-0.90995,51.32266],[-0.91052,51.32281],[-0.91077,51.32312],[-0.91148,51.32359],[-0.91175,51.32403],[-0.91209,51.32417],[-0.91212,51.32446],[-0.91251,51.32461],[-0.91301,51.32512],[-0.91453,51.32536],[-0.91614,51.32635],[-0.91733,51.32671],[-0.91846,51.32746],[-0.91987,51.32847],[-0.92027,51.32845],[-0.92116,51.32869],[-0.92151,51.32905],[-0.92189,51.32901],[-0.92211,51.32964],[-0.92209,51.33009],[-0.92161,51.33017],[-0.92183,51.33078],[-0.92199,51.33121],[-0.92287,51.33218],[-0.92332,51.33215],[-0.92372,51.33246],[-0.92417,51.33244],[-0.92501,51.33276],[-0.92741,51.33332],[-0.9285,51.33359],[-0.92926,51.33392],[-0.9299,51.33391],[-0.9298,51.33412],[-0.93043,51.3342],[-0.93052,51.33457],[-0.93027,51.33482],[-0.93,51.33478],[-0.92968,51.33504],[-0.92996,51.33516],[-0.92992,51.33534],[-0.92963,51.33544],[-0.92969,51.33566],[-0.92951,51.3359],[-0.92936,51.33628],[-0.92944,51.33668],[-0.93036,51.33781],[-0.93124,51.33819],[-0.93167,51.33826],[-0.93207,51.33854],[-0.93221,51.339],[-0.9337,51.33964],[-0.934,51.33952],[-0.9345,51.33982],[-0.93439,51.34036],[-0.93365,51.34053],[-0.93366,51.34105],[-0.93459,51.34176],[-0.93506,51.34162],[-0.93523,51.34167],[-0.93531,51.34189],[-0.93491,51.34205],[-0.93516,51.34221],[-0.9354,51.34225],[-0.93603,51.34241],[-0.93643,51.34236],[-0.93683,51.34221]]},"properties":{"k":"river","name":"River Hart"}},{"type":"Feature","geometry":{"type":"LineString","coordinates":[[-0.87692,51.30745],[-0.87706,51.30753],[-0.8775,51.30764],[-0.87835,51.3077],[-0.87887,51.30781],[-0.87941,51.30784],[-0.87955,51.30804],[-0.87943,51.30828],[-0.87951,51.30861],[-0.87938,51.3088],[-0.87949,51.30914],[-0.88,51.30949],[-0.88061,51.30996],[-0.88121,51.31014],[-0.88149,51.31037],[-0.88198,51.31057],[-0.88258,51.31057],[-0.88291,51.31084],[-0.88349,51.31102],[-0.88397,51.31088],[-0.88458,51.31108],[-0.88503,51.31099],[-0.88522,51.311]]},"properties":{"k":"river","name":"River Hart"}},{"type":"Feature","geometry":{"type":"LineString","coordinates":[[-1.00874,51.34097],[-1.00872,51.34099],[-1.0087,51.341],[-1.00869,51.34102]]},"properties":{"k":"river","name":""}},{"type":"Feature","geometry":{"type":"LineString","coordinates":[[-1.00871,51.34082],[-1.00872,51.34083],[-1.00872,51.34084],[-1.00877,51.3409],[-1.00877,51.34092],[-1.00876,51.34093],[-1.00876,51.34094],[-1.00875,51.34095],[-1.00874,51.34097]]},"properties":{"k":"river","name":""}},{"type":"Feature","geometry":{"type":"LineString","coordinates":[[-1.00881,51.33849],[-1.0087,51.33851],[-1.00866,51.33852],[-1.00863,51.33853],[-1.0086,51.33854],[-1.00857,51.33856],[-1.00854,51.33859],[-1.00849,51.33865],[-1.00844,51.33871],[-1.00839,51.33876]]},"properties":{"k":"river","name":""}},{"type":"Feature","geometry":{"type":"LineString","coordinates":[[-0.95082,51.33012],[-0.95075,51.33032],[-0.95079,51.33063],[-0.95123,51.33064],[-0.95115,51.33085],[-0.95134,51.33164],[-0.95124,51.33183],[-0.95134,51.33207],[-0.95108,51.33221],[-0.95101,51.33261],[-0.9511,51.33273],[-0.95107,51.33305],[-0.95089,51.33319],[-0.95075,51.3333],[-0.95037,51.33319],[-0.9502,51.33398],[-0.94944,51.33461],[-0.94844,51.33531],[-0.94734,51.33532],[-0.94692,51.33533],[-0.94506,51.3352],[-0.94405,51.33534],[-0.94328,51.33532],[-0.94262,51.33545],[-0.94177,51.33546],[-0.94118,51.33574],[-0.94053,51.33587],[-0.93989,51.33583],[-0.93917,51.33581],[-0.93853,51.33608],[-0.93771,51.3363],[-0.93664,51.33673],[-0.93607,51.33728],[-0.93625,51.33811],[-0.93642,51.33835],[-0.9365,51.33847],[-0.93636,51.33858]]},"properties":{"k":"river","name":"River Whitewater"}},{"type":"Feature","geometry":{"type":"LineString","coordinates":[[-0.9473,51.3262],[-0.94717,51.32624],[-0.94726,51.32644],[-0.94706,51.3266],[-0.94663,51.32673],[-0.94661,51.32714],[-0.94678,51.32752],[-0.94715,51.32803],[-0.94786,51.32844],[-0.94794,51.32878],[-0.94827,51.3289],[-0.94869,51.32886],[-0.94904,51.32896],[-0.94936,51.32923],[-0.94979,51.32919],[-0.95026,51.32925],[-0.95048,51.32941],[-0.95073,51.32939],[-0.95093,51.32966],[-0.95123,51.32984],[-0.95129,51.32998],[-0.95112,51.3301],[-0.95082,51.33012]]},"properties":{"k":"river","name":"River Whitewater"}},{"type":"Feature","geometry":{"type":"LineString","coordinates":[[-0.94049,51.31688],[-0.94048,51.31705],[-0.9405,51.31719],[-0.94072,51.31724],[-0.94092,51.31737],[-0.94124,51.3175],[-0.94149,51.31767],[-0.94167,51.31788],[-0.94169,51.31794],[-0.94155,51.31819],[-0.94123,51.31851],[-0.94112,51.3187],[-0.94111,51.31912],[-0.9411,51.31941],[-0.94128,51.31956],[-0.94149,51.31954],[-0.94173,51.31965],[-0.94202,51.31981],[-0.94234,51.31986],[-0.9426,51.31992],[-0.94276,51.32004],[-0.94281,51.3203],[-0.9428,51.32053],[-0.94293,51.32075],[-0.94306,51.3209],[-0.94295,51.32099],[-0.94291,51.32109],[-0.94317,51.32115],[-0.94334,51.32125],[-0.94338,51.32136],[-0.94356,51.32138],[-0.94371,51.32138],[-0.94393,51.32151],[-0.94418,51.32148],[-0.94447,51.32143],[-0.94461,51.32136],[-0.94479,51.32141],[-0.94493,51.32151],[-0.94526,51.32149],[-0.94552,51.32153],[-0.94588,51.32161],[-0.94614,51.32168],[-0.94627,51.32185],[-0.94638,51.32187],[-0.94639,51.32195],[-0.9465,51.32264],[-0.94745,51.32379],[-0.94799,51.32398],[-0.9479,51.32416],[-0.94807,51.32446],[-0.94807,51.32467],[-0.94775,51.32483],[-0.94786,51.32505],[-0.94775,51.32533],[-0.94743,51.32559],[-0.94766,51.32587],[-0.94764,51.32608],[-0.9473,51.3262]]},"properties":{"k":"river","name":"River Whitewater"}},{"type":"Feature","geometry":{"type":"LineString","coordinates":[[-0.93744,51.31471],[-0.93789,51.31498],[-0.93805,51.315],[-0.93824,51.31507],[-0.93844,51.3152],[-0.93872,51.31542],[-0.93896,51.31556],[-0.93905,51.31566],[-0.93902,51.31572],[-0.93888,51.31576],[-0.93878,51.31581],[-0.93879,51.31588],[-0.93891,51.31592],[-0.93908,51.31596],[-0.93917,51.31601],[-0.93922,51.31606],[-0.93921,51.31615],[-0.93926,51.31622],[-0.9393,51.31637],[-0.93937,51.31643],[-0.93948,51.31645],[-0.93957,51.31638],[-0.93967,51.31638],[-0.94013,51.31665],[-0.94031,51.31681],[-0.94042,51.31683],[-0.94049,51.31688]]},"properties":{"k":"river","name":"River Whitewater"}},{"type":"Feature","geometry":{"type":"LineString","coordinates":[[-0.93627,51.314],[-0.93631,51.31406],[-0.93636,51.31411],[-0.93671,51.31428],[-0.93691,51.31436],[-0.93744,51.31471]]},"properties":{"k":"river","name":"River Whitewater"}},{"type":"Feature","geometry":{"type":"LineString","coordinates":[[-0.93646,51.31321],[-0.93655,51.31332],[-0.93667,51.31343],[-0.93667,51.31348],[-0.93661,51.31354],[-0.93649,51.31359],[-0.93638,51.31368],[-0.93627,51.314]]},"properties":{"k":"river","name":"River Whitewater"}},{"type":"Feature","geometry":{"type":"LineString","coordinates":[[-1.02567,51.32387],[-1.02589,51.32399],[-1.02622,51.32402],[-1.02684,51.32399],[-1.02725,51.32408],[-1.02754,51.32407],[-1.02811,51.32397],[-1.02826,51.32395],[-1.02849,51.324],[-1.02853,51.32409],[-1.02849,51.32437],[-1.02861,51.32444]]},"properties":{"k":"river","name":"River Loddon"}},{"type":"Feature","geometry":{"type":"LineString","coordinates":[[-1.0212,51.32974],[-1.02113,51.3298],[-1.02106,51.32987],[-1.02094,51.32996],[-1.02082,51.33003],[-1.02068,51.33008],[-1.02061,51.33011],[-1.02055,51.33015],[-1.02051,51.33018],[-1.02047,51.33022],[-1.02045,51.33023],[-1.02042,51.33026],[-1.0204,51.33028],[-1.02039,51.33028],[-1.02037,51.33029],[-1.02031,51.33034],[-1.02025,51.33037],[-1.02017,51.33038],[-1.02011,51.3304],[-1.02006,51.33041],[-1.02,51.33043],[-1.01996,51.33044],[-1.01991,51.33047],[-1.01985,51.33053],[-1.01981,51.33056],[-1.01977,51.3306],[-1.01973,51.33062],[-1.01967,51.33064],[-1.01957,51.33066],[-1.01951,51.33066],[-1.01942,51.33066],[-1.01936,51.33066],[-1.01929,51.33066],[-1.01923,51.33066],[-1.01915,51.33067],[-1.01909,51.33068],[-1.01903,51.3307],[-1.01895,51.33074],[-1.01895,51.33074],[-1.01893,51.33075],[-1.01892,51.33076],[-1.01891,51.33077],[-1.0189,51.33078],[-1.01889,51.3308],[-1.01889,51.33081],[-1.01888,51.33083],[-1.01888,51.33084],[-1.01889,51.33086],[-1.0189,51.33088],[-1.01892,51.33091],[-1.01893,51.33093],[-1.01899,51.33098],[-1.01906,51.33105]]},"properties":{"k":"river","name":"River Loddon"}},{"type":"Feature","geometry":{"type":"LineString","coordinates":[[-0.98053,51.37503],[-0.97966,51.37572],[-0.97921,51.37577],[-0.97865,51.37594],[-0.97755,51.3759],[-0.97697,51.37607],[-0.97646,51.37652],[-0.97558,51.3768],[-0.97478,51.37684],[-0.97418,51.37721],[-0.97339,51.37719],[-0.97303,51.37744],[-0.97296,51.37776],[-0.97205,51.37834],[-0.97172,51.37875],[-0.97082,51.37886],[-0.9697,51.37944],[-0.96929,51.37947],[-0.96894,51.37964],[-0.96886,51.38002],[-0.96776,51.38077],[-0.9668,51.38179],[-0.96591,51.38197],[-0.96501,51.38258],[-0.9642,51.38327],[-0.96392,51.38313],[-0.96376,51.38319],[-0.96375,51.38332],[-0.96391,51.38361],[-0.96374,51.38379],[-0.96272,51.38419],[-0.961,51.3846],[-0.96065,51.38456],[-0.96055,51.38432],[-0.96024,51.38418],[-0.96001,51.38413],[-0.95977,51.3842],[-0.95968,51.3843],[-0.95947,51.38476],[-0.95855,51.38526],[-0.95843,51.38534]]},"properties":{"k":"river","name":"River Loddon"}},{"type":"Feature","geometry":{"type":"LineString","coordinates":[[-0.98616,51.36311],[-0.98638,51.3633],[-0.98612,51.36336]]},"properties":{"k":"river","name":"River Loddon"}},{"type":"Feature","geometry":{"type":"LineString","coordinates":[[-0.99064,51.34984],[-0.99005,51.35025],[-0.98955,51.35069],[-0.98908,51.35133],[-0.98884,51.35178],[-0.98878,51.3521],[-0.98877,51.35237],[-0.9887,51.35292],[-0.98871,51.35368],[-0.98872,51.35403],[-0.98875,51.35474],[-0.98853,51.35578],[-0.98796,51.35624],[-0.9875,51.35678],[-0.98717,51.35729],[-0.98677,51.35799],[-0.98665,51.35845],[-0.98672,51.35906],[-0.98673,51.35977],[-0.98613,51.36094],[-0.9859,51.36121],[-0.98554,51.3616],[-0.9855,51.36194],[-0.9858,51.36231],[-0.98583,51.36281],[-0.98616,51.36311]]},"properties":{"k":"river","name":"River Loddon"}},{"type":"Feature","geometry":{"type":"LineString","coordinates":[[-0.99484,51.34602],[-0.99452,51.34627],[-0.99437,51.34642],[-0.99424,51.34671],[-0.99407,51.34723],[-0.99383,51.34756],[-0.99355,51.34785],[-0.99296,51.34833],[-0.99067,51.34966],[-0.99064,51.34984]]},"properties":{"k":"river","name":"River Loddon"}},{"type":"Feature","geometry":{"type":"LineString","coordinates":[[-1.00102,51.34549],[-1.00027,51.34549],[-0.99958,51.34546],[-0.99913,51.34538],[-0.99846,51.34519],[-0.99764,51.34507],[-0.99705,51.345],[-0.99639,51.34504],[-0.99564,51.34528],[-0.99535,51.34542],[-0.99515,51.34557],[-0.99488,51.34583],[-0.99484,51.34602]]},"properties":{"k":"river","name":"River Loddon"}},{"type":"Feature","geometry":{"type":"LineString","coordinates":[[-1.01796,51.3318],[-1.01792,51.33181],[-1.0179,51.33181],[-1.01788,51.33181],[-1.01787,51.33182],[-1.01786,51.33183],[-1.01784,51.33184],[-1.01784,51.33184],[-1.01783,51.33187],[-1.01783,51.33187],[-1.01782,51.33192],[-1.01783,51.33195],[-1.01784,51.33201],[-1.01785,51.33205],[-1.01786,51.33208],[-1.01787,51.33212],[-1.01787,51.33214],[-1.01786,51.3322],[-1.01786,51.33224],[-1.01782,51.33248],[-1.01782,51.33263],[-1.0178,51.33275],[-1.01777,51.33279],[-1.0177,51.33287],[-1.0176,51.33292],[-1.01744,51.33301],[-1.01733,51.33305],[-1.01726,51.3331],[-1.01722,51.33315],[-1.01722,51.33318],[-1.01724,51.33321],[-1.01728,51.33323],[-1.01731,51.33324],[-1.01742,51.33326],[-1.01745,51.33326],[-1.01748,51.33327],[-1.0175,51.33327],[-1.01755,51.33328],[-1.01758,51.33329],[-1.01761,51.3333],[-1.01764,51.33332],[-1.01764,51.33332],[-1.01766,51.33335],[-1.01767,51.3334],[-1.01768,51.33347],[-1.01768,51.33354],[-1.01768,51.33357]]},"properties":{"k":"river","name":"River Loddon"}},{"type":"Feature","geometry":{"type":"LineString","coordinates":[[-1.01219,51.33717],[-1.01209,51.3372],[-1.01206,51.33722],[-1.01203,51.33725],[-1.01199,51.33728],[-1.01196,51.33731],[-1.01192,51.33736],[-1.01189,51.33738],[-1.01186,51.3374],[-1.01182,51.33742],[-1.01178,51.33744],[-1.01168,51.3375],[-1.01158,51.33755],[-1.01152,51.33759],[-1.01146,51.33762],[-1.01146,51.33762],[-1.01136,51.33768],[-1.01131,51.33772],[-1.01126,51.33776],[-1.01122,51.33779],[-1.01117,51.33785],[-1.01113,51.33789],[-1.01106,51.33795],[-1.01102,51.33798],[-1.01094,51.33804],[-1.01092,51.33806],[-1.01086,51.3381],[-1.01083,51.33811],[-1.0108,51.33813]]},"properties":{"k":"river","name":"River Loddon"}},{"type":"Feature","geometry":{"type":"LineString","coordinates":[[-1.02025,51.31858],[-1.02056,51.31867],[-1.02099,51.31895],[-1.02135,51.31925],[-1.02173,51.31991]]},"properties":{"k":"river","name":"River Loddon"}},{"type":"Feature","geometry":{"type":"LineString","coordinates":[[-1.0303,51.32839],[-1.03019,51.32841]]},"properties":{"k":"river","name":"River Loddon"}},{"type":"Feature","geometry":{"type":"LineString","coordinates":[[-1.00867,51.31302],[-1.00873,51.31307],[-1.00889,51.31314],[-1.00912,51.31317],[-1.00931,51.31317],[-1.00939,51.31313],[-1.0094,51.31292],[-1.00939,51.3128],[-1.00947,51.31275],[-1.00963,51.31276],[-1.01002,51.31288],[-1.01023,51.31299],[-1.01036,51.3131],[-1.01079,51.31366],[-1.01092,51.31368],[-1.01115,51.31366],[-1.01139,51.31359],[-1.01149,51.31358],[-1.0116,51.31361],[-1.01175,51.31388],[-1.01182,51.31394],[-1.01188,51.31398],[-1.01199,51.31398],[-1.01214,51.3139],[-1.01236,51.31384],[-1.0126,51.31381],[-1.01278,51.31374],[-1.01298,51.31369],[-1.01317,51.31373],[-1.01329,51.31381],[-1.01334,51.3139],[-1.0133,51.31402],[-1.01321,51.31415],[-1.01318,51.31425],[-1.01321,51.31433],[-1.0134,51.31444],[-1.01359,51.31451],[-1.01365,51.31453],[-1.01385,51.31454],[-1.01398,51.31454],[-1.01413,51.31455],[-1.01425,51.31459],[-1.0143,51.31465],[-1.0143,51.31471],[-1.01423,51.31476],[-1.01414,51.3148],[-1.01406,51.31486],[-1.01405,51.31491],[-1.01409,51.31496],[-1.01422,51.31501],[-1.01435,51.31504],[-1.01448,51.31508],[-1.01461,51.31517],[-1.01472,51.31526],[-1.01474,51.31533],[-1.01472,51.31538],[-1.01465,51.31547],[-1.01461,51.31555],[-1.01465,51.31562],[-1.01487,51.31572],[-1.01502,51.31579],[-1.01506,51.31589],[-1.01503,51.31602],[-1.01497,51.31618],[-1.01493,51.31646],[-1.0152,51.31666],[-1.01538,51.31669],[-1.01587,51.31655],[-1.01604,51.31659],[-1.01607,51.31672],[-1.01587,51.31697],[-1.01591,51.31706],[-1.01702,51.31722],[-1.01748,51.31724]]},"properties":{"k":"river","name":"River Loddon"}},{"type":"Feature","geometry":{"type":"LineString","coordinates":[[-1.05203,51.36257],[-1.0507,51.36294],[-1.04834,51.36519],[-1.04787,51.36578],[-1.04436,51.36881],[-1.04397,51.3692],[-1.04305,51.37013],[-1.04209,51.37096],[-1.04155,51.37147],[-1.04062,51.37209],[-1.03693,51.37272],[-1.03667,51.37294],[-1.03644,51.37319],[-1.03634,51.37327],[-1.03606,51.37346],[-1.03557,51.37358],[-1.0343,51.37366],[-1.03332,51.37438],[-1.02858,51.3786],[-1.027,51.38025],[-1.0259,51.38077],[-1.02443,51.38096]]},"properties":{"k":"stream","name":"Foudry Brook"}},{"type":"Feature","geometry":{"type":"LineString","coordinates":[[-0.95177,51.37821],[-0.95227,51.37912],[-0.95365,51.37968],[-0.95431,51.38039],[-0.95464,51.38114],[-0.95525,51.38161],[-0.95525,51.38191],[-0.95553,51.38215],[-0.95647,51.38243],[-0.95733,51.38258],[-0.95801,51.38317],[-0.95874,51.38396],[-0.95856,51.38404],[-0.95839,51.38416],[-0.95842,51.38431],[-0.95831,51.38445],[-0.95808,51.38461],[-0.95825,51.38493],[-0.95843,51.38534]]},"properties":{"k":"river","name":"Blackwater River"}},{"type":"Feature","geometry":{"type":"LineString","coordinates":[[-0.94813,51.3748],[-0.9489,51.37571],[-0.95009,51.37674],[-0.95146,51.37766],[-0.95177,51.37821]]},"properties":{"k":"river","name":"Broadwater Stream"}},{"type":"Feature","geometry":{"type":"LineString","coordinates":[[-0.93601,51.36632],[-0.93608,51.36647],[-0.93609,51.36663],[-0.93616,51.36682],[-0.93637,51.36705],[-0.93676,51.36771],[-0.93708,51.36795],[-0.93742,51.36808],[-0.93804,51.36801],[-0.93814,51.36821],[-0.93851,51.36842],[-0.93878,51.36881],[-0.93992,51.36937],[-0.94065,51.36971],[-0.94183,51.37012],[-0.94249,51.37025],[-0.94391,51.37038],[-0.94505,51.37078],[-0.94568,51.37124],[-0.94621,51.37176],[-0.94627,51.37212],[-0.94579,51.37246],[-0.94566,51.37277],[-0.94585,51.37319],[-0.94612,51.37354],[-0.94687,51.37378],[-0.94726,51.37404],[-0.94763,51.37457],[-0.94813,51.3748]]},"properties":{"k":"river","name":"Broadwater Stream"}},{"type":"Feature","geometry":{"type":"LineString","coordinates":[[-1.01487,51.31572],[-1.01464,51.31577],[-1.01452,51.31576],[-1.01435,51.31575],[-1.01434,51.31576],[-1.01417,51.31585],[-1.01392,51.31591],[-1.01388,51.31592],[-1.01384,51.31593],[-1.01379,51.31593],[-1.01374,51.31593],[-1.01369,51.31592],[-1.01363,51.31589],[-1.0136,51.31587],[-1.01362,51.31579],[-1.01361,51.31575],[-1.01357,51.31573],[-1.01352,51.3157],[-1.01346,51.31568],[-1.01341,51.31572],[-1.01329,51.31578],[-1.01314,51.31568],[-1.01315,51.31566],[-1.01321,51.31551],[-1.01318,51.3155],[-1.01311,51.31546],[-1.01307,51.31541],[-1.01306,51.31538],[-1.01301,51.31539],[-1.01293,51.31541],[-1.01272,51.31539],[-1.01262,51.31533],[-1.01273,51.31516],[-1.0127,51.31512],[-1.01267,51.31511],[-1.01265,51.31511],[-1.01261,51.3151],[-1.01254,51.31508],[-1.01245,51.31506],[-1.01235,51.31505],[-1.01227,51.31504],[-1.01219,51.31503],[-1.01214,51.31502],[-1.01214,51.31501],[-1.01211,51.3149],[-1.01206,51.3149],[-1.01201,51.3149],[-1.01176,51.3149],[-1.01163,51.31494],[-1.01151,51.31499],[-1.01145,51.31497],[-1.01128,51.31491],[-1.01115,51.31486],[-1.01118,51.31475],[-1.01121,51.31467],[-1.01117,51.31464],[-1.01112,51.31455],[-1.01103,51.31455],[-1.01092,51.31454],[-1.01087,51.31455],[-1.01067,51.31457],[-1.01057,51.31467],[-1.01053,51.3147],[-1.01042,51.3147],[-1.01038,51.3147],[-1.01023,51.31464],[-1.01011,51.3147],[-1.01006,51.31467],[-1.00998,51.31463],[-1.0099,51.31463],[-1.00987,51.31471],[-1.00986,51.31472],[-1.00981,51.3147],[-1.00976,51.31469],[-1.0097,51.31463],[-1.00948,51.31453],[-1.00925,51.31454],[-1.0091,51.31449],[-1.00895,51.31452],[-1.00888,51.31452],[-1.00877,51.31451],[-1.00874,51.3145],[-1.00863,51.3144],[-1.00853,51.31438],[-1.00846,51.31439],[-1.00846,51.31439],[-1.00838,51.31441],[-1.00816,51.31429],[-1.00803,51.31427],[-1.00797,51.31425],[-1.00792,51.31422],[-1.00775,51.3141],[-1.0073,51.31398],[-1.00734,51.31381],[-1.0072,51.3136],[-1.00722,51.31357],[-1.0073,51.31346],[-1.00742,51.31339],[-1.00748,51.31335],[-1.0075,51.31329],[-1.00751,51.31326],[-1.00753,51.3132]]},"properties":{"k":"stream","name":""}},{"type":"Feature","geometry":{"type":"LineString","coordinates":[[-0.93917,51.36317],[-0.93898,51.36331],[-0.9389,51.36338],[-0.93883,51.36343],[-0.93875,51.36346],[-0.93868,51.36348],[-0.93855,51.36348],[-0.93818,51.36344],[-0.93791,51.36342],[-0.93774,51.36347],[-0.93757,51.36353],[-0.93741,51.36366],[-0.93733,51.36372],[-0.93726,51.36377],[-0.93716,51.36382],[-0.93707,51.36388],[-0.93703,51.36392],[-0.93698,51.364],[-0.93695,51.36409],[-0.93695,51.36414],[-0.93696,51.3642],[-0.93701,51.3643],[-0.93701,51.36435],[-0.93702,51.36441],[-0.93701,51.36448],[-0.93697,51.36461],[-0.93693,51.36476],[-0.93685,51.3652],[-0.93677,51.36549],[-0.93675,51.36564],[-0.93673,51.36583],[-0.93672,51.36592],[-0.9367,51.36598],[-0.93665,51.36603],[-0.93661,51.36607],[-0.93645,51.36617],[-0.93601,51.36632]]},"properties":{"k":"river","name":"River Whitewater"}},{"type":"Feature","geometry":{"type":"LineString","coordinates":[[-0.93761,51.34292],[-0.9378,51.3432],[-0.93823,51.34334],[-0.93823,51.3434],[-0.93814,51.34356],[-0.93846,51.34374],[-0.93864,51.34391],[-0.93882,51.34403],[-0.93899,51.34405],[-0.93942,51.34396],[-0.93975,51.34396],[-0.93991,51.34399],[-0.94002,51.34405],[-0.94022,51.34433],[-0.94048,51.34481],[-0.94055,51.345],[-0.94054,51.34521],[-0.9404,51.34569],[-0.9404,51.34589],[-0.94048,51.34613],[-0.94046,51.34628],[-0.94032,51.34658],[-0.9402,51.3467],[-0.94001,51.34675],[-0.93971,51.34679],[-0.93954,51.34685],[-0.93946,51.34694],[-0.93943,51.34705],[-0.93951,51.34712],[-0.93985,51.3472],[-0.93977,51.34741],[-0.93963,51.34754],[-0.93945,51.34754],[-0.93927,51.34758],[-0.93918,51.34767],[-0.93917,51.34779],[-0.93931,51.34791],[-0.93942,51.34815],[-0.9395,51.34846],[-0.9396,51.34859],[-0.93973,51.34868],[-0.94021,51.34882],[-0.94042,51.34886],[-0.94048,51.34897],[-0.94046,51.3492],[-0.94049,51.34943],[-0.94045,51.34958],[-0.94032,51.34966],[-0.93965,51.34992],[-0.93873,51.35017],[-0.93815,51.35047],[-0.93784,51.35063],[-0.93776,51.35086],[-0.93748,51.35104],[-0.9372,51.3512],[-0.93724,51.35134],[-0.93724,51.35165],[-0.93798,51.35172],[-0.93805,51.35181],[-0.93794,51.35204],[-0.93765,51.35222],[-0.93743,51.35241],[-0.93725,51.35255],[-0.93723,51.35267],[-0.93746,51.35299],[-0.93782,51.35329],[-0.9379,51.35351],[-0.938,51.35364],[-0.93852,51.35392],[-0.93876,51.35396],[-0.93895,51.35394],[-0.93949,51.35392],[-0.93972,51.35395],[-0.93993,51.35403],[-0.94025,51.35418],[-0.9407,51.35424],[-0.94091,51.35437]]},"properties":{"k":"river","name":"River Whitewater"}},{"type":"Feature","geometry":{"type":"LineString","coordinates":[[-1.22105,51.36759],[-1.22069,51.36756],[-1.22067,51.36754],[-1.22064,51.36752],[-1.22063,51.36748],[-1.22063,51.36745],[-1.22064,51.36743],[-1.22066,51.36741],[-1.22071,51.36739],[-1.22088,51.36726],[-1.22092,51.36721],[-1.22092,51.36718],[-1.22092,51.36715],[-1.22091,51.36712],[-1.22088,51.36707],[-1.22085,51.367],[-1.22081,51.36696],[-1.22078,51.36694],[-1.2207,51.36691],[-1.22062,51.36689],[-1.22015,51.36689],[-1.22008,51.36687],[-1.22003,51.36685],[-1.22,51.36683],[-1.21998,51.36681],[-1.21997,51.36679],[-1.21997,51.36675],[-1.21987,51.36654],[-1.21968,51.36634],[-1.2195,51.36627],[-1.21931,51.36625],[-1.21911,51.36619],[-1.21887,51.36617],[-1.21876,51.36615],[-1.21871,51.36613],[-1.21865,51.36611],[-1.21856,51.36606],[-1.2185,51.36602],[-1.21833,51.36586],[-1.21798,51.3659],[-1.21752,51.36589],[-1.21743,51.3659],[-1.21739,51.36592],[-1.21734,51.36594],[-1.2173,51.36597],[-1.21717,51.3661],[-1.21693,51.36615],[-1.21689,51.36619],[-1.21685,51.36621],[-1.2168,51.36622],[-1.21675,51.36622],[-1.21671,51.36621],[-1.21666,51.3662],[-1.21661,51.36618],[-1.21655,51.36614],[-1.21622,51.36594],[-1.21607,51.36591],[-1.21576,51.36592],[-1.2154,51.36595],[-1.21532,51.36594],[-1.21524,51.36595],[-1.21516,51.36596],[-1.21505,51.366],[-1.21485,51.36612],[-1.21476,51.36589],[-1.21459,51.36585],[-1.21424,51.36579],[-1.21416,51.36575],[-1.21409,51.36574],[-1.21402,51.36574],[-1.21395,51.36575],[-1.2139,51.36576],[-1.21386,51.36578],[-1.2138,51.36583],[-1.2137,51.36606],[-1.21366,51.36622],[-1.21367,51.36626],[-1.21365,51.3663],[-1.21363,51.36632],[-1.21358,51.36635],[-1.21355,51.36636],[-1.21346,51.36636],[-1.21335,51.36635],[-1.2132,51.36633],[-1.21291,51.36618],[-1.21273,51.36606],[-1.21265,51.36606],[-1.21256,51.36608],[-1.21253,51.3661],[-1.2125,51.36612],[-1.21248,51.36615],[-1.21246,51.36618],[-1.21246,51.36622],[-1.21247,51.36626],[-1.21215,51.36645],[-1.21154,51.36674],[-1.21134,51.36679],[-1.21134,51.36679],[-1.21127,51.36681],[-1.21119,51.36686],[-1.21115,51.36688],[-1.21113,51.36691],[-1.21108,51.367],[-1.21106,51.36704],[-1.21102,51.36707],[-1.21098,51.3671],[-1.21088,51.36714],[-1.21084,51.36715],[-1.21079,51.36715],[-1.21072,51.36714],[-1.21058,51.36705],[-1.21039,51.36686],[-1.21033,51.36681],[-1.21028,51.36679],[-1.2101,51.36672],[-1.20997,51.36669],[-1.2099,51.36668],[-1.2098,51.36669],[-1.20972,51.3667],[-1.20935,51.36684],[-1.20925,51.36687],[-1.20918,51.36688],[-1.20874,51.3669],[-1.20837,51.36691],[-1.20786,51.36691],[-1.20728,51.36693],[-1.20683,51.36694],[-1.20676,51.36696],[-1.20672,51.36696],[-1.20664,51.36695],[-1.20659,51.36692],[-1.20657,51.3669],[-1.20657,51.36687],[-1.20659,51.36674],[-1.20657,51.36651],[-1.20656,51.36643],[-1.20649,51.36629],[-1.20638,51.36622],[-1.20622,51.36623],[-1.20593,51.36627],[-1.20556,51.36633],[-1.2052,51.36642],[-1.20508,51.36645],[-1.20497,51.36645],[-1.20486,51.36644],[-1.20479,51.36641],[-1.20474,51.36638],[-1.20471,51.36633],[-1.20468,51.3663],[-1.20464,51.36628],[-1.2046,51.36626],[-1.20445,51.36623],[-1.20424,51.36626],[-1.20409,51.36625],[-1.20394,51.36624],[-1.20369,51.36619],[-1.20353,51.36617],[-1.20322,51.36625],[-1.20289,51.36624],[-1.20249,51.36623],[-1.2021,51.36619],[-1.2019,51.36611],[-1.20168,51.36602],[-1.20129,51.36591],[-1.20099,51.36582],[-1.20086,51.36577],[-1.20056,51.36567]]},"properties":{"k":"river","name":"River Enborne"}},{"type":"Feature","geometry":{"type":"LineString","coordinates":[[-1.21459,51.36585],[-1.21539,51.36579],[-1.21562,51.36558],[-1.2158,51.36546],[-1.21577,51.36537],[-1.21559,51.36512],[-1.21558,51.36499],[-1.21548,51.36489],[-1.21518,51.36438],[-1.21531,51.36414],[-1.21582,51.36382],[-1.21642,51.36342],[-1.21707,51.36323],[-1.21775,51.36296],[-1.21908,51.36262],[-1.21981,51.36232],[-1.2202,51.36187],[-1.22054,51.36133],[-1.22106,51.36053],[-1.22127,51.36007],[-1.22136,51.35951],[-1.22131,51.35884],[-1.22144,51.3587]]},"properties":{"k":"stream","name":""}},{"type":"Feature","geometry":{"type":"LineString","coordinates":[[-1.28393,51.33286],[-1.28363,51.33278],[-1.28357,51.33279],[-1.28334,51.33293],[-1.28325,51.333],[-1.28324,51.33301],[-1.28311,51.33317]]},"properties":{"k":"stream","name":""}},{"type":"Feature","geometry":{"type":"LineString","coordinates":[[-1.28363,51.33251],[-1.28356,51.33264],[-1.28353,51.3327],[-1.2834,51.33272],[-1.28332,51.33273],[-1.28323,51.3328],[-1.28313,51.33293],[-1.28313,51.33297],[-1.28325,51.333]]},"properties":{"k":"stream","name":""}},{"type":"Feature","geometry":{"type":"LineString","coordinates":[[-1.28441,51.33131],[-1.28442,51.33142]]},"properties":{"k":"stream","name":""}},{"type":"Feature","geometry":{"type":"LineString","coordinates":[[-1.28403,51.33278],[-1.28356,51.33264]]},"properties":{"k":"stream","name":""}},{"type":"Feature","geometry":{"type":"LineString","coordinates":[[-0.87061,51.28145],[-0.87071,51.28153],[-0.87076,51.28161],[-0.87075,51.28171],[-0.8708,51.28177],[-0.87094,51.28185],[-0.87102,51.28199],[-0.87108,51.28216],[-0.87118,51.28228],[-0.87142,51.28241],[-0.87182,51.28263],[-0.872,51.28274],[-0.8721,51.28285],[-0.8723,51.28285]]},"properties":{"k":"stream","name":""}},{"type":"Feature","geometry":{"type":"LineString","coordinates":[[-0.86899,51.27987],[-0.86889,51.27984],[-0.8674,51.27897],[-0.86708,51.27873],[-0.86672,51.27825],[-0.86651,51.27789],[-0.86625,51.27733],[-0.86603,51.27694],[-0.866,51.2769],[-0.86587,51.27668],[-0.86587,51.27653],[-0.86583,51.27641],[-0.86577,51.27626],[-0.86562,51.27584],[-0.86564,51.27541],[-0.86568,51.27527],[-0.86567,51.27522],[-0.86564,51.2751],[-0.86588,51.27454],[-0.86592,51.27443],[-0.86604,51.27436]]},"properties":{"k":"stream","name":""}},{"type":"Feature","geometry":{"type":"LineString","coordinates":[[-0.98735,51.26104],[-0.98694,51.2609],[-0.9868,51.26088],[-0.98664,51.26084]]},"properties":{"k":"canal","name":"Basingstoke Canal (derelict)"}},{"type":"Feature","geometry":{"type":"LineString","coordinates":[[-0.91299,51.26295],[-0.91273,51.263],[-0.91247,51.26307],[-0.91221,51.26315],[-0.91191,51.2633],[-0.91166,51.26341],[-0.91157,51.26346],[-0.91147,51.26351],[-0.91135,51.26359],[-0.91094,51.26384],[-0.91058,51.26402],[-0.91035,51.26414],[-0.91023,51.26419],[-0.90978,51.26434],[-0.90934,51.26452],[-0.90914,51.26464],[-0.90904,51.26472],[-0.90897,51.26479],[-0.9089,51.26488],[-0.90885,51.26498],[-0.90877,51.26517],[-0.90882,51.26535],[-0.90891,51.26553],[-0.90908,51.26567],[-0.90924,51.26582],[-0.90948,51.26608],[-0.90959,51.26622],[-0.90968,51.26637],[-0.90977,51.26656],[-0.90982,51.26676],[-0.90984,51.26693],[-0.90986,51.26711],[-0.90983,51.26728],[-0.90977,51.26744],[-0.90973,51.26753],[-0.90968,51.2676],[-0.90959,51.26767],[-0.9095,51.26774],[-0.90937,51.26783],[-0.90923,51.26792],[-0.90912,51.26798],[-0.90897,51.26805],[-0.90879,51.26811],[-0.90855,51.26816],[-0.90829,51.26821],[-0.90803,51.26824],[-0.90778,51.26824],[-0.90751,51.26821],[-0.90725,51.26817],[-0.90662,51.26801],[-0.90621,51.26787],[-0.906,51.26782],[-0.90578,51.26779],[-0.9055,51.26778],[-0.90524,51.2678],[-0.90488,51.26785],[-0.90459,51.26787],[-0.90423,51.26793],[-0.90395,51.26797],[-0.90369,51.26803],[-0.90346,51.26811],[-0.90323,51.2682],[-0.90292,51.26835],[-0.90265,51.26851],[-0.90254,51.2686],[-0.90245,51.26869],[-0.90235,51.26888],[-0.90221,51.26917],[-0.90203,51.26947],[-0.9017,51.26974],[-0.90133,51.27001],[-0.901,51.27017],[-0.90065,51.27031],[-0.90026,51.27045],[-0.8997,51.27067],[-0.89877,51.27105],[-0.89813,51.27131],[-0.89752,51.27157],[-0.89696,51.27175],[-0.89672,51.27182],[-0.89646,51.27188],[-0.89594,51.272],[-0.89568,51.27206],[-0.89542,51.27213],[-0.8952,51.27219],[-0.89491,51.27228],[-0.89473,51.27234],[-0.89455,51.2724],[-0.89446,51.27244],[-0.89407,51.27265],[-0.89393,51.27273],[-0.89386,51.27278],[-0.89382,51.27282],[-0.89371,51.273],[-0.8935,51.2733],[-0.89334,51.27347],[-0.89319,51.2736],[-0.89301,51.27373],[-0.89272,51.27389],[-0.89258,51.27396],[-0.8924,51.27409],[-0.89235,51.27414],[-0.89231,51.27421],[-0.89229,51.27427],[-0.89228,51.2744],[-0.89225,51.27466],[-0.89223,51.27483],[-0.8922,51.27499],[-0.89218,51.27506],[-0.89216,51.2751],[-0.89212,51.27517],[-0.89206,51.27527],[-0.8919,51.27553],[-0.89185,51.27565],[-0.8918,51.27578],[-0.89167,51.276],[-0.89162,51.27606],[-0.89154,51.27612],[-0.89145,51.27617],[-0.89135,51.27621],[-0.89105,51.27631],[-0.8909,51.27635],[-0.89074,51.27639],[-0.89051,51.27644],[-0.89025,51.27647],[-0.88999,51.27649],[-0.88956,51.27648],[-0.8891,51.27647],[-0.88893,51.27647],[-0.88877,51.27647],[-0.88845,51.27652],[-0.88824,51.27657],[-0.88804,51.27663],[-0.88786,51.27671],[-0.88767,51.27679],[-0.88752,51.27689],[-0.88739,51.27703],[-0.88725,51.27717],[-0.88711,51.27732],[-0.88702,51.27738],[-0.88691,51.27743],[-0.88676,51.27748],[-0.88654,51.27752],[-0.88637,51.27755],[-0.886,51.27759],[-0.88578,51.2776],[-0.88555,51.27759],[-0.88533,51.27757],[-0.88504,51.2775],[-0.88468,51.27738],[-0.88451,51.2773],[-0.8843,51.27722],[-0.88372,51.27696],[-0.88328,51.27669],[-0.883,51.27644],[-0.8828,51.27623],[-0.88274,51.27616],[-0.88267,51.27607],[-0.8826,51.27591],[-0.88256,51.27581],[-0.88253,51.27571],[-0.88251,51.27559],[-0.8825,51.27547],[-0.88251,51.27538],[-0.88253,51.27529],[-0.88263,51.27504],[-0.88272,51.27484],[-0.88289,51.27462],[-0.88296,51.2745],[-0.88301,51.27439],[-0.88305,51.27431],[-0.88306,51.27424],[-0.88306,51.27407],[-0.88304,51.27396],[-0.88299,51.27388],[-0.88291,51.27376],[-0.88279,51.27357],[-0.88268,51.27337],[-0.88265,51.27329],[-0.88264,51.27321],[-0.88259,51.27305],[-0.88257,51.27289],[-0.88257,51.27278],[-0.88256,51.27266],[-0.88251,51.27252],[-0.88241,51.27234],[-0.88238,51.27225],[-0.88234,51.27216],[-0.88229,51.27196],[-0.88229,51.27188],[-0.88229,51.27177],[-0.88233,51.27164],[-0.8824,51.2715],[-0.88253,51.27128],[-0.88274,51.27104],[-0.88302,51.27082],[-0.88319,51.27068],[-0.88339,51.27057],[-0.88368,51.27045],[-0.88396,51.27031],[-0.88425,51.27014],[-0.88446,51.27001],[-0.88465,51.26986],[-0.88481,51.26971],[-0.88492,51.26961],[-0.88499,51.26952],[-0.88506,51.26942],[-0.88516,51.26926],[-0.88529,51.26906],[-0.88539,51.26889],[-0.88546,51.26872],[-0.88558,51.2685],[-0.88593,51.26769],[-0.88607,51.26725],[-0.88612,51.26703],[-0.88615,51.2668],[-0.88619,51.26665],[-0.88628,51.2665],[-0.88647,51.26628],[-0.88665,51.2661],[-0.88701,51.26582],[-0.88743,51.26556],[-0.88808,51.26519],[-0.88873,51.2648],[-0.88881,51.26473],[-0.88903,51.26444],[-0.88908,51.26436],[-0.88917,51.26412],[-0.88916,51.26394],[-0.88911,51.26376],[-0.88902,51.26363],[-0.88879,51.26345],[-0.88856,51.26325],[-0.88839,51.26294],[-0.88825,51.26264],[-0.8881,51.26246],[-0.8879,51.26227],[-0.8876,51.26206],[-0.88704,51.26178],[-0.88674,51.26165],[-0.8863,51.26141],[-0.88611,51.26129],[-0.88595,51.26116],[-0.88578,51.261],[-0.88568,51.26082],[-0.88562,51.26065],[-0.88559,51.26048],[-0.88564,51.26027],[-0.88571,51.26012],[-0.8859,51.25984],[-0.88611,51.25958],[-0.88632,51.25931],[-0.88651,51.25904],[-0.88665,51.25883],[-0.88669,51.25876],[-0.88671,51.25863],[-0.88669,51.25849],[-0.88664,51.25834],[-0.88657,51.25818],[-0.88633,51.2579],[-0.88528,51.25719],[-0.88504,51.25707],[-0.88482,51.25698],[-0.88466,51.25694],[-0.88426,51.25686],[-0.88384,51.25683],[-0.88334,51.25681],[-0.8829,51.25674],[-0.88264,51.25666],[-0.88232,51.25649],[-0.88205,51.25621],[-0.88177,51.25596],[-0.8816,51.25583],[-0.88145,51.25576],[-0.88101,51.25557],[-0.88079,51.25548],[-0.8806,51.25536],[-0.88018,51.25494],[-0.87985,51.25476],[-0.87945,51.25464],[-0.87904,51.25458],[-0.87867,51.25458],[-0.87833,51.25462],[-0.87817,51.25463],[-0.87742,51.25478],[-0.87699,51.25488],[-0.87677,51.25493],[-0.87654,51.25498],[-0.87637,51.255],[-0.8762,51.25502],[-0.87603,51.25503],[-0.87585,51.25503],[-0.8757,51.25502],[-0.87555,51.25499],[-0.87522,51.25492],[-0.87497,51.25486],[-0.87471,51.25482],[-0.8745,51.25482],[-0.87427,51.25485],[-0.87388,51.25495],[-0.87349,51.25506],[-0.87314,51.25519],[-0.87267,51.25537],[-0.87245,51.2555],[-0.87235,51.25558],[-0.87227,51.25567],[-0.87219,51.25578],[-0.87212,51.25592],[-0.87209,51.25602],[-0.87205,51.2564],[-0.87203,51.25665],[-0.872,51.25685],[-0.87196,51.25713],[-0.87193,51.25735],[-0.87189,51.25747],[-0.87184,51.2576],[-0.87176,51.25771],[-0.87168,51.25782],[-0.87155,51.25795],[-0.87141,51.25807],[-0.87112,51.25824],[-0.87058,51.25856],[-0.8703,51.2587],[-0.87,51.25882],[-0.86967,51.25892],[-0.86932,51.25898],[-0.86869,51.25905],[-0.86859,51.25905],[-0.86813,51.25906],[-0.86759,51.25906],[-0.8671,51.25905],[-0.86658,51.25903],[-0.86614,51.25901],[-0.86549,51.25898],[-0.86507,51.25889],[-0.86488,51.25883],[-0.86472,51.25876],[-0.86441,51.25857],[-0.86382,51.25826],[-0.86369,51.2582],[-0.86349,51.25812],[-0.86335,51.25808],[-0.86321,51.25805],[-0.86259,51.2579],[-0.86229,51.25783],[-0.86214,51.2578],[-0.86198,51.25777],[-0.86177,51.25776],[-0.86155,51.25776],[-0.86116,51.25783],[-0.861,51.25787],[-0.86083,51.25792],[-0.86052,51.258],[-0.86024,51.25807],[-0.86008,51.25813],[-0.85985,51.25824],[-0.85949,51.25843],[-0.85916,51.25856],[-0.85884,51.25869],[-0.85857,51.25882],[-0.8583,51.25895],[-0.85809,51.25911],[-0.85792,51.25927],[-0.85776,51.25943],[-0.85763,51.2596],[-0.85755,51.25968],[-0.85748,51.25978],[-0.85744,51.25984],[-0.85737,51.25997],[-0.85732,51.26011],[-0.8573,51.26023],[-0.85729,51.26037],[-0.85734,51.2605],[-0.85737,51.26059],[-0.85741,51.26067],[-0.8575,51.26084],[-0.85773,51.26115],[-0.85815,51.26177],[-0.85817,51.26183],[-0.85818,51.26188],[-0.85818,51.26198],[-0.85816,51.2621],[-0.85812,51.26221],[-0.85803,51.26236],[-0.85792,51.2625],[-0.8578,51.26264],[-0.85763,51.26283],[-0.85745,51.26302],[-0.85708,51.26341],[-0.85699,51.26351],[-0.85691,51.2636],[-0.85674,51.2638],[-0.8566,51.26396],[-0.85645,51.2641],[-0.85639,51.26415],[-0.85632,51.2642],[-0.85618,51.26429],[-0.85601,51.26439],[-0.85589,51.26444],[-0.85552,51.26455],[-0.85531,51.26461],[-0.85498,51.2647],[-0.85482,51.26477],[-0.8547,51.26483],[-0.85451,51.26494],[-0.85415,51.26518],[-0.854,51.2653],[-0.85385,51.26542],[-0.85336,51.26584],[-0.85311,51.26605],[-0.8529,51.26627],[-0.85273,51.26645],[-0.85266,51.26653],[-0.85256,51.26663],[-0.85237,51.2668],[-0.85228,51.26688],[-0.85218,51.26695],[-0.85212,51.26699],[-0.85206,51.26703],[-0.85194,51.26708],[-0.85182,51.26711],[-0.85166,51.26714],[-0.85141,51.26719],[-0.85112,51.26724],[-0.85095,51.26727],[-0.85078,51.2673],[-0.85062,51.26734],[-0.85046,51.26739],[-0.85027,51.26744],[-0.8501,51.26749],[-0.85001,51.26752],[-0.84992,51.26755],[-0.84976,51.26762],[-0.84958,51.2677],[-0.84941,51.26779],[-0.84925,51.26788],[-0.84912,51.26798],[-0.84899,51.26807],[-0.84888,51.26817],[-0.84879,51.26826],[-0.84869,51.26838],[-0.84861,51.2685],[-0.84857,51.26856],[-0.84853,51.26862],[-0.8485,51.26868],[-0.84847,51.26874],[-0.84841,51.26886],[-0.84838,51.26894],[-0.84835,51.269],[-0.84833,51.26907],[-0.84832,51.26916],[-0.84829,51.2693],[-0.84828,51.26944],[-0.84829,51.26951],[-0.8483,51.26954],[-0.84831,51.26958],[-0.8484,51.26971],[-0.84852,51.26984],[-0.84869,51.26997],[-0.84879,51.27003],[-0.84889,51.27009],[-0.84903,51.27015],[-0.84913,51.27019],[-0.84932,51.27028],[-0.84951,51.27039],[-0.84958,51.27045],[-0.84964,51.2705],[-0.84969,51.27056],[-0.84973,51.27063],[-0.84981,51.27076],[-0.84988,51.27089],[-0.84989,51.27093],[-0.84991,51.27097],[-0.84993,51.27101],[-0.84995,51.27105],[-0.84997,51.27109],[-0.84998,51.27113],[-0.85001,51.27122],[-0.85004,51.27135],[-0.85006,51.27146],[-0.85007,51.27157],[-0.85008,51.27174],[-0.85009,51.27182],[-0.8501,51.27191],[-0.8501,51.27199],[-0.85009,51.27208],[-0.85006,51.27225],[-0.85005,51.27231],[-0.85003,51.27237],[-0.85,51.27249],[-0.84998,51.27255],[-0.84995,51.27261],[-0.84989,51.27273],[-0.84972,51.27304],[-0.84955,51.27335],[-0.84948,51.27346],[-0.84945,51.27349],[-0.84944,51.27353],[-0.84935,51.27367],[-0.84915,51.27394],[-0.84905,51.27408],[-0.84892,51.27421],[-0.84885,51.27428],[-0.84878,51.27436],[-0.8487,51.27444],[-0.84863,51.27451],[-0.84836,51.27478],[-0.84823,51.27491],[-0.84815,51.27499],[-0.84808,51.27504],[-0.84792,51.27517],[-0.84783,51.27523],[-0.84773,51.27529],[-0.84759,51.27536],[-0.84742,51.27542],[-0.84732,51.27544],[-0.84722,51.27546],[-0.84712,51.27547],[-0.84702,51.27547],[-0.84678,51.27548],[-0.84619,51.27551],[-0.84593,51.27552],[-0.84567,51.27553],[-0.8454,51.27554],[-0.84515,51.27555],[-0.84495,51.27557],[-0.84472,51.27559],[-0.84461,51.27561],[-0.8445,51.27563],[-0.84439,51.27565],[-0.84429,51.27567],[-0.84344,51.27594],[-0.84312,51.27603],[-0.84289,51.27608],[-0.84266,51.27612],[-0.84235,51.27617],[-0.84222,51.27618],[-0.84205,51.27618],[-0.84174,51.27618],[-0.84157,51.27619],[-0.8414,51.27618],[-0.84121,51.27617],[-0.84104,51.27616],[-0.84065,51.27609],[-0.84004,51.27598],[-0.8398,51.27592],[-0.83948,51.27582],[-0.83907,51.27571],[-0.83821,51.27544],[-0.83761,51.27529],[-0.83699,51.27512],[-0.83664,51.275],[-0.83632,51.27488],[-0.83601,51.27477],[-0.83568,51.27465],[-0.8353,51.27453],[-0.83501,51.27444],[-0.83483,51.27441],[-0.83471,51.2744],[-0.83458,51.27439],[-0.83445,51.27437],[-0.83429,51.27436],[-0.83415,51.27436],[-0.83392,51.27436],[-0.8337,51.27437],[-0.83348,51.27439],[-0.83323,51.27445],[-0.833,51.27451],[-0.83269,51.27461],[-0.83242,51.27472],[-0.83216,51.27486],[-0.83196,51.27499],[-0.83175,51.27514],[-0.8316,51.27527],[-0.83146,51.27542],[-0.83132,51.27557],[-0.83115,51.27574],[-0.831,51.27589],[-0.83085,51.27603],[-0.83066,51.27616],[-0.83055,51.27622],[-0.83044,51.27627],[-0.83015,51.27638],[-0.83005,51.27641],[-0.82989,51.27644],[-0.82954,51.2765],[-0.82931,51.27652],[-0.82905,51.27653],[-0.82879,51.27654],[-0.82862,51.27653],[-0.82852,51.27652],[-0.82839,51.2765],[-0.82825,51.27648],[-0.82801,51.27644],[-0.82781,51.27638],[-0.82764,51.27633],[-0.82744,51.27627],[-0.82727,51.27623],[-0.82707,51.27617],[-0.82688,51.27613],[-0.82669,51.27609],[-0.8265,51.27607],[-0.82623,51.27605],[-0.82596,51.27606],[-0.82568,51.27607],[-0.82546,51.27609],[-0.82525,51.27612],[-0.82504,51.27616],[-0.82476,51.27623],[-0.82443,51.27632],[-0.8242,51.27638],[-0.82409,51.27641],[-0.82342,51.27655],[-0.82322,51.27658],[-0.82305,51.27659],[-0.82283,51.2766],[-0.8226,51.2766],[-0.82247,51.2766],[-0.82228,51.27659],[-0.82205,51.27657],[-0.82175,51.27655],[-0.82154,51.27654],[-0.82149,51.27654],[-0.82131,51.27652],[-0.82114,51.2765],[-0.82099,51.27649],[-0.82059,51.27645],[-0.82027,51.27641],[-0.81941,51.27631],[-0.8192,51.27629],[-0.81889,51.27625],[-0.81858,51.2762],[-0.81826,51.27613],[-0.81808,51.27608],[-0.81787,51.27603],[-0.81771,51.27598],[-0.81734,51.27584],[-0.81701,51.2757],[-0.8162,51.27529],[-0.81582,51.27512],[-0.81546,51.275],[-0.81532,51.27497],[-0.8148,51.27486],[-0.81453,51.27481],[-0.81426,51.27478],[-0.81345,51.27475],[-0.81265,51.27477],[-0.81184,51.27483],[-0.81157,51.27485],[-0.81079,51.27493],[-0.80995,51.27502],[-0.80831,51.27518],[-0.80822,51.27519],[-0.80793,51.27521],[-0.8077,51.27521],[-0.8076,51.27521],[-0.80754,51.27521],[-0.80726,51.27519],[-0.80699,51.27515],[-0.80679,51.27511],[-0.8065,51.27503],[-0.80627,51.27494],[-0.80603,51.27482],[-0.80581,51.2747],[-0.80566,51.2746],[-0.80553,51.2745],[-0.80526,51.27431],[-0.80451,51.27352],[-0.80407,51.27303],[-0.80363,51.27253],[-0.80277,51.27153],[-0.80252,51.27128],[-0.80226,51.27102],[-0.80173,51.27056],[-0.80061,51.26963],[-0.80047,51.26951],[-0.80039,51.26946],[-0.80019,51.26934],[-0.79994,51.26922],[-0.79937,51.26905],[-0.79884,51.26894],[-0.79785,51.26881],[-0.79658,51.26868],[-0.79594,51.26864],[-0.79533,51.2686],[-0.79476,51.26859],[-0.79427,51.26856],[-0.79396,51.26853],[-0.79343,51.26846],[-0.79272,51.26835],[-0.79249,51.26831],[-0.79202,51.26823],[-0.79147,51.26814],[-0.79097,51.26807],[-0.7904,51.26798],[-0.79011,51.26794],[-0.78985,51.26793],[-0.78949,51.2679],[-0.78906,51.26789],[-0.78879,51.26791],[-0.78853,51.26794],[-0.78816,51.26802],[-0.7878,51.26812],[-0.78718,51.26837],[-0.78599,51.26901],[-0.78555,51.26919],[-0.78505,51.26927],[-0.78478,51.26928],[-0.78449,51.26926],[-0.7842,51.26921],[-0.78396,51.26916],[-0.78367,51.26907],[-0.78339,51.26896],[-0.78292,51.26871],[-0.7827,51.26854],[-0.78252,51.26837],[-0.78216,51.26802],[-0.78147,51.2673],[-0.78118,51.2671],[-0.78097,51.26698],[-0.78069,51.26683],[-0.78041,51.26671],[-0.78014,51.26661],[-0.77987,51.2665],[-0.77972,51.26644],[-0.77948,51.26635],[-0.77885,51.26613],[-0.77844,51.266],[-0.77778,51.26577],[-0.77742,51.26566],[-0.7773,51.2656],[-0.77694,51.26548],[-0.77646,51.26531],[-0.77619,51.2652],[-0.77606,51.26514],[-0.77593,51.26507],[-0.77571,51.26496],[-0.77554,51.26484],[-0.77536,51.26469],[-0.77527,51.26461],[-0.77518,51.26453],[-0.77504,51.26431],[-0.77493,51.2641],[-0.77472,51.26373],[-0.77458,51.26355],[-0.77444,51.26339],[-0.77437,51.26334],[-0.77431,51.26329],[-0.77412,51.26319],[-0.77375,51.26301],[-0.77358,51.26294],[-0.77341,51.26289],[-0.7731,51.26279],[-0.77279,51.26273],[-0.77252,51.26268],[-0.77232,51.26266],[-0.77211,51.26265],[-0.77152,51.26264],[-0.77108,51.26265],[-0.77064,51.26268],[-0.76936,51.26283],[-0.76871,51.26291],[-0.76807,51.26299],[-0.76698,51.26314],[-0.76681,51.26317],[-0.76613,51.2633],[-0.76594,51.26332],[-0.76574,51.26331],[-0.76512,51.26325],[-0.76395,51.26336],[-0.76313,51.26339],[-0.76226,51.2633],[-0.76109,51.26296],[-0.75884,51.26195],[-0.75767,51.26161],[-0.75677,51.26143],[-0.75597,51.26139],[-0.75498,51.26135],[-0.75191,51.26142],[-0.75114,51.26154],[-0.7484,51.26222],[-0.7473,51.26251],[-0.74539,51.26288],[-0.74443,51.26294],[-0.74357,51.26286],[-0.74299,51.26268],[-0.74243,51.26241],[-0.742,51.2621],[-0.74154,51.2617],[-0.74138,51.2615],[-0.74039,51.25985],[-0.7393,51.25891],[-0.73904,51.25846]]},"properties":{"k":"canal","name":"Basingstoke Canal"}},{"type":"Feature","geometry":{"type":"LineString","coordinates":[[-0.86296,51.25772],[-0.86295,51.25814]]},"properties":{"k":"river","name":"River Hart"}},{"type":"Feature","geometry":{"type":"LineString","coordinates":[[-0.86295,51.25814],[-0.86295,51.25825],[-0.86295,51.25828],[-0.86296,51.25832],[-0.86297,51.25835],[-0.86299,51.25837],[-0.86301,51.2584],[-0.86303,51.25843],[-0.86306,51.25846],[-0.86309,51.25849],[-0.86311,51.25852],[-0.86313,51.25855],[-0.86315,51.25858],[-0.86318,51.25864],[-0.8632,51.25867],[-0.86321,51.2587],[-0.86322,51.25873],[-0.86324,51.25876],[-0.86325,51.25878],[-0.86326,51.25881],[-0.86329,51.25887],[-0.86331,51.2589],[-0.8634,51.25918],[-0.8634,51.25921],[-0.86341,51.25924],[-0.86341,51.25927],[-0.86342,51.2593],[-0.86343,51.25933],[-0.86346,51.25938],[-0.86348,51.25942],[-0.8635,51.25945],[-0.86357,51.25961],[-0.86359,51.25963],[-0.8636,51.25967],[-0.86361,51.25969],[-0.86362,51.25972],[-0.86364,51.25975],[-0.86364,51.25984],[-0.86364,51.25993],[-0.86367,51.25995],[-0.86377,51.25996],[-0.86386,51.25994],[-0.86401,51.25992],[-0.86406,51.25991],[-0.86411,51.2599],[-0.86416,51.25989],[-0.86421,51.25989],[-0.86426,51.25989],[-0.86441,51.25989],[-0.86446,51.25989],[-0.86447,51.25992],[-0.86448,51.26001],[-0.86448,51.26005],[-0.86449,51.26008],[-0.86458,51.2604],[-0.86459,51.26044],[-0.86461,51.26046],[-0.86463,51.26049],[-0.86464,51.26052],[-0.86466,51.26055],[-0.86467,51.26058],[-0.86471,51.26067],[-0.86473,51.2607],[-0.86476,51.26073],[-0.86478,51.26076],[-0.8648,51.26079],[-0.86482,51.26082],[-0.86484,51.26085],[-0.86486,51.26087],[-0.86488,51.2609],[-0.8649,51.26093],[-0.86497,51.26106],[-0.86498,51.26109],[-0.86499,51.26115],[-0.86499,51.26118],[-0.86499,51.26121],[-0.86499,51.26124],[-0.86499,51.2613],[-0.865,51.26133],[-0.86503,51.26139],[-0.86504,51.26144],[-0.86504,51.26147],[-0.86506,51.2615],[-0.86507,51.26153],[-0.86508,51.26156],[-0.86514,51.26161],[-0.86518,51.26163],[-0.86522,51.26165],[-0.86525,51.26167],[-0.86529,51.2617],[-0.8653,51.26173],[-0.86531,51.26179],[-0.86529,51.26187],[-0.86527,51.2619],[-0.86526,51.26193],[-0.86524,51.26195],[-0.8652,51.26197],[-0.86517,51.262],[-0.86516,51.26202],[-0.86516,51.26205],[-0.8652,51.26207],[-0.86525,51.26208],[-0.8653,51.26208],[-0.8654,51.26209],[-0.86544,51.2621],[-0.86549,51.26212],[-0.86554,51.26213],[-0.86558,51.26214],[-0.86568,51.26216],[-0.86573,51.26217],[-0.86577,51.26219],[-0.86586,51.26222],[-0.8659,51.26223],[-0.86612,51.26232],[-0.8662,51.26236],[-0.86624,51.26238],[-0.86628,51.2624],[-0.86631,51.26243],[-0.86635,51.26245],[-0.86638,51.26248],[-0.86641,51.2625],[-0.86644,51.26253],[-0.86647,51.26255],[-0.86692,51.26284],[-0.86697,51.26285],[-0.86702,51.26286],[-0.86707,51.26286],[-0.86712,51.26284],[-0.86742,51.26286],[-0.86763,51.26285],[-0.8682,51.2628],[-0.86873,51.26277],[-0.86877,51.26278],[-0.86886,51.26281],[-0.86887,51.26284],[-0.86887,51.26293],[-0.86889,51.26296],[-0.8689,51.26299],[-0.86893,51.26305],[-0.86915,51.26354],[-0.86923,51.26381],[-0.86925,51.26392],[-0.86923,51.26395],[-0.86922,51.26398],[-0.86912,51.26406],[-0.86908,51.26408],[-0.86903,51.26413],[-0.86901,51.26416],[-0.86901,51.26419],[-0.86901,51.26422],[-0.86901,51.26425],[-0.86902,51.26429],[-0.86904,51.26435],[-0.86909,51.2644],[-0.86912,51.26443],[-0.86915,51.26445],[-0.86924,51.26448],[-0.8693,51.26449],[-0.86934,51.26451],[-0.86946,51.26454],[-0.8695,51.26456],[-0.8698,51.26475],[-0.86989,51.26478],[-0.86998,51.2648],[-0.87003,51.26481],[-0.87008,51.26482],[-0.87012,51.26483],[-0.87017,51.26485],[-0.87022,51.26486],[-0.87026,51.26488],[-0.87029,51.26491],[-0.87031,51.26494],[-0.87032,51.26497],[-0.87033,51.265],[-0.87034,51.26506],[-0.87035,51.26509],[-0.87035,51.26512],[-0.87037,51.26515],[-0.87039,51.26518],[-0.87041,51.26521],[-0.87043,51.26524],[-0.87046,51.26527],[-0.87048,51.2653],[-0.8705,51.26533],[-0.87054,51.26535],[-0.87057,51.26538],[-0.87059,51.2654],[-0.87061,51.26543],[-0.87063,51.26546],[-0.87065,51.26549],[-0.87067,51.26552],[-0.87069,51.26554],[-0.87071,51.26557],[-0.87072,51.2656],[-0.8708,51.26568],[-0.87084,51.26571],[-0.87087,51.26573],[-0.87095,51.26577],[-0.871,51.26578],[-0.87107,51.26583],[-0.87115,51.26591],[-0.87118,51.26593],[-0.87124,51.26599],[-0.87126,51.26601],[-0.8713,51.26604],[-0.87133,51.26606],[-0.87144,51.26611],[-0.87149,51.26612],[-0.87157,51.26615],[-0.87161,51.26617],[-0.87169,51.26624],[-0.87191,51.26638],[-0.87196,51.2664],[-0.872,51.26641],[-0.87205,51.26642],[-0.87209,51.26643],[-0.87213,51.26645],[-0.87218,51.26646],[-0.87228,51.26648],[-0.87233,51.26648],[-0.87268,51.26652],[-0.87273,51.26653],[-0.87278,51.26654],[-0.87283,51.26655],[-0.87287,51.26656],[-0.87292,51.26656],[-0.87296,51.26658],[-0.873,51.2666],[-0.87302,51.26663],[-0.87308,51.26668],[-0.87311,51.2667],[-0.87313,51.26673],[-0.87316,51.26679],[-0.87318,51.26682],[-0.8732,51.26685],[-0.87322,51.26687],[-0.87325,51.2669],[-0.87329,51.26692],[-0.87333,51.26695],[-0.87351,51.26704],[-0.87355,51.26706],[-0.87363,51.2671],[-0.87369,51.26714],[-0.87375,51.26721],[-0.87377,51.26723],[-0.87378,51.26726],[-0.87381,51.26729],[-0.87383,51.26732],[-0.87391,51.26736],[-0.87399,51.26744],[-0.87401,51.26747],[-0.87403,51.2675],[-0.87404,51.26753],[-0.87404,51.26756],[-0.87402,51.26761],[-0.87401,51.26764],[-0.874,51.26767],[-0.87399,51.2678],[-0.874,51.26787],[-0.87402,51.2679],[-0.87404,51.26796],[-0.87406,51.26798],[-0.87408,51.26801],[-0.87411,51.26807],[-0.87411,51.26816],[-0.87412,51.26819],[-0.87413,51.26822],[-0.87418,51.26831],[-0.87426,51.26852],[-0.87427,51.26862],[-0.87428,51.26865],[-0.87428,51.26874],[-0.87424,51.26879],[-0.87422,51.26882],[-0.87414,51.26885],[-0.8741,51.26886],[-0.87402,51.26889],[-0.87393,51.26896],[-0.87391,51.26899],[-0.87391,51.26905],[-0.87392,51.26908],[-0.87392,51.26917],[-0.87391,51.2692],[-0.87388,51.26922],[-0.87386,51.26925],[-0.87383,51.26927],[-0.87369,51.26939],[-0.87367,51.26942],[-0.87366,51.26945],[-0.87362,51.26965],[-0.87364,51.26972],[-0.87365,51.26974],[-0.87366,51.26977],[-0.87366,51.2698],[-0.87367,51.26989],[-0.87365,51.26992],[-0.87364,51.26994],[-0.87362,51.26997],[-0.8736,51.27],[-0.87353,51.27004],[-0.87342,51.27012],[-0.87338,51.27014],[-0.87336,51.27017],[-0.87333,51.27019],[-0.87331,51.27022],[-0.8733,51.27025],[-0.87329,51.27028],[-0.87327,51.2703],[-0.87317,51.27049],[-0.87315,51.27052],[-0.87313,51.27055],[-0.87312,51.27058],[-0.87309,51.27064],[-0.87307,51.27067],[-0.87305,51.2707],[-0.87298,51.27077],[-0.87285,51.27094],[-0.87283,51.27097],[-0.8728,51.27099],[-0.87277,51.27102],[-0.87272,51.27107],[-0.8727,51.2711],[-0.87267,51.27112],[-0.87264,51.27115],[-0.87262,51.27117],[-0.87241,51.27137],[-0.87239,51.2714],[-0.87239,51.27143],[-0.87238,51.27152],[-0.87239,51.27155],[-0.87239,51.27157],[-0.87238,51.27159],[-0.87237,51.27161],[-0.87236,51.27163],[-0.87235,51.27165],[-0.87234,51.27167],[-0.87233,51.27169],[-0.87232,51.27171],[-0.87231,51.27173],[-0.87231,51.27175],[-0.8723,51.27177],[-0.87228,51.27179],[-0.87226,51.27183],[-0.87224,51.27185],[-0.87214,51.27203],[-0.87209,51.2721],[-0.87209,51.27212],[-0.87208,51.27214],[-0.87207,51.27216],[-0.87207,51.27218],[-0.87206,51.27221],[-0.87205,51.27223],[-0.87202,51.27226],[-0.872,51.27228],[-0.87197,51.2723],[-0.87194,51.27231],[-0.87188,51.27231],[-0.87185,51.2723],[-0.87182,51.2723],[-0.87173,51.27229],[-0.87169,51.2723],[-0.87166,51.27231],[-0.87163,51.27231],[-0.8716,51.27232],[-0.87157,51.27233],[-0.87154,51.27233],[-0.87151,51.27234],[-0.87146,51.27238],[-0.87144,51.27239],[-0.87137,51.27244],[-0.87135,51.27245],[-0.87133,51.27247],[-0.87127,51.27249],[-0.87124,51.2725],[-0.87121,51.2725],[-0.87118,51.2725],[-0.87115,51.27248],[-0.8711,51.27246],[-0.87107,51.27245],[-0.87104,51.27244],[-0.87101,51.27244],[-0.87091,51.27244],[-0.87088,51.27245],[-0.87081,51.27248],[-0.87078,51.2725],[-0.87077,51.27251],[-0.87076,51.27253],[-0.87076,51.27255],[-0.87075,51.27257],[-0.87073,51.27259],[-0.87072,51.27262],[-0.87068,51.27267],[-0.87066,51.27269],[-0.87065,51.27271],[-0.87065,51.27273],[-0.87064,51.27276],[-0.87064,51.27278],[-0.87067,51.27287],[-0.87068,51.2729],[-0.8707,51.27292],[-0.87072,51.27294],[-0.87074,51.27295],[-0.87076,51.27297],[-0.87083,51.27303],[-0.87085,51.27305],[-0.87087,51.27306],[-0.87088,51.27308],[-0.8709,51.2731],[-0.87092,51.27312],[-0.87092,51.27314],[-0.87093,51.27316],[-0.87093,51.27319],[-0.87093,51.27327],[-0.87093,51.27329],[-0.87089,51.27333],[-0.87089,51.27335],[-0.87087,51.27337],[-0.87086,51.27339],[-0.87083,51.27343],[-0.87081,51.27347],[-0.8708,51.27354],[-0.87079,51.27356],[-0.87078,51.27358],[-0.87077,51.27362],[-0.87077,51.27364],[-0.87076,51.27366],[-0.87075,51.27368],[-0.87072,51.2737],[-0.87069,51.27371],[-0.87059,51.27371],[-0.87056,51.2737],[-0.8705,51.27368],[-0.87047,51.27368],[-0.87044,51.27367],[-0.87041,51.27366],[-0.87038,51.27365],[-0.87032,51.27365],[-0.8703,51.27367],[-0.87031,51.27371],[-0.87032,51.27373],[-0.87034,51.27378],[-0.87035,51.2738],[-0.87036,51.27382],[-0.87037,51.27397],[-0.87034,51.274],[-0.87031,51.27402],[-0.8703,51.27403],[-0.87027,51.27404],[-0.87024,51.27405],[-0.87021,51.27407],[-0.87019,51.27408],[-0.87016,51.27412],[-0.87016,51.27416],[-0.87016,51.27418],[-0.87017,51.27422],[-0.87015,51.27424],[-0.87014,51.27426],[-0.87013,51.27428],[-0.87012,51.2743],[-0.87012,51.27432],[-0.87013,51.27434],[-0.87019,51.27437],[-0.87022,51.27438],[-0.87025,51.27438],[-0.87029,51.27439],[-0.87036,51.2744],[-0.8704,51.27441],[-0.87043,51.27442],[-0.87045,51.27444],[-0.87047,51.27446],[-0.87047,51.27452],[-0.87045,51.27458],[-0.87043,51.2746],[-0.8704,51.27464],[-0.87038,51.27466],[-0.87037,51.27468],[-0.87036,51.27469],[-0.87034,51.27471],[-0.87032,51.27473],[-0.87031,51.27475],[-0.87029,51.27477],[-0.87026,51.27478],[-0.87023,51.27479],[-0.87019,51.27479],[-0.87016,51.27479],[-0.8701,51.2748],[-0.87007,51.2748],[-0.87004,51.27481],[-0.87,51.27482],[-0.86997,51.27482],[-0.86994,51.27483],[-0.86991,51.27483],[-0.86988,51.27484],[-0.86984,51.27484],[-0.86981,51.27485],[-0.86978,51.27485],[-0.86975,51.27485],[-0.86972,51.27485],[-0.86968,51.27485],[-0.86959,51.27484],[-0.86955,51.27485],[-0.86952,51.27485],[-0.86948,51.27486],[-0.86945,51.27489],[-0.86944,51.27492],[-0.86943,51.27494],[-0.86943,51.27497],[-0.86945,51.275],[-0.86946,51.27501],[-0.86948,51.27503],[-0.86949,51.27504],[-0.8695,51.27506],[-0.86953,51.27508],[-0.86955,51.2751],[-0.8696,51.27513],[-0.86961,51.27515],[-0.8696,51.27517],[-0.8696,51.27519],[-0.86958,51.27521],[-0.86956,51.27523],[-0.86953,51.27526],[-0.86953,51.2753],[-0.86955,51.27532],[-0.86958,51.27534],[-0.86961,51.27535],[-0.86966,51.27538],[-0.86967,51.2756],[-0.86968,51.27564],[-0.86969,51.2757],[-0.86967,51.27573],[-0.86966,51.27575],[-0.86964,51.27576],[-0.86963,51.27578],[-0.86963,51.27587],[-0.86963,51.27589],[-0.86963,51.27591],[-0.86963,51.27593],[-0.86962,51.27595],[-0.86961,51.27597],[-0.8696,51.27599],[-0.86959,51.27601],[-0.86958,51.27603],[-0.86957,51.27605],[-0.86956,51.27607],[-0.86955,51.27609],[-0.86955,51.27618],[-0.86956,51.2762],[-0.86957,51.27622],[-0.86958,51.27624],[-0.86958,51.27626],[-0.86957,51.27628],[-0.86957,51.27632],[-0.86956,51.27634],[-0.86954,51.27636],[-0.86953,51.27638],[-0.8695,51.2764],[-0.86948,51.27641],[-0.86945,51.27642],[-0.86942,51.27643],[-0.8694,51.27644],[-0.86937,51.27645],[-0.86934,51.27649],[-0.86933,51.27651],[-0.86933,51.27658],[-0.86934,51.2766],[-0.86938,51.27666],[-0.86939,51.27668],[-0.86941,51.27671],[-0.8694,51.27674],[-0.8694,51.27676],[-0.86936,51.27679],[-0.86934,51.2768],[-0.86931,51.27681],[-0.86929,51.27683],[-0.86927,51.27685],[-0.86927,51.27687],[-0.86927,51.27691],[-0.86927,51.27693],[-0.86927,51.27699],[-0.86925,51.27701],[-0.86912,51.27705],[-0.86911,51.27707],[-0.86911,51.27711],[-0.86912,51.27713],[-0.86915,51.27717],[-0.86916,51.27722],[-0.86915,51.27723],[-0.86913,51.27724],[-0.8691,51.27726],[-0.86908,51.27727],[-0.86906,51.27728],[-0.86904,51.27728],[-0.86902,51.27729],[-0.869,51.27729],[-0.86898,51.2773],[-0.86894,51.27732],[-0.86894,51.27734],[-0.86894,51.27735],[-0.86894,51.27737],[-0.869,51.27744],[-0.86901,51.27745],[-0.86902,51.27747],[-0.86903,51.27748],[-0.86904,51.27749],[-0.86905,51.27751],[-0.86906,51.27752],[-0.86907,51.27759],[-0.86907,51.2776],[-0.86908,51.27762],[-0.86909,51.27763],[-0.8691,51.27764],[-0.86914,51.27766],[-0.86916,51.27767],[-0.86918,51.27767],[-0.86921,51.27768],[-0.86923,51.27768],[-0.86926,51.27769],[-0.86928,51.27769],[-0.86931,51.27769],[-0.86933,51.2777],[-0.86935,51.27771],[-0.86937,51.27772],[-0.86939,51.27773],[-0.86944,51.27777],[-0.86944,51.27781],[-0.86943,51.27783],[-0.86938,51.27787],[-0.86938,51.27788],[-0.86937,51.27789],[-0.86936,51.27794],[-0.8693,51.27831],[-0.86931,51.27839],[-0.86931,51.2784],[-0.86937,51.27859],[-0.86944,51.27871],[-0.86952,51.27886],[-0.8696,51.279],[-0.86962,51.27903],[-0.86965,51.27906],[-0.86969,51.27908],[-0.86973,51.27909],[-0.86978,51.27911],[-0.86983,51.27912],[-0.86995,51.27915],[-0.86998,51.27917],[-0.87001,51.2792],[-0.87001,51.27923],[-0.86998,51.27925],[-0.8699,51.27929],[-0.86986,51.2793],[-0.86978,51.27932],[-0.86971,51.27937],[-0.86963,51.27944],[-0.86962,51.27947],[-0.86962,51.2795],[-0.86965,51.27953],[-0.86969,51.27954],[-0.86974,51.27955],[-0.86978,51.27958],[-0.86981,51.2796],[-0.86985,51.27962],[-0.86993,51.27965],[-0.87017,51.27972],[-0.87022,51.27974],[-0.8703,51.27977],[-0.87035,51.27979],[-0.87039,51.27981],[-0.87043,51.27982],[-0.87047,51.27984],[-0.87052,51.27986],[-0.87056,51.27988],[-0.8706,51.2799],[-0.87063,51.27992],[-0.87064,51.27996],[-0.87065,51.27999],[-0.87067,51.28001],[-0.8708,51.28007],[-0.87084,51.28009],[-0.87089,51.2801],[-0.87093,51.28011],[-0.87097,51.28013],[-0.871,51.28016],[-0.87107,51.2802],[-0.87116,51.28023],[-0.87121,51.28025],[-0.87135,51.28025],[-0.8714,51.28025],[-0.87145,51.28026],[-0.8715,51.28027],[-0.87154,51.28028],[-0.87159,51.28029],[-0.87182,51.28029],[-0.87186,51.28029],[-0.87206,51.28029],[-0.87211,51.2803],[-0.8722,51.28032],[-0.87225,51.28032],[-0.87235,51.28032],[-0.87245,51.28031],[-0.8725,51.28031],[-0.8726,51.28029],[-0.87264,51.28029],[-0.87274,51.28029],[-0.87279,51.2803],[-0.87283,51.28032],[-0.87288,51.28032],[-0.87293,51.28032],[-0.87318,51.28033],[-0.87323,51.28033],[-0.87328,51.28034],[-0.87336,51.28037],[-0.87338,51.2804],[-0.87339,51.28043],[-0.87339,51.28051],[-0.87338,51.28054],[-0.87338,51.28057],[-0.87337,51.2806],[-0.8734,51.28101],[-0.87343,51.28119],[-0.87342,51.28127],[-0.8734,51.2813],[-0.87339,51.28132],[-0.87333,51.28135],[-0.87327,51.28144],[-0.87329,51.28149],[-0.87326,51.28152],[-0.87325,51.28156],[-0.87319,51.28158],[-0.87316,51.28159],[-0.87315,51.28163],[-0.87314,51.28165],[-0.87313,51.28168],[-0.87312,51.28183],[-0.87314,51.28189],[-0.87311,51.28192],[-0.87309,51.28194],[-0.87302,51.28198],[-0.87296,51.28201],[-0.8729,51.28204],[-0.87287,51.28208],[-0.8728,51.28211],[-0.87274,51.28214],[-0.87267,51.28217],[-0.87262,51.2822],[-0.87257,51.28223],[-0.87253,51.28228],[-0.87247,51.28231],[-0.87237,51.28235],[-0.87234,51.28237],[-0.87231,51.28239],[-0.8723,51.28242],[-0.87231,51.28248],[-0.87233,51.28251],[-0.87236,51.28253],[-0.87237,51.28256],[-0.87237,51.2826],[-0.87236,51.28262],[-0.87234,51.28265],[-0.87231,51.28268],[-0.8723,51.2827],[-0.87229,51.28273],[-0.87229,51.28282],[-0.8723,51.28285],[-0.87232,51.28288],[-0.87237,51.28294],[-0.87237,51.28297],[-0.87238,51.283],[-0.8724,51.28306],[-0.8724,51.2831],[-0.87236,51.28315],[-0.87232,51.28317],[-0.8722,51.28321],[-0.87217,51.28324],[-0.87215,51.28326],[-0.87214,51.28329],[-0.87213,51.28335],[-0.87214,51.28338],[-0.87214,51.28346],[-0.87213,51.28349],[-0.87212,51.28364],[-0.87211,51.2837],[-0.87211,51.28373],[-0.87211,51.284],[-0.87209,51.28403],[-0.87209,51.28412],[-0.87213,51.28421],[-0.87218,51.28431],[-0.87226,51.28446],[-0.87227,51.28449],[-0.87229,51.28452],[-0.87231,51.28455],[-0.87233,51.28458],[-0.87235,51.28461],[-0.87237,51.28464],[-0.87238,51.28467],[-0.8724,51.2847],[-0.87241,51.28473],[-0.87243,51.28476],[-0.87245,51.28479],[-0.87247,51.28482],[-0.87248,51.28485],[-0.87249,51.28488],[-0.8725,51.28491],[-0.87252,51.28494],[-0.87253,51.28497],[-0.87254,51.28554],[-0.87255,51.28558],[-0.87256,51.28561],[-0.87258,51.28563],[-0.8726,51.28566],[-0.87263,51.28569],[-0.87274,51.28576],[-0.87278,51.28577],[-0.87282,51.28578],[-0.87292,51.2858],[-0.87297,51.28581],[-0.87302,51.28582],[-0.87307,51.28583],[-0.87312,51.28584],[-0.87317,51.28584],[-0.87322,51.28585],[-0.87352,51.28588],[-0.87389,51.28592],[-0.87394,51.28593],[-0.87524,51.28612],[-0.87546,51.28616],[-0.87566,51.28621],[-0.87584,51.28626],[-0.87609,51.28633],[-0.8765,51.28644],[-0.8775,51.28669]]},"properties":{"k":"river","name":"River Hart"}},{"type":"Feature","geometry":{"type":"LineString","coordinates":[[-0.91209,51.37852],[-0.9118,51.37849],[-0.91169,51.37834],[-0.91171,51.37825],[-0.91105,51.37808],[-0.91086,51.37807],[-0.91042,51.37804],[-0.90989,51.378],[-0.90957,51.37789],[-0.90931,51.37775],[-0.90916,51.37765],[-0.9088,51.37755],[-0.90829,51.37745],[-0.90794,51.37748],[-0.90785,51.37757],[-0.90639,51.37783],[-0.90591,51.37794],[-0.90544,51.37807],[-0.90496,51.37839],[-0.90468,51.37839],[-0.90435,51.37829],[-0.90423,51.37831],[-0.90403,51.37835],[-0.90353,51.37856],[-0.90306,51.37872],[-0.90231,51.37904],[-0.90176,51.37923],[-0.90081,51.3795],[-0.90042,51.37963],[-0.89987,51.37985],[-0.89938,51.38001],[-0.89923,51.38001],[-0.89898,51.38012]]},"properties":{"k":"ditch","name":""}},{"type":"Feature","geometry":{"type":"LineString","coordinates":[[-0.84906,51.25498],[-0.84918,51.25503],[-0.84926,51.25513],[-0.84949,51.25522],[-0.84947,51.25527],[-0.84966,51.25538],[-0.84975,51.25546],[-0.84986,51.25554],[-0.84989,51.25558],[-0.84996,51.25566],[-0.85001,51.25569],[-0.85008,51.25568],[-0.85026,51.2556],[-0.85038,51.2555],[-0.85071,51.25535],[-0.8513,51.25519],[-0.85161,51.25513],[-0.85167,51.25514],[-0.85201,51.25504],[-0.85217,51.25498],[-0.85227,51.25496],[-0.85247,51.2549],[-0.85299,51.2548],[-0.85335,51.25474],[-0.8535,51.25476],[-0.85388,51.25466],[-0.85398,51.25463],[-0.85411,51.25464]]},"properties":{"k":"stream","name":""}},{"type":"Feature","geometry":{"type":"LineString","coordinates":[[-0.97472,51.25039],[-0.97464,51.25045]]},"properties":{"k":"stream","name":"River Whitewater"}},{"type":"Feature","geometry":{"type":"LineString","coordinates":[[-0.97458,51.25049],[-0.97455,51.25052],[-0.97392,51.25069]]},"properties":{"k":"stream","name":"River Whitewater"}},{"type":"Feature","geometry":{"type":"LineString","coordinates":[[-0.97464,51.25045],[-0.97458,51.25049]]},"properties":{"k":"stream","name":"River Whitewater"}},{"type":"Feature","geometry":{"type":"LineString","coordinates":[[-1.20098,51.35703],[-1.20119,51.35724],[-1.20126,51.3573],[-1.20129,51.35734],[-1.20132,51.35739],[-1.20135,51.35744],[-1.20138,51.35748],[-1.20141,51.35751],[-1.20144,51.35754],[-1.20149,51.35757],[-1.20153,51.3576],[-1.20156,51.35763],[-1.20159,51.35768],[-1.20162,51.35773],[-1.20164,51.35778],[-1.20165,51.35783],[-1.20166,51.35787],[-1.20166,51.35793],[-1.20166,51.35798],[-1.20169,51.35803],[-1.20172,51.35806],[-1.20177,51.3581],[-1.20181,51.35813],[-1.20188,51.35816],[-1.20192,51.35818],[-1.20198,51.35822],[-1.20203,51.35826],[-1.20209,51.35831],[-1.20213,51.35835],[-1.20215,51.35839],[-1.20215,51.35843],[-1.20215,51.35847],[-1.20215,51.35851],[-1.20215,51.35854],[-1.20214,51.35857],[-1.20213,51.35861],[-1.20215,51.35864],[-1.20216,51.35866],[-1.20217,51.35869],[-1.20217,51.35872],[-1.20218,51.35874],[-1.2022,51.35876],[-1.20222,51.35877],[-1.20228,51.35878],[-1.20233,51.35879],[-1.20237,51.35879],[-1.20241,51.35879],[-1.20244,51.35878],[-1.20247,51.35876],[-1.20252,51.35874],[-1.20255,51.35873],[-1.20259,51.35871],[-1.20262,51.35871],[-1.20267,51.35871],[-1.20271,51.35873],[-1.20275,51.35875],[-1.20277,51.35878],[-1.20277,51.3588],[-1.20276,51.35883],[-1.20273,51.35885],[-1.20267,51.35887],[-1.20262,51.35889],[-1.20258,51.35892],[-1.20257,51.35894],[-1.20256,51.35896],[-1.20256,51.35899],[-1.20257,51.35901],[-1.20257,51.35904],[-1.20257,51.35907],[-1.20256,51.35908],[-1.20254,51.3591],[-1.2025,51.35911],[-1.20246,51.35912],[-1.20243,51.35913],[-1.20239,51.35914],[-1.20236,51.35915],[-1.20234,51.35918],[-1.20234,51.35921],[-1.20234,51.35924],[-1.20235,51.35927],[-1.20238,51.3593],[-1.20242,51.35934],[-1.20251,51.35939],[-1.2027,51.35953],[-1.20274,51.35955],[-1.20277,51.35956],[-1.2028,51.35957],[-1.20284,51.35957],[-1.20287,51.35956],[-1.20291,51.35955],[-1.20295,51.35955],[-1.20299,51.35956],[-1.20302,51.35957],[-1.20306,51.35956],[-1.20308,51.35955],[-1.20311,51.35953],[-1.20313,51.3595],[-1.20316,51.35946],[-1.20317,51.35944],[-1.20319,51.35941],[-1.20321,51.35938],[-1.20324,51.35936],[-1.20327,51.35936],[-1.2033,51.35936],[-1.20332,51.35937],[-1.20336,51.3594],[-1.20344,51.35948],[-1.20354,51.35958],[-1.20358,51.35962],[-1.20359,51.35963],[-1.20362,51.35964],[-1.20366,51.35964],[-1.20369,51.35962],[-1.20372,51.3596],[-1.20375,51.35959],[-1.20377,51.35958],[-1.20381,51.35958],[-1.20384,51.35959],[-1.20384,51.35961],[-1.20384,51.35964],[-1.20382,51.35967],[-1.2038,51.35969],[-1.20378,51.35971],[-1.20377,51.35973],[-1.20376,51.35975],[-1.20373,51.35977],[-1.20368,51.35978],[-1.20362,51.35978],[-1.20356,51.35978],[-1.20349,51.35979],[-1.20346,51.3598],[-1.20342,51.35983],[-1.20338,51.35986],[-1.20336,51.35989],[-1.20336,51.35992],[-1.20336,51.35995],[-1.20338,51.35997],[-1.20341,51.35999],[-1.20347,51.36001],[-1.20351,51.36002],[-1.20355,51.36002],[-1.20359,51.36002],[-1.20364,51.36001],[-1.20369,51.36],[-1.20374,51.35998],[-1.20377,51.35998],[-1.20381,51.35999],[-1.20384,51.36001],[-1.20384,51.36002],[-1.20384,51.36005],[-1.20384,51.36009],[-1.20385,51.36013],[-1.20385,51.36016],[-1.20386,51.36018],[-1.20388,51.36019],[-1.20391,51.3602],[-1.20396,51.3602],[-1.20399,51.36022],[-1.20402,51.36023],[-1.20405,51.36024],[-1.20409,51.36025],[-1.20413,51.36025],[-1.20416,51.36026],[-1.20417,51.36028],[-1.20417,51.36029],[-1.20417,51.36032],[-1.20414,51.36035],[-1.2041,51.36038],[-1.20404,51.36042],[-1.20399,51.36045],[-1.20397,51.36047],[-1.20396,51.3605],[-1.20396,51.36053],[-1.20397,51.36056],[-1.20399,51.36059],[-1.20402,51.36062],[-1.20414,51.3607],[-1.20428,51.3608],[-1.20437,51.36087],[-1.20445,51.36094],[-1.20452,51.361],[-1.20454,51.36103],[-1.20455,51.36106],[-1.20455,51.36108],[-1.20454,51.3611],[-1.20452,51.36111],[-1.20448,51.36113],[-1.20445,51.36115],[-1.20443,51.36116],[-1.20442,51.36119],[-1.20442,51.36121],[-1.20442,51.36125],[-1.20443,51.36129],[-1.20444,51.36133],[-1.20444,51.36135],[-1.20444,51.36138],[-1.20442,51.3614],[-1.2044,51.36142],[-1.20437,51.36143],[-1.20433,51.36144],[-1.20429,51.36145],[-1.20422,51.36145],[-1.20413,51.36145],[-1.20407,51.36145],[-1.20405,51.36147],[-1.20402,51.36149],[-1.20396,51.36154],[-1.2039,51.36159],[-1.20381,51.36164],[-1.20374,51.36169],[-1.20369,51.36172],[-1.20363,51.36176],[-1.20359,51.3618],[-1.20357,51.36183],[-1.20355,51.36188],[-1.20355,51.36191],[-1.20355,51.36195],[-1.20356,51.36199],[-1.20359,51.36202],[-1.20362,51.36205],[-1.20365,51.36207],[-1.20368,51.3621],[-1.2037,51.36213],[-1.20371,51.36217],[-1.20371,51.36221],[-1.2037,51.36224],[-1.20367,51.36228],[-1.20366,51.36232],[-1.20365,51.36235],[-1.20365,51.36238],[-1.20365,51.36241],[-1.20367,51.36245],[-1.20369,51.36248],[-1.20371,51.36253],[-1.20371,51.36256],[-1.20371,51.3626],[-1.20371,51.36264],[-1.20372,51.36266],[-1.20374,51.36269],[-1.20374,51.36271],[-1.20371,51.36274],[-1.20367,51.36276],[-1.2036,51.36278],[-1.20353,51.36281],[-1.20348,51.36284],[-1.20345,51.36286],[-1.2034,51.36288],[-1.20336,51.3629],[-1.20334,51.36292],[-1.20334,51.36296],[-1.20334,51.36298],[-1.20335,51.36302],[-1.20338,51.36306],[-1.20338,51.36309],[-1.20338,51.36315],[-1.20337,51.36325],[-1.20336,51.36335],[-1.20335,51.36344],[-1.20335,51.36349],[-1.20334,51.36353],[-1.20332,51.36356],[-1.20329,51.36358],[-1.20326,51.3636],[-1.20317,51.36364],[-1.20304,51.36367],[-1.20295,51.36369],[-1.2029,51.36369],[-1.20285,51.36368],[-1.20281,51.36366],[-1.20277,51.36364],[-1.20272,51.36362],[-1.20264,51.36361],[-1.20257,51.36361],[-1.20251,51.36363],[-1.20246,51.36366],[-1.20243,51.36369],[-1.2024,51.36373],[-1.20238,51.36374],[-1.20233,51.36376],[-1.20228,51.36376],[-1.20225,51.36375],[-1.2022,51.36373],[-1.20215,51.36373],[-1.20212,51.36375],[-1.20209,51.36378],[-1.20205,51.36384],[-1.20203,51.36391],[-1.20203,51.36395],[-1.20205,51.36398],[-1.20207,51.36401],[-1.20209,51.36403],[-1.20212,51.36405],[-1.20215,51.36407],[-1.20216,51.36411],[-1.20216,51.36416],[-1.20214,51.3642],[-1.20212,51.36423],[-1.20212,51.36427],[-1.20213,51.36433],[-1.20213,51.36436],[-1.20215,51.36439],[-1.20215,51.36442],[-1.20214,51.36445],[-1.20212,51.36449],[-1.20209,51.36453],[-1.20207,51.36457],[-1.20202,51.36459],[-1.20198,51.3646],[-1.20194,51.36461],[-1.20192,51.36462],[-1.20192,51.36465],[-1.20193,51.36467],[-1.20195,51.36471],[-1.20199,51.36473],[-1.20201,51.36476],[-1.20201,51.36479],[-1.202,51.36481],[-1.20198,51.36483],[-1.20192,51.36485],[-1.20181,51.36488],[-1.20164,51.36493],[-1.20153,51.36496],[-1.20149,51.36498],[-1.20147,51.365],[-1.20146,51.36502],[-1.20146,51.36507],[-1.20146,51.36511],[-1.20148,51.36514],[-1.20149,51.36518],[-1.2015,51.36522],[-1.2015,51.36525],[-1.20148,51.36529],[-1.20146,51.36533],[-1.20143,51.36536],[-1.2014,51.36539],[-1.20135,51.36542],[-1.20132,51.36544],[-1.20128,51.36545],[-1.20123,51.36545],[-1.20115,51.36546],[-1.20107,51.36547],[-1.20101,51.36548],[-1.20098,51.3655],[-1.20094,51.36552],[-1.20087,51.36556],[-1.20082,51.36558],[-1.20074,51.36561],[-1.20068,51.36563],[-1.20062,51.36566],[-1.20056,51.36567]]},"properties":{"k":"stream","name":""}},{"type":"Feature","geometry":{"type":"LineString","coordinates":[[-0.85658,51.27714],[-0.85681,51.27735],[-0.85719,51.2778],[-0.85761,51.27815],[-0.85855,51.27874],[-0.85895,51.27902],[-0.85911,51.27915],[-0.86028,51.27968]]},"properties":{"k":"stream","name":"Sandy Lane Ditch"}},{"type":"Feature","geometry":{"type":"LineString","coordinates":[[-0.85619,51.27669],[-0.85651,51.27706]]},"properties":{"k":"stream","name":""}},{"type":"Feature","geometry":{"type":"LineString","coordinates":[[-0.85134,51.18379],[-0.85022,51.18291],[-0.8499,51.18275],[-0.84988,51.18273]]},"properties":{"k":"stream","name":""}},{"type":"Feature","geometry":{"type":"LineString","coordinates":[[-0.84936,51.18507],[-0.85052,51.18597]]},"properties":{"k":"stream","name":""}},{"type":"Feature","geometry":{"type":"LineString","coordinates":[[-0.85057,51.18601],[-0.85125,51.18653],[-0.85147,51.18677],[-0.85148,51.18718]]},"properties":{"k":"stream","name":""}},{"type":"Feature","geometry":{"type":"LineString","coordinates":[[-0.85052,51.18597],[-0.85057,51.18601]]},"properties":{"k":"stream","name":""}},{"type":"Feature","geometry":{"type":"LineString","coordinates":[[-0.85129,51.18495],[-0.85138,51.1851],[-0.85137,51.18607],[-0.85125,51.18653]]},"properties":{"k":"stream","name":""}},{"type":"Feature","geometry":{"type":"LineString","coordinates":[[-0.8476,51.18849],[-0.84771,51.18837],[-0.8486,51.18794],[-0.84927,51.18752],[-0.84958,51.18742],[-0.84986,51.18727],[-0.85008,51.18723],[-0.85027,51.18717],[-0.85061,51.18714],[-0.8508,51.18713],[-0.85114,51.18717],[-0.85148,51.18718],[-0.85165,51.18722],[-0.85191,51.18754],[-0.85208,51.18805],[-0.85199,51.18815],[-0.85198,51.1884],[-0.85198,51.18847]]},"properties":{"k":"stream","name":""}},{"type":"Feature","geometry":{"type":"LineString","coordinates":[[-0.85199,51.18856],[-0.85199,51.18861],[-0.85259,51.18937],[-0.85287,51.19018],[-0.85279,51.19037],[-0.8521,51.19043],[-0.85238,51.19137]]},"properties":{"k":"stream","name":""}},{"type":"Feature","geometry":{"type":"LineString","coordinates":[[-0.85198,51.18847],[-0.85199,51.18856]]},"properties":{"k":"stream","name":""}},{"type":"Feature","geometry":{"type":"LineString","coordinates":[[-0.8524,51.19178],[-0.85236,51.19182]]},"properties":{"k":"stream","name":""}},{"type":"Feature","geometry":{"type":"LineString","coordinates":[[-0.85245,51.19173],[-0.8524,51.19178]]},"properties":{"k":"stream","name":""}},{"type":"Feature","geometry":{"type":"LineString","coordinates":[[-0.8524,51.19143],[-0.85248,51.1917],[-0.85245,51.19173]]},"properties":{"k":"stream","name":""}},{"type":"Feature","geometry":{"type":"LineString","coordinates":[[-0.85238,51.19137],[-0.8524,51.19143]]},"properties":{"k":"stream","name":""}},{"type":"Feature","geometry":{"type":"LineString","coordinates":[[-1.09618,51.26579],[-1.09603,51.26577],[-1.09592,51.26576],[-1.09582,51.26576],[-1.09573,51.26578],[-1.09559,51.26584],[-1.09544,51.26588],[-1.09536,51.26591],[-1.09526,51.26593],[-1.09503,51.26593],[-1.09456,51.26592],[-1.09431,51.26594],[-1.09382,51.26602],[-1.09325,51.26609]]},"properties":{"k":"stream","name":"River Loddon"}},{"type":"Feature","geometry":{"type":"LineString","coordinates":[[-1.09679,51.26572],[-1.09642,51.26576]]},"properties":{"k":"stream","name":"River Loddon"}},{"type":"Feature","geometry":{"type":"LineString","coordinates":[[-1.09626,51.26578],[-1.09618,51.26579]]},"properties":{"k":"stream","name":"River Loddon"}},{"type":"Feature","geometry":{"type":"LineString","coordinates":[[-1.09642,51.26576],[-1.09626,51.26578]]},"properties":{"k":"stream","name":"River Loddon"}},{"type":"Feature","geometry":{"type":"LineString","coordinates":[[-1.0661,51.33077],[-1.06512,51.33112],[-1.06469,51.33123],[-1.06419,51.33138],[-1.06414,51.33143],[-1.06397,51.33143],[-1.06374,51.33144],[-1.06342,51.33142],[-1.06303,51.33139],[-1.06292,51.33138],[-1.06276,51.3314],[-1.06243,51.33144],[-1.06208,51.33149],[-1.06167,51.33153]]},"properties":{"k":"stream","name":""}},{"type":"Feature","geometry":{"type":"LineString","coordinates":[[-1.24835,51.32559],[-1.24828,51.3256],[-1.24793,51.32621],[-1.24791,51.32653],[-1.24775,51.32663],[-1.24738,51.32671],[-1.2471,51.32684],[-1.24687,51.32711],[-1.24634,51.32738],[-1.2464,51.32781],[-1.24616,51.32871],[-1.24576,51.32939]]},"properties":{"k":"stream","name":""}},{"type":"Feature","geometry":{"type":"LineString","coordinates":[[-1.24845,51.32557],[-1.24835,51.32559]]},"properties":{"k":"river","name":""}},{"type":"Feature","geometry":{"type":"LineString","coordinates":[[-1.24859,51.32555],[-1.24845,51.32557]]},"properties":{"k":"river","name":""}},{"type":"Feature","geometry":{"type":"LineString","coordinates":[[-1.24912,51.32536],[-1.24905,51.32542],[-1.24883,51.32552],[-1.24859,51.32555]]},"properties":{"k":"stream","name":""}},{"type":"Feature","geometry":{"type":"LineString","coordinates":[[-1.24923,51.32529],[-1.24912,51.32536]]},"properties":{"k":"stream","name":""}},{"type":"Feature","geometry":{"type":"LineString","coordinates":[[-1.22155,51.35853],[-1.2217,51.35809],[-1.22174,51.35777],[-1.22174,51.35715],[-1.22123,51.35675],[-1.22041,51.35626],[-1.2202,51.35568],[-1.21955,51.35522],[-1.21895,51.35482],[-1.21827,51.35428],[-1.21798,51.35396],[-1.21784,51.35348],[-1.21788,51.35289],[-1.21779,51.35227],[-1.21797,51.35168],[-1.21831,51.3512],[-1.2188,51.35091]]},"properties":{"k":"stream","name":""}},{"type":"Feature","geometry":{"type":"LineString","coordinates":[[-1.22144,51.3587],[-1.22155,51.35853]]},"properties":{"k":"stream","name":""}},{"type":"Feature","geometry":{"type":"LineString","coordinates":[[-0.84998,51.23217],[-0.85005,51.23226],[-0.85017,51.23236],[-0.85022,51.2324]]},"properties":{"k":"ditch","name":""}},{"type":"Feature","geometry":{"type":"LineString","coordinates":[[-0.85301,51.23481],[-0.85301,51.23489],[-0.85303,51.23494],[-0.85306,51.23499],[-0.85311,51.23503],[-0.85317,51.23507],[-0.85323,51.2351],[-0.85326,51.23512],[-0.85327,51.23514],[-0.85328,51.23518],[-0.85329,51.23521],[-0.85332,51.23523],[-0.85337,51.23526],[-0.85341,51.23528],[-0.85344,51.23531],[-0.85346,51.23533],[-0.85347,51.23536],[-0.85347,51.23541],[-0.8535,51.23554],[-0.85351,51.23561]]},"properties":{"k":"ditch","name":""}},{"type":"Feature","geometry":{"type":"LineString","coordinates":[[-0.85352,51.23564],[-0.85357,51.23592]]},"properties":{"k":"ditch","name":""}},{"type":"Feature","geometry":{"type":"LineString","coordinates":[[-0.85351,51.23561],[-0.85352,51.23564]]},"properties":{"k":"ditch","name":""}},{"type":"Feature","geometry":{"type":"LineString","coordinates":[[-0.85427,51.2336],[-0.85429,51.23365],[-0.85435,51.23373],[-0.85439,51.23377],[-0.85445,51.23381],[-0.8545,51.23384],[-0.85455,51.23388],[-0.85458,51.2339],[-0.85459,51.23393],[-0.85459,51.23396],[-0.85459,51.23398],[-0.85458,51.23402],[-0.85456,51.23406],[-0.85458,51.2341],[-0.8546,51.23414],[-0.85461,51.23418],[-0.85463,51.23422],[-0.85466,51.23425],[-0.8547,51.23429]]},"properties":{"k":"ditch","name":""}},{"type":"Feature","geometry":{"type":"LineString","coordinates":[[-0.94539,51.29027],[-0.94547,51.2908],[-0.94521,51.29114],[-0.94461,51.29113]]},"properties":{"k":"river","name":"River Whitewater"}},{"type":"Feature","geometry":{"type":"LineString","coordinates":[[-1.0661,51.33077],[-1.06634,51.33076]]},"properties":{"k":"stream","name":""}},{"type":"Feature","geometry":{"type":"LineString","coordinates":[[-0.89428,51.37168],[-0.89369,51.37151]]},"properties":{"k":"ditch","name":""}},{"type":"Feature","geometry":{"type":"LineString","coordinates":[[-1.04055,51.36252],[-1.04085,51.36287],[-1.04118,51.3629]]},"properties":{"k":"ditch","name":""}},{"type":"Feature","geometry":{"type":"LineString","coordinates":[[-1.29372,51.23821],[-1.29365,51.23829],[-1.29359,51.23831],[-1.29355,51.23833],[-1.29354,51.23836],[-1.29352,51.23843],[-1.29343,51.23853],[-1.29336,51.23858],[-1.29333,51.23864],[-1.29325,51.23874],[-1.29318,51.23889],[-1.29318,51.23898],[-1.29317,51.23913]]},"properties":{"k":"stream","name":""}},{"type":"Feature","geometry":{"type":"LineString","coordinates":[[-1.24505,51.24998],[-1.24492,51.25012],[-1.2449,51.25029],[-1.24481,51.25044],[-1.24469,51.25058],[-1.24458,51.2507],[-1.24457,51.25084],[-1.2446,51.2509],[-1.24465,51.25092],[-1.24471,51.25095],[-1.24487,51.25099],[-1.245,51.25106],[-1.24518,51.25118],[-1.24528,51.25126]]},"properties":{"k":"stream","name":""}},{"type":"Feature","geometry":{"type":"LineString","coordinates":[[-1.09669,51.36395],[-1.09678,51.36384],[-1.09688,51.36368]]},"properties":{"k":"stream","name":""}},{"type":"Feature","geometry":{"type":"LineString","coordinates":[[-1.09665,51.36399],[-1.09669,51.36395]]},"properties":{"k":"stream","name":""}},{"type":"Feature","geometry":{"type":"LineString","coordinates":[[-1.03068,51.26558],[-1.03051,51.2657]]},"properties":{"k":"river","name":"Lyde River"}},{"type":"Feature","geometry":{"type":"LineString","coordinates":[[-1.03039,51.26578],[-1.03014,51.26595]]},"properties":{"k":"river","name":"Lyde River"}},{"type":"Feature","geometry":{"type":"LineString","coordinates":[[-1.03051,51.2657],[-1.03039,51.26578]]},"properties":{"k":"river","name":"Lyde River"}},{"type":"Feature","geometry":{"type":"LineString","coordinates":[[-1.21495,51.3228],[-1.21493,51.32275],[-1.21487,51.32273],[-1.21478,51.3227],[-1.21472,51.32266],[-1.21467,51.32263],[-1.21462,51.3226],[-1.21456,51.32259],[-1.21451,51.32257],[-1.21443,51.32255],[-1.21433,51.32257],[-1.21425,51.32259],[-1.21418,51.3226],[-1.21414,51.3226],[-1.21413,51.32258],[-1.21413,51.32256],[-1.21411,51.32255],[-1.21409,51.32252],[-1.21406,51.32251],[-1.21401,51.32251],[-1.21389,51.32252],[-1.21384,51.32251],[-1.21381,51.3225],[-1.21378,51.32248],[-1.21375,51.32246],[-1.21372,51.32244],[-1.21368,51.32244],[-1.21363,51.32243],[-1.21357,51.32243],[-1.21351,51.32242],[-1.21349,51.3224],[-1.21347,51.32238],[-1.21345,51.32234]]},"properties":{"k":"ditch","name":""}},{"type":"Feature","geometry":{"type":"LineString","coordinates":[[-1.2155,51.3239],[-1.21558,51.32395],[-1.21565,51.32402],[-1.2157,51.32406],[-1.21574,51.32411],[-1.21576,51.32416],[-1.21579,51.32423],[-1.21581,51.32427],[-1.21586,51.32432],[-1.21591,51.32438],[-1.21595,51.32447],[-1.216,51.32457]]},"properties":{"k":"ditch","name":""}},{"type":"Feature","geometry":{"type":"LineString","coordinates":[[-1.22754,51.32469],[-1.22753,51.32464],[-1.22748,51.32459],[-1.22744,51.32452],[-1.22741,51.32448],[-1.22734,51.32441],[-1.22731,51.32435],[-1.22731,51.32432],[-1.22725,51.32426],[-1.2272,51.32421],[-1.22716,51.32414],[-1.22713,51.32405]]},"properties":{"k":"ditch","name":""}},{"type":"Feature","geometry":{"type":"LineString","coordinates":[[-1.06479,51.29652],[-1.06455,51.29647]]},"properties":{"k":"stream","name":""}},{"type":"Feature","geometry":{"type":"LineString","coordinates":[[-1.09129,51.37716],[-1.09091,51.37716],[-1.08962,51.37718],[-1.08901,51.37714],[-1.08856,51.37715],[-1.0878,51.37709],[-1.08762,51.37708],[-1.08708,51.37686],[-1.08647,51.37647],[-1.08545,51.37604],[-1.08462,51.37584],[-1.08399,51.3756],[-1.08258,51.37501],[-1.08239,51.37488],[-1.08224,51.37464]]},"properties":{"k":"stream","name":""}},{"type":"Feature","geometry":{"type":"LineString","coordinates":[[-1.08217,51.37453],[-1.08211,51.37443],[-1.08208,51.37412],[-1.08199,51.37379],[-1.08188,51.37347],[-1.0819,51.37315],[-1.08196,51.37279],[-1.08199,51.37259]]},"properties":{"k":"stream","name":""}},{"type":"Feature","geometry":{"type":"LineString","coordinates":[[-1.08224,51.37464],[-1.08217,51.37453]]},"properties":{"k":"stream","name":""}},{"type":"Feature","geometry":{"type":"LineString","coordinates":[[-1.09431,51.37733],[-1.09357,51.37726],[-1.09244,51.3772],[-1.09169,51.37716],[-1.09144,51.37716]]},"properties":{"k":"stream","name":""}},{"type":"Feature","geometry":{"type":"LineString","coordinates":[[-1.09144,51.37716],[-1.09129,51.37716]]},"properties":{"k":"stream","name":""}},{"type":"Feature","geometry":{"type":"LineString","coordinates":[[-1.08199,51.37259],[-1.08146,51.37183]]},"properties":{"k":"stream","name":""}},{"type":"Feature","geometry":{"type":"LineString","coordinates":[[-1.08146,51.37183],[-1.08142,51.37177]]},"properties":{"k":"stream","name":""}},{"type":"Feature","geometry":{"type":"LineString","coordinates":[[-0.87263,51.28569],[-0.87251,51.28582],[-0.8722,51.28595],[-0.87156,51.28609],[-0.87064,51.28627],[-0.8703,51.28637],[-0.87024,51.28647],[-0.87031,51.28702]]},"properties":{"k":"stream","name":""}},{"type":"Feature","geometry":{"type":"LineString","coordinates":[[-1.10422,51.26508],[-1.10407,51.26508],[-1.10386,51.26507],[-1.10363,51.26507],[-1.10339,51.26508],[-1.10298,51.2651],[-1.10251,51.26511]]},"properties":{"k":"stream","name":"River Loddon"}},{"type":"Feature","geometry":{"type":"LineString","coordinates":[[-1.1063,51.26498],[-1.10612,51.26501],[-1.10527,51.26505],[-1.10475,51.26505],[-1.10422,51.26508]]},"properties":{"k":"stream","name":"River Loddon"}},{"type":"Feature","geometry":{"type":"LineString","coordinates":[[-1.10764,51.26474],[-1.1069,51.265]]},"properties":{"k":"stream","name":"River Loddon"}},{"type":"Feature","geometry":{"type":"LineString","coordinates":[[-1.1069,51.265],[-1.10669,51.265],[-1.10644,51.26501],[-1.1063,51.26498]]},"properties":{"k":"stream","name":"River Loddon"}},{"type":"Feature","geometry":{"type":"LineString","coordinates":[[-1.10596,51.35589],[-1.10593,51.35582],[-1.10599,51.35571],[-1.10621,51.35559],[-1.10635,51.35551],[-1.10642,51.35546],[-1.10647,51.35542],[-1.10661,51.35535]]},"properties":{"k":"stream","name":""}},{"type":"Feature","geometry":{"type":"LineString","coordinates":[[-1.10675,51.35527],[-1.10695,51.35508],[-1.10707,51.35501],[-1.10718,51.35496],[-1.10732,51.35491],[-1.10748,51.35488],[-1.10762,51.35485],[-1.1077,51.35479],[-1.1078,51.35475],[-1.10794,51.35474],[-1.10816,51.35468],[-1.10831,51.35462],[-1.1084,51.35457],[-1.10855,51.35453],[-1.10882,51.35443],[-1.109,51.35432],[-1.10916,51.35419],[-1.10928,51.35409],[-1.1094,51.35403],[-1.10948,51.35397],[-1.10952,51.35391],[-1.10961,51.35388],[-1.10969,51.35387],[-1.10979,51.35379],[-1.10983,51.35374],[-1.10986,51.35372],[-1.11004,51.35365],[-1.1101,51.3536],[-1.11021,51.35347],[-1.11029,51.35342],[-1.11048,51.35334],[-1.11055,51.35327],[-1.11062,51.35323],[-1.11065,51.35316],[-1.11068,51.35306],[-1.11067,51.353],[-1.11063,51.35295],[-1.11068,51.3529],[-1.11074,51.35283],[-1.11076,51.35277],[-1.11085,51.35262],[-1.11095,51.35256],[-1.11108,51.35251],[-1.11117,51.35244],[-1.11118,51.35242],[-1.1112,51.35239],[-1.11118,51.35229],[-1.11117,51.35223],[-1.1111,51.3522],[-1.11106,51.35217],[-1.1111,51.35212],[-1.1111,51.35208],[-1.11106,51.352],[-1.11107,51.35194],[-1.11112,51.35184],[-1.11114,51.35175],[-1.11121,51.35165],[-1.11131,51.35156],[-1.11137,51.35148],[-1.11134,51.35133],[-1.11131,51.35126],[-1.11129,51.35122],[-1.11126,51.35114],[-1.11126,51.35104],[-1.11128,51.35096],[-1.11137,51.35088],[-1.11163,51.35058],[-1.1117,51.35052],[-1.11174,51.35046],[-1.11172,51.3504],[-1.11168,51.35034],[-1.11163,51.35028],[-1.11165,51.35022],[-1.11169,51.35011],[-1.11165,51.35007],[-1.11161,51.35003],[-1.11157,51.34998],[-1.11158,51.34992],[-1.11166,51.34982],[-1.11175,51.34974],[-1.112,51.3495]]},"properties":{"k":"stream","name":""}},{"type":"Feature","geometry":{"type":"LineString","coordinates":[[-1.11262,51.35556],[-1.1125,51.35551],[-1.11195,51.35507],[-1.11184,51.35493],[-1.11173,51.35479],[-1.11109,51.35389],[-1.11101,51.35375],[-1.11107,51.35351],[-1.11103,51.35336],[-1.11101,51.35326],[-1.11117,51.35272],[-1.11126,51.35265],[-1.11128,51.3525],[-1.11118,51.35242]]},"properties":{"k":"stream","name":""}},{"type":"Feature","geometry":{"type":"LineString","coordinates":[[-1.24528,51.25126],[-1.24558,51.25189],[-1.24581,51.25207],[-1.24612,51.25219],[-1.24644,51.25223],[-1.24693,51.25224],[-1.2474,51.25221],[-1.24795,51.25217],[-1.24847,51.25207],[-1.24896,51.25195],[-1.24934,51.2518],[-1.24994,51.25154],[-1.25029,51.25133],[-1.2508,51.25106],[-1.25118,51.25102],[-1.25136,51.25091],[-1.25209,51.25048],[-1.2525,51.25028],[-1.25289,51.2501],[-1.25313,51.24997],[-1.25338,51.24988],[-1.25357,51.24979],[-1.25386,51.24963],[-1.25429,51.24944],[-1.25486,51.24924],[-1.25538,51.24908],[-1.25562,51.24904],[-1.25583,51.24903],[-1.25589,51.24908],[-1.256,51.24914],[-1.25615,51.24917],[-1.25639,51.24921],[-1.25669,51.24921],[-1.25681,51.2492],[-1.25702,51.24913],[-1.25729,51.24904],[-1.25745,51.24899],[-1.2576,51.24897],[-1.25778,51.24897],[-1.25792,51.24895],[-1.25806,51.249],[-1.25816,51.24907],[-1.25848,51.24906],[-1.25872,51.2491],[-1.25916,51.24921],[-1.25935,51.24931],[-1.25969,51.24953],[-1.2599,51.24963],[-1.26022,51.24983],[-1.26058,51.25006],[-1.26096,51.25023],[-1.26136,51.25027],[-1.26158,51.25028],[-1.26179,51.25022],[-1.26196,51.25014],[-1.26214,51.25005],[-1.26232,51.24992],[-1.26243,51.24975],[-1.26252,51.24949],[-1.26256,51.2493],[-1.26256,51.24919],[-1.26253,51.249],[-1.26221,51.2483],[-1.26208,51.24747],[-1.26158,51.24658],[-1.26109,51.24607],[-1.26125,51.24568],[-1.26178,51.24507],[-1.26211,51.24485],[-1.2623,51.24471],[-1.26291,51.24467],[-1.26294,51.24467]]},"properties":{"k":"river","name":"River Test"}},{"type":"Feature","geometry":{"type":"LineString","coordinates":[[-1.26294,51.24467],[-1.26328,51.24464]]},"properties":{"k":"river","name":"River Test"}},{"type":"Feature","geometry":{"type":"LineString","coordinates":[[-1.12963,51.36539],[-1.12958,51.36515]]},"properties":{"k":"stream","name":""}},{"type":"Feature","geometry":{"type":"LineString","coordinates":[[-1.12967,51.36556],[-1.12963,51.36539]]},"properties":{"k":"stream","name":""}},{"type":"Feature","geometry":{"type":"LineString","coordinates":[[-1.12958,51.36515],[-1.12949,51.3648],[-1.12874,51.36437],[-1.1287,51.36442],[-1.12863,51.36441],[-1.12838,51.36424],[-1.12813,51.36433]]},"properties":{"k":"stream","name":""}},{"type":"Feature","geometry":{"type":"LineString","coordinates":[[-1.12813,51.36433],[-1.12801,51.36429],[-1.12751,51.36446],[-1.1271,51.36449],[-1.12628,51.36464],[-1.12599,51.36465],[-1.12589,51.3647],[-1.12582,51.36468],[-1.12515,51.3647],[-1.12446,51.36467],[-1.12402,51.3647],[-1.12389,51.36469],[-1.12373,51.36474],[-1.12328,51.36467],[-1.12317,51.36462],[-1.12302,51.36462],[-1.12287,51.36452],[-1.12269,51.36454],[-1.12232,51.36439],[-1.12188,51.36427],[-1.12159,51.36418],[-1.12139,51.36408],[-1.12109,51.36399],[-1.12095,51.36398],[-1.12071,51.36386],[-1.12058,51.36382]]},"properties":{"k":"stream","name":""}},{"type":"Feature","geometry":{"type":"LineString","coordinates":[[-0.97116,51.25765],[-0.96991,51.25749],[-0.96927,51.25746],[-0.96881,51.25749]]},"properties":{"k":"canal","name":"Basingstoke Canal"}},{"type":"Feature","geometry":{"type":"LineString","coordinates":[[-0.96881,51.25749],[-0.96824,51.25756]]},"properties":{"k":"canal","name":""}},{"type":"Feature","geometry":{"type":"LineString","coordinates":[[-0.95688,51.2633],[-0.95673,51.26337],[-0.95615,51.26369],[-0.95602,51.26374],[-0.95579,51.26378],[-0.95511,51.26387],[-0.95491,51.26382],[-0.95442,51.2638],[-0.9543,51.26381],[-0.95409,51.26382],[-0.95354,51.26385],[-0.95347,51.26389],[-0.95329,51.26399],[-0.95313,51.26402],[-0.95308,51.26403],[-0.95304,51.26403],[-0.95282,51.26399],[-0.95271,51.26399],[-0.9526,51.26399],[-0.95253,51.26398],[-0.95251,51.26397],[-0.95251,51.26387],[-0.95252,51.26383]]},"properties":{"k":"stream","name":""}},{"type":"Feature","geometry":{"type":"LineString","coordinates":[[-0.95817,51.26211],[-0.95815,51.26211],[-0.95716,51.26225],[-0.95586,51.26275],[-0.95533,51.26284],[-0.95472,51.26285],[-0.95397,51.26325],[-0.95391,51.26329],[-0.95383,51.26335],[-0.95357,51.26352],[-0.95301,51.26372]]},"properties":{"k":"river","name":"River Whitewater"}},{"type":"Feature","geometry":{"type":"LineString","coordinates":[[-0.94427,51.2881],[-0.94379,51.28837],[-0.94381,51.28867],[-0.94387,51.28882],[-0.94392,51.2892],[-0.94392,51.28943],[-0.94405,51.28965],[-0.94417,51.2899],[-0.94437,51.2902],[-0.94449,51.29039],[-0.94439,51.29052],[-0.94438,51.29062],[-0.94414,51.29077]]},"properties":{"k":"stream","name":""}},{"type":"Feature","geometry":{"type":"LineString","coordinates":[[-0.94387,51.29111],[-0.94369,51.29146],[-0.94359,51.29167],[-0.94369,51.29182]]},"properties":{"k":"stream","name":""}},{"type":"Feature","geometry":{"type":"LineString","coordinates":[[-1.25792,51.24895],[-1.25949,51.24901],[-1.25966,51.24903],[-1.26048,51.24898]]},"properties":{"k":"stream","name":""}},{"type":"Feature","geometry":{"type":"LineString","coordinates":[[-1.26053,51.24898],[-1.26075,51.24896]]},"properties":{"k":"stream","name":""}},{"type":"Feature","geometry":{"type":"LineString","coordinates":[[-1.26048,51.24898],[-1.26053,51.24898]]},"properties":{"k":"stream","name":""}},{"type":"Feature","geometry":{"type":"LineString","coordinates":[[-1.24454,51.25121],[-1.2445,51.25108],[-1.24451,51.25101],[-1.24465,51.25092]]},"properties":{"k":"stream","name":""}},{"type":"Feature","geometry":{"type":"LineString","coordinates":[[-0.8775,51.28669],[-0.87766,51.2867],[-0.87785,51.28669],[-0.87808,51.28667],[-0.8788,51.28663],[-0.87944,51.28658],[-0.87976,51.28653],[-0.88004,51.28649],[-0.8803,51.28646],[-0.88096,51.28641],[-0.88129,51.28639],[-0.88136,51.28639],[-0.88148,51.28642],[-0.88172,51.28649]]},"properties":{"k":"river","name":"River Hart"}},{"type":"Feature","geometry":{"type":"LineString","coordinates":[[-0.88172,51.28649],[-0.88186,51.28695]]},"properties":{"k":"river","name":"River Hart"}},{"type":"Feature","geometry":{"type":"LineString","coordinates":[[-0.87772,51.28682],[-0.87803,51.28726]]},"properties":{"k":"stream","name":""}},{"type":"Feature","geometry":{"type":"LineString","coordinates":[[-0.8775,51.28669],[-0.87759,51.28673],[-0.87772,51.28682]]},"properties":{"k":"stream","name":""}},{"type":"Feature","geometry":{"type":"LineString","coordinates":[[-1.01648,51.25396],[-1.01608,51.25402],[-1.01598,51.25403],[-1.01589,51.25429]]},"properties":{"k":"stream","name":""}},{"type":"Feature","geometry":{"type":"LineString","coordinates":[[-1.01589,51.25429],[-1.01589,51.25433]]},"properties":{"k":"stream","name":""}},{"type":"Feature","geometry":{"type":"LineString","coordinates":[[-1.01589,51.25433],[-1.01599,51.25447],[-1.01607,51.25528]]},"properties":{"k":"stream","name":""}},{"type":"Feature","geometry":{"type":"LineString","coordinates":[[-1.0158,51.254],[-1.01574,51.25404],[-1.01571,51.25419],[-1.0156,51.25443],[-1.01546,51.25455]]},"properties":{"k":"stream","name":""}},{"type":"Feature","geometry":{"type":"LineString","coordinates":[[-1.0831,51.31401],[-1.08308,51.31404],[-1.08315,51.31416]]},"properties":{"k":"stream","name":""}},{"type":"Feature","geometry":{"type":"LineString","coordinates":[[-1.08312,51.31394],[-1.0831,51.31401]]},"properties":{"k":"stream","name":""}},{"type":"Feature","geometry":{"type":"LineString","coordinates":[[-0.85883,51.23797],[-0.85871,51.23811],[-0.85859,51.23823],[-0.85856,51.23832],[-0.85856,51.23841],[-0.85862,51.23855],[-0.85873,51.23862],[-0.85877,51.23866],[-0.85882,51.23869],[-0.85889,51.23879],[-0.85897,51.23889],[-0.85891,51.23915],[-0.85879,51.23932],[-0.85876,51.23942],[-0.85865,51.23957],[-0.85862,51.23964],[-0.85862,51.24004],[-0.85862,51.24008],[-0.85857,51.2402],[-0.85855,51.24024],[-0.85853,51.24033],[-0.85852,51.24037],[-0.85851,51.24041],[-0.8585,51.24045],[-0.85849,51.24058],[-0.85847,51.24062],[-0.85845,51.24066],[-0.85837,51.24087],[-0.85836,51.24091],[-0.85836,51.24095],[-0.85838,51.24099],[-0.8584,51.24104],[-0.8584,51.24108],[-0.8584,51.24117],[-0.85842,51.24121],[-0.85845,51.24125],[-0.8585,51.24128],[-0.85856,51.2413],[-0.85861,51.24134],[-0.85862,51.24138],[-0.85863,51.24147],[-0.85864,51.24151],[-0.85866,51.24157],[-0.85868,51.24161],[-0.85871,51.24165],[-0.85874,51.24168],[-0.85878,51.24172],[-0.85886,51.2418],[-0.8589,51.24183],[-0.85895,51.24187],[-0.85899,51.24191],[-0.85904,51.24194],[-0.85908,51.24198],[-0.85909,51.24202],[-0.8591,51.24211],[-0.85907,51.24214],[-0.85903,51.24218],[-0.859,51.24221],[-0.85899,51.24226],[-0.85899,51.24238],[-0.85901,51.24242],[-0.85902,51.24247],[-0.85904,51.24251],[-0.85904,51.24267],[-0.85903,51.24272],[-0.85903,51.24284],[-0.85901,51.24288],[-0.85901,51.24336],[-0.85898,51.24348],[-0.85895,51.24357],[-0.85893,51.24361],[-0.85891,51.24365],[-0.85888,51.24368],[-0.85886,51.24372],[-0.85883,51.24376],[-0.8588,51.2438],[-0.85876,51.24384],[-0.85872,51.24387],[-0.85868,51.2439],[-0.85863,51.24393],[-0.85851,51.24402],[-0.8585,51.24406],[-0.85851,51.24411],[-0.85849,51.24415],[-0.85845,51.24418],[-0.85844,51.24422],[-0.85845,51.24426],[-0.85847,51.24436],[-0.85851,51.24439],[-0.85853,51.24441],[-0.85863,51.2445],[-0.85889,51.24477],[-0.85889,51.24479],[-0.85885,51.24482],[-0.8588,51.24485],[-0.85879,51.24489],[-0.85883,51.24493],[-0.85889,51.24495],[-0.85896,51.24496],[-0.85918,51.24495],[-0.85925,51.24495],[-0.85939,51.24494],[-0.85946,51.24496],[-0.85953,51.24497],[-0.8596,51.24498],[-0.85973,51.24503],[-0.85988,51.24513],[-0.85993,51.24516],[-0.86005,51.24525],[-0.8601,51.24529],[-0.86014,51.24533],[-0.86017,51.24536],[-0.86019,51.2454],[-0.86021,51.24545],[-0.86023,51.24549],[-0.86027,51.24557],[-0.86028,51.24561],[-0.86028,51.24566]]},"properties":{"k":"river","name":"River Hart"}},{"type":"Feature","geometry":{"type":"LineString","coordinates":[[-0.86028,51.24566],[-0.86029,51.24592]]},"properties":{"k":"river","name":"River Hart"}},{"type":"Feature","geometry":{"type":"LineString","coordinates":[[-1.09893,51.34275],[-1.09837,51.34271],[-1.09802,51.34259],[-1.09754,51.34251],[-1.09736,51.34256],[-1.09691,51.34246],[-1.09646,51.34248],[-1.09633,51.34249],[-1.09623,51.34242],[-1.09586,51.34236]]},"properties":{"k":"stream","name":"Silchester Brook"}},{"type":"Feature","geometry":{"type":"LineString","coordinates":[[-0.94978,51.32499],[-0.94967,51.32506],[-0.94964,51.32512],[-0.9496,51.32522],[-0.94954,51.32527],[-0.94943,51.32528],[-0.94937,51.32537],[-0.94929,51.32545],[-0.94913,51.32556],[-0.94898,51.32559],[-0.94883,51.32564],[-0.94871,51.32564],[-0.94849,51.32575],[-0.9484,51.32577],[-0.94827,51.32588],[-0.94823,51.32592],[-0.94814,51.32599],[-0.94802,51.32613],[-0.94767,51.32617],[-0.94746,51.32619],[-0.9473,51.3262]]},"properties":{"k":"stream","name":""}},{"type":"Feature","geometry":{"type":"LineString","coordinates":[[-0.95001,51.32488],[-0.94978,51.32499]]},"properties":{"k":"stream","name":""}},{"type":"Feature","geometry":{"type":"LineString","coordinates":[[-0.95269,51.26381],[-0.95252,51.26383],[-0.95225,51.26388],[-0.9519,51.26392],[-0.95167,51.26393],[-0.95142,51.26389],[-0.95087,51.26396],[-0.95031,51.264],[-0.95,51.26402],[-0.94985,51.26404],[-0.9497,51.2641],[-0.94965,51.26419],[-0.94969,51.26446],[-0.94966,51.26456],[-0.94953,51.26483],[-0.94952,51.26497],[-0.94958,51.26513],[-0.94924,51.26551],[-0.94887,51.26583],[-0.94823,51.26607],[-0.94752,51.2663],[-0.9474,51.26644],[-0.94736,51.2666],[-0.94737,51.26693],[-0.94737,51.26715],[-0.94733,51.26727],[-0.94706,51.26736],[-0.94654,51.26735],[-0.94622,51.26746],[-0.94596,51.26767],[-0.94533,51.26791],[-0.94499,51.26786],[-0.9446,51.26807],[-0.94441,51.26822],[-0.94282,51.26895],[-0.94228,51.26912],[-0.94108,51.2699],[-0.94081,51.26997],[-0.9401,51.26999],[-0.93985,51.27032],[-0.93915,51.27072],[-0.93885,51.27073],[-0.93857,51.27053],[-0.93824,51.27052],[-0.93754,51.27103],[-0.93676,51.27176],[-0.93636,51.27241]]},"properties":{"k":"river","name":"River Whitewater"}},{"type":"Feature","geometry":{"type":"LineString","coordinates":[[-0.93636,51.27241],[-0.93626,51.27257]]},"properties":{"k":"river","name":"River Whitewater"}},{"type":"Feature","geometry":{"type":"LineString","coordinates":[[-0.91565,51.25103],[-0.91638,51.25116],[-0.9175,51.25147],[-0.91898,51.25187]]},"properties":{"k":"stream","name":""}},{"type":"Feature","geometry":{"type":"LineString","coordinates":[[-0.91431,51.25099],[-0.91565,51.25103]]},"properties":{"k":"stream","name":""}},{"type":"Feature","geometry":{"type":"LineString","coordinates":[[-0.84886,51.26863],[-0.849,51.26866],[-0.84923,51.26876],[-0.84949,51.26888],[-0.84978,51.26909],[-0.85015,51.26935],[-0.85027,51.26946]]},"properties":{"k":"stream","name":""}},{"type":"Feature","geometry":{"type":"LineString","coordinates":[[-0.85041,51.26954],[-0.85027,51.26946]]},"properties":{"k":"stream","name":""}},{"type":"Feature","geometry":{"type":"LineString","coordinates":[[-0.9805,51.34383],[-0.98188,51.34432],[-0.98276,51.34481],[-0.98377,51.34501],[-0.98477,51.34502],[-0.9862,51.34528],[-0.98754,51.34507],[-0.98964,51.34544],[-0.98967,51.34546]]},"properties":{"k":"ditch","name":""}},{"type":"Feature","geometry":{"type":"LineString","coordinates":[[-0.98979,51.34552],[-0.99083,51.34609],[-0.99201,51.34659],[-0.99357,51.34687]]},"properties":{"k":"ditch","name":""}},{"type":"Feature","geometry":{"type":"LineString","coordinates":[[-0.98967,51.34546],[-0.98979,51.34552]]},"properties":{"k":"ditch","name":""}},{"type":"Feature","geometry":{"type":"LineString","coordinates":[[-0.98754,51.34507],[-0.98747,51.34483],[-0.98687,51.34414],[-0.98522,51.34321],[-0.98402,51.34292]]},"properties":{"k":"ditch","name":""}},{"type":"Feature","geometry":{"type":"LineString","coordinates":[[-0.97904,51.35111],[-0.9778,51.35027],[-0.97785,51.34953]]},"properties":{"k":"ditch","name":""}},{"type":"Feature","geometry":{"type":"LineString","coordinates":[[-0.97786,51.34942],[-0.97787,51.34934],[-0.97775,51.34887]]},"properties":{"k":"ditch","name":""}},{"type":"Feature","geometry":{"type":"LineString","coordinates":[[-0.97785,51.34953],[-0.97786,51.34942]]},"properties":{"k":"ditch","name":""}},{"type":"Feature","geometry":{"type":"LineString","coordinates":[[-0.9778,51.35027],[-0.97618,51.35033],[-0.97537,51.35027],[-0.97426,51.35045]]},"properties":{"k":"ditch","name":""}},{"type":"Feature","geometry":{"type":"LineString","coordinates":[[-1.31671,51.33226],[-1.31666,51.33236],[-1.31666,51.33238],[-1.31666,51.3324],[-1.31666,51.33241],[-1.31664,51.33243],[-1.31662,51.33244],[-1.31661,51.33245],[-1.3166,51.33246],[-1.3166,51.33248],[-1.31661,51.3325],[-1.31664,51.33252],[-1.31667,51.33253],[-1.31669,51.33255],[-1.31671,51.33257],[-1.31672,51.33259],[-1.31673,51.33261],[-1.31673,51.33263],[-1.31673,51.33265],[-1.31672,51.33267],[-1.3167,51.33269],[-1.31667,51.33271],[-1.31664,51.33272],[-1.31661,51.33273],[-1.31658,51.33273],[-1.31654,51.33274],[-1.3165,51.33274],[-1.31647,51.33274],[-1.31644,51.33274],[-1.3164,51.33273],[-1.31635,51.33272],[-1.31631,51.33272],[-1.3163,51.33274],[-1.31629,51.33276],[-1.31628,51.33278],[-1.31627,51.33281],[-1.31626,51.33284],[-1.31625,51.33287],[-1.31623,51.3329],[-1.31622,51.33292],[-1.31621,51.33295],[-1.3162,51.33297],[-1.31621,51.33299],[-1.31621,51.33301],[-1.31621,51.33303],[-1.31623,51.33304],[-1.31625,51.33306],[-1.31625,51.33307],[-1.31625,51.33308],[-1.31623,51.3331],[-1.31621,51.33311],[-1.31617,51.33312],[-1.31614,51.33313],[-1.3161,51.33313],[-1.31607,51.33314],[-1.31603,51.33316],[-1.316,51.33318],[-1.31597,51.33319],[-1.31595,51.33321],[-1.31592,51.33322],[-1.31589,51.33323],[-1.31585,51.33323],[-1.31582,51.33323],[-1.31579,51.33324],[-1.31578,51.33325],[-1.31575,51.33327],[-1.31574,51.33329],[-1.31573,51.33331],[-1.31572,51.33333],[-1.31571,51.33335],[-1.31568,51.33337],[-1.31565,51.33339],[-1.31564,51.3334],[-1.31561,51.33341],[-1.31558,51.33343],[-1.31556,51.33344],[-1.31554,51.33346],[-1.31553,51.33348],[-1.31552,51.33351],[-1.31551,51.33352],[-1.31549,51.33353],[-1.31546,51.33353],[-1.31543,51.33354],[-1.31539,51.33354],[-1.31536,51.33355],[-1.31533,51.33356],[-1.31531,51.33357],[-1.31528,51.33358],[-1.31525,51.33359],[-1.31523,51.33359],[-1.31521,51.3336],[-1.31518,51.3336],[-1.31516,51.33361],[-1.31514,51.33364],[-1.31512,51.33365],[-1.3151,51.33368],[-1.31507,51.33372],[-1.31504,51.33375],[-1.31501,51.33378],[-1.31497,51.3338],[-1.31495,51.33381],[-1.31492,51.33382],[-1.31488,51.33384],[-1.31485,51.33385],[-1.31482,51.33386],[-1.3148,51.33388],[-1.31477,51.3339],[-1.31474,51.33392],[-1.31473,51.33394],[-1.31473,51.33395],[-1.31473,51.33397],[-1.31473,51.33398],[-1.31472,51.334],[-1.3147,51.33402],[-1.31467,51.33402],[-1.31462,51.33403],[-1.31458,51.33403],[-1.31454,51.33403],[-1.31449,51.33403],[-1.31446,51.33403],[-1.31443,51.33404],[-1.31442,51.33405],[-1.31439,51.33407],[-1.31437,51.33407],[-1.31434,51.33408],[-1.3143,51.33408],[-1.31426,51.33408],[-1.31423,51.33408],[-1.31419,51.33407],[-1.31416,51.33407],[-1.31412,51.33408],[-1.31411,51.33408],[-1.31408,51.33409],[-1.31406,51.3341],[-1.31404,51.33413],[-1.31403,51.33415],[-1.31403,51.33417],[-1.31403,51.33419],[-1.31402,51.33421],[-1.314,51.33424],[-1.31398,51.33425],[-1.31395,51.33427],[-1.31392,51.33429],[-1.3139,51.33431],[-1.31388,51.33433],[-1.31387,51.33435],[-1.31386,51.33436],[-1.31385,51.33438],[-1.31384,51.33441],[-1.31382,51.33443],[-1.3138,51.33445],[-1.31377,51.33446],[-1.31374,51.33448],[-1.31371,51.33449],[-1.31368,51.33451],[-1.31366,51.33453],[-1.31363,51.33455],[-1.31361,51.33456],[-1.31359,51.33457],[-1.31356,51.33457],[-1.31353,51.33458],[-1.31351,51.3346],[-1.31349,51.33462],[-1.31347,51.33464],[-1.31343,51.33465],[-1.3134,51.33467],[-1.31336,51.33468],[-1.31332,51.33468],[-1.31329,51.33469],[-1.31326,51.3347],[-1.31323,51.33472],[-1.31319,51.33474],[-1.31316,51.33475],[-1.31312,51.33478],[-1.31309,51.33481],[-1.31304,51.33484],[-1.31301,51.33486],[-1.31297,51.33488],[-1.31293,51.3349],[-1.31289,51.33492],[-1.31285,51.33493],[-1.31282,51.33494],[-1.31279,51.33496],[-1.31276,51.33499],[-1.31273,51.33503],[-1.31271,51.33505],[-1.31269,51.33508],[-1.31268,51.33511],[-1.31266,51.33514],[-1.31265,51.33517],[-1.31263,51.3352],[-1.31261,51.33524],[-1.3126,51.33527],[-1.31257,51.3353],[-1.31255,51.33532],[-1.31251,51.33535],[-1.31247,51.33538],[-1.31244,51.3354],[-1.31241,51.33542],[-1.31237,51.33544],[-1.31232,51.33546],[-1.31229,51.33547],[-1.31224,51.33547],[-1.31222,51.33548],[-1.31218,51.33547],[-1.31214,51.33547],[-1.31211,51.33548],[-1.31206,51.3355],[-1.31202,51.33551],[-1.31198,51.33554],[-1.31194,51.33556],[-1.31191,51.33557],[-1.31188,51.33559],[-1.31183,51.33561],[-1.3118,51.33562],[-1.31175,51.33563],[-1.31171,51.33564],[-1.31167,51.33565],[-1.3116,51.33567],[-1.31156,51.33569],[-1.31153,51.33571],[-1.3115,51.33573],[-1.31147,51.33574],[-1.31143,51.33576],[-1.3114,51.33577],[-1.31136,51.33577],[-1.31133,51.33577],[-1.31129,51.33578],[-1.31125,51.33579],[-1.31121,51.33581],[-1.31118,51.33582],[-1.31114,51.33584],[-1.31112,51.33585],[-1.31109,51.33588],[-1.31105,51.3359],[-1.31102,51.33592],[-1.311,51.33594],[-1.31098,51.33596],[-1.31097,51.33597],[-1.31097,51.33599],[-1.31096,51.33602],[-1.31096,51.33604],[-1.31095,51.33607],[-1.31094,51.3361],[-1.31093,51.33613],[-1.31092,51.33615],[-1.3109,51.33617],[-1.31089,51.33619],[-1.31089,51.33621],[-1.31087,51.33623],[-1.31084,51.33627],[-1.31083,51.33629],[-1.31083,51.33632],[-1.31082,51.33633],[-1.31082,51.33635],[-1.31081,51.33637],[-1.31079,51.33639],[-1.31076,51.33641],[-1.31072,51.33643],[-1.31069,51.33645],[-1.31065,51.33647],[-1.31061,51.33648],[-1.31056,51.33648],[-1.31051,51.33648],[-1.31047,51.33648],[-1.31044,51.33649],[-1.31042,51.3365],[-1.3104,51.33652],[-1.31039,51.33653],[-1.31039,51.33656],[-1.31039,51.33657],[-1.31037,51.3366],[-1.31035,51.33662],[-1.31032,51.33665],[-1.31028,51.33666],[-1.31025,51.33667],[-1.3102,51.33667],[-1.31016,51.33667],[-1.31011,51.33668],[-1.31007,51.33668],[-1.31003,51.33669],[-1.30998,51.3367],[-1.30993,51.33671],[-1.30988,51.33672],[-1.30984,51.33674],[-1.30979,51.33675],[-1.30975,51.33676],[-1.30969,51.33677],[-1.30966,51.33678],[-1.30962,51.3368],[-1.30957,51.33682],[-1.30953,51.33684],[-1.30949,51.33686],[-1.30944,51.33688],[-1.30941,51.33689],[-1.30938,51.33691],[-1.30936,51.33693],[-1.30933,51.33695],[-1.30929,51.33696],[-1.30925,51.33696],[-1.30921,51.33696],[-1.30917,51.33695],[-1.30913,51.33695],[-1.3091,51.33696],[-1.30909,51.33697],[-1.30908,51.33698],[-1.30908,51.33699],[-1.30907,51.33701],[-1.30905,51.33702],[-1.30902,51.33702],[-1.30899,51.33702],[-1.30895,51.33702],[-1.30892,51.33702],[-1.30887,51.33702],[-1.30882,51.33702],[-1.30879,51.33703],[-1.30876,51.33704],[-1.30874,51.33705],[-1.30871,51.33707],[-1.30869,51.33709],[-1.30867,51.3371],[-1.30864,51.3371],[-1.3086,51.3371],[-1.30856,51.33711],[-1.30852,51.33711],[-1.30849,51.33712],[-1.30847,51.33714],[-1.30846,51.33715],[-1.30844,51.33718],[-1.30842,51.3372],[-1.30841,51.33723],[-1.30839,51.33724],[-1.30836,51.33726],[-1.30834,51.33727],[-1.3083,51.33728],[-1.30826,51.33728],[-1.30822,51.33728],[-1.30818,51.33728],[-1.30813,51.33728],[-1.30809,51.33729],[-1.30806,51.3373],[-1.30804,51.33731],[-1.308,51.33732],[-1.30798,51.33732],[-1.30795,51.33732],[-1.30793,51.33733],[-1.3079,51.33734],[-1.30789,51.33736],[-1.30789,51.33738],[-1.30789,51.3374],[-1.30788,51.33741],[-1.30787,51.33741],[-1.30785,51.33741],[-1.30783,51.33741],[-1.3078,51.3374],[-1.30779,51.3374],[-1.30777,51.3374],[-1.30776,51.33741],[-1.30775,51.33742],[-1.30774,51.33745],[-1.30774,51.33747],[-1.30774,51.33749],[-1.30773,51.33751],[-1.3077,51.33752],[-1.30768,51.33753],[-1.30765,51.33754],[-1.30762,51.33756],[-1.3076,51.33758],[-1.30759,51.3376],[-1.30759,51.33761],[-1.30758,51.33764],[-1.30755,51.33766],[-1.30751,51.33767],[-1.30749,51.33768],[-1.30746,51.33768],[-1.30743,51.33768],[-1.3074,51.33769],[-1.30738,51.3377],[-1.30735,51.33773],[-1.30733,51.33775],[-1.30731,51.33777],[-1.30729,51.3378],[-1.30726,51.33782],[-1.30724,51.33783],[-1.30721,51.33784],[-1.30719,51.33785],[-1.30717,51.33784],[-1.30717,51.33783],[-1.30716,51.33782],[-1.30715,51.33782],[-1.30713,51.33782],[-1.30711,51.33783],[-1.30707,51.33784],[-1.30703,51.33786],[-1.30699,51.33788],[-1.30697,51.3379],[-1.30695,51.33792],[-1.30694,51.33795],[-1.30694,51.33796],[-1.30694,51.33798],[-1.30692,51.338],[-1.3069,51.33802],[-1.30687,51.33805],[-1.30684,51.33807],[-1.30682,51.33809],[-1.30678,51.33813],[-1.30677,51.33815],[-1.30674,51.33818],[-1.30673,51.3382],[-1.3067,51.33823],[-1.30667,51.33825],[-1.30663,51.33828],[-1.30659,51.3383],[-1.30653,51.33833],[-1.30648,51.33835],[-1.30645,51.33836],[-1.30642,51.33837],[-1.30638,51.33838],[-1.30635,51.33839],[-1.30631,51.33841],[-1.30629,51.33843],[-1.30628,51.33846],[-1.30627,51.33848],[-1.30626,51.33851],[-1.30626,51.33853],[-1.30624,51.33856],[-1.30624,51.33858],[-1.30624,51.33859],[-1.30626,51.33861],[-1.30628,51.33862],[-1.3063,51.33863],[-1.30631,51.33864],[-1.3063,51.33866],[-1.30628,51.33868],[-1.30625,51.33868],[-1.30621,51.33868],[-1.30619,51.33868],[-1.30616,51.33868],[-1.30613,51.33869],[-1.3061,51.33871],[-1.30608,51.33872],[-1.30607,51.33874],[-1.30604,51.33876],[-1.30601,51.33877],[-1.30597,51.33878],[-1.30592,51.3388],[-1.30588,51.33881],[-1.30584,51.33883],[-1.30579,51.33885],[-1.30576,51.33886],[-1.30571,51.33889],[-1.30568,51.33891],[-1.30566,51.33892],[-1.30564,51.33894],[-1.30561,51.33896],[-1.30561,51.33899],[-1.30561,51.33901],[-1.30559,51.33903],[-1.30556,51.33905],[-1.30553,51.33907],[-1.30549,51.33909],[-1.30546,51.3391],[-1.30543,51.33911],[-1.3054,51.33911],[-1.30538,51.33912],[-1.30536,51.33912],[-1.30535,51.33913],[-1.30535,51.33914],[-1.30535,51.33916],[-1.30534,51.33918],[-1.30531,51.3392],[-1.30529,51.33921],[-1.30526,51.33922],[-1.30522,51.33923],[-1.30519,51.33924],[-1.30516,51.33925],[-1.30513,51.33927],[-1.3051,51.33928],[-1.30506,51.3393],[-1.30503,51.33933],[-1.305,51.33935],[-1.30496,51.33937],[-1.30493,51.3394],[-1.30491,51.33943],[-1.30489,51.33946],[-1.30488,51.33949],[-1.30487,51.33951],[-1.30485,51.33954],[-1.30483,51.33956],[-1.30482,51.33958],[-1.3048,51.33961],[-1.30477,51.33963],[-1.30475,51.33965],[-1.30472,51.33966],[-1.30469,51.33966],[-1.30469,51.33965],[-1.30469,51.33964],[-1.30468,51.33963],[-1.30467,51.33962],[-1.30465,51.33961],[-1.30462,51.33962],[-1.3046,51.33963],[-1.30459,51.33964],[-1.30458,51.33966],[-1.30458,51.33968],[-1.30458,51.3397],[-1.30458,51.33973],[-1.30458,51.33976],[-1.30457,51.33978],[-1.30455,51.3398],[-1.30452,51.33982],[-1.30449,51.33983],[-1.30445,51.33985],[-1.30442,51.33987],[-1.30439,51.33989],[-1.30439,51.33991],[-1.30439,51.33994],[-1.3044,51.33996],[-1.30441,51.33998],[-1.30442,51.34],[-1.30443,51.34001],[-1.30443,51.34003],[-1.30441,51.34006],[-1.30439,51.34008],[-1.30437,51.3401],[-1.30433,51.34013],[-1.30429,51.34015],[-1.30427,51.34017],[-1.30423,51.34018],[-1.30421,51.34018],[-1.30419,51.34017],[-1.30418,51.34016],[-1.30416,51.34015],[-1.30414,51.34013],[-1.30411,51.34013],[-1.30408,51.34014],[-1.30406,51.34015],[-1.30405,51.34016],[-1.30404,51.34019],[-1.30404,51.34022],[-1.30403,51.34026],[-1.30403,51.34029],[-1.30402,51.34032],[-1.30402,51.34036],[-1.30402,51.34039],[-1.30402,51.34041],[-1.30403,51.34044],[-1.30404,51.34046],[-1.30405,51.34048],[-1.30406,51.3405],[-1.30407,51.34053],[-1.30406,51.34055],[-1.30404,51.34057],[-1.304,51.34058],[-1.30396,51.3406],[-1.30391,51.34062],[-1.30387,51.34064],[-1.30383,51.34066],[-1.30377,51.34069],[-1.30372,51.3407],[-1.30367,51.34072],[-1.30364,51.34074],[-1.30359,51.34076],[-1.30356,51.34078],[-1.30352,51.34081],[-1.30349,51.34083],[-1.30346,51.34085],[-1.30339,51.34088],[-1.30335,51.3409],[-1.30332,51.34091],[-1.3033,51.34091],[-1.30327,51.34091],[-1.30322,51.34091],[-1.30319,51.34091],[-1.30315,51.3409],[-1.30311,51.34089],[-1.30308,51.34088],[-1.30305,51.34088],[-1.30301,51.34087],[-1.30297,51.34087],[-1.30294,51.34088],[-1.3029,51.34089],[-1.30287,51.34091],[-1.30283,51.34093],[-1.30279,51.34096],[-1.30276,51.34098],[-1.30271,51.34101],[-1.30268,51.34103],[-1.30266,51.34105],[-1.30263,51.34107],[-1.30261,51.3411],[-1.30259,51.34112],[-1.30256,51.34114],[-1.30253,51.34114],[-1.3025,51.34114],[-1.30246,51.34114],[-1.30242,51.34112],[-1.30239,51.34111],[-1.30238,51.3411],[-1.30238,51.34109],[-1.30236,51.34107],[-1.30233,51.34107],[-1.30229,51.34107],[-1.30226,51.34108],[-1.30223,51.34109],[-1.30221,51.34109],[-1.30217,51.3411],[-1.30213,51.34111],[-1.30207,51.34111],[-1.30201,51.34111],[-1.30197,51.3411],[-1.30194,51.3411],[-1.30189,51.3411],[-1.30183,51.34111],[-1.30179,51.34112],[-1.30176,51.34112],[-1.30174,51.34114],[-1.30171,51.34116],[-1.30169,51.34118],[-1.30166,51.34121],[-1.30164,51.34123],[-1.30162,51.34125],[-1.30161,51.34126],[-1.30161,51.34127],[-1.30162,51.34128],[-1.30164,51.34129],[-1.30165,51.34131],[-1.30167,51.34132],[-1.30168,51.34133],[-1.30167,51.34134],[-1.30164,51.34136],[-1.3016,51.34136],[-1.30158,51.34135],[-1.30155,51.34133],[-1.30153,51.34132],[-1.3015,51.3413],[-1.30148,51.34131],[-1.30145,51.34132],[-1.30143,51.34134],[-1.3014,51.34137],[-1.30138,51.34139],[-1.30138,51.34141],[-1.30138,51.34143],[-1.30137,51.34145],[-1.30135,51.34145],[-1.30132,51.34145],[-1.30128,51.34145],[-1.30124,51.34146],[-1.30121,51.34146],[-1.30119,51.34147],[-1.30116,51.34149],[-1.30113,51.34152],[-1.30111,51.34154],[-1.30109,51.34155],[-1.30108,51.34157],[-1.30107,51.3416],[-1.30105,51.34161],[-1.30103,51.34163],[-1.30099,51.34165],[-1.30097,51.34166],[-1.30094,51.34167],[-1.30094,51.34169],[-1.30094,51.3417],[-1.30095,51.34171],[-1.30096,51.34172],[-1.30098,51.34173],[-1.30098,51.34175],[-1.30097,51.34176],[-1.30094,51.34177],[-1.3009,51.34178],[-1.30087,51.34179],[-1.30084,51.3418],[-1.30081,51.34182],[-1.30079,51.34184],[-1.30078,51.34186],[-1.30079,51.34188],[-1.30079,51.3419],[-1.30079,51.34192],[-1.30079,51.34195],[-1.30078,51.34197],[-1.30077,51.34199],[-1.30077,51.34202],[-1.30076,51.34204],[-1.30076,51.34206],[-1.30077,51.34208],[-1.30077,51.3421],[-1.30077,51.34212],[-1.30075,51.34215],[-1.30074,51.34216],[-1.30074,51.34218],[-1.30074,51.3422],[-1.30073,51.34221],[-1.3007,51.34222],[-1.30067,51.34222],[-1.30064,51.34221],[-1.30061,51.34221],[-1.30059,51.34222],[-1.30057,51.34224],[-1.30055,51.34226],[-1.30053,51.34229],[-1.30052,51.34231],[-1.3005,51.34233],[-1.30048,51.34235],[-1.30046,51.34237],[-1.30046,51.34239],[-1.30046,51.34241],[-1.30047,51.34243],[-1.30047,51.34245],[-1.30049,51.34246],[-1.3005,51.34248],[-1.30051,51.34249],[-1.30051,51.34251],[-1.3005,51.34252],[-1.30048,51.34253],[-1.30044,51.34255],[-1.30042,51.34255],[-1.30038,51.34257],[-1.30035,51.34259],[-1.30032,51.34261],[-1.30029,51.34263],[-1.30026,51.34265],[-1.30023,51.34266],[-1.3002,51.34267],[-1.30016,51.34269],[-1.30013,51.3427],[-1.3001,51.34271],[-1.30008,51.34272],[-1.30007,51.34273],[-1.30005,51.34275],[-1.30005,51.34277],[-1.30006,51.34278],[-1.30008,51.3428],[-1.30011,51.34281],[-1.30014,51.34282],[-1.30016,51.34283],[-1.30018,51.34285],[-1.30018,51.34286],[-1.30017,51.34288],[-1.30015,51.3429],[-1.30011,51.34293],[-1.30008,51.34296],[-1.30005,51.34299],[-1.30003,51.34302],[-1.30002,51.34303],[-1.3,51.34306],[-1.29998,51.34308],[-1.29996,51.34311],[-1.29994,51.34313],[-1.29992,51.34316],[-1.2999,51.34318],[-1.29988,51.3432],[-1.29987,51.34321],[-1.29986,51.34322],[-1.29986,51.34323],[-1.29987,51.34325],[-1.29989,51.34326],[-1.2999,51.34327],[-1.29992,51.34328],[-1.29994,51.34328],[-1.29995,51.34329],[-1.29994,51.34331],[-1.29993,51.34332],[-1.29991,51.34333],[-1.29987,51.34335],[-1.29983,51.34338],[-1.2998,51.34339],[-1.29978,51.34341],[-1.29976,51.34342],[-1.29975,51.34344],[-1.29976,51.34346],[-1.29977,51.34348],[-1.29979,51.34349],[-1.2998,51.34351],[-1.29979,51.34353],[-1.29978,51.34355],[-1.29976,51.34355],[-1.29973,51.34356],[-1.29971,51.34356],[-1.29968,51.34356],[-1.29964,51.34356],[-1.29961,51.34356],[-1.29958,51.34357],[-1.29956,51.34359],[-1.29954,51.34359],[-1.29951,51.3436],[-1.29948,51.3436],[-1.29945,51.3436],[-1.29943,51.34359],[-1.2994,51.34359],[-1.29937,51.34359],[-1.29934,51.34359],[-1.29931,51.3436],[-1.29929,51.34361],[-1.29925,51.34362],[-1.29923,51.34364],[-1.29919,51.34366],[-1.29917,51.34366],[-1.29913,51.34367],[-1.2991,51.34367],[-1.29906,51.34367],[-1.29904,51.34367],[-1.29902,51.34368],[-1.299,51.34369],[-1.29899,51.3437],[-1.29899,51.34372],[-1.299,51.34373],[-1.29901,51.34375],[-1.29904,51.34377],[-1.29906,51.34378],[-1.29908,51.3438],[-1.29909,51.34381],[-1.2991,51.34383],[-1.2991,51.34384],[-1.2991,51.34385],[-1.29908,51.34387],[-1.29905,51.34388],[-1.29902,51.34389],[-1.29897,51.3439],[-1.29893,51.3439],[-1.29889,51.34389],[-1.29886,51.34388],[-1.29882,51.34388],[-1.29879,51.34388],[-1.29876,51.3439],[-1.29873,51.34391],[-1.29869,51.34394],[-1.29867,51.34395],[-1.29865,51.34396],[-1.29863,51.34396],[-1.2986,51.34396],[-1.29857,51.34394],[-1.29856,51.34393],[-1.29855,51.34392],[-1.29852,51.34392],[-1.2985,51.34392],[-1.29849,51.34392],[-1.29847,51.34394],[-1.29847,51.34395],[-1.29848,51.34397],[-1.29849,51.34399],[-1.2985,51.344],[-1.29853,51.34401],[-1.29855,51.34402],[-1.29857,51.34403],[-1.29858,51.34405],[-1.29858,51.34407],[-1.29858,51.3441],[-1.29856,51.34412],[-1.29855,51.34415],[-1.29852,51.34417],[-1.2985,51.3442],[-1.29848,51.34423],[-1.29845,51.34425],[-1.29841,51.34428],[-1.29838,51.3443],[-1.29833,51.34431],[-1.2983,51.34432],[-1.29825,51.34433],[-1.29822,51.34433],[-1.2982,51.34432],[-1.29817,51.34431],[-1.29815,51.3443],[-1.29812,51.34429],[-1.29808,51.34429],[-1.29806,51.34429],[-1.29803,51.34431],[-1.29802,51.34432],[-1.298,51.34435],[-1.29799,51.34437],[-1.29798,51.34439],[-1.29798,51.34441],[-1.298,51.34444],[-1.29801,51.34446],[-1.29803,51.34448],[-1.29805,51.34451],[-1.29805,51.34453],[-1.29805,51.34454],[-1.29804,51.34456],[-1.29802,51.34459],[-1.29799,51.34462],[-1.29796,51.34464],[-1.29795,51.34466],[-1.29794,51.34467],[-1.29794,51.34469],[-1.29794,51.34469],[-1.29794,51.34471],[-1.29794,51.34473],[-1.29794,51.34476],[-1.29794,51.34478],[-1.29793,51.3448],[-1.29791,51.3448],[-1.29789,51.3448],[-1.29786,51.3448],[-1.29782,51.34479],[-1.29779,51.34479],[-1.29776,51.34479],[-1.29771,51.34479],[-1.29766,51.34479],[-1.29761,51.34479],[-1.29756,51.3448],[-1.2975,51.34481],[-1.29743,51.34481],[-1.29737,51.34481],[-1.29731,51.34481],[-1.29724,51.34483],[-1.29719,51.34484],[-1.29713,51.34485],[-1.29709,51.34487],[-1.29705,51.34488],[-1.29701,51.34488],[-1.29698,51.34488],[-1.29696,51.34487],[-1.29693,51.34486],[-1.29691,51.34484],[-1.29688,51.34483],[-1.29687,51.34481],[-1.29685,51.34479],[-1.29683,51.34477],[-1.29679,51.34475],[-1.29676,51.34474],[-1.29672,51.34474],[-1.29667,51.34474],[-1.29662,51.34474],[-1.29657,51.34475],[-1.29655,51.34476],[-1.29653,51.34478],[-1.2965,51.34481],[-1.29649,51.34483],[-1.29648,51.34486],[-1.29646,51.34489],[-1.29645,51.3449],[-1.29642,51.3449],[-1.29638,51.3449],[-1.29634,51.3449],[-1.2963,51.3449],[-1.29626,51.3449],[-1.29622,51.3449],[-1.29619,51.34491],[-1.29616,51.34491],[-1.29614,51.34492],[-1.29612,51.34493],[-1.2961,51.34495],[-1.29609,51.34497],[-1.29608,51.34499],[-1.29606,51.345],[-1.29603,51.345],[-1.29601,51.345],[-1.29597,51.345],[-1.29594,51.34499],[-1.2959,51.34499],[-1.29586,51.34498],[-1.29583,51.34498],[-1.2958,51.34498],[-1.29579,51.34499],[-1.29577,51.34499],[-1.29576,51.34501],[-1.29576,51.34503],[-1.29577,51.34506],[-1.29578,51.34508],[-1.29579,51.3451],[-1.2958,51.34512],[-1.2958,51.34514],[-1.29578,51.34516],[-1.29575,51.34516],[-1.29572,51.34515],[-1.29569,51.34514],[-1.29566,51.34514],[-1.29561,51.34513],[-1.29557,51.34513],[-1.2955,51.34513],[-1.29545,51.34513],[-1.2954,51.34514],[-1.29536,51.34515],[-1.29532,51.34516],[-1.29528,51.34518],[-1.29524,51.3452],[-1.2952,51.34521],[-1.29515,51.34522],[-1.29511,51.34522],[-1.29507,51.34522],[-1.29503,51.34523],[-1.295,51.34523],[-1.29497,51.34524],[-1.29495,51.34525],[-1.29494,51.34526],[-1.29493,51.34528],[-1.29493,51.3453],[-1.29492,51.34532],[-1.29489,51.34533],[-1.29486,51.34534],[-1.29482,51.34535],[-1.29479,51.34535],[-1.29477,51.34537],[-1.29475,51.34539],[-1.29475,51.3454],[-1.29475,51.34543],[-1.29476,51.34544],[-1.29476,51.34547],[-1.29477,51.34548],[-1.29477,51.3455],[-1.29476,51.34551],[-1.29475,51.34553],[-1.29472,51.34554],[-1.2947,51.34554],[-1.29468,51.34553],[-1.29466,51.34553],[-1.29464,51.34552],[-1.29461,51.34552],[-1.29459,51.34552],[-1.29457,51.34553],[-1.29456,51.34554],[-1.29456,51.34556],[-1.29456,51.34557],[-1.29456,51.34559],[-1.29455,51.34561],[-1.29453,51.34562],[-1.29451,51.34563],[-1.29448,51.34564],[-1.29446,51.34565],[-1.29442,51.34568],[-1.29439,51.3457],[-1.29436,51.34572],[-1.29433,51.34574],[-1.29431,51.34576],[-1.29428,51.34578],[-1.29425,51.3458],[-1.29422,51.34582],[-1.29421,51.34584],[-1.29419,51.34585],[-1.29418,51.34588],[-1.29417,51.3459],[-1.29417,51.34592],[-1.29417,51.34594],[-1.29418,51.34596],[-1.29419,51.34597],[-1.29419,51.34599],[-1.2942,51.34601],[-1.29419,51.34603],[-1.29418,51.34604],[-1.29417,51.34606],[-1.29415,51.34608],[-1.29411,51.34609],[-1.29408,51.34611],[-1.29405,51.34612],[-1.29404,51.34614],[-1.29404,51.34615],[-1.29405,51.34616],[-1.29406,51.34617],[-1.29407,51.34619],[-1.29408,51.34619],[-1.2941,51.3462],[-1.29413,51.34621],[-1.29415,51.34622],[-1.29416,51.34623],[-1.29417,51.34625],[-1.29417,51.34626],[-1.29415,51.34627],[-1.29413,51.34628],[-1.2941,51.34629],[-1.29407,51.34629],[-1.29405,51.34629],[-1.29403,51.3463],[-1.29403,51.34631],[-1.29402,51.34633],[-1.29403,51.34634],[-1.29404,51.34635],[-1.29406,51.34636],[-1.29408,51.34637],[-1.29411,51.34638],[-1.29414,51.34639]]},"properties":{"k":"stream","name":""}},{"type":"Feature","geometry":{"type":"LineString","coordinates":[[-1.29414,51.34639],[-1.2942,51.34641]]},"properties":{"k":"stream","name":""}},{"type":"Feature","geometry":{"type":"LineString","coordinates":[[-1.29665,51.36235],[-1.29661,51.36237],[-1.29657,51.36238],[-1.29654,51.36239],[-1.29648,51.36241],[-1.29644,51.36243],[-1.2964,51.36245],[-1.29636,51.36248],[-1.29633,51.36251],[-1.2963,51.36253],[-1.29628,51.36256],[-1.29627,51.36259],[-1.29627,51.36263],[-1.29625,51.36266],[-1.29624,51.36269],[-1.29622,51.36272],[-1.29621,51.36274],[-1.29618,51.36276],[-1.29614,51.36278],[-1.2961,51.36281],[-1.29607,51.36284],[-1.29603,51.36286],[-1.29599,51.36289],[-1.29596,51.36291],[-1.29594,51.36294],[-1.29591,51.36299],[-1.29588,51.36302],[-1.29587,51.36306],[-1.29586,51.36311],[-1.29585,51.36314],[-1.29584,51.36318],[-1.29583,51.36321],[-1.29582,51.36324],[-1.29579,51.36326],[-1.29575,51.36328],[-1.29573,51.36328],[-1.29571,51.36328],[-1.29568,51.36328],[-1.29562,51.36331],[-1.29559,51.36333],[-1.29554,51.36336],[-1.2955,51.3634],[-1.29549,51.36343],[-1.29549,51.36347],[-1.29549,51.3635],[-1.2955,51.36353],[-1.2955,51.36357],[-1.29549,51.3636],[-1.29546,51.36365],[-1.29543,51.36369],[-1.29541,51.36372],[-1.29537,51.36377],[-1.29534,51.36382],[-1.29532,51.36386],[-1.2953,51.36389],[-1.2953,51.36392],[-1.29528,51.36396],[-1.29527,51.364],[-1.29526,51.36402],[-1.29525,51.36405],[-1.29522,51.36408],[-1.2952,51.36409],[-1.29517,51.36411],[-1.29514,51.36413],[-1.29509,51.36414],[-1.29505,51.36414],[-1.29498,51.36417],[-1.29495,51.36418],[-1.29491,51.36421],[-1.29488,51.36423],[-1.29484,51.36426],[-1.29481,51.36429],[-1.29479,51.36432],[-1.29479,51.36435],[-1.29479,51.36438],[-1.29479,51.36442],[-1.29479,51.36447],[-1.29478,51.36449],[-1.29478,51.36452],[-1.29476,51.36454],[-1.29475,51.36456],[-1.29472,51.36457],[-1.29468,51.36459],[-1.29466,51.36461],[-1.29463,51.36463],[-1.2946,51.36467],[-1.29456,51.3647],[-1.29453,51.36472],[-1.29451,51.36475],[-1.29448,51.36478],[-1.29445,51.36482],[-1.29443,51.36485],[-1.29441,51.36489],[-1.29439,51.36493],[-1.29438,51.36497],[-1.29435,51.36503],[-1.29434,51.36506],[-1.29431,51.36511],[-1.29429,51.36516],[-1.29427,51.36521],[-1.29425,51.36525],[-1.29424,51.36531],[-1.29422,51.36534],[-1.29421,51.36538],[-1.29419,51.36541],[-1.29417,51.36544],[-1.29415,51.36546],[-1.29414,51.36549],[-1.29411,51.36551],[-1.2941,51.36552],[-1.29407,51.36554],[-1.29405,51.36555],[-1.29402,51.36557],[-1.29399,51.36559],[-1.29395,51.36562],[-1.29394,51.36564],[-1.29394,51.36566],[-1.29393,51.36567],[-1.29391,51.36569],[-1.29388,51.36572],[-1.29386,51.36574],[-1.29381,51.36576],[-1.29378,51.36578],[-1.29374,51.3658],[-1.29371,51.36582],[-1.29367,51.36583],[-1.29363,51.36584],[-1.29359,51.36585],[-1.29355,51.36587],[-1.29351,51.36589],[-1.29347,51.36591],[-1.29342,51.36593],[-1.29338,51.36595],[-1.29336,51.36597],[-1.29335,51.36599],[-1.29335,51.36601],[-1.29335,51.36603],[-1.29336,51.36606],[-1.29336,51.36609],[-1.29336,51.36611],[-1.29335,51.36614],[-1.29333,51.36616],[-1.29328,51.3662],[-1.29325,51.36622],[-1.29321,51.36626],[-1.29318,51.36629],[-1.29317,51.36632],[-1.29315,51.36636],[-1.29314,51.36639],[-1.29313,51.36643],[-1.29313,51.36646],[-1.29313,51.36649],[-1.29313,51.36652],[-1.29313,51.36654],[-1.29313,51.36657],[-1.29312,51.3666],[-1.2931,51.36661],[-1.29306,51.36663],[-1.29302,51.36664],[-1.29298,51.36666],[-1.29294,51.36668],[-1.29289,51.36671],[-1.29285,51.36672],[-1.29282,51.36672],[-1.29278,51.36674],[-1.29274,51.36674],[-1.29269,51.36675],[-1.29265,51.36676],[-1.29261,51.36678],[-1.29256,51.36679],[-1.29252,51.36681],[-1.2925,51.36683],[-1.29248,51.36686],[-1.29247,51.36687],[-1.29245,51.3669],[-1.29244,51.36693],[-1.29242,51.36695],[-1.29239,51.36698],[-1.29236,51.367],[-1.29234,51.36702],[-1.29232,51.36703],[-1.2923,51.36704],[-1.29227,51.36705],[-1.29224,51.36705],[-1.2922,51.36705],[-1.29216,51.36705],[-1.29211,51.36705],[-1.29207,51.36705],[-1.29203,51.36705],[-1.29199,51.36705],[-1.29196,51.36706],[-1.29193,51.36707],[-1.2919,51.36709],[-1.29189,51.36711],[-1.29187,51.36713],[-1.29183,51.36715],[-1.29181,51.36717],[-1.29178,51.36719],[-1.29176,51.36721],[-1.29173,51.36722],[-1.29172,51.36724],[-1.2917,51.36726],[-1.2917,51.36729],[-1.29171,51.36731],[-1.2917,51.36733],[-1.2917,51.36735],[-1.29168,51.36736],[-1.29167,51.36738],[-1.29167,51.36739],[-1.29167,51.36741],[-1.29167,51.36744],[-1.29167,51.36746],[-1.29165,51.36747],[-1.29162,51.36749],[-1.29159,51.36749],[-1.29156,51.36749],[-1.29153,51.36749],[-1.2915,51.36749],[-1.29146,51.36749],[-1.29142,51.36749],[-1.29139,51.36749],[-1.29135,51.36749],[-1.29132,51.3675],[-1.2913,51.36751],[-1.29129,51.36753],[-1.29129,51.36755],[-1.29128,51.36757],[-1.29126,51.36759],[-1.29125,51.3676],[-1.29124,51.36762],[-1.29123,51.36765],[-1.29122,51.36768],[-1.29121,51.3677],[-1.29119,51.36773],[-1.29117,51.36774],[-1.29114,51.36775],[-1.29111,51.36775],[-1.29109,51.36775],[-1.29107,51.36774],[-1.29104,51.36773],[-1.29101,51.36773],[-1.29098,51.36773],[-1.29097,51.36773],[-1.29095,51.36775],[-1.29094,51.36776],[-1.29093,51.36778],[-1.29092,51.36781],[-1.29092,51.36785],[-1.29091,51.36787],[-1.2909,51.3679],[-1.29088,51.36792],[-1.29086,51.36793],[-1.29082,51.36793],[-1.29078,51.36794],[-1.29074,51.36794],[-1.2907,51.36793],[-1.29067,51.36792],[-1.29064,51.36791],[-1.29061,51.36789],[-1.29058,51.36789],[-1.29055,51.36789],[-1.29053,51.36789],[-1.29051,51.3679],[-1.29049,51.3679],[-1.29047,51.3679],[-1.29044,51.3679],[-1.29043,51.36791],[-1.29042,51.36792],[-1.29042,51.36794],[-1.29042,51.36795],[-1.29042,51.36797],[-1.29042,51.36798],[-1.29042,51.368],[-1.29042,51.36802],[-1.29041,51.36804],[-1.2904,51.36806],[-1.29037,51.36807],[-1.29036,51.36807],[-1.29034,51.36807],[-1.29031,51.36806],[-1.29027,51.36804],[-1.29024,51.36802],[-1.29022,51.36801],[-1.29019,51.36799],[-1.29018,51.36798],[-1.29018,51.36796],[-1.29018,51.36795],[-1.29018,51.36793],[-1.29018,51.36791],[-1.29017,51.3679],[-1.29013,51.36785],[-1.2901,51.36782],[-1.29006,51.36781],[-1.29004,51.3678],[-1.29001,51.3678],[-1.28998,51.36781],[-1.28994,51.36782],[-1.28991,51.36783],[-1.28987,51.36785],[-1.28984,51.36787],[-1.28981,51.36787],[-1.28978,51.36786],[-1.28976,51.36785],[-1.28974,51.36784],[-1.28973,51.36782],[-1.2897,51.3678],[-1.28967,51.36779],[-1.28964,51.36779],[-1.2896,51.36779],[-1.28957,51.3678],[-1.28955,51.36781],[-1.28954,51.36782],[-1.28953,51.36783],[-1.28952,51.36786],[-1.28952,51.36788],[-1.28951,51.3679],[-1.28951,51.36793],[-1.28951,51.36795],[-1.28951,51.36797],[-1.2895,51.368],[-1.28948,51.36801],[-1.28944,51.36801],[-1.28939,51.36802],[-1.28935,51.36802],[-1.28931,51.36803],[-1.28926,51.36804],[-1.28922,51.36805],[-1.28919,51.36807],[-1.28918,51.3681],[-1.28917,51.36813],[-1.28916,51.36815],[-1.28916,51.36818],[-1.28914,51.3682],[-1.28912,51.36821],[-1.28909,51.36821],[-1.28906,51.3682],[-1.28904,51.36818],[-1.28903,51.36815],[-1.28901,51.36813],[-1.28898,51.36809],[-1.28897,51.36808],[-1.28895,51.36806],[-1.28892,51.36806],[-1.28889,51.36806],[-1.28886,51.36806],[-1.28883,51.36806],[-1.28878,51.36805],[-1.28874,51.36805],[-1.28871,51.36804],[-1.28868,51.36804],[-1.28865,51.36804],[-1.28863,51.36805],[-1.2886,51.36805],[-1.28858,51.36806],[-1.28856,51.36808],[-1.28853,51.36809],[-1.28849,51.36809],[-1.28845,51.36809],[-1.28841,51.36808],[-1.28836,51.36808],[-1.28833,51.36807],[-1.28828,51.36807],[-1.28823,51.36807],[-1.28816,51.36806],[-1.28811,51.36806],[-1.28806,51.36806],[-1.28802,51.36806],[-1.28799,51.36806],[-1.28795,51.36808],[-1.28792,51.36808],[-1.28788,51.3681],[-1.28785,51.3681],[-1.28781,51.36811],[-1.28776,51.36813],[-1.28767,51.36815],[-1.2876,51.36819]]},"properties":{"k":"stream","name":""}},{"type":"Feature","geometry":{"type":"LineString","coordinates":[[-1.29681,51.3623],[-1.29665,51.36235]]},"properties":{"k":"stream","name":""}},{"type":"Feature","geometry":{"type":"LineString","coordinates":[[-1.07784,51.35549],[-1.0777,51.35534],[-1.07722,51.35497],[-1.07691,51.35483],[-1.07651,51.35469],[-1.07614,51.35453],[-1.0759,51.35439],[-1.07583,51.35433],[-1.07584,51.35428],[-1.07597,51.35406],[-1.07603,51.35401],[-1.07603,51.35398],[-1.0759,51.35388],[-1.0758,51.35381],[-1.07576,51.35373],[-1.07575,51.35372],[-1.07564,51.35375],[-1.07561,51.35376],[-1.07559,51.35375],[-1.07557,51.35371],[-1.07556,51.35367]]},"properties":{"k":"stream","name":""}},{"type":"Feature","geometry":{"type":"LineString","coordinates":[[-1.07551,51.35364],[-1.07538,51.35352],[-1.07516,51.35333],[-1.075,51.35333],[-1.07478,51.35328],[-1.07467,51.35322],[-1.07461,51.35318]]},"properties":{"k":"stream","name":""}},{"type":"Feature","geometry":{"type":"LineString","coordinates":[[-1.07556,51.35367],[-1.07551,51.35364]]},"properties":{"k":"stream","name":""}},{"type":"Feature","geometry":{"type":"LineString","coordinates":[[-1.07925,51.35646],[-1.07919,51.3564],[-1.07921,51.35633],[-1.0792,51.3563],[-1.07899,51.35617],[-1.07876,51.35606],[-1.07858,51.35605],[-1.07847,51.356],[-1.07841,51.35591],[-1.0783,51.35582],[-1.07819,51.35574],[-1.07803,51.35561]]},"properties":{"k":"stream","name":""}},{"type":"Feature","geometry":{"type":"LineString","coordinates":[[-1.07803,51.35561],[-1.07784,51.35549]]},"properties":{"k":"stream","name":""}},{"type":"Feature","geometry":{"type":"LineString","coordinates":[[-1.07805,51.35527],[-1.07763,51.35493],[-1.07726,51.35468],[-1.07694,51.35446],[-1.0768,51.35432],[-1.07669,51.35418],[-1.07624,51.35407],[-1.07576,51.35373]]},"properties":{"k":"stream","name":""}},{"type":"Feature","geometry":{"type":"LineString","coordinates":[[-1.07319,51.35234],[-1.07315,51.35231]]},"properties":{"k":"stream","name":""}},{"type":"Feature","geometry":{"type":"LineString","coordinates":[[-1.07234,51.35177],[-1.0722,51.3517],[-1.0719,51.35153],[-1.07157,51.35132],[-1.07135,51.35115],[-1.07103,51.35088],[-1.07086,51.35079],[-1.07074,51.35064],[-1.07057,51.35056],[-1.07053,51.35049],[-1.07051,51.35042],[-1.0705,51.35037],[-1.07047,51.35035],[-1.07017,51.35035],[-1.06999,51.35033],[-1.06969,51.35026],[-1.06742,51.34973],[-1.06716,51.34967]]},"properties":{"k":"stream","name":""}},{"type":"Feature","geometry":{"type":"LineString","coordinates":[[-1.08678,51.34956],[-1.08627,51.34932],[-1.08563,51.34918],[-1.08486,51.34904],[-1.08473,51.34876],[-1.08418,51.34868],[-1.08338,51.34882],[-1.08205,51.34885],[-1.08099,51.34886],[-1.08029,51.34917],[-1.07958,51.34915],[-1.07913,51.34923],[-1.07787,51.34911],[-1.07681,51.34905],[-1.07583,51.34896],[-1.0756,51.34889]]},"properties":{"k":"stream","name":"Silchester Brook"}},{"type":"Feature","geometry":{"type":"LineString","coordinates":[[-1.0756,51.34889],[-1.07549,51.34886]]},"properties":{"k":"stream","name":"Silchester Brook"}},{"type":"Feature","geometry":{"type":"LineString","coordinates":[[-1.07263,51.35193],[-1.07234,51.35177]]},"properties":{"k":"stream","name":""}},{"type":"Feature","geometry":{"type":"LineString","coordinates":[[-1.08086,51.35384],[-1.08028,51.35362],[-1.08006,51.35351],[-1.07938,51.35327],[-1.07898,51.35316],[-1.07868,51.35312],[-1.07849,51.35306],[-1.07802,51.35287],[-1.07709,51.35249],[-1.07668,51.35235],[-1.07779,51.35082],[-1.07772,51.35077],[-1.07742,51.35073],[-1.07726,51.35073],[-1.07713,51.3507],[-1.07662,51.35069],[-1.0764,51.35068],[-1.07617,51.35064],[-1.07593,51.35059],[-1.0756,51.35055],[-1.07441,51.35032]]},"properties":{"k":"stream","name":""}},{"type":"Feature","geometry":{"type":"LineString","coordinates":[[-1.0852,51.35411],[-1.08514,51.35408],[-1.08513,51.354],[-1.08518,51.35392],[-1.08524,51.35388],[-1.0853,51.35356],[-1.08526,51.35353],[-1.08529,51.35344],[-1.08535,51.35339],[-1.08544,51.35336],[-1.0855,51.3533],[-1.08554,51.35323],[-1.08525,51.35299],[-1.08513,51.35283],[-1.08508,51.3527],[-1.08509,51.3525],[-1.08511,51.35234],[-1.08509,51.35223],[-1.0851,51.35222],[-1.08514,51.35218],[-1.0852,51.35191],[-1.08522,51.35168],[-1.08512,51.3517],[-1.08498,51.35174],[-1.08492,51.35173],[-1.08488,51.3517],[-1.08484,51.35164],[-1.0847,51.35138],[-1.08464,51.35121],[-1.08464,51.35113],[-1.08472,51.35106],[-1.08485,51.35091],[-1.08493,51.35086],[-1.08494,51.35083],[-1.08481,51.35059],[-1.08465,51.35038],[-1.08452,51.35018],[-1.08442,51.35006],[-1.08429,51.34993],[-1.08441,51.34972],[-1.08446,51.34953],[-1.08453,51.34944],[-1.08457,51.34928],[-1.08463,51.34913]]},"properties":{"k":"stream","name":""}},{"type":"Feature","geometry":{"type":"LineString","coordinates":[[-1.08465,51.34906],[-1.08467,51.34901],[-1.08472,51.34893],[-1.08473,51.34876]]},"properties":{"k":"stream","name":""}},{"type":"Feature","geometry":{"type":"LineString","coordinates":[[-1.08463,51.34913],[-1.08465,51.34906]]},"properties":{"k":"stream","name":""}},{"type":"Feature","geometry":{"type":"LineString","coordinates":[[-1.06839,51.34816],[-1.06804,51.34808]]},"properties":{"k":"stream","name":""}},{"type":"Feature","geometry":{"type":"LineString","coordinates":[[-1.07293,51.34902],[-1.0705,51.34843],[-1.07042,51.34866],[-1.06839,51.34816]]},"properties":{"k":"stream","name":""}},{"type":"Feature","geometry":{"type":"LineString","coordinates":[[-1.07441,51.35032],[-1.07293,51.34902]]},"properties":{"k":"stream","name":""}},{"type":"Feature","geometry":{"type":"LineString","coordinates":[[-1.08744,51.3586],[-1.08713,51.35884],[-1.0867,51.35918],[-1.08624,51.3596],[-1.08574,51.35995],[-1.08539,51.36026],[-1.0851,51.36045],[-1.08479,51.36068],[-1.08461,51.36079],[-1.08442,51.36083],[-1.08431,51.36083],[-1.08376,51.3608],[-1.08294,51.36063],[-1.08243,51.36056]]},"properties":{"k":"stream","name":""}},{"type":"Feature","geometry":{"type":"LineString","coordinates":[[-1.07483,51.35857],[-1.07424,51.3585],[-1.07388,51.35847],[-1.07336,51.35848],[-1.07284,51.35847],[-1.07269,51.35841],[-1.0721,51.35846],[-1.07174,51.35847],[-1.07148,51.35845],[-1.07122,51.35839],[-1.0711,51.35839],[-1.07082,51.35857],[-1.07046,51.35885],[-1.07008,51.35915]]},"properties":{"k":"stream","name":""}},{"type":"Feature","geometry":{"type":"LineString","coordinates":[[-1.07502,51.35857],[-1.07483,51.35857]]},"properties":{"k":"stream","name":""}},{"type":"Feature","geometry":{"type":"LineString","coordinates":[[-1.07539,51.35828],[-1.0752,51.35835],[-1.07502,51.35857]]},"properties":{"k":"stream","name":""}},{"type":"Feature","geometry":{"type":"LineString","coordinates":[[-1.07999,51.35982],[-1.07933,51.35951],[-1.0785,51.3592],[-1.07761,51.35883],[-1.07677,51.35853],[-1.07658,51.35845]]},"properties":{"k":"stream","name":""}},{"type":"Feature","geometry":{"type":"LineString","coordinates":[[-1.08243,51.36056],[-1.08101,51.36021],[-1.07999,51.35982]]},"properties":{"k":"stream","name":""}},{"type":"Feature","geometry":{"type":"LineString","coordinates":[[-1.07614,51.35829],[-1.07599,51.35825],[-1.07577,51.35825],[-1.07539,51.35828]]},"properties":{"k":"stream","name":""}},{"type":"Feature","geometry":{"type":"LineString","coordinates":[[-1.08524,51.35435],[-1.08525,51.35434],[-1.08535,51.35429],[-1.08532,51.35422]]},"properties":{"k":"stream","name":""}},{"type":"Feature","geometry":{"type":"LineString","coordinates":[[-1.08114,51.35388],[-1.08086,51.35384]]},"properties":{"k":"stream","name":""}},{"type":"Feature","geometry":{"type":"LineString","coordinates":[[-1.15771,51.36871],[-1.15776,51.36867],[-1.15778,51.36865],[-1.1578,51.36862],[-1.1578,51.36857],[-1.15778,51.36851],[-1.15775,51.36844],[-1.15771,51.36839],[-1.15766,51.36836],[-1.15758,51.36834],[-1.15751,51.36833],[-1.15737,51.36829],[-1.15733,51.36827],[-1.15725,51.36821],[-1.15721,51.36816],[-1.15716,51.36808],[-1.1571,51.36804],[-1.15703,51.368],[-1.15688,51.36795],[-1.15671,51.36791],[-1.15659,51.36792],[-1.1564,51.36793],[-1.15629,51.36792]]},"properties":{"k":"ditch","name":""}},{"type":"Feature","geometry":{"type":"LineString","coordinates":[[-0.94696,51.28561],[-0.94685,51.28576],[-0.94658,51.286],[-0.94626,51.28623],[-0.94587,51.28647],[-0.9448,51.28705],[-0.9445,51.28726],[-0.94419,51.28741],[-0.94372,51.2875]]},"properties":{"k":"ditch","name":""}},{"type":"Feature","geometry":{"type":"LineString","coordinates":[[-0.95211,51.28174],[-0.95202,51.28188],[-0.95185,51.28204],[-0.9516,51.28239],[-0.95144,51.28255],[-0.95094,51.28282],[-0.95058,51.28323],[-0.95056,51.28325]]},"properties":{"k":"ditch","name":""}},{"type":"Feature","geometry":{"type":"LineString","coordinates":[[-0.9504,51.28341],[-0.95034,51.28346]]},"properties":{"k":"ditch","name":""}},{"type":"Feature","geometry":{"type":"LineString","coordinates":[[-0.95056,51.28325],[-0.95047,51.28333]]},"properties":{"k":"ditch","name":""}},{"type":"Feature","geometry":{"type":"LineString","coordinates":[[-0.95034,51.28346],[-0.95031,51.28351],[-0.95014,51.28372],[-0.94973,51.28396],[-0.94905,51.28422],[-0.94893,51.28434]]},"properties":{"k":"ditch","name":""}},{"type":"Feature","geometry":{"type":"LineString","coordinates":[[-0.95047,51.28333],[-0.9504,51.28341]]},"properties":{"k":"ditch","name":""}},{"type":"Feature","geometry":{"type":"LineString","coordinates":[[-0.94733,51.28536],[-0.94696,51.28561]]},"properties":{"k":"ditch","name":""}},{"type":"Feature","geometry":{"type":"LineString","coordinates":[[-0.94792,51.28484],[-0.94781,51.28496],[-0.94771,51.28502]]},"properties":{"k":"ditch","name":""}},{"type":"Feature","geometry":{"type":"LineString","coordinates":[[-0.94818,51.2848],[-0.94792,51.28484]]},"properties":{"k":"ditch","name":""}},{"type":"Feature","geometry":{"type":"LineString","coordinates":[[-0.94835,51.28448],[-0.94818,51.2848]]},"properties":{"k":"ditch","name":""}},{"type":"Feature","geometry":{"type":"LineString","coordinates":[[-0.94893,51.28434],[-0.94835,51.28448]]},"properties":{"k":"ditch","name":""}},{"type":"Feature","geometry":{"type":"LineString","coordinates":[[-0.94144,51.35562],[-0.94149,51.35581]]},"properties":{"k":"river","name":"River Whitewater"}},{"type":"Feature","geometry":{"type":"LineString","coordinates":[[-0.94136,51.35548],[-0.94113,51.35559]]},"properties":{"k":"river","name":"River Whitewater"}},{"type":"Feature","geometry":{"type":"LineString","coordinates":[[-0.94061,51.35502],[-0.94069,51.35511],[-0.94053,51.35513],[-0.94027,51.35523],[-0.94016,51.35535],[-0.94035,51.35558],[-0.94077,51.35557],[-0.94098,51.35556],[-0.94113,51.35559],[-0.94121,51.35576],[-0.9413,51.35616],[-0.94143,51.3565],[-0.94148,51.35674],[-0.94123,51.35704],[-0.94102,51.3573],[-0.94096,51.35755],[-0.9408,51.35789],[-0.94048,51.35844],[-0.94048,51.35879],[-0.94026,51.35902],[-0.93969,51.35938],[-0.93958,51.3595],[-0.93928,51.35984],[-0.93895,51.36004],[-0.93886,51.3602],[-0.93883,51.36025],[-0.93882,51.3604],[-0.93899,51.36098],[-0.93945,51.36189],[-0.93961,51.36207],[-0.93975,51.36215],[-0.93985,51.36217],[-0.93997,51.36219],[-0.94004,51.36226],[-0.94005,51.36239],[-0.93997,51.36253],[-0.93971,51.36281],[-0.93958,51.36301],[-0.93917,51.36317]]},"properties":{"k":"river","name":"River Whitewater"}},{"type":"Feature","geometry":{"type":"LineString","coordinates":[[-0.94091,51.35437],[-0.9412,51.35503],[-0.9413,51.35537],[-0.94136,51.35548],[-0.94144,51.35562]]},"properties":{"k":"river","name":"River Whitewater"}},{"type":"Feature","geometry":{"type":"LineString","coordinates":[[-0.94749,51.28521],[-0.94733,51.28536]]},"properties":{"k":"ditch","name":""}},{"type":"Feature","geometry":{"type":"LineString","coordinates":[[-0.94771,51.28502],[-0.94749,51.28521]]},"properties":{"k":"ditch","name":""}},{"type":"Feature","geometry":{"type":"LineString","coordinates":[[-1.18512,51.37939],[-1.18506,51.37942],[-1.1849,51.37949],[-1.18461,51.37963],[-1.1844,51.37973],[-1.1843,51.37979],[-1.18427,51.37981],[-1.18426,51.37983],[-1.18426,51.37986],[-1.18427,51.37989],[-1.1843,51.37993],[-1.18432,51.37997],[-1.18434,51.38003],[-1.18436,51.3801],[-1.18438,51.38018],[-1.18441,51.38037],[-1.18444,51.38058],[-1.18445,51.38074],[-1.18445,51.38077],[-1.18443,51.38081]]},"properties":{"k":"stream","name":""}},{"type":"Feature","geometry":{"type":"LineString","coordinates":[[-1.19148,51.37683],[-1.19119,51.37683],[-1.19084,51.37684],[-1.19065,51.37684],[-1.19054,51.37685],[-1.19043,51.37686],[-1.19028,51.37689],[-1.19016,51.3769],[-1.19004,51.3769],[-1.18989,51.37692],[-1.1897,51.37695],[-1.18951,51.37701],[-1.18936,51.37706],[-1.18926,51.3771],[-1.18914,51.37717],[-1.18907,51.3772],[-1.18902,51.37725],[-1.18893,51.37729],[-1.18881,51.37733],[-1.18867,51.37738],[-1.1885,51.37744],[-1.18835,51.37751],[-1.18818,51.3776],[-1.188,51.37769],[-1.18784,51.37778],[-1.18774,51.37784],[-1.18763,51.37792],[-1.18751,51.378],[-1.18739,51.37806],[-1.18729,51.37814],[-1.18699,51.37847],[-1.18678,51.37868],[-1.18663,51.37882],[-1.18654,51.37889],[-1.18648,51.37894],[-1.18647,51.37897],[-1.18648,51.37901],[-1.18649,51.37906],[-1.18647,51.37909],[-1.18637,51.37914],[-1.18625,51.37919],[-1.18615,51.37923],[-1.186,51.37928],[-1.18584,51.3793],[-1.1857,51.37931],[-1.18558,51.37933],[-1.18551,51.37934],[-1.18546,51.37935]]},"properties":{"k":"stream","name":""}},{"type":"Feature","geometry":{"type":"LineString","coordinates":[[-1.18824,51.36105],[-1.18826,51.36102],[-1.18831,51.36097],[-1.18834,51.36094],[-1.18836,51.3609],[-1.18838,51.36085],[-1.18838,51.36081],[-1.18838,51.36075],[-1.18838,51.36071],[-1.18838,51.36067],[-1.18838,51.36063],[-1.18839,51.36062],[-1.18846,51.36055],[-1.18861,51.36041],[-1.18871,51.36031],[-1.18876,51.36025],[-1.18881,51.36014],[-1.18884,51.36008],[-1.18884,51.36004],[-1.18884,51.36001],[-1.18883,51.35999],[-1.18881,51.35998],[-1.18878,51.35996],[-1.18875,51.35992],[-1.18874,51.3599],[-1.18874,51.35987],[-1.18875,51.35985],[-1.18888,51.35966],[-1.18895,51.35958],[-1.1891,51.35944],[-1.18923,51.35933],[-1.1893,51.35928],[-1.18959,51.35913],[-1.19008,51.35889],[-1.19039,51.35874],[-1.19051,51.35867],[-1.19056,51.35863],[-1.19074,51.35846],[-1.19094,51.35825],[-1.19101,51.35819],[-1.19106,51.35812],[-1.19107,51.3581],[-1.19107,51.35805],[-1.19107,51.35798],[-1.19107,51.35794],[-1.19111,51.35787],[-1.19127,51.35774],[-1.19143,51.35761],[-1.1916,51.35751],[-1.19181,51.35745],[-1.19221,51.35739],[-1.19232,51.35738],[-1.1924,51.35737],[-1.19245,51.35737],[-1.19252,51.35735],[-1.19257,51.35734],[-1.1926,51.35732],[-1.19264,51.35729],[-1.19269,51.35725],[-1.19273,51.35722],[-1.1928,51.35718],[-1.19285,51.35716],[-1.19297,51.35714],[-1.19314,51.3571],[-1.19326,51.35706],[-1.19331,51.35704],[-1.19336,51.357],[-1.19342,51.35696],[-1.19344,51.35694],[-1.19344,51.35692],[-1.19344,51.3569],[-1.19343,51.35688],[-1.19343,51.35686],[-1.19344,51.35684],[-1.19345,51.35682],[-1.19347,51.35682],[-1.19352,51.3568],[-1.19353,51.35678],[-1.19353,51.35676],[-1.19351,51.35673],[-1.19348,51.35671],[-1.19347,51.3567],[-1.19346,51.35667],[-1.19345,51.35661],[-1.19345,51.3565],[-1.19345,51.35647],[-1.19346,51.35645],[-1.19349,51.35643],[-1.19367,51.35634],[-1.19376,51.35629],[-1.19383,51.35626],[-1.19388,51.35625],[-1.19395,51.35624],[-1.19406,51.35623],[-1.1943,51.35622],[-1.19461,51.3562],[-1.19476,51.3562],[-1.19485,51.35619],[-1.19489,51.35618],[-1.19493,51.35616],[-1.19504,51.35611],[-1.19513,51.35606],[-1.19519,51.35603],[-1.19522,51.35602],[-1.19526,51.35602],[-1.1953,51.35603],[-1.19533,51.35605],[-1.1954,51.35608],[-1.19546,51.3561],[-1.1955,51.35611],[-1.19555,51.35611],[-1.19562,51.35611],[-1.19573,51.35611],[-1.19588,51.35611],[-1.19604,51.35611],[-1.19624,51.35611],[-1.19646,51.35613],[-1.1967,51.35615],[-1.19682,51.35616],[-1.1969,51.35617],[-1.19702,51.35617],[-1.19709,51.35617],[-1.19713,51.35617],[-1.19716,51.35616],[-1.19718,51.35615],[-1.19719,51.35613],[-1.19721,51.3561],[-1.19723,51.35606],[-1.19725,51.35603],[-1.19728,51.35597],[-1.1973,51.35594],[-1.19733,51.35592],[-1.19735,51.3559],[-1.19737,51.35588]]},"properties":{"k":"stream","name":""}},{"type":"Feature","geometry":{"type":"LineString","coordinates":[[-1.19425,51.34188],[-1.19421,51.34192],[-1.19413,51.34198],[-1.19372,51.34231],[-1.1935,51.34246],[-1.19347,51.34249],[-1.19346,51.34254],[-1.19345,51.34256],[-1.19342,51.34259],[-1.19338,51.34262],[-1.19333,51.34265],[-1.19325,51.34274],[-1.1931,51.34289],[-1.1929,51.34313],[-1.19278,51.34326],[-1.19269,51.34337],[-1.19266,51.34341],[-1.19265,51.34345],[-1.19263,51.34351],[-1.19261,51.34357],[-1.19254,51.34365],[-1.19244,51.34382],[-1.19239,51.34388],[-1.19228,51.344],[-1.19221,51.34407],[-1.19209,51.3442],[-1.19198,51.34431],[-1.19183,51.34445],[-1.19166,51.3446],[-1.19156,51.3447],[-1.19139,51.34485],[-1.19133,51.34491],[-1.19125,51.34496],[-1.1912,51.34498],[-1.19109,51.34502],[-1.19101,51.34504],[-1.19096,51.34506],[-1.1909,51.3451],[-1.19083,51.34515],[-1.19078,51.34519],[-1.19071,51.34526],[-1.19064,51.34534],[-1.19057,51.34539],[-1.19043,51.34549],[-1.19037,51.34553],[-1.19031,51.34557],[-1.19026,51.34562],[-1.1902,51.3457],[-1.19015,51.34578],[-1.19006,51.34588],[-1.18999,51.34595],[-1.1899,51.34604],[-1.18982,51.34609],[-1.18971,51.34618],[-1.18967,51.34621],[-1.18964,51.34624],[-1.18963,51.34628],[-1.1896,51.3463],[-1.18952,51.34634],[-1.18946,51.34637],[-1.18939,51.34641],[-1.18936,51.34645],[-1.18935,51.34649],[-1.18935,51.34656],[-1.18934,51.34661],[-1.18933,51.34665],[-1.18932,51.34671],[-1.18931,51.34678],[-1.18929,51.34685],[-1.18926,51.34691],[-1.1892,51.34697],[-1.18912,51.34702],[-1.18906,51.34705],[-1.18899,51.34709],[-1.18892,51.34714],[-1.18886,51.34719],[-1.18879,51.34725],[-1.18871,51.34729],[-1.18845,51.34748],[-1.18836,51.34754],[-1.18832,51.34757],[-1.18827,51.34758],[-1.18817,51.34759],[-1.18809,51.34761],[-1.18804,51.34764],[-1.18801,51.34768],[-1.188,51.34772],[-1.18798,51.34776],[-1.18792,51.34783],[-1.18785,51.34788],[-1.18776,51.34792],[-1.18765,51.34797],[-1.18755,51.348],[-1.18747,51.34801],[-1.1874,51.34804],[-1.18733,51.34807],[-1.18726,51.34808],[-1.18717,51.34808],[-1.1871,51.34809],[-1.18704,51.3481],[-1.18701,51.34812],[-1.18697,51.34815],[-1.18695,51.3482],[-1.18695,51.34823],[-1.18696,51.34827],[-1.18698,51.34829],[-1.18703,51.34831],[-1.18708,51.34832],[-1.18714,51.34832],[-1.18718,51.34831],[-1.18721,51.34831],[-1.18727,51.3483],[-1.18732,51.34831],[-1.18735,51.34834],[-1.18735,51.34837],[-1.18734,51.34842],[-1.18733,51.34846],[-1.18732,51.34851],[-1.18732,51.34854],[-1.18732,51.34859],[-1.18732,51.34862],[-1.18733,51.34864],[-1.18736,51.34865],[-1.18739,51.34865],[-1.18743,51.34865],[-1.18748,51.34863],[-1.18753,51.3486],[-1.18758,51.34858],[-1.18762,51.34858],[-1.18768,51.34858],[-1.18773,51.34858],[-1.18777,51.3486],[-1.1878,51.34863],[-1.18784,51.34866],[-1.18784,51.34869],[-1.18784,51.34872],[-1.18782,51.34874],[-1.18779,51.34875],[-1.18777,51.34876],[-1.18776,51.34878],[-1.18776,51.3488],[-1.18779,51.34883],[-1.18782,51.34888],[-1.18783,51.34891],[-1.18783,51.34894],[-1.18783,51.34897],[-1.18782,51.34899],[-1.18779,51.349],[-1.18774,51.34901],[-1.1877,51.34902],[-1.18767,51.34904],[-1.18764,51.34907],[-1.18764,51.3491],[-1.18765,51.34912],[-1.1877,51.34913],[-1.18774,51.34913],[-1.18779,51.34913],[-1.18784,51.34914],[-1.18785,51.34916],[-1.18787,51.34917],[-1.1879,51.34917],[-1.18797,51.34917],[-1.18803,51.34917],[-1.18807,51.34916],[-1.18811,51.34916],[-1.18815,51.34917],[-1.18816,51.34919],[-1.18816,51.34921],[-1.18814,51.34924],[-1.18812,51.34926],[-1.1881,51.34928],[-1.1881,51.34931],[-1.1881,51.34933],[-1.18811,51.34935],[-1.18815,51.34938],[-1.1882,51.34941],[-1.18825,51.34942],[-1.1883,51.34942],[-1.18837,51.34941],[-1.18842,51.3494],[-1.18847,51.34939],[-1.18851,51.34939],[-1.18856,51.3494],[-1.1886,51.34941],[-1.18862,51.34943],[-1.18861,51.34946],[-1.18857,51.34948],[-1.18853,51.3495],[-1.18852,51.34952],[-1.18851,51.34955],[-1.18847,51.34956],[-1.18842,51.34956],[-1.18838,51.34953],[-1.18833,51.34951],[-1.18824,51.34949],[-1.18816,51.34949],[-1.18807,51.34951],[-1.18803,51.34953],[-1.18802,51.34954],[-1.18802,51.34957],[-1.18803,51.34959],[-1.18806,51.34962],[-1.18812,51.34963],[-1.18818,51.34966],[-1.18821,51.34968],[-1.18823,51.34971],[-1.18824,51.34974],[-1.18825,51.34978],[-1.18825,51.34986],[-1.18825,51.34989],[-1.18824,51.34992],[-1.18823,51.34996],[-1.18824,51.35],[-1.18827,51.35003],[-1.18832,51.35005],[-1.18838,51.35007],[-1.18844,51.35007],[-1.18849,51.35007],[-1.18853,51.35006],[-1.18856,51.35005],[-1.18859,51.35004],[-1.18862,51.35003],[-1.18867,51.35003],[-1.18873,51.35003],[-1.18877,51.35004],[-1.1888,51.35005],[-1.18883,51.35007],[-1.18884,51.35009],[-1.18885,51.35012],[-1.18887,51.35014],[-1.18888,51.35016],[-1.18888,51.35019],[-1.18886,51.35022],[-1.18886,51.35025],[-1.1889,51.35026],[-1.18898,51.35029],[-1.18911,51.35031],[-1.18918,51.35033],[-1.18921,51.35034],[-1.18924,51.35037],[-1.18927,51.3504],[-1.18928,51.35044],[-1.18927,51.35048],[-1.18927,51.35051],[-1.18929,51.35055],[-1.18931,51.35058],[-1.18933,51.3506],[-1.18936,51.35061],[-1.18943,51.35063],[-1.18949,51.35064],[-1.18958,51.35065],[-1.18967,51.35065],[-1.18973,51.35065],[-1.18978,51.35064],[-1.18984,51.35064],[-1.1899,51.35064],[-1.18994,51.35065],[-1.18996,51.35067],[-1.18998,51.35071],[-1.19001,51.35074],[-1.19002,51.35077],[-1.19004,51.3508],[-1.19007,51.35084],[-1.19009,51.35084],[-1.19015,51.35086],[-1.19022,51.35088],[-1.1903,51.3509],[-1.19039,51.35094],[-1.19049,51.35098],[-1.19058,51.35102],[-1.19067,51.35106],[-1.19073,51.35111],[-1.19078,51.35116],[-1.19082,51.35123],[-1.19083,51.35128],[-1.19082,51.35132],[-1.1908,51.35136],[-1.19077,51.35139],[-1.19073,51.35143],[-1.19071,51.35147],[-1.19068,51.35153],[-1.19067,51.35156],[-1.19067,51.3516],[-1.19068,51.35166],[-1.19069,51.3517],[-1.19072,51.35174],[-1.19077,51.3518],[-1.19082,51.35182],[-1.19088,51.35184],[-1.19094,51.35184],[-1.191,51.35187],[-1.19106,51.35189],[-1.19108,51.35191],[-1.19113,51.35194],[-1.19116,51.35197],[-1.19117,51.352],[-1.19117,51.35205],[-1.19116,51.3521],[-1.19115,51.35214],[-1.19115,51.35219],[-1.19115,51.35225],[-1.19116,51.35229],[-1.19118,51.35232],[-1.19123,51.35235],[-1.19129,51.35239],[-1.19134,51.3524],[-1.1914,51.35241],[-1.19148,51.35242],[-1.19155,51.35242],[-1.19161,51.35242],[-1.19166,51.35242],[-1.19172,51.35244],[-1.19176,51.35247],[-1.19178,51.3525],[-1.19182,51.35256],[-1.19184,51.35259],[-1.19186,51.35262],[-1.19191,51.35265],[-1.19196,51.35268],[-1.19201,51.35272],[-1.19206,51.35276],[-1.19211,51.35279],[-1.19216,51.35281],[-1.19222,51.35284],[-1.19229,51.35287],[-1.19231,51.35288],[-1.19235,51.35292],[-1.19238,51.35295],[-1.19242,51.35303],[-1.19246,51.35307],[-1.19247,51.3531],[-1.19249,51.35314],[-1.19253,51.35317],[-1.19256,51.3532],[-1.19262,51.35324],[-1.19271,51.35327],[-1.19277,51.3533],[-1.19281,51.35332],[-1.19285,51.35335],[-1.19286,51.35338],[-1.19288,51.35342],[-1.1929,51.35345],[-1.19294,51.35347],[-1.19296,51.35349],[-1.193,51.35353],[-1.19301,51.35356],[-1.19301,51.35358],[-1.19301,51.35361],[-1.19302,51.35365],[-1.19303,51.35367],[-1.19305,51.35372],[-1.19305,51.35374],[-1.19305,51.35377],[-1.19307,51.35382],[-1.19311,51.35386],[-1.19316,51.35391],[-1.19319,51.35395],[-1.19324,51.35399],[-1.19325,51.35402],[-1.19325,51.35405],[-1.19325,51.3541],[-1.19325,51.35414],[-1.19324,51.35417],[-1.19324,51.3542],[-1.19326,51.35423],[-1.19328,51.35425],[-1.19331,51.35427],[-1.19334,51.3543],[-1.19335,51.35433],[-1.19336,51.35437],[-1.19337,51.35442],[-1.1934,51.35448],[-1.19344,51.35452],[-1.19347,51.35457],[-1.19351,51.3546],[-1.19355,51.35464],[-1.19356,51.35468],[-1.19356,51.35471],[-1.19357,51.35474],[-1.1936,51.35476],[-1.19367,51.35482],[-1.19373,51.35486],[-1.19378,51.35491],[-1.19382,51.35493],[-1.19385,51.35495],[-1.19391,51.35497],[-1.19397,51.35498],[-1.19402,51.35498],[-1.19406,51.35497],[-1.19411,51.35496],[-1.19417,51.35496],[-1.19423,51.35497],[-1.19429,51.35497],[-1.19433,51.35496],[-1.19441,51.35494],[-1.19447,51.35493],[-1.19453,51.35492],[-1.19461,51.35493],[-1.1947,51.35494],[-1.1948,51.35495],[-1.19488,51.35496],[-1.19493,51.35497],[-1.19499,51.35498],[-1.19502,51.35497],[-1.19505,51.35495],[-1.19509,51.35495],[-1.19516,51.35496],[-1.19521,51.35497],[-1.19529,51.35497],[-1.19535,51.35497],[-1.19545,51.35498],[-1.19551,51.355],[-1.19553,51.35502],[-1.19554,51.35504],[-1.19556,51.35508],[-1.19559,51.35508],[-1.19563,51.35509]]},"properties":{"k":"stream","name":""}},{"type":"Feature","geometry":{"type":"LineString","coordinates":[[-1.19435,51.34179],[-1.19425,51.34188]]},"properties":{"k":"stream","name":""}},{"type":"Feature","geometry":{"type":"LineString","coordinates":[[-1.19242,51.32157],[-1.1921,51.32147],[-1.1918,51.32138],[-1.19149,51.32133],[-1.19137,51.32133],[-1.19129,51.32133],[-1.19124,51.32133],[-1.1912,51.32135],[-1.19114,51.32137],[-1.19044,51.3215],[-1.1897,51.32163],[-1.18899,51.32177],[-1.18828,51.32189],[-1.18776,51.32199],[-1.18747,51.32207],[-1.18689,51.32226],[-1.18679,51.32229],[-1.18673,51.3223]]},"properties":{"k":"stream","name":"Pugs Gully"}},{"type":"Feature","geometry":{"type":"LineString","coordinates":[[-0.85423,51.25465],[-0.85441,51.25464],[-0.85475,51.25481]]},"properties":{"k":"stream","name":""}},{"type":"Feature","geometry":{"type":"LineString","coordinates":[[-0.85411,51.25464],[-0.85423,51.25465]]},"properties":{"k":"stream","name":""}},{"type":"Feature","geometry":{"type":"LineString","coordinates":[[-1.26307,51.24504],[-1.26315,51.24505],[-1.26334,51.24508],[-1.26344,51.2451],[-1.26353,51.24512],[-1.26361,51.24512],[-1.26366,51.24513],[-1.26374,51.24512],[-1.26381,51.24511],[-1.26391,51.24509],[-1.264,51.24506],[-1.26408,51.24504],[-1.26417,51.24502],[-1.26433,51.24498],[-1.26442,51.24497],[-1.26448,51.24497],[-1.26454,51.24497],[-1.26461,51.24498],[-1.26467,51.245],[-1.26481,51.24503],[-1.26492,51.24505],[-1.265,51.24507],[-1.26507,51.24508],[-1.26514,51.24509],[-1.26519,51.24508],[-1.26524,51.24508],[-1.26528,51.24506],[-1.26534,51.24505],[-1.26538,51.24502]]},"properties":{"k":"stream","name":""}},{"type":"Feature","geometry":{"type":"LineString","coordinates":[[-1.26912,51.2452],[-1.2692,51.24517],[-1.26927,51.24512],[-1.26936,51.24509],[-1.26947,51.24506],[-1.26961,51.24502],[-1.26983,51.24493],[-1.27018,51.24471],[-1.27033,51.24462],[-1.2704,51.24456],[-1.27046,51.2445],[-1.2705,51.24443],[-1.27055,51.24439],[-1.27061,51.24436],[-1.27063,51.24435],[-1.2707,51.24432],[-1.27079,51.24427],[-1.27105,51.24409],[-1.27117,51.24401],[-1.27122,51.24397],[-1.27128,51.24394],[-1.27133,51.24393],[-1.27141,51.24392],[-1.27152,51.24392],[-1.27161,51.2439],[-1.27173,51.24387],[-1.27191,51.24383],[-1.27209,51.2438],[-1.27229,51.24375],[-1.27239,51.24372],[-1.27248,51.24371],[-1.27264,51.24372],[-1.27277,51.24373],[-1.2729,51.24375],[-1.27304,51.24379],[-1.27316,51.24382],[-1.27329,51.24388],[-1.27339,51.24393],[-1.27352,51.244],[-1.2736,51.24405],[-1.2737,51.24408],[-1.27383,51.24411],[-1.27397,51.24413],[-1.27413,51.24415],[-1.27428,51.24416],[-1.27447,51.24417],[-1.27463,51.24418],[-1.27477,51.24419]]},"properties":{"k":"stream","name":""}},{"type":"Feature","geometry":{"type":"LineString","coordinates":[[-0.89493,51.26772],[-0.89513,51.26801],[-0.89615,51.26871],[-0.89638,51.2688],[-0.89668,51.26888],[-0.89708,51.26901],[-0.89754,51.26912],[-0.89812,51.26925],[-0.89838,51.26934],[-0.89882,51.26949],[-0.89883,51.26952],[-0.89874,51.26962]]},"properties":{"k":"ditch","name":""}},{"type":"Feature","geometry":{"type":"LineString","coordinates":[[-1.07702,51.26641],[-1.07575,51.26635],[-1.07537,51.26636],[-1.0748,51.26644],[-1.07477,51.26644],[-1.07396,51.26686],[-1.07267,51.26683]]},"properties":{"k":"stream","name":"River Loddon"}},{"type":"Feature","geometry":{"type":"LineString","coordinates":[[-1.07046,51.26718],[-1.0699,51.26763]]},"properties":{"k":"stream","name":"River Loddon"}},{"type":"Feature","geometry":{"type":"LineString","coordinates":[[-1.06952,51.26778],[-1.06858,51.26791]]},"properties":{"k":"stream","name":"River Loddon"}},{"type":"Feature","geometry":{"type":"LineString","coordinates":[[-1.06724,51.26836],[-1.06649,51.26876]]},"properties":{"k":"stream","name":"River Loddon"}},{"type":"Feature","geometry":{"type":"LineString","coordinates":[[-0.95695,51.26327],[-0.95688,51.2633]]},"properties":{"k":"stream","name":""}},{"type":"Feature","geometry":{"type":"LineString","coordinates":[[-0.96759,51.26241],[-0.96754,51.2624],[-0.96684,51.2623],[-0.96564,51.26211],[-0.9644,51.26195],[-0.96397,51.26242],[-0.9631,51.26217]]},"properties":{"k":"stream","name":"Field drain"}},{"type":"Feature","geometry":{"type":"LineString","coordinates":[[-0.96883,51.26275],[-0.96822,51.2625],[-0.96785,51.26245]]},"properties":{"k":"stream","name":"Field drain"}},{"type":"Feature","geometry":{"type":"LineString","coordinates":[[-0.95301,51.26372],[-0.95269,51.26381]]},"properties":{"k":"river","name":"Mill Chase"}},{"type":"Feature","geometry":{"type":"LineString","coordinates":[[-0.95303,51.26375],[-0.95298,51.26385],[-0.95282,51.26389],[-0.95269,51.26385]]},"properties":{"k":"river","name":"Mill Pond Overflow"}},{"type":"Feature","geometry":{"type":"LineString","coordinates":[[-0.96785,51.26245],[-0.96759,51.26241]]},"properties":{"k":"stream","name":"Field drain"}},{"type":"Feature","geometry":{"type":"LineString","coordinates":[[-1.06106,51.29627],[-1.06084,51.29612]]},"properties":{"k":"stream","name":""}},{"type":"Feature","geometry":{"type":"LineString","coordinates":[[-1.06084,51.29612],[-1.06073,51.29605]]},"properties":{"k":"stream","name":""}},{"type":"Feature","geometry":{"type":"LineString","coordinates":[[-1.00664,51.27323],[-1.00647,51.27332],[-1.00637,51.27337],[-1.00616,51.27349],[-1.00598,51.27365],[-1.00566,51.27397],[-1.00547,51.27413],[-1.00533,51.27428],[-1.00525,51.2744],[-1.00511,51.27468],[-1.005,51.27483],[-1.00495,51.27494],[-1.00493,51.27504],[-1.00491,51.27512],[-1.00488,51.27517],[-1.00481,51.27521],[-1.00463,51.27528],[-1.00438,51.27538],[-1.00424,51.27541],[-1.00412,51.27541],[-1.0039,51.27539],[-1.00374,51.27537],[-1.00367,51.27537],[-1.00359,51.27539],[-1.00347,51.27545],[-1.00336,51.27551],[-1.00331,51.27558],[-1.0033,51.27566],[-1.00332,51.2758],[-1.00336,51.27606]]},"properties":{"k":"river","name":"River Lyde"}},{"type":"Feature","geometry":{"type":"LineString","coordinates":[[-1.00336,51.27606],[-1.0034,51.27631]]},"properties":{"k":"river","name":"River Lyde"}},{"type":"Feature","geometry":{"type":"LineString","coordinates":[[-1.26239,51.24509],[-1.26215,51.24514],[-1.26195,51.2452],[-1.26177,51.24532]]},"properties":{"k":"stream","name":""}},{"type":"Feature","geometry":{"type":"LineString","coordinates":[[-1.26211,51.24485],[-1.26239,51.24509]]},"properties":{"k":"stream","name":""}},{"type":"Feature","geometry":{"type":"LineString","coordinates":[[-1.26239,51.24509],[-1.26264,51.24507],[-1.26292,51.24504],[-1.26307,51.24504]]},"properties":{"k":"stream","name":""}},{"type":"Feature","geometry":{"type":"LineString","coordinates":[[-1.27018,51.24461],[-1.26953,51.24443],[-1.26947,51.24441],[-1.26927,51.24424]]},"properties":{"k":"ditch","name":""}},{"type":"Feature","geometry":{"type":"LineString","coordinates":[[-1.26945,51.24411],[-1.26927,51.24424],[-1.26922,51.24426],[-1.2691,51.24425],[-1.26906,51.24425],[-1.26902,51.24426]]},"properties":{"k":"ditch","name":""}},{"type":"Feature","geometry":{"type":"LineString","coordinates":[[-1.27092,51.24466],[-1.27082,51.24449],[-1.27075,51.24446],[-1.27069,51.24442],[-1.27063,51.24435]]},"properties":{"k":"stream","name":""}},{"type":"Feature","geometry":{"type":"LineString","coordinates":[[-1.27203,51.33989],[-1.27198,51.33995],[-1.27193,51.33999],[-1.27188,51.34005],[-1.27181,51.3401],[-1.27169,51.34017],[-1.27165,51.34021],[-1.27156,51.34031],[-1.27152,51.3404],[-1.2715,51.34044],[-1.27146,51.34047],[-1.2714,51.34052],[-1.27136,51.34055],[-1.27128,51.34058],[-1.27121,51.34062],[-1.27114,51.34063],[-1.2711,51.34065],[-1.27101,51.34065],[-1.27093,51.34065],[-1.27086,51.34064],[-1.27081,51.34062],[-1.27076,51.3406],[-1.2707,51.34057],[-1.27067,51.34056],[-1.27061,51.34055],[-1.27057,51.34054],[-1.27051,51.34054],[-1.27046,51.34054],[-1.27042,51.34056],[-1.27039,51.34059],[-1.27039,51.34061],[-1.2704,51.34064],[-1.2704,51.34065],[-1.27039,51.34067],[-1.27035,51.34069],[-1.27033,51.34071],[-1.2703,51.34072],[-1.27029,51.34074],[-1.2703,51.34075],[-1.2703,51.34077],[-1.2703,51.34079],[-1.27031,51.34082],[-1.27033,51.34083],[-1.27037,51.34085],[-1.27038,51.34087],[-1.27037,51.34089],[-1.27033,51.34091],[-1.27031,51.34092],[-1.27026,51.34093],[-1.27022,51.34094],[-1.27019,51.34094],[-1.27014,51.34095],[-1.27013,51.34096],[-1.27012,51.34098],[-1.27012,51.341],[-1.27011,51.34103],[-1.2701,51.34106],[-1.27008,51.34107],[-1.27006,51.3411],[-1.27004,51.34112],[-1.27003,51.34115],[-1.27004,51.34116],[-1.27006,51.34118],[-1.2701,51.34122],[-1.27011,51.34123],[-1.27012,51.34124],[-1.27011,51.34126],[-1.27008,51.34128],[-1.27006,51.3413],[-1.27004,51.34131],[-1.27001,51.34132],[-1.27,51.34134],[-1.26999,51.34136],[-1.26997,51.34137],[-1.26993,51.34139],[-1.2699,51.3414],[-1.26987,51.34142],[-1.26985,51.34144],[-1.26985,51.34147],[-1.26986,51.34149],[-1.26988,51.3415],[-1.2699,51.34152],[-1.26989,51.34156],[-1.26988,51.34159],[-1.26986,51.34163],[-1.26984,51.34167],[-1.26982,51.34171],[-1.2698,51.34175],[-1.2698,51.34178],[-1.26983,51.34181],[-1.26985,51.34183],[-1.26988,51.34185],[-1.2699,51.34187],[-1.26992,51.34191],[-1.26992,51.34193],[-1.26994,51.34197],[-1.26993,51.34199],[-1.26991,51.34201],[-1.2699,51.34203],[-1.26988,51.34205],[-1.26987,51.34209],[-1.26986,51.34212],[-1.26986,51.34215],[-1.26986,51.34219],[-1.26987,51.34221],[-1.26988,51.34224],[-1.26988,51.34228],[-1.26988,51.34232],[-1.26988,51.34234],[-1.26991,51.34237],[-1.26993,51.34238],[-1.26993,51.34239],[-1.26992,51.34241],[-1.2699,51.34241],[-1.26988,51.34242],[-1.26986,51.34244],[-1.26985,51.34247],[-1.26984,51.3425],[-1.26983,51.34253],[-1.26981,51.34257],[-1.26976,51.34261],[-1.2697,51.34267],[-1.26966,51.34273],[-1.26964,51.34276],[-1.26961,51.34278],[-1.26958,51.3428],[-1.26955,51.34282],[-1.26952,51.34284],[-1.2695,51.34286],[-1.26949,51.34287],[-1.26949,51.34289],[-1.26949,51.34292],[-1.26948,51.34294],[-1.26948,51.34295],[-1.26946,51.34297],[-1.26945,51.34299],[-1.26943,51.343],[-1.26942,51.34302],[-1.26941,51.34304],[-1.26939,51.34307],[-1.26939,51.3431],[-1.26937,51.34314],[-1.26936,51.34316],[-1.26934,51.34318],[-1.26931,51.34319],[-1.26929,51.3432],[-1.26926,51.34322],[-1.2692,51.34328],[-1.26912,51.34333],[-1.26906,51.34337],[-1.26904,51.34339],[-1.26903,51.34342],[-1.26901,51.34344],[-1.269,51.34346],[-1.26899,51.34348],[-1.26895,51.34354],[-1.26893,51.34358],[-1.2689,51.34361],[-1.26888,51.34363],[-1.26883,51.34365],[-1.2688,51.34367],[-1.26877,51.34369],[-1.26878,51.34371],[-1.26879,51.34372],[-1.26884,51.34373],[-1.26888,51.34375],[-1.26892,51.34377],[-1.26894,51.34379],[-1.26894,51.34381],[-1.26894,51.34384],[-1.26893,51.34386],[-1.26892,51.34389],[-1.2689,51.34391],[-1.26888,51.34392],[-1.26885,51.34393],[-1.26881,51.34393],[-1.26878,51.34393],[-1.26874,51.34393],[-1.26871,51.34394],[-1.26868,51.34395],[-1.26862,51.34396],[-1.26856,51.34398],[-1.2685,51.344],[-1.26845,51.34401],[-1.2684,51.34403],[-1.26837,51.34405],[-1.26835,51.34406],[-1.26834,51.34408],[-1.26833,51.34411],[-1.26832,51.34414],[-1.26832,51.34416],[-1.26831,51.34419],[-1.26831,51.34422],[-1.2683,51.34423],[-1.26829,51.34425],[-1.26827,51.34427],[-1.26827,51.34429],[-1.26828,51.34431],[-1.2683,51.34432],[-1.26834,51.34433],[-1.26838,51.34435],[-1.26844,51.34436],[-1.26846,51.34437],[-1.26848,51.34438],[-1.26848,51.3444],[-1.26847,51.34441],[-1.26845,51.34444],[-1.26838,51.34448],[-1.26833,51.34453],[-1.26828,51.34458],[-1.26826,51.3446],[-1.26826,51.34462],[-1.26827,51.34463],[-1.26829,51.34464],[-1.2683,51.34466],[-1.26829,51.34468],[-1.26827,51.34469],[-1.26825,51.34471],[-1.26824,51.34473],[-1.26823,51.34475],[-1.26823,51.34476],[-1.26826,51.34478],[-1.26828,51.3448],[-1.2683,51.34482],[-1.2683,51.34483],[-1.26829,51.34486],[-1.26827,51.34488],[-1.26826,51.34491],[-1.26826,51.34494],[-1.26827,51.34496],[-1.26826,51.34498],[-1.26826,51.345],[-1.26825,51.34502],[-1.26822,51.34504],[-1.26819,51.34506],[-1.26815,51.34507],[-1.26813,51.34508],[-1.26812,51.34509],[-1.26809,51.34511],[-1.26807,51.34513],[-1.26805,51.34514],[-1.26805,51.34516],[-1.26806,51.34518],[-1.26807,51.34519],[-1.26807,51.3452],[-1.26807,51.34522],[-1.26806,51.34523],[-1.26804,51.34524],[-1.268,51.34524],[-1.26797,51.34523],[-1.26793,51.34524],[-1.26791,51.34525],[-1.2679,51.34526],[-1.26789,51.34528],[-1.26789,51.34531],[-1.26788,51.34533],[-1.26787,51.34535],[-1.26786,51.34536],[-1.26784,51.34536],[-1.26782,51.34536],[-1.2678,51.34536],[-1.26776,51.34537],[-1.26774,51.34538],[-1.26772,51.3454],[-1.26771,51.34542],[-1.26771,51.34543],[-1.26771,51.34545],[-1.26772,51.34547],[-1.26774,51.34549],[-1.26776,51.3455],[-1.26778,51.34551],[-1.2678,51.34551],[-1.26783,51.3455],[-1.26785,51.34551],[-1.26787,51.34553],[-1.26788,51.34555],[-1.26788,51.34557],[-1.26787,51.34559],[-1.26785,51.34561],[-1.26782,51.34563],[-1.26779,51.34565],[-1.26777,51.34567],[-1.26777,51.3457],[-1.26776,51.34572],[-1.26776,51.34573],[-1.26774,51.34574],[-1.26773,51.34575],[-1.26772,51.34577],[-1.26771,51.34579],[-1.26771,51.34582],[-1.2677,51.34584],[-1.26765,51.34586],[-1.26761,51.34587],[-1.26758,51.34588],[-1.26756,51.3459],[-1.26755,51.34591],[-1.26754,51.34593],[-1.26756,51.34595],[-1.26758,51.34596],[-1.26759,51.34598],[-1.26759,51.346],[-1.26757,51.34602],[-1.26755,51.34604],[-1.26754,51.34606],[-1.26753,51.34608],[-1.26753,51.3461],[-1.26754,51.34612],[-1.26754,51.34613],[-1.26755,51.34616],[-1.26756,51.34618],[-1.26755,51.34621],[-1.26754,51.34622],[-1.26751,51.34623],[-1.26747,51.34625],[-1.26743,51.34626],[-1.26737,51.34626],[-1.26734,51.34627],[-1.26732,51.34628],[-1.2673,51.3463],[-1.26729,51.34631],[-1.26728,51.34633],[-1.26726,51.34633],[-1.26723,51.34634],[-1.26719,51.34635],[-1.26716,51.34636],[-1.26715,51.34637],[-1.26713,51.3464],[-1.26713,51.34643],[-1.26712,51.34644],[-1.26712,51.34646],[-1.2671,51.34647],[-1.26708,51.34647],[-1.26706,51.34647],[-1.26704,51.34647],[-1.26702,51.34647],[-1.267,51.34649],[-1.26699,51.34651],[-1.26697,51.34653],[-1.26693,51.34656],[-1.26691,51.34658],[-1.2669,51.3466],[-1.2669,51.34662],[-1.2669,51.34665],[-1.26691,51.34667],[-1.26691,51.34669],[-1.2669,51.34671],[-1.26688,51.34673],[-1.26687,51.34675],[-1.26686,51.34678],[-1.26685,51.34679],[-1.26683,51.34681],[-1.2668,51.34682],[-1.26678,51.34684],[-1.26676,51.34685],[-1.26674,51.34687],[-1.26674,51.34689],[-1.26675,51.34692],[-1.26676,51.34693],[-1.26677,51.34694],[-1.26677,51.34695],[-1.26675,51.34698],[-1.26674,51.34699],[-1.26669,51.34701],[-1.26665,51.34702],[-1.26662,51.34703],[-1.26657,51.34703],[-1.26654,51.34704],[-1.26649,51.34704],[-1.26647,51.34705],[-1.26644,51.34707],[-1.26641,51.3471],[-1.26638,51.34713],[-1.26636,51.34716],[-1.26637,51.34718],[-1.26639,51.3472],[-1.26641,51.34722],[-1.26644,51.34724],[-1.26646,51.34725],[-1.26648,51.34728],[-1.26649,51.34732],[-1.26648,51.34734],[-1.26646,51.34736],[-1.26643,51.34738],[-1.2664,51.34741],[-1.26639,51.34743],[-1.26639,51.34745],[-1.26641,51.34748],[-1.26643,51.3475],[-1.26645,51.34752],[-1.26645,51.34754],[-1.26645,51.34756],[-1.26643,51.34757],[-1.26642,51.34759],[-1.26638,51.3476],[-1.26634,51.34762],[-1.26629,51.34765],[-1.26625,51.34766],[-1.26624,51.34768],[-1.26623,51.3477],[-1.26623,51.34772],[-1.26624,51.34773],[-1.26625,51.34775],[-1.26626,51.34778],[-1.26625,51.3478],[-1.26624,51.34782],[-1.2662,51.34783],[-1.26616,51.34784],[-1.26613,51.34785],[-1.2661,51.34786],[-1.26608,51.34787],[-1.26606,51.34789],[-1.26605,51.34792],[-1.26603,51.34794],[-1.26601,51.34797],[-1.266,51.348],[-1.26599,51.34803],[-1.26599,51.34806],[-1.26599,51.34808],[-1.26597,51.34812],[-1.26595,51.34816],[-1.2659,51.34823],[-1.2658,51.34841],[-1.26576,51.34848],[-1.26571,51.34853],[-1.26566,51.34858],[-1.2656,51.34863],[-1.26557,51.34866],[-1.26555,51.34871],[-1.26555,51.34874],[-1.26555,51.34877],[-1.26555,51.34881],[-1.26555,51.34884],[-1.26554,51.34886],[-1.2655,51.3489],[-1.26548,51.34892],[-1.26544,51.34893],[-1.26541,51.34895],[-1.26539,51.34896],[-1.26537,51.34899],[-1.26536,51.34901],[-1.26535,51.34902],[-1.26532,51.34903],[-1.26528,51.34904],[-1.26521,51.34904],[-1.26517,51.34905],[-1.26512,51.34906],[-1.26507,51.34907],[-1.26503,51.34906],[-1.26502,51.34905],[-1.26501,51.34904],[-1.26501,51.34902],[-1.26502,51.34901],[-1.26504,51.34899],[-1.26504,51.34897],[-1.26503,51.34895],[-1.26502,51.34894],[-1.265,51.34894],[-1.26496,51.34894],[-1.26495,51.34895],[-1.26493,51.34897],[-1.26491,51.34902],[-1.26491,51.34906],[-1.2649,51.34909],[-1.26488,51.34912],[-1.26486,51.34915],[-1.26483,51.34919],[-1.26479,51.34926],[-1.26476,51.3493],[-1.26475,51.34932],[-1.26474,51.34935],[-1.26475,51.34939],[-1.26476,51.34942],[-1.26478,51.34944],[-1.2648,51.34945],[-1.26483,51.34947],[-1.26487,51.34948],[-1.26491,51.34949],[-1.26494,51.3495],[-1.26495,51.34951],[-1.26494,51.34954],[-1.26491,51.34957],[-1.2649,51.34958],[-1.26489,51.34963],[-1.26488,51.34965],[-1.26487,51.34966],[-1.26485,51.34967],[-1.26483,51.34967],[-1.2648,51.34967],[-1.26477,51.34968],[-1.26474,51.34972],[-1.26473,51.34975],[-1.26473,51.3498],[-1.26473,51.34985],[-1.26473,51.34988],[-1.26474,51.34991],[-1.26475,51.34995],[-1.26475,51.34997],[-1.26474,51.34999],[-1.26473,51.35001],[-1.26472,51.35003],[-1.26472,51.35005],[-1.26472,51.35007],[-1.26472,51.35009],[-1.26471,51.35012],[-1.2647,51.35013],[-1.2647,51.35014],[-1.2647,51.35016],[-1.26471,51.35017],[-1.26472,51.35019],[-1.26474,51.3502],[-1.26476,51.3502],[-1.26479,51.35021],[-1.26482,51.35021],[-1.26488,51.35022],[-1.26492,51.35024],[-1.26495,51.35025],[-1.26497,51.35027],[-1.26499,51.35029],[-1.265,51.35031],[-1.265,51.35033],[-1.265,51.35034],[-1.26499,51.35035],[-1.26497,51.35036],[-1.26495,51.35037],[-1.26493,51.35037],[-1.26491,51.35038],[-1.2649,51.35039],[-1.26489,51.35041],[-1.26489,51.35043],[-1.26489,51.35044],[-1.26491,51.35045],[-1.26494,51.35045],[-1.26497,51.35045],[-1.26499,51.35045],[-1.26502,51.35044],[-1.26505,51.35044],[-1.26509,51.35045],[-1.26512,51.35045],[-1.26514,51.35045],[-1.26517,51.35045],[-1.2652,51.35045],[-1.26523,51.35045],[-1.26526,51.35045],[-1.26528,51.35045],[-1.2653,51.35047],[-1.26531,51.35048],[-1.26532,51.3505],[-1.26534,51.35052],[-1.26535,51.35054],[-1.26536,51.35056],[-1.26539,51.35057],[-1.26542,51.35058],[-1.26545,51.35059],[-1.26548,51.35061],[-1.26551,51.35062],[-1.26553,51.35064],[-1.26556,51.35066],[-1.26559,51.35067],[-1.26563,51.35069],[-1.26566,51.3507],[-1.26568,51.35071],[-1.26568,51.35074],[-1.26567,51.35075],[-1.26566,51.35076],[-1.26563,51.35077],[-1.26561,51.35077],[-1.26556,51.35077],[-1.26553,51.35076],[-1.26549,51.35076],[-1.26546,51.35076],[-1.26544,51.35077],[-1.26542,51.35079],[-1.26542,51.35081],[-1.26542,51.35085],[-1.26542,51.3509],[-1.26543,51.35093],[-1.26544,51.35095],[-1.26546,51.35097],[-1.26548,51.35099],[-1.26552,51.35101],[-1.26556,51.35102],[-1.26558,51.35103],[-1.26559,51.35105],[-1.26559,51.35106],[-1.26558,51.35108],[-1.26557,51.35109],[-1.26556,51.35111],[-1.26557,51.35112],[-1.26558,51.35114],[-1.26561,51.35115],[-1.26565,51.35117],[-1.26568,51.3512],[-1.26571,51.35122],[-1.26574,51.35125],[-1.26577,51.35127],[-1.26579,51.35128],[-1.26581,51.35129],[-1.26583,51.35129],[-1.26584,51.35129],[-1.26585,51.35128],[-1.26585,51.35127],[-1.26585,51.35126],[-1.26584,51.35124],[-1.26583,51.35122],[-1.26583,51.3512],[-1.26584,51.35119],[-1.26588,51.35119],[-1.26592,51.35119],[-1.26597,51.3512],[-1.26603,51.35122],[-1.26609,51.35124],[-1.26613,51.35127],[-1.26616,51.35129],[-1.26618,51.35131],[-1.2662,51.35135],[-1.26621,51.35139],[-1.26621,51.35143],[-1.26621,51.35145],[-1.2662,51.35147],[-1.26618,51.35148],[-1.26616,51.35149],[-1.26612,51.35149],[-1.26609,51.35149],[-1.26607,51.3515],[-1.26606,51.35151],[-1.26606,51.35152],[-1.26607,51.35154],[-1.26609,51.35155],[-1.26611,51.35156],[-1.26614,51.35157],[-1.26617,51.35159],[-1.2662,51.35161],[-1.26622,51.35162],[-1.26626,51.35164],[-1.26629,51.35165],[-1.26635,51.35166],[-1.26641,51.35167],[-1.26647,51.35167],[-1.26651,51.35167],[-1.26655,51.35167],[-1.26658,51.35167],[-1.26661,51.35167],[-1.26662,51.35169],[-1.26663,51.3517],[-1.26663,51.35172],[-1.26662,51.35173],[-1.26659,51.35175],[-1.26655,51.35178],[-1.26653,51.3518],[-1.2665,51.35182],[-1.26649,51.35183],[-1.26649,51.35185],[-1.26649,51.35187],[-1.26651,51.35188],[-1.26654,51.35189],[-1.26656,51.3519],[-1.26659,51.35191],[-1.26663,51.35192],[-1.26666,51.35194],[-1.2667,51.35195],[-1.26674,51.35196],[-1.26675,51.35199],[-1.26676,51.352],[-1.26676,51.35202],[-1.26676,51.35204],[-1.26673,51.35206],[-1.26671,51.35208],[-1.26669,51.3521],[-1.26669,51.35213],[-1.2667,51.35216],[-1.26671,51.35218],[-1.26675,51.35221],[-1.26679,51.35223],[-1.26682,51.35224],[-1.26686,51.35225],[-1.26689,51.35225],[-1.26693,51.35226],[-1.26696,51.35226],[-1.26699,51.35226],[-1.267,51.35226],[-1.26701,51.35228],[-1.26702,51.35229],[-1.26701,51.35231],[-1.26701,51.35233],[-1.26699,51.35235],[-1.26697,51.35237],[-1.26696,51.35238],[-1.26693,51.35238],[-1.2669,51.35238],[-1.26685,51.35238],[-1.2668,51.35239],[-1.26674,51.3524],[-1.2667,51.35241],[-1.26667,51.35242],[-1.26663,51.35244],[-1.26662,51.35245],[-1.26661,51.35246],[-1.2666,51.35247],[-1.26662,51.35248],[-1.26663,51.35248],[-1.26666,51.35248],[-1.26669,51.35248],[-1.26673,51.35249],[-1.26675,51.35249],[-1.26675,51.35251],[-1.26675,51.35252],[-1.26674,51.35254],[-1.26673,51.35256],[-1.26672,51.35257],[-1.26671,51.35259],[-1.26671,51.3526],[-1.2667,51.35262],[-1.26671,51.35263],[-1.26671,51.35265],[-1.26672,51.35266],[-1.26673,51.35267],[-1.26673,51.35269],[-1.26671,51.35272],[-1.2667,51.35274],[-1.26666,51.35276],[-1.26665,51.35277],[-1.26665,51.3528],[-1.26666,51.35281],[-1.26668,51.35282],[-1.26672,51.35283],[-1.26678,51.35284],[-1.26681,51.35285],[-1.26683,51.35286],[-1.26686,51.35287],[-1.2669,51.35288],[-1.26695,51.35287],[-1.26699,51.35288],[-1.26702,51.35289],[-1.26705,51.3529],[-1.26706,51.35292],[-1.26706,51.35294],[-1.26705,51.35296],[-1.26705,51.35298],[-1.26707,51.353],[-1.2671,51.35302],[-1.26714,51.35302],[-1.26718,51.35303],[-1.26721,51.35305],[-1.26721,51.35307],[-1.26721,51.35308],[-1.26719,51.35311],[-1.26717,51.35314],[-1.26714,51.35315],[-1.2671,51.35316],[-1.26705,51.35316],[-1.26704,51.35316],[-1.26701,51.35315],[-1.26695,51.35312],[-1.26692,51.35312],[-1.2669,51.35313],[-1.26688,51.35314],[-1.26687,51.35315],[-1.26686,51.35317],[-1.26686,51.35318],[-1.26684,51.3532],[-1.26683,51.35322],[-1.26683,51.35324],[-1.26683,51.35327],[-1.26684,51.35328],[-1.26685,51.3533],[-1.26687,51.35332],[-1.2669,51.35334],[-1.26692,51.35335],[-1.26696,51.35335],[-1.26699,51.35334],[-1.26701,51.35333],[-1.26703,51.35333],[-1.26706,51.35333],[-1.26707,51.35334],[-1.26708,51.35335],[-1.26707,51.35337],[-1.26706,51.35339],[-1.26706,51.35341],[-1.26706,51.35343],[-1.26706,51.35344],[-1.26708,51.35346],[-1.2671,51.35346],[-1.26713,51.35346],[-1.26717,51.35345],[-1.26721,51.35344],[-1.26724,51.35344],[-1.2673,51.35345],[-1.26735,51.35348],[-1.26738,51.3535],[-1.26741,51.35352],[-1.26742,51.35354],[-1.26744,51.35356],[-1.26746,51.35358],[-1.26748,51.35359],[-1.26752,51.35361],[-1.26756,51.35363],[-1.2676,51.35363],[-1.26764,51.35363],[-1.26768,51.35363],[-1.2677,51.35362],[-1.26771,51.35362],[-1.26772,51.35361],[-1.26772,51.35359],[-1.26771,51.35358],[-1.26769,51.35356],[-1.26767,51.35355],[-1.26765,51.35353],[-1.26763,51.35351],[-1.26762,51.3535],[-1.26762,51.35348],[-1.26762,51.35346],[-1.26763,51.35344],[-1.26765,51.35343],[-1.26766,51.35342],[-1.26769,51.35341],[-1.26772,51.35341],[-1.26776,51.35342],[-1.26779,51.35344],[-1.26782,51.35345],[-1.26785,51.35347],[-1.26788,51.35347],[-1.26792,51.35348],[-1.26794,51.35347],[-1.26796,51.35346],[-1.26797,51.35345],[-1.26798,51.35343],[-1.26799,51.35341],[-1.268,51.35339],[-1.26801,51.35338],[-1.26802,51.35338],[-1.26805,51.35338],[-1.26808,51.35339],[-1.26811,51.35341],[-1.26813,51.35342],[-1.26815,51.35345],[-1.26817,51.35347],[-1.2682,51.35349],[-1.26822,51.35351],[-1.26825,51.35352],[-1.26828,51.35353],[-1.26831,51.35353],[-1.26833,51.35354],[-1.26834,51.35356],[-1.26835,51.35358],[-1.26834,51.3536],[-1.26834,51.35362],[-1.26832,51.35365],[-1.26831,51.35368],[-1.26831,51.35371],[-1.26832,51.35373],[-1.26833,51.35374],[-1.26835,51.35375],[-1.26838,51.35375],[-1.26839,51.35374],[-1.26843,51.35373],[-1.26847,51.35372],[-1.2685,51.35372],[-1.26854,51.35372],[-1.26861,51.35373],[-1.26867,51.35373],[-1.26872,51.35374],[-1.26875,51.35375],[-1.26879,51.35376],[-1.26882,51.35379],[-1.26884,51.35381],[-1.26885,51.35383],[-1.26885,51.35386],[-1.26886,51.35388],[-1.26887,51.3539],[-1.26889,51.35393],[-1.26891,51.35396],[-1.26893,51.35398],[-1.26896,51.354],[-1.26898,51.35402],[-1.26901,51.35402],[-1.26903,51.35402],[-1.26906,51.35401],[-1.26908,51.354],[-1.26909,51.35399],[-1.26909,51.35397],[-1.2691,51.35395],[-1.26911,51.35393],[-1.26912,51.35392],[-1.26914,51.35392],[-1.26917,51.35392],[-1.2692,51.35394],[-1.26922,51.35396],[-1.26923,51.35398],[-1.26924,51.35399],[-1.26926,51.35401],[-1.26928,51.35403],[-1.26932,51.35404],[-1.26935,51.35404],[-1.26937,51.35404],[-1.26938,51.35403],[-1.2694,51.35402],[-1.26941,51.354],[-1.26942,51.35399],[-1.26943,51.35397],[-1.26945,51.35396],[-1.2695,51.35396],[-1.26954,51.35396],[-1.26956,51.35398],[-1.26958,51.354],[-1.26958,51.35403],[-1.26958,51.35404],[-1.26956,51.35406],[-1.26955,51.35408],[-1.26953,51.3541],[-1.2695,51.35413],[-1.26949,51.35414],[-1.26949,51.35416],[-1.2695,51.35418],[-1.26952,51.35419],[-1.26954,51.3542],[-1.26957,51.35421],[-1.26961,51.35421],[-1.26965,51.35421],[-1.26967,51.3542],[-1.26968,51.35419],[-1.26971,51.35418],[-1.26975,51.35418],[-1.26978,51.35419],[-1.2698,51.3542],[-1.2698,51.35422],[-1.2698,51.35423],[-1.26978,51.35424],[-1.26977,51.35425],[-1.26974,51.35426],[-1.2697,51.35427],[-1.26968,51.35428],[-1.26968,51.35429],[-1.26968,51.35431],[-1.26968,51.35433],[-1.2697,51.35434],[-1.26973,51.35436],[-1.26976,51.35437],[-1.26982,51.35437],[-1.26987,51.35436],[-1.2699,51.35435],[-1.26994,51.35434],[-1.26999,51.35434],[-1.27003,51.35434],[-1.27007,51.35435],[-1.27011,51.35436],[-1.27014,51.35439],[-1.27016,51.35441],[-1.27017,51.35443],[-1.27017,51.35446],[-1.27017,51.35448],[-1.27016,51.35449],[-1.27014,51.35452],[-1.27012,51.35456],[-1.27011,51.35459],[-1.2701,51.35462],[-1.27011,51.35465],[-1.27011,51.35468],[-1.27011,51.35472],[-1.27012,51.35474],[-1.27013,51.35476],[-1.27015,51.35477],[-1.27019,51.35477],[-1.27022,51.35477],[-1.27026,51.35477],[-1.2703,51.35476],[-1.27034,51.35477],[-1.27036,51.35477],[-1.27038,51.35478],[-1.27039,51.35478],[-1.27043,51.35479],[-1.27045,51.35478],[-1.27047,51.35477],[-1.27048,51.35475],[-1.27048,51.35474],[-1.27048,51.35471],[-1.27049,51.35468],[-1.2705,51.35466],[-1.27052,51.35465],[-1.27054,51.35464],[-1.27057,51.35464],[-1.2706,51.35464],[-1.27063,51.35465],[-1.27066,51.35467],[-1.27067,51.35469],[-1.27067,51.35472],[-1.27067,51.35475],[-1.27067,51.35477],[-1.27067,51.3548],[-1.27069,51.35482],[-1.27071,51.35484],[-1.27074,51.35486],[-1.27075,51.35487],[-1.27074,51.35489],[-1.27074,51.35491],[-1.27072,51.35493],[-1.2707,51.35495],[-1.27067,51.35499],[-1.27065,51.35501],[-1.27065,51.35503],[-1.27065,51.35505],[-1.27066,51.35507],[-1.27068,51.35508],[-1.27071,51.3551],[-1.27074,51.35511],[-1.27077,51.35511],[-1.27079,51.35511],[-1.27082,51.35511],[-1.27084,51.3551],[-1.27087,51.35509],[-1.2709,51.35509],[-1.27092,51.3551],[-1.27094,51.35511],[-1.27097,51.35511],[-1.27099,51.35511],[-1.27101,51.3551],[-1.27101,51.35509],[-1.27103,51.35507],[-1.27104,51.35505],[-1.27106,51.35503],[-1.27107,51.35502],[-1.2711,51.355],[-1.27112,51.355],[-1.27115,51.355],[-1.27117,51.35501],[-1.27118,51.35502],[-1.27119,51.35503],[-1.2712,51.35505],[-1.27121,51.35508],[-1.27122,51.3551],[-1.27124,51.35512],[-1.27124,51.35515],[-1.27124,51.35518],[-1.27124,51.35519],[-1.27122,51.35521],[-1.27119,51.35522],[-1.27115,51.35522],[-1.27113,51.35521],[-1.27111,51.35521],[-1.27108,51.35521],[-1.27105,51.35521],[-1.27102,51.35522],[-1.271,51.35525],[-1.271,51.35528],[-1.271,51.3553],[-1.27101,51.35532],[-1.27102,51.35533],[-1.27104,51.35535],[-1.27105,51.35537],[-1.27105,51.35539],[-1.27104,51.3554],[-1.27103,51.35542],[-1.27101,51.35543],[-1.271,51.35545],[-1.271,51.35546],[-1.27102,51.35548],[-1.27105,51.35549],[-1.27109,51.35551],[-1.2711,51.35553],[-1.2711,51.35554],[-1.27108,51.35557],[-1.27105,51.35558],[-1.27101,51.35559],[-1.27098,51.35559],[-1.27094,51.3556],[-1.27089,51.3556],[-1.27086,51.35561],[-1.27083,51.35562],[-1.27081,51.35563],[-1.27081,51.35564],[-1.27081,51.35566],[-1.27082,51.35568],[-1.27082,51.3557],[-1.27083,51.35571],[-1.27082,51.35572],[-1.27081,51.35573],[-1.27079,51.35574],[-1.27078,51.35576],[-1.27079,51.35577],[-1.27081,51.35578],[-1.27084,51.35579],[-1.27087,51.35579],[-1.27089,51.35581],[-1.27088,51.35583],[-1.27086,51.35586],[-1.27086,51.35588],[-1.27088,51.35591],[-1.27093,51.35592],[-1.27098,51.35591],[-1.27102,51.35591],[-1.27108,51.35593],[-1.27114,51.35597],[-1.27117,51.35601],[-1.27122,51.35605],[-1.27125,51.35609],[-1.27129,51.35612],[-1.27134,51.35614],[-1.27139,51.35616],[-1.27144,51.35618],[-1.27149,51.3562],[-1.27152,51.35622],[-1.27154,51.35625],[-1.27157,51.35629],[-1.2716,51.35634],[-1.27164,51.35638],[-1.27168,51.35642],[-1.27172,51.35645],[-1.27176,51.35647],[-1.27183,51.35649],[-1.2719,51.35651],[-1.27194,51.35652],[-1.27199,51.35655],[-1.27203,51.35658],[-1.27203,51.35661],[-1.27205,51.35666],[-1.27206,51.35668],[-1.27208,51.35672],[-1.27211,51.35675],[-1.2722,51.35678],[-1.27224,51.35679],[-1.27229,51.35682],[-1.27233,51.35685],[-1.27236,51.35688],[-1.27238,51.35692],[-1.27239,51.35695],[-1.2724,51.35697],[-1.27242,51.35698],[-1.27244,51.35699],[-1.27247,51.35699],[-1.27248,51.35701],[-1.2725,51.35704],[-1.27253,51.35707],[-1.27255,51.35709],[-1.27257,51.35713],[-1.27259,51.35716],[-1.27261,51.35719],[-1.27263,51.3572],[-1.27267,51.3572],[-1.27272,51.35721],[-1.27273,51.35723],[-1.27273,51.35724],[-1.27274,51.35731],[-1.27275,51.35733],[-1.27278,51.35736],[-1.27281,51.35738],[-1.27285,51.35741],[-1.27286,51.35743],[-1.27285,51.35745],[-1.27282,51.35747],[-1.2728,51.3575],[-1.27278,51.35752],[-1.27277,51.35755],[-1.27278,51.35757],[-1.27281,51.3576],[-1.27283,51.35764],[-1.27287,51.35771],[-1.27289,51.35775],[-1.27291,51.3578],[-1.2729,51.35785],[-1.2729,51.35788],[-1.2729,51.3579],[-1.27291,51.35793],[-1.27294,51.35795],[-1.27295,51.35798],[-1.27295,51.35801],[-1.27292,51.35809],[-1.27291,51.3581],[-1.2729,51.35814],[-1.2729,51.35818],[-1.27292,51.35826],[-1.27293,51.3583],[-1.27294,51.35835],[-1.27296,51.3584],[-1.27298,51.35845],[-1.27299,51.35847],[-1.27303,51.3585],[-1.27306,51.35853],[-1.27313,51.35859],[-1.27317,51.35862],[-1.27322,51.35865],[-1.27326,51.3587],[-1.27327,51.35875],[-1.27328,51.3588],[-1.27328,51.35883],[-1.27326,51.35887],[-1.27324,51.3589],[-1.27317,51.35892],[-1.27313,51.35894],[-1.2731,51.35896],[-1.27307,51.35899],[-1.27307,51.35903],[-1.27309,51.35905],[-1.27311,51.35908],[-1.2731,51.3591],[-1.27308,51.35914],[-1.27306,51.35917],[-1.27305,51.3592],[-1.27303,51.35924],[-1.27301,51.35928],[-1.27297,51.35931],[-1.27295,51.35933],[-1.27293,51.35936],[-1.27292,51.35939],[-1.27292,51.35941],[-1.27292,51.35943],[-1.27289,51.35945],[-1.27287,51.35948],[-1.27286,51.3595],[-1.27288,51.35953],[-1.2729,51.35954],[-1.27292,51.35957],[-1.27292,51.3596],[-1.27291,51.35964],[-1.27292,51.35967],[-1.27293,51.35969],[-1.27296,51.35971],[-1.27302,51.35973],[-1.27305,51.35976],[-1.27305,51.3598],[-1.27305,51.35982],[-1.27302,51.35984],[-1.27299,51.35985],[-1.27294,51.35988],[-1.27288,51.35993],[-1.27285,51.35996],[-1.27286,51.35998],[-1.2729,51.36001],[-1.27294,51.36004],[-1.27297,51.36007],[-1.27295,51.3601],[-1.27289,51.36014],[-1.27285,51.36018],[-1.27282,51.3602],[-1.27279,51.36024],[-1.27278,51.36028],[-1.27279,51.3603],[-1.27281,51.36032],[-1.27283,51.36033],[-1.27289,51.36034],[-1.27294,51.36034],[-1.27297,51.36033],[-1.27301,51.36033],[-1.27307,51.36033],[-1.27311,51.36035],[-1.27321,51.36036],[-1.27329,51.36035],[-1.27333,51.36036],[-1.27337,51.36037],[-1.27341,51.3604],[-1.27344,51.36043],[-1.27346,51.36047],[-1.27345,51.36051],[-1.27339,51.36058],[-1.27333,51.36066],[-1.27329,51.3607],[-1.27326,51.36073],[-1.27326,51.36075],[-1.2733,51.36076],[-1.27334,51.36075],[-1.2734,51.36074],[-1.27344,51.36075],[-1.27346,51.36078],[-1.27348,51.36081],[-1.2735,51.36083],[-1.27354,51.36085],[-1.27358,51.36085],[-1.27361,51.36087],[-1.27364,51.3609],[-1.27368,51.36093],[-1.2737,51.36095],[-1.27374,51.36096],[-1.27379,51.36095],[-1.27382,51.36095],[-1.27386,51.36093],[-1.2739,51.36092],[-1.27395,51.36091],[-1.27398,51.36093],[-1.274,51.36097],[-1.274,51.36101],[-1.274,51.36106],[-1.27399,51.36109],[-1.27396,51.36113],[-1.27393,51.36115],[-1.2739,51.36117],[-1.27386,51.36121],[-1.27383,51.36123],[-1.27382,51.36125],[-1.27381,51.36127],[-1.27384,51.36131],[-1.27386,51.36134],[-1.27387,51.36137],[-1.27387,51.3614],[-1.27385,51.36143],[-1.27382,51.36145],[-1.27382,51.36147],[-1.27382,51.3615],[-1.27383,51.36153],[-1.27384,51.36157],[-1.27385,51.36161],[-1.27383,51.36165],[-1.27381,51.36168],[-1.27377,51.36172],[-1.2737,51.36175],[-1.27365,51.36178],[-1.2736,51.36179],[-1.27355,51.36182],[-1.27352,51.36184],[-1.2735,51.36187],[-1.2735,51.3619],[-1.27351,51.36194],[-1.27352,51.36196],[-1.27354,51.36199],[-1.27356,51.36201],[-1.27356,51.36204],[-1.27356,51.36206],[-1.27357,51.36209],[-1.27358,51.36211],[-1.27361,51.36211],[-1.27364,51.3621],[-1.27368,51.3621],[-1.2737,51.36213],[-1.27371,51.36217],[-1.27371,51.3622],[-1.2737,51.36225],[-1.2737,51.36229],[-1.27369,51.36232],[-1.27371,51.36237],[-1.27372,51.36239],[-1.27374,51.36241],[-1.27378,51.36243],[-1.27382,51.36243],[-1.27385,51.36244],[-1.2739,51.36244],[-1.27394,51.36246],[-1.27397,51.36248],[-1.27398,51.3625],[-1.27397,51.36253],[-1.27393,51.36255],[-1.2739,51.36257],[-1.27386,51.36259],[-1.27382,51.36261],[-1.27379,51.36265],[-1.27376,51.3627],[-1.27374,51.36275],[-1.27374,51.36279],[-1.27374,51.36282],[-1.27376,51.36286],[-1.27379,51.3629],[-1.27383,51.36293],[-1.27385,51.36297],[-1.27385,51.36302],[-1.27382,51.36305],[-1.2738,51.36307],[-1.27376,51.36309],[-1.27371,51.36311],[-1.27364,51.36317],[-1.27359,51.36319],[-1.27354,51.36321],[-1.27349,51.36325],[-1.27346,51.36326],[-1.27345,51.36329],[-1.27346,51.36332],[-1.27348,51.36335],[-1.2735,51.36337],[-1.27356,51.3634],[-1.2736,51.36342],[-1.27365,51.36348],[-1.27373,51.36355],[-1.27377,51.36359],[-1.2738,51.36361],[-1.27382,51.36363],[-1.27386,51.36363],[-1.27389,51.36363],[-1.27392,51.36362],[-1.27394,51.3636],[-1.27397,51.36358],[-1.274,51.36356],[-1.27404,51.36356],[-1.27408,51.36356],[-1.27412,51.36358],[-1.27415,51.3636],[-1.27419,51.36363],[-1.27419,51.36366],[-1.27418,51.36368],[-1.2741,51.36374],[-1.27394,51.36385],[-1.27387,51.3639],[-1.27383,51.36394],[-1.27379,51.36398],[-1.27377,51.36402],[-1.27376,51.36407],[-1.27376,51.3641],[-1.27374,51.36415],[-1.2737,51.3642],[-1.27361,51.3643],[-1.27354,51.36435],[-1.27347,51.3644],[-1.27342,51.36444],[-1.27339,51.36446],[-1.27338,51.36447],[-1.2734,51.36451],[-1.27342,51.36453],[-1.27343,51.36456],[-1.27344,51.36459],[-1.27341,51.36461],[-1.27338,51.36466],[-1.27338,51.36469],[-1.2734,51.36472],[-1.27343,51.36474],[-1.27347,51.36476],[-1.2735,51.36478],[-1.27352,51.3648],[-1.27352,51.36483],[-1.27351,51.36498],[-1.27351,51.36503],[-1.27352,51.36507],[-1.27353,51.3651],[-1.27355,51.36514],[-1.27357,51.36518],[-1.27359,51.36525],[-1.27361,51.36528],[-1.27361,51.36533],[-1.27361,51.36537],[-1.2736,51.36541],[-1.27358,51.36544],[-1.27356,51.36548],[-1.27353,51.36552],[-1.27348,51.36561],[-1.27346,51.36567],[-1.27345,51.3657],[-1.27342,51.36572],[-1.27339,51.36574],[-1.27332,51.36575],[-1.27327,51.36576],[-1.27321,51.36578],[-1.27313,51.3658],[-1.27305,51.36583],[-1.27299,51.36584],[-1.2729,51.36585],[-1.27281,51.36585],[-1.27271,51.36586],[-1.27263,51.36586],[-1.27255,51.36586],[-1.27246,51.36585],[-1.2724,51.36584],[-1.27235,51.36582],[-1.27231,51.36579],[-1.27226,51.36579],[-1.27223,51.3658],[-1.27219,51.36582],[-1.27216,51.36585],[-1.27215,51.36588],[-1.27214,51.36591],[-1.27213,51.36594],[-1.27211,51.36598],[-1.2721,51.36599],[-1.27208,51.36601],[-1.27204,51.36602],[-1.27199,51.36602],[-1.27196,51.36602],[-1.27193,51.36603],[-1.27189,51.36605],[-1.27185,51.36608],[-1.27182,51.36609],[-1.27177,51.36611],[-1.27173,51.36613],[-1.2717,51.36614],[-1.27165,51.36614],[-1.27157,51.36616],[-1.27152,51.36617],[-1.27147,51.36618],[-1.27124,51.36624],[-1.2712,51.36625],[-1.27113,51.36626],[-1.27106,51.36627],[-1.27101,51.36629],[-1.27098,51.36632],[-1.27094,51.36635],[-1.27091,51.36639],[-1.27088,51.36642],[-1.27084,51.36645],[-1.27078,51.36647],[-1.27072,51.3665],[-1.27059,51.36652],[-1.27049,51.36655],[-1.27042,51.36657],[-1.27036,51.36659],[-1.27027,51.3666],[-1.27017,51.36662],[-1.27003,51.36666],[-1.26997,51.36668],[-1.2699,51.3667],[-1.26984,51.36673],[-1.26977,51.36677],[-1.2697,51.36681],[-1.26966,51.36683],[-1.26961,51.36684],[-1.26957,51.36686],[-1.2695,51.3669],[-1.26944,51.36694],[-1.26938,51.36697],[-1.26931,51.36702],[-1.26921,51.36708],[-1.26913,51.36712],[-1.26877,51.36731],[-1.26856,51.36742],[-1.26842,51.36747],[-1.26825,51.36752],[-1.26797,51.36766],[-1.26745,51.36792],[-1.26695,51.36817],[-1.2665,51.36838],[-1.2663,51.36848],[-1.26591,51.36867],[-1.26577,51.36874],[-1.26572,51.36877],[-1.26566,51.36879],[-1.2656,51.36881],[-1.26556,51.36882],[-1.2655,51.36882],[-1.26542,51.36882],[-1.26512,51.3688],[-1.26483,51.36879],[-1.26453,51.36877],[-1.26426,51.36875],[-1.26406,51.36873],[-1.26391,51.36872],[-1.26383,51.36872],[-1.26374,51.36872],[-1.2637,51.36872],[-1.26366,51.36873],[-1.26361,51.36874],[-1.26357,51.36874],[-1.26352,51.36873],[-1.26348,51.36873],[-1.26343,51.36873],[-1.26337,51.36873],[-1.26331,51.36873],[-1.26326,51.36872],[-1.26319,51.36871],[-1.26314,51.36869],[-1.26308,51.36866],[-1.26303,51.36865],[-1.26297,51.36864],[-1.26292,51.36863],[-1.26288,51.36863],[-1.26282,51.36861]]},"properties":{"k":"stream","name":""}},{"type":"Feature","geometry":{"type":"LineString","coordinates":[[-1.12203,51.26348],[-1.12153,51.26358],[-1.12079,51.26368],[-1.12007,51.26376]]},"properties":{"k":"stream","name":""}},{"type":"Feature","geometry":{"type":"LineString","coordinates":[[-1.25946,51.24393],[-1.25894,51.24391]]},"properties":{"k":"ditch","name":""}},{"type":"Feature","geometry":{"type":"LineString","coordinates":[[-0.94149,51.35581],[-0.94143,51.3565]]},"properties":{"k":"river","name":"River Whitewater"}},{"type":"Feature","geometry":{"type":"LineString","coordinates":[[-1.07057,51.34757],[-1.0705,51.34843]]},"properties":{"k":"stream","name":""}},{"type":"Feature","geometry":{"type":"LineString","coordinates":[[-1.05791,51.33488],[-1.05736,51.33531],[-1.05672,51.33578],[-1.05626,51.3361],[-1.05619,51.33613]]},"properties":{"k":"stream","name":""}},{"type":"Feature","geometry":{"type":"LineString","coordinates":[[-1.05619,51.33613],[-1.05606,51.3362]]},"properties":{"k":"stream","name":""}},{"type":"Feature","geometry":{"type":"LineString","coordinates":[[-0.85651,51.27706],[-0.85658,51.27714]]},"properties":{"k":"stream","name":""}},{"type":"Feature","geometry":{"type":"LineString","coordinates":[[-1.06395,51.35875],[-1.06384,51.35876],[-1.06155,51.35901],[-1.06114,51.35913],[-1.06062,51.35913],[-1.06,51.35939],[-1.05897,51.35975],[-1.05857,51.35924]]},"properties":{"k":"stream","name":""}},{"type":"Feature","geometry":{"type":"LineString","coordinates":[[-1.06408,51.35874],[-1.06395,51.35875]]},"properties":{"k":"stream","name":""}},{"type":"Feature","geometry":{"type":"LineString","coordinates":[[-0.8554,51.27674],[-0.8558,51.27673],[-0.85601,51.27671],[-0.85619,51.27668]]},"properties":{"k":"ditch","name":""}},{"type":"Feature","geometry":{"type":"LineString","coordinates":[[-0.85522,51.27675],[-0.8554,51.27674]]},"properties":{"k":"ditch","name":""}},{"type":"Feature","geometry":{"type":"LineString","coordinates":[[-0.85435,51.27539],[-0.85454,51.27582],[-0.85514,51.27677],[-0.85522,51.27675]]},"properties":{"k":"ditch","name":""}},{"type":"Feature","geometry":{"type":"LineString","coordinates":[[-1.03816,51.29286],[-1.03799,51.29297]]},"properties":{"k":"stream","name":"Petty's Brook"}},{"type":"Feature","geometry":{"type":"LineString","coordinates":[[-0.86028,51.27968],[-0.86073,51.2799],[-0.86122,51.28008],[-0.86166,51.2803],[-0.86234,51.28068]]},"properties":{"k":"stream","name":"Sandy Lane Ditch"}},{"type":"Feature","geometry":{"type":"LineString","coordinates":[[-1.11783,51.2642],[-1.11715,51.26431],[-1.1169,51.26439],[-1.11637,51.26446]]},"properties":{"k":"stream","name":""}},{"type":"Feature","geometry":{"type":"LineString","coordinates":[[-1.11855,51.26404],[-1.11783,51.2642]]},"properties":{"k":"stream","name":""}},{"type":"Feature","geometry":{"type":"LineString","coordinates":[[-1.11925,51.26399],[-1.11878,51.26401],[-1.11855,51.26404]]},"properties":{"k":"stream","name":""}},{"type":"Feature","geometry":{"type":"LineString","coordinates":[[-1.23195,51.24338],[-1.23234,51.24347],[-1.23263,51.24348],[-1.23317,51.24346],[-1.23349,51.24341],[-1.23382,51.24333],[-1.23405,51.24329],[-1.23441,51.24327],[-1.23503,51.24324],[-1.23537,51.24332]]},"properties":{"k":"stream","name":""}},{"type":"Feature","geometry":{"type":"LineString","coordinates":[[-0.8583,51.2385],[-0.85823,51.23865],[-0.85847,51.23885],[-0.8585,51.23888],[-0.85847,51.23931],[-0.85837,51.23974],[-0.85832,51.24],[-0.85833,51.24009],[-0.85836,51.24016],[-0.85842,51.2402],[-0.85849,51.2402],[-0.85857,51.2402]]},"properties":{"k":"river","name":""}},{"type":"Feature","geometry":{"type":"LineString","coordinates":[[-0.85709,51.2561],[-0.85724,51.25607]]},"properties":{"k":"stream","name":""}},{"type":"Feature","geometry":{"type":"LineString","coordinates":[[-0.85588,51.25621],[-0.85615,51.25619],[-0.85654,51.25615],[-0.85687,51.25613],[-0.85709,51.2561]]},"properties":{"k":"stream","name":""}},{"type":"Feature","geometry":{"type":"LineString","coordinates":[[-0.85812,51.25604],[-0.8582,51.25605]]},"properties":{"k":"stream","name":""}},{"type":"Feature","geometry":{"type":"LineString","coordinates":[[-0.85791,51.25601],[-0.85812,51.25604]]},"properties":{"k":"stream","name":""}},{"type":"Feature","geometry":{"type":"LineString","coordinates":[[-0.85781,51.25601],[-0.85791,51.25601]]},"properties":{"k":"stream","name":""}},{"type":"Feature","geometry":{"type":"LineString","coordinates":[[-0.85724,51.25607],[-0.85739,51.25605],[-0.85747,51.25598],[-0.85757,51.25599],[-0.85767,51.25602],[-0.85781,51.25601]]},"properties":{"k":"stream","name":""}},{"type":"Feature","geometry":{"type":"LineString","coordinates":[[-0.85579,51.25619],[-0.85588,51.25621]]},"properties":{"k":"stream","name":""}},{"type":"Feature","geometry":{"type":"LineString","coordinates":[[-0.85475,51.25481],[-0.85501,51.255],[-0.8551,51.25506],[-0.85517,51.25514],[-0.8553,51.25532],[-0.85542,51.2555],[-0.85551,51.25565],[-0.85559,51.25598],[-0.85579,51.25619]]},"properties":{"k":"stream","name":""}},{"type":"Feature","geometry":{"type":"LineString","coordinates":[[-0.86957,51.28425],[-0.86971,51.28424],[-0.86998,51.28423],[-0.87012,51.28424],[-0.87027,51.28429]]},"properties":{"k":"ditch","name":""}},{"type":"Feature","geometry":{"type":"LineString","coordinates":[[-0.86448,51.28354],[-0.8645,51.28372],[-0.86448,51.28392],[-0.86443,51.28405],[-0.86449,51.28423],[-0.86455,51.28427],[-0.86461,51.2843],[-0.86493,51.28446],[-0.86502,51.28453],[-0.86522,51.28462],[-0.8657,51.28487],[-0.86595,51.28501],[-0.86615,51.28511],[-0.8664,51.28521],[-0.86662,51.28529],[-0.86704,51.28534],[-0.86716,51.28536],[-0.86748,51.28545],[-0.86763,51.28554],[-0.86791,51.28561],[-0.86854,51.28574],[-0.86866,51.28584],[-0.86883,51.28599],[-0.86905,51.28615],[-0.86945,51.28631],[-0.87024,51.28647]]},"properties":{"k":"ditch","name":""}},{"type":"Feature","geometry":{"type":"LineString","coordinates":[[-0.86406,51.28463],[-0.8643,51.28451],[-0.86443,51.28442],[-0.86452,51.28431],[-0.86455,51.28427]]},"properties":{"k":"ditch","name":""}},{"type":"Feature","geometry":{"type":"LineString","coordinates":[[-1.00666,51.27318],[-1.00664,51.27323]]},"properties":{"k":"river","name":"Lyde River"}},{"type":"Feature","geometry":{"type":"LineString","coordinates":[[-1.00687,51.27284],[-1.00666,51.27318]]},"properties":{"k":"river","name":"Lyde River"}},{"type":"Feature","geometry":{"type":"LineString","coordinates":[[-1.05682,51.28287],[-1.05688,51.2826]]},"properties":{"k":"ditch","name":""}},{"type":"Feature","geometry":{"type":"LineString","coordinates":[[-1.04908,51.28837],[-1.04882,51.28837],[-1.04823,51.28803]]},"properties":{"k":"ditch","name":""}},{"type":"Feature","geometry":{"type":"LineString","coordinates":[[-1.1016,51.36519],[-1.10143,51.36514],[-1.10088,51.3653],[-1.10024,51.36539],[-1.09826,51.36497],[-1.09766,51.36499]]},"properties":{"k":"stream","name":"West End Brook"}},{"type":"Feature","geometry":{"type":"LineString","coordinates":[[-1.09766,51.36499],[-1.09747,51.36498]]},"properties":{"k":"stream","name":"West End Brook"}},{"type":"Feature","geometry":{"type":"LineString","coordinates":[[-1.1099,51.3655],[-1.10985,51.36543]]},"properties":{"k":"stream","name":""}},{"type":"Feature","geometry":{"type":"LineString","coordinates":[[-1.10985,51.36543],[-1.1096,51.36507]]},"properties":{"k":"stream","name":""}},{"type":"Feature","geometry":{"type":"LineString","coordinates":[[-1.04981,51.27851],[-1.04944,51.27838],[-1.0492,51.27819],[-1.04905,51.27811],[-1.04877,51.27806],[-1.04857,51.27808],[-1.04834,51.27827],[-1.04822,51.27832],[-1.04771,51.27825],[-1.04757,51.27829],[-1.04754,51.27849],[-1.04753,51.27864],[-1.0473,51.27875],[-1.0469,51.27865],[-1.04679,51.2786],[-1.04666,51.27861]]},"properties":{"k":"ditch","name":""}},{"type":"Feature","geometry":{"type":"LineString","coordinates":[[-1.04666,51.27861],[-1.04638,51.27859],[-1.04609,51.27851]]},"properties":{"k":"ditch","name":""}},{"type":"Feature","geometry":{"type":"LineString","coordinates":[[-0.8879,51.24671],[-0.8872,51.24677],[-0.88657,51.24691],[-0.88503,51.24788],[-0.88472,51.24822],[-0.88009,51.24961],[-0.87979,51.2494],[-0.87923,51.24937]]},"properties":{"k":"stream","name":""}},{"type":"Feature","geometry":{"type":"LineString","coordinates":[[-0.87629,51.25046],[-0.87579,51.25078]]},"properties":{"k":"stream","name":""}},{"type":"Feature","geometry":{"type":"LineString","coordinates":[[-0.87641,51.25039],[-0.87629,51.25046]]},"properties":{"k":"stream","name":""}},{"type":"Feature","geometry":{"type":"LineString","coordinates":[[-0.87907,51.24936],[-0.8789,51.24936],[-0.87823,51.24925],[-0.87641,51.25039]]},"properties":{"k":"stream","name":""}},{"type":"Feature","geometry":{"type":"LineString","coordinates":[[-0.87923,51.24937],[-0.87907,51.24936]]},"properties":{"k":"stream","name":""}},{"type":"Feature","geometry":{"type":"LineString","coordinates":[[-1.05681,51.28303],[-1.0568,51.28294],[-1.0568,51.28293]]},"properties":{"k":"ditch","name":""}},{"type":"Feature","geometry":{"type":"LineString","coordinates":[[-1.0568,51.28293],[-1.05682,51.28287]]},"properties":{"k":"ditch","name":""}}]}